barangay,course_applied,age,sex,educational_attainment,employment_status,current_skill,desired_career,learner_classification,training_outcome
Alianza,Cookery NC II,47,Female,College Undergraduate,Wage Employed,Cooking,Hospitality,Returning Learner,Graduate
Abuanan,Bread and Pastry NC II,32,Female,College Undergraduate,Wage Employed,Baking,Hospitality,Returning Learner,Graduate
Poblacion,Electrical Installation and Maintenance NC II,28,Male,Senior High,Wage Employed,Electrical Repair,Construction,Experienced Worker,Graduate
Balingasag,Electrical Installation and Maintenance NC II,35,Female,Junior High,Unemployed,Computer Literacy,ICT,Returning Learner,Dropout
Bagroy,Masonry NC II,25,Female,Elementary Graduate,Wage Employed,Masonry,Construction,Experienced Worker,Graduate
Ma-ao,Bread and Pastry NC II,20,Male,Junior High,Underemployed,Baking,Hospitality,New Entrant,Dropout
Abuanan,Carpentry NC II,42,Male,Junior High,Underemployed,Carpentry,Construction,New Entrant,Graduate
Lag-asan,Computer Systems Servicing NC II,38,Female,Senior High,Underemployed,Computer Literacy,ICT,New Entrant,Dropout
Calumangan,Computer Systems Servicing NC II,47,Female,College Undergraduate,Wage Employed,Computer Literacy,ICT,Experienced Worker,Dropout
Abuanan,Carpentry NC II,39,Male,Senior High,Underemployed,Carpentry,Construction,New Entrant,Graduate
Mailum,Masonry NC II,39,Female,Senior High,Self-employed,Masonry,Construction,Returning Learner,Dropout
Balingasag,Computer Systems Servicing NC II,34,Male,Junior High,Unemployed,Computer Literacy,Business,New Entrant,Graduate
Bacong,Electrical Installation and Maintenance NC II,42,Female,Junior High,Unemployed,Electrical Repair,Construction,Experienced Worker,Graduate
Calumangan,Cookery NC II,26,Male,College Undergraduate,Self-employed,Cooking,Hospitality,Career Shifter,Graduate
Calumangan,Cookery NC II,35,Female,Senior High,Unemployed,Cooking,Hospitality,Returning Learner,Graduate
Ilijan,Driving NC II,40,Male,College Undergraduate,Underemployed,Driving,Transportation,Returning Learner,Graduate
Abuanan,Bread and Pastry NC II,20,Male,Senior High,Underemployed,Baking,Hospitality,New Entrant,Graduate
Poblacion,Computer Systems Servicing NC II,52,Male,College Graduate,Self-employed,Computer Literacy,ICT,Returning Learner,Graduate
Atipuluan,Cookery NC II,39,Male,Junior High,Underemployed,Cooking,Hospitality,Returning Learner,Graduate
Pacol,Carpentry NC II,26,Male,Junior High,Underemployed,Electrical Repair,Construction,Returning Learner,Graduate
Ma-ao,Cookery NC II,24,Male,College Undergraduate,Unemployed,Electrical Repair,Construction,Career Shifter,Dropout
Busay,Driving NC II,32,Male,College Undergraduate,Underemployed,Baking,Hospitality,New Entrant,Dropout
Alianza,Carpentry NC II,19,Male,Senior High,Self-employed,Carpentry,Construction,Experienced Worker,Graduate
Dulao,Electrical Installation and Maintenance NC II,37,Male,Senior High,Underemployed,Electrical Repair,Construction,Experienced Worker,Graduate
Sagasa,Masonry NC II,34,Male,Junior High,Underemployed,Masonry,Hospitality,New Entrant,Dropout
Lag-asan,Computer Systems Servicing NC II,26,Male,College Graduate,Unemployed,Computer Literacy,ICT,Returning Learner,Dropout
Mailum,Cookery NC II,25,Female,Elementary Graduate,Self-employed,Cooking,Hospitality,Experienced Worker,Dropout
Caridad,Masonry NC II,27,Female,Senior High,Self-employed,Masonry,Construction,Experienced Worker,Graduate
Lag-asan,Driving NC II,28,Male,Senior High,Underemployed,Driving,Transportation,Returning Learner,Graduate
Calumangan,Driving NC II,29,Male,College Undergraduate,Self-employed,Driving,Agriculture,Returning Learner,Graduate
Pacol,Masonry NC II,22,Male,Elementary Graduate,Underemployed,Masonry,Hospitality,Career Shifter,Dropout
Abuanan,Bread and Pastry NC II,47,Female,College Undergraduate,Unemployed,Baking,Hospitality,Experienced Worker,Graduate
Balingasag,Masonry NC II,26,Female,College Undergraduate,Unemployed,Masonry,Construction,Career Shifter,Dropout
Tabunan,Cookery NC II,25,Female,Elementary Graduate,Underemployed,Cooking,Hospitality,Career Shifter,Graduate
Tabunan,Electrical Installation and Maintenance NC II,25,Male,Junior High,Unemployed,Electrical Repair,Construction,Returning Learner,Graduate
Lag-asan,Cookery NC II,35,Female,Junior High,Underemployed,Cooking,Hospitality,New Entrant,Dropout
Lag-asan,Masonry NC II,28,Male,Junior High,Underemployed,Masonry,Transportation,Experienced Worker,Graduate
Busay,Driving NC II,42,Male,College Undergraduate,Unemployed,Baking,Transportation,Career Shifter,Graduate
Alianza,Computer Systems Servicing NC II,27,Female,Senior High,Underemployed,Computer Literacy,ICT,New Entrant,Dropout
Napoles,Bread and Pastry NC II,37,Female,College Undergraduate,Self-employed,Baking,Hospitality,Experienced Worker,Graduate
Lag-asan,Carpentry NC II,24,Male,Junior High,Underemployed,Carpentry,Construction,Career Shifter,Dropout
Pacol,Shielded Metal Arc Welding NC I,42,Male,Junior High,Unemployed,Welding,Construction,New Entrant,Dropout
Abuanan,Cookery NC II,47,Male,College Undergraduate,Underemployed,Cooking,Hospitality,New Entrant,Graduate
Calumangan,Bread and Pastry NC II,44,Male,College Undergraduate,Self-employed,Baking,Hospitality,Experienced Worker,Graduate
Atipuluan,Electrical Installation and Maintenance NC II,37,Male,Elementary Graduate,Wage Employed,Electrical Repair,Construction,Returning Learner,Graduate
Ma-ao,Driving NC II,33,Male,Junior High,Unemployed,Driving,Transportation,Career Shifter,Dropout
Lag-asan,Electrical Installation and Maintenance NC II,25,Male,Junior High,Underemployed,Electrical Repair,Construction,New Entrant,Graduate
Abuanan,Bread and Pastry NC II,35,Female,Senior High,Unemployed,Baking,Hospitality,New Entrant,Graduate
Taloc,Electrical Installation and Maintenance NC II,29,Male,Junior High,Unemployed,Electrical Repair,Transportation,New Entrant,Dropout
Ma-ao,Masonry NC II,27,Male,College Undergraduate,Underemployed,Masonry,Construction,New Entrant,Graduate
Caridad,Carpentry NC II,18,Female,Senior High,Self-employed,Carpentry,Construction,Returning Learner,Graduate
Abuanan,Carpentry NC II,32,Male,Senior High,Unemployed,Carpentry,Construction,Experienced Worker,Graduate
Pacol,Electrical Installation and Maintenance NC II,30,Male,College Undergraduate,Self-employed,Electrical Repair,Hospitality,Experienced Worker,Dropout
Poblacion,Cookery NC II,33,Male,Junior High,Unemployed,Cooking,Hospitality,Returning Learner,Graduate
Caridad,Electrical Installation and Maintenance NC II,23,Female,Elementary Graduate,Unemployed,Electrical Repair,Construction,New Entrant,Graduate
Lag-asan,Shielded Metal Arc Welding NC I,40,Male,Elementary Graduate,Unemployed,Welding,Construction,New Entrant,Dropout
Lag-asan,Shielded Metal Arc Welding NC I,35,Male,Junior High,Unemployed,Welding,Construction,New Entrant,Graduate
Balingasag,Electrical Installation and Maintenance NC II,51,Male,College Graduate,Self-employed,Electrical Repair,Construction,Experienced Worker,Graduate
Ilijan,Computer Systems Servicing NC II,39,Female,College Graduate,Self-employed,Computer Literacy,ICT,New Entrant,Dropout
Abuanan,Driving NC II,19,Male,College Undergraduate,Underemployed,Driving,Transportation,New Entrant,Graduate
Balingasag,Computer Systems Servicing NC II,34,Male,Senior High,Unemployed,Computer Literacy,ICT,New Entrant,Dropout
Calumangan,Electrical Installation and Maintenance NC II,20,Male,Junior High,Self-employed,Electrical Repair,Construction,Experienced Worker,Graduate
Alianza,Computer Systems Servicing NC II,29,Female,Elementary Graduate,Underemployed,Computer Literacy,ICT,New Entrant,Graduate
Abuanan,Computer Systems Servicing NC II,37,Male,College Undergraduate,Self-employed,Baking,Hospitality,New Entrant,Graduate
Abuanan,Bread and Pastry NC II,26,Female,Senior High,Unemployed,Baking,Hospitality,New Entrant,Graduate
Sagasa,Shielded Metal Arc Welding NC I,33,Male,Senior High,Underemployed,Welding,Construction,New Entrant,Graduate
Sagasa,Carpentry NC II,19,Male,Senior High,Self-employed,Carpentry,Construction,New Entrant,Dropout
Abuanan,Bread and Pastry NC II,42,Female,Junior High,Underemployed,Baking,Hospitality,New Entrant,Graduate
Bagroy,Driving NC II,42,Male,Junior High,Self-employed,Driving,Transportation,Experienced Worker,Graduate
Abuanan,Cookery NC II,20,Female,College Undergraduate,Underemployed,Baking,Hospitality,New Entrant,Graduate
Calumangan,Shielded Metal Arc Welding NC I,24,Male,Junior High,Underemployed,Welding,Construction,Returning Learner,Graduate
Busay,Computer Systems Servicing NC II,27,Male,Junior High,Self-employed,Electrical Repair,Construction,Career Shifter,Dropout
Taloc,Computer Systems Servicing NC II,42,Female,College Graduate,Unemployed,Computer Literacy,ICT,New Entrant,Graduate
Alianza,Electrical Installation and Maintenance NC II,42,Male,Junior High,Underemployed,Electrical Repair,Business,New Entrant,Dropout
Binubuhan,Bread and Pastry NC II,29,Female,Junior High,Unemployed,Baking,Hospitality,New Entrant,Graduate
Abuanan,Carpentry NC II,19,Male,Junior High,Self-employed,Carpentry,Construction,Experienced Worker,Graduate
Ilijan,Carpentry NC II,31,Male,Elementary Graduate,Underemployed,Carpentry,Construction,New Entrant,Dropout
Dulao,Masonry NC II,41,Male,College Undergraduate,Underemployed,Carpentry,Construction,Career Shifter,Dropout
Ma-ao,Shielded Metal Arc Welding NC I,21,Male,Junior High,Wage Employed,Welding,Agriculture,Experienced Worker,Dropout
Dulao,Shielded Metal Arc Welding NC I,26,Male,College Undergraduate,Unemployed,Welding,Construction,New Entrant,Graduate
Bacong,Shielded Metal Arc Welding NC I,26,Male,Senior High,Self-employed,Welding,Agriculture,Experienced Worker,Graduate
Napoles,Driving NC II,35,Male,Junior High,Unemployed,Driving,Transportation,New Entrant,Dropout
Tabunan,Driving NC II,28,Male,Elementary Graduate,Unemployed,Driving,Transportation,Returning Learner,Dropout
Taloc,Shielded Metal Arc Welding NC I,34,Female,Junior High,Unemployed,Welding,Construction,New Entrant,Graduate
Bagroy,Cookery NC II,22,Female,Junior High,Underemployed,Cooking,Construction,Career Shifter,Graduate
Bacong,Shielded Metal Arc Welding NC I,29,Male,College Undergraduate,Underemployed,Carpentry,Construction,Returning Learner,Graduate
Dulao,Masonry NC II,20,Male,Senior High,Underemployed,Masonry,Construction,New Entrant,Dropout
Tabunan,Carpentry NC II,27,Male,Senior High,Self-employed,Carpentry,Construction,Experienced Worker,Graduate
Taloc,Shielded Metal Arc Welding NC I,39,Male,Junior High,Unemployed,Welding,Construction,Experienced Worker,Graduate
Calumangan,Computer Systems Servicing NC II,24,Male,College Undergraduate,Wage Employed,Computer Literacy,Agriculture,Experienced Worker,Graduate
Napoles,Shielded Metal Arc Welding NC I,31,Female,College Undergraduate,Self-employed,Welding,Construction,Experienced Worker,Graduate
Balingasag,Computer Systems Servicing NC II,46,Male,College Undergraduate,Self-employed,Computer Literacy,Business,New Entrant,Graduate
Ma-ao,Driving NC II,24,Male,Elementary Graduate,Unemployed,Driving,Transportation,Returning Learner,Dropout
Alianza,Electrical Installation and Maintenance NC II,32,Male,Elementary Graduate,Unemployed,Electrical Repair,Construction,New Entrant,Graduate
Busay,Computer Systems Servicing NC II,29,Female,Senior High,Wage Employed,Computer Literacy,ICT,New Entrant,Graduate
Ma-ao,Carpentry NC II,20,Male,Junior High,Unemployed,Carpentry,Construction,Experienced Worker,Dropout
Pacol,Driving NC II,18,Male,Junior High,Self-employed,Driving,Transportation,Experienced Worker,Graduate
Pacol,Computer Systems Servicing NC II,52,Male,College Graduate,Self-employed,Computer Literacy,ICT,Returning Learner,Dropout
Balingasag,Masonry NC II,38,Male,Junior High,Underemployed,Masonry,Construction,New Entrant,Dropout
Lag-asan,Computer Systems Servicing NC II,40,Female,Junior High,Wage Employed,Carpentry,Construction,Career Shifter,Dropout
Abuanan,Electrical Installation and Maintenance NC II,45,Male,College Graduate,Wage Employed,Carpentry,Construction,Career Shifter,Graduate
Balingasag,Driving NC II,27,Male,College Undergraduate,Self-employed,Driving,Transportation,Experienced Worker,Graduate
Calumangan,Shielded Metal Arc Welding NC I,25,Female,Senior High,Self-employed,Welding,Construction,Returning Learner,Graduate
Ma-ao,Masonry NC II,43,Female,Senior High,Self-employed,Masonry,Construction,Experienced Worker,Dropout
Abuanan,Bread and Pastry NC II,19,Female,College Undergraduate,Self-employed,Baking,Hospitality,Returning Learner,Graduate
Poblacion,Computer Systems Servicing NC II,33,Female,College Undergraduate,Self-employed,Computer Literacy,ICT,Experienced Worker,Graduate
Dulao,Masonry NC II,52,Female,College Graduate,Wage Employed,Driving,Transportation,Career Shifter,Graduate
Caridad,Carpentry NC II,37,Male,Senior High,Underemployed,Carpentry,Construction,Returning Learner,Graduate
Mailum,Masonry NC II,45,Male,Senior High,Self-employed,Masonry,Construction,New Entrant,Dropout
Bagroy,Carpentry NC II,21,Male,Elementary Graduate,Unemployed,Carpentry,Construction,New Entrant,Graduate
Sagasa,Shielded Metal Arc Welding NC I,41,Male,Senior High,Underemployed,Welding,Hospitality,New Entrant,Graduate
Ilijan,Masonry NC II,31,Female,Elementary Graduate,Wage Employed,Masonry,Construction,Returning Learner,Dropout
Bacong,Computer Systems Servicing NC II,28,Female,College Graduate,Wage Employed,Computer Literacy,ICT,New Entrant,Graduate
Malingin,Masonry NC II,23,Male,College Graduate,Underemployed,Masonry,Construction,Returning Learner,Graduate
Poblacion,Computer Systems Servicing NC II,23,Female,College Undergraduate,Self-employed,Computer Literacy,ICT,Experienced Worker,Graduate
Ilijan,Cookery NC II,27,Male,Junior High,Unemployed,Cooking,Hospitality,Career Shifter,Dropout
Abuanan,Cookery NC II,40,Female,College Undergraduate,Self-employed,Cooking,Hospitality,Returning Learner,Graduate
Atipuluan,Masonry NC II,34,Male,Elementary Graduate,Underemployed,Masonry,Construction,New Entrant,Graduate
Bacong,Cookery NC II,28,Female,Senior High,Underemployed,Cooking,Hospitality,Returning Learner,Graduate
Abuanan,Masonry NC II,30,Female,Elementary Graduate,Unemployed,Masonry,Construction,New Entrant,Graduate
Binubuhan,Electrical Installation and Maintenance NC II,21,Male,Elementary Graduate,Unemployed,Electrical Repair,Construction,Experienced Worker,Graduate
Sagasa,Carpentry NC II,31,Male,Junior High,Unemployed,Carpentry,Construction,Returning Learner,Graduate
Lag-asan,Computer Systems Servicing NC II,54,Male,College Graduate,Wage Employed,Computer Literacy,ICT,New Entrant,Graduate
Pacol,Electrical Installation and Maintenance NC II,37,Male,Senior High,Underemployed,Electrical Repair,Construction,Experienced Worker,Graduate
Sagasa,Shielded Metal Arc Welding NC I,36,Male,Junior High,Underemployed,Welding,Construction,Experienced Worker,Graduate
Ilijan,Computer Systems Servicing NC II,36,Male,Senior High,Self-employed,Computer Literacy,ICT,Experienced Worker,Graduate
Calumangan,Cookery NC II,20,Male,Junior High,Wage Employed,Cooking,Hospitality,Experienced Worker,Graduate
Napoles,Electrical Installation and Maintenance NC II,28,Male,Elementary Graduate,Underemployed,Electrical Repair,Construction,New Entrant,Dropout
Calumangan,Electrical Installation and Maintenance NC II,19,Male,Senior High,Self-employed,Electrical Repair,Construction,Experienced Worker,Graduate
Dulao,Bread and Pastry NC II,37,Female,Junior High,Unemployed,Baking,Hospitality,Returning Learner,Graduate
Balingasag,Masonry NC II,38,Female,College Undergraduate,Unemployed,Masonry,Construction,New Entrant,Graduate
Abuanan,Computer Systems Servicing NC II,27,Female,College Graduate,Self-employed,Computer Literacy,ICT,Returning Learner,Graduate
Balingasag,Bread and Pastry NC II,27,Male,College Graduate,Unemployed,Baking,Hospitality,Returning Learner,Graduate
Balingasag,Bread and Pastry NC II,22,Female,Junior High,Unemployed,Baking,Hospitality,New Entrant,Dropout
Dulao,Masonry NC II,37,Male,Elementary Graduate,Self-employed,Masonry,Construction,Experienced Worker,Graduate
Ma-ao,Electrical Installation and Maintenance NC II,39,Male,Junior High,Underemployed,Electrical Repair,Construction,Experienced Worker,Dropout
Pacol,Electrical Installation and Maintenance NC II,34,Male,College Graduate,Underemployed,Electrical Repair,Construction,Career Shifter,Dropout
Calumangan,Computer Systems Servicing NC II,37,Male,Elementary Graduate,Underemployed,Computer Literacy,ICT,Career Shifter,Graduate
Calumangan,Computer Systems Servicing NC II,27,Male,College Graduate,Wage Employed,Computer Literacy,ICT,Experienced Worker,Graduate
Abuanan,Carpentry NC II,18,Male,Junior High,Unemployed,Carpentry,Construction,New Entrant,Graduate
Taloc,Cookery NC II,28,Male,Senior High,Self-employed,Cooking,Hospitality,Experienced Worker,Graduate
Ma-ao,Shielded Metal Arc Welding NC I,20,Male,Junior High,Unemployed,Welding,Construction,New Entrant,Graduate
Sagasa,Masonry NC II,25,Male,Senior High,Underemployed,Masonry,Construction,Experienced Worker,Graduate
Abuanan,Driving NC II,27,Male,Junior High,Underemployed,Driving,Transportation,Returning Learner,Graduate
Taloc,Shielded Metal Arc Welding NC I,34,Male,Junior High,Self-employed,Welding,Transportation,Experienced Worker,Graduate
Alianza,Driving NC II,38,Male,Senior High,Self-employed,Driving,Hospitality,Returning Learner,Graduate
Abuanan,Computer Systems Servicing NC II,40,Female,Senior High,Self-employed,Computer Literacy,ICT,Returning Learner,Graduate
Poblacion,Electrical Installation and Maintenance NC II,19,Male,Senior High,Underemployed,Electrical Repair,Construction,New Entrant,Graduate
Ma-ao,Carpentry NC II,38,Male,Elementary Graduate,Unemployed,Carpentry,Construction,New Entrant,Graduate
Tabunan,Shielded Metal Arc Welding NC I,53,Male,College Graduate,Self-employed,Welding,Construction,Returning Learner,Graduate
Abuanan,Carpentry NC II,21,Male,Senior High,Underemployed,Carpentry,Construction,Returning Learner,Graduate
Bacong,Carpentry NC II,29,Male,Senior High,Wage Employed,Carpentry,Construction,Experienced Worker,Graduate
Ma-ao,Cookery NC II,23,Male,Junior High,Self-employed,Cooking,Hospitality,Experienced Worker,Graduate
Malingin,Shielded Metal Arc Welding NC I,22,Male,Elementary Graduate,Unemployed,Cooking,Hospitality,Experienced Worker,Graduate
Malingin,Masonry NC II,21,Male,Elementary Graduate,Unemployed,Masonry,Construction,New Entrant,Dropout
Busay,Cookery NC II,40,Male,Senior High,Self-employed,Cooking,Hospitality,Experienced Worker,Graduate
Bagroy,Carpentry NC II,45,Female,Senior High,Self-employed,Carpentry,Construction,Returning Learner,Dropout
Dulao,Computer Systems Servicing NC II,23,Female,Senior High,Self-employed,Computer Literacy,ICT,Experienced Worker,Graduate
Atipuluan,Bread and Pastry NC II,35,Female,Junior High,Underemployed,Baking,Transportation,Career Shifter,Graduate
Taloc,Shielded Metal Arc Welding NC I,22,Female,Junior High,Underemployed,Welding,Construction,Returning Learner,Graduate
Caridad,Computer Systems Servicing NC II,30,Female,College Graduate,Wage Employed,Computer Literacy,ICT,Experienced Worker,Graduate
Ma-ao,Masonry NC II,35,Female,College Undergraduate,Self-employed,Masonry,Construction,New Entrant,Graduate
Alianza,Masonry NC II,23,Male,Junior High,Underemployed,Masonry,Construction,Returning Learner,Graduate
Bacong,Driving NC II,20,Male,Senior High,Wage Employed,Driving,Transportation,Returning Learner,Graduate
Alianza,Electrical Installation and Maintenance NC II,27,Male,Junior High,Underemployed,Electrical Repair,Construction,New Entrant,Graduate
Ma-ao,Carpentry NC II,32,Male,Senior High,Unemployed,Carpentry,Construction,Returning Learner,Graduate
Caridad,Shielded Metal Arc Welding NC I,35,Male,Senior High,Unemployed,Welding,Construction,New Entrant,Graduate
Calumangan,Driving NC II,23,Male,Junior High,Wage Employed,Baking,Hospitality,Experienced Worker,Graduate
Atipuluan,Bread and Pastry NC II,20,Male,Elementary Graduate,Underemployed,Baking,Hospitality,New Entrant,Dropout
Atipuluan,Electrical Installation and Maintenance NC II,27,Male,Senior High,Self-employed,Computer Literacy,ICT,Returning Learner,Graduate
Tabunan,Shielded Metal Arc Welding NC I,24,Male,Junior High,Underemployed,Welding,Construction,New Entrant,Dropout
Calumangan,Masonry NC II,21,Male,Junior High,Unemployed,Masonry,Construction,Career Shifter,Graduate
Sagasa,Electrical Installation and Maintenance NC II,22,Male,Junior High,Unemployed,Electrical Repair,Construction,Career Shifter,Dropout
Abuanan,Driving NC II,37,Male,Senior High,Unemployed,Driving,Transportation,New Entrant,Graduate
Ma-ao,Masonry NC II,39,Male,Elementary Graduate,Unemployed,Masonry,Construction,New Entrant,Graduate
Busay,Electrical Installation and Maintenance NC II,42,Male,Senior High,Self-employed,Electrical Repair,Construction,Experienced Worker,Graduate
Calumangan,Masonry NC II,25,Male,Junior High,Self-employed,Masonry,Construction,Career Shifter,Graduate
Poblacion,Computer Systems Servicing NC II,52,Male,College Graduate,Underemployed,Computer Literacy,ICT,Experienced Worker,Graduate
Napoles,Driving NC II,43,Male,College Graduate,Self-employed,Driving,Transportation,Returning Learner,Graduate
Caridad,Electrical Installation and Maintenance NC II,41,Male,College Graduate,Wage Employed,Electrical Repair,Construction,Career Shifter,Graduate
Lag-asan,Bread and Pastry NC II,43,Male,Senior High,Wage Employed,Baking,Hospitality,Experienced Worker,Graduate
Dulao,Driving NC II,20,Male,College Undergraduate,Self-employed,Driving,Transportation,Returning Learner,Graduate
Calumangan,Computer Systems Servicing NC II,39,Male,College Graduate,Unemployed,Computer Literacy,ICT,New Entrant,Dropout
Atipuluan,Cookery NC II,28,Male,Senior High,Underemployed,Cooking,Hospitality,New Entrant,Graduate
Poblacion,Masonry NC II,52,Male,College Graduate,Underemployed,Masonry,Construction,Experienced Worker,Graduate
Lag-asan,Cookery NC II,45,Male,Senior High,Self-employed,Cooking,Hospitality,New Entrant,Graduate
Tabunan,Bread and Pastry NC II,41,Male,Junior High,Underemployed,Baking,Hospitality,Experienced Worker,Dropout
Poblacion,Shielded Metal Arc Welding NC I,53,Female,College Graduate,Self-employed,Masonry,Construction,Career Shifter,Graduate
Lag-asan,Electrical Installation and Maintenance NC II,18,Male,Elementary Graduate,Underemployed,Electrical Repair,Construction,Career Shifter,Dropout
Malingin,Bread and Pastry NC II,21,Female,College Undergraduate,Underemployed,Baking,Hospitality,New Entrant,Dropout
Calumangan,Driving NC II,28,Male,College Undergraduate,Unemployed,Driving,Transportation,Returning Learner,Graduate
Balingasag,Bread and Pastry NC II,40,Male,Senior High,Self-employed,Baking,Hospitality,Returning Learner,Graduate
Sagasa,Computer Systems Servicing NC II,45,Female,College Graduate,Self-employed,Computer Literacy,ICT,Returning Learner,Dropout
Malingin,Electrical Installation and Maintenance NC II,20,Male,Elementary Graduate,Underemployed,Electrical Repair,Construction,Returning Learner,Graduate
Binubuhan,Cookery NC II,23,Female,Senior High,Unemployed,Cooking,Hospitality,Returning Learner,Graduate
Atipuluan,Electrical Installation and Maintenance NC II,32,Male,Junior High,Underemployed,Masonry,Construction,New Entrant,Dropout
Lag-asan,Cookery NC II,29,Male,Junior High,Unemployed,Cooking,Construction,Returning Learner,Graduate
Busay,Driving NC II,38,Female,Senior High,Underemployed,Driving,Transportation,Returning Learner,Graduate
Mailum,Carpentry NC II,39,Female,Junior High,Underemployed,Carpentry,Construction,New Entrant,Dropout
Abuanan,Driving NC II,23,Female,College Graduate,Underemployed,Driving,Transportation,Returning Learner,Graduate
Taloc,Carpentry NC II,41,Male,Senior High,Underemployed,Carpentry,Construction,New Entrant,Graduate
Bacong,Driving NC II,32,Male,Senior High,Unemployed,Driving,Transportation,Experienced Worker,Graduate
Pacol,Carpentry NC II,35,Female,College Undergraduate,Self-employed,Carpentry,Construction,Experienced Worker,Graduate
Napoles,Masonry NC II,39,Male,Senior High,Wage Employed,Masonry,Construction,Experienced Worker,Graduate
Napoles,Masonry NC II,19,Female,Elementary Graduate,Underemployed,Masonry,Construction,Experienced Worker,Graduate
Malingin,Computer Systems Servicing NC II,52,Male,College Graduate,Underemployed,Computer Literacy,ICT,Experienced Worker,Graduate
Caridad,Electrical Installation and Maintenance NC II,30,Male,College Graduate,Self-employed,Electrical Repair,Construction,Experienced Worker,Graduate
Poblacion,Carpentry NC II,31,Male,College Undergraduate,Self-employed,Carpentry,Construction,Returning Learner,Graduate
Atipuluan,Electrical Installation and Maintenance NC II,28,Male,Junior High,Self-employed,Electrical Repair,Construction,New Entrant,Graduate
Atipuluan,Shielded Metal Arc Welding NC I,35,Male,College Graduate,Underemployed,Welding,Construction,New Entrant,Graduate
Lag-asan,Carpentry NC II,32,Male,Senior High,Wage Employed,Carpentry,Construction,Career Shifter,Graduate
Bagroy,Driving NC II,22,Male,Junior High,Unemployed,Driving,Transportation,Returning Learner,Graduate
Pacol,Computer Systems Servicing NC II,43,Female,College Graduate,Wage Employed,Computer Literacy,ICT,Returning Learner,Graduate
Pacol,Shielded Metal Arc Welding NC I,35,Male,Junior High,Unemployed,Welding,Construction,Experienced Worker,Graduate
Alianza,Bread and Pastry NC II,31,Female,Junior High,Self-employed,Cooking,Hospitality,New Entrant,Graduate
Abuanan,Bread and Pastry NC II,52,Male,College Graduate,Self-employed,Baking,Business,Experienced Worker,Graduate
Taloc,Cookery NC II,40,Male,Senior High,Unemployed,Cooking,Hospitality,Experienced Worker,Graduate
Abuanan,Cookery NC II,26,Male,Junior High,Self-employed,Cooking,Hospitality,Experienced Worker,Dropout
Calumangan,Bread and Pastry NC II,46,Male,College Undergraduate,Self-employed,Baking,Hospitality,Experienced Worker,Graduate
Taloc,Carpentry NC II,38,Male,Senior High,Wage Employed,Carpentry,Construction,Returning Learner,Graduate
Abuanan,Carpentry NC II,26,Male,Elementary Graduate,Underemployed,Masonry,Construction,Career Shifter,Dropout
Busay,Shielded Metal Arc Welding NC I,40,Male,Junior High,Self-employed,Masonry,Construction,Experienced Worker,Graduate
Napoles,Masonry NC II,41,Male,Junior High,Unemployed,Masonry,Construction,Experienced Worker,Dropout
Dulao,Driving NC II,37,Female,Senior High,Self-employed,Driving,Transportation,Experienced Worker,Graduate
Poblacion,Computer Systems Servicing NC II,32,Male,College Undergraduate,Unemployed,Computer Literacy,ICT,Returning Learner,Graduate
Abuanan,Masonry NC II,40,Male,Senior High,Underemployed,Masonry,Construction,New Entrant,Graduate
Balingasag,Cookery NC II,21,Female,College Undergraduate,Self-employed,Cooking,Hospitality,Experienced Worker,Graduate
Taloc,Cookery NC II,19,Female,College Undergraduate,Unemployed,Cooking,Transportation,New Entrant,Graduate
Busay,Driving NC II,22,Male,Senior High,Unemployed,Driving,Transportation,New Entrant,Graduate
Abuanan,Computer Systems Servicing NC II,42,Female,College Undergraduate,Unemployed,Computer Literacy,ICT,Returning Learner,Graduate
Abuanan,Computer Systems Servicing NC II,43,Female,College Graduate,Underemployed,Computer Literacy,ICT,New Entrant,Graduate
Bagroy,Driving NC II,28,Male,Elementary Graduate,Unemployed,Driving,Transportation,New Entrant,Graduate
Pacol,Shielded Metal Arc Welding NC I,43,Male,Senior High,Underemployed,Welding,Construction,New Entrant,Dropout
Bacong,Masonry NC II,35,Male,College Graduate,Self-employed,Masonry,Construction,Experienced Worker,Graduate
Ma-ao,Electrical Installation and Maintenance NC II,39,Male,Junior High,Unemployed,Electrical Repair,Construction,New Entrant,Dropout
Calumangan,Masonry NC II,32,Male,College Undergraduate,Unemployed,Masonry,Construction,Experienced Worker,Graduate
Busay,Masonry NC II,38,Male,Elementary Graduate,Unemployed,Masonry,Construction,Returning Learner,Dropout
Alianza,Driving NC II,25,Male,Senior High,Underemployed,Driving,Transportation,Returning Learner,Graduate
Napoles,Carpentry NC II,29,Female,Junior High,Underemployed,Carpentry,Construction,New Entrant,Graduate
Binubuhan,Cookery NC II,43,Female,Senior High,Unemployed,Cooking,Hospitality,Returning Learner,Graduate
Taloc,Shielded Metal Arc Welding NC I,28,Male,Elementary Graduate,Unemployed,Welding,Construction,Returning Learner,Graduate
Mailum,Bread and Pastry NC II,25,Male,Junior High,Wage Employed,Baking,Hospitality,Returning Learner,Graduate
Alianza,Carpentry NC II,18,Male,Junior High,Underemployed,Carpentry,Construction,New Entrant,Dropout
Ma-ao,Computer Systems Servicing NC II,39,Male,Senior High,Underemployed,Cooking,Hospitality,New Entrant,Dropout
Bacong,Masonry NC II,45,Male,College Undergraduate,Wage Employed,Masonry,Construction,New Entrant,Dropout
Napoles,Shielded Metal Arc Welding NC I,22,Male,Senior High,Unemployed,Welding,Construction,Returning Learner,Graduate
Taloc,Bread and Pastry NC II,35,Female,Junior High,Wage Employed,Baking,Hospitality,Experienced Worker,Graduate
Bagroy,Masonry NC II,30,Female,Junior High,Unemployed,Masonry,Construction,New Entrant,Dropout
Caridad,Carpentry NC II,42,Male,Senior High,Underemployed,Carpentry,Construction,New Entrant,Graduate
Lag-asan,Electrical Installation and Maintenance NC II,36,Male,Junior High,Underemployed,Electrical Repair,Construction,Career Shifter,Dropout
Balingasag,Electrical Installation and Maintenance NC II,37,Male,College Graduate,Wage Employed,Electrical Repair,Construction,Career Shifter,Graduate
Balingasag,Electrical Installation and Maintenance NC II,44,Male,College Undergraduate,Self-employed,Electrical Repair,Construction,Returning Learner,Graduate
Bacong,Carpentry NC II,36,Male,Elementary Graduate,Underemployed,Carpentry,Construction,New Entrant,Graduate
Balingasag,Shielded Metal Arc Welding NC I,40,Male,College Undergraduate,Unemployed,Welding,Construction,New Entrant,Dropout
Taloc,Cookery NC II,23,Male,College Undergraduate,Self-employed,Cooking,Hospitality,New Entrant,Graduate
Alianza,Carpentry NC II,38,Male,Junior High,Underemployed,Carpentry,Construction,Career Shifter,Graduate
Pacol,Shielded Metal Arc Welding NC I,42,Female,Junior High,Underemployed,Welding,Construction,New Entrant,Dropout
Alianza,Shielded Metal Arc Welding NC I,24,Male,Junior High,Wage Employed,Welding,Construction,Experienced Worker,Graduate
Dulao,Bread and Pastry NC II,19,Female,Elementary Graduate,Underemployed,Baking,Hospitality,Career Shifter,Graduate
Abuanan,Electrical Installation and Maintenance NC II,22,Female,Junior High,Underemployed,Electrical Repair,Agriculture,New Entrant,Dropout
Tabunan,Cookery NC II,30,Male,Elementary Graduate,Unemployed,Cooking,Business,Returning Learner,Dropout
Taloc,Carpentry NC II,39,Female,Senior High,Underemployed,Cooking,Hospitality,Career Shifter,Graduate
Abuanan,Electrical Installation and Maintenance NC II,43,Male,Senior High,Underemployed,Electrical Repair,Construction,New Entrant,Dropout
Abuanan,Electrical Installation and Maintenance NC II,55,Male,College Graduate,Wage Employed,Electrical Repair,Construction,Returning Learner,Graduate
Balingasag,Bread and Pastry NC II,24,Female,Junior High,Underemployed,Baking,Hospitality,New Entrant,Graduate
Napoles,Carpentry NC II,20,Male,Senior High,Underemployed,Carpentry,Construction,Returning Learner,Graduate
Lag-asan,Masonry NC II,31,Male,College Undergraduate,Self-employed,Driving,Transportation,Career Shifter,Dropout
Sagasa,Electrical Installation and Maintenance NC II,18,Female,Senior High,Wage Employed,Carpentry,Construction,Experienced Worker,Graduate
Bagroy,Masonry NC II,20,Male,Elementary Graduate,Wage Employed,Masonry,Construction,Experienced Worker,Graduate
Poblacion,Cookery NC II,31,Female,Junior High,Underemployed,Cooking,Hospitality,New Entrant,Graduate
Dulao,Bread and Pastry NC II,35,Female,Senior High,Self-employed,Baking,Hospitality,Returning Learner,Graduate
Alianza,Shielded Metal Arc Welding NC I,37,Male,College Graduate,Wage Employed,Welding,Construction,Experienced Worker,Graduate
Bacong,Computer Systems Servicing NC II,41,Male,College Undergraduate,Wage Employed,Computer Literacy,ICT,Experienced Worker,Dropout
Dulao,Electrical Installation and Maintenance NC II,26,Male,Senior High,Self-employed,Electrical Repair,Construction,Experienced Worker,Graduate
Balingasag,Carpentry NC II,53,Male,College Graduate,Self-employed,Carpentry,Construction,Experienced Worker,Graduate
Napoles,Computer Systems Servicing NC II,36,Male,College Graduate,Underemployed,Computer Literacy,ICT,New Entrant,Dropout
Atipuluan,Carpentry NC II,48,Male,College Graduate,Underemployed,Carpentry,Construction,New Entrant,Dropout
Balingasag,Electrical Installation and Maintenance NC II,25,Male,Elementary Graduate,Unemployed,Electrical Repair,Construction,Experienced Worker,Dropout
Poblacion,Carpentry NC II,18,Male,Senior High,Unemployed,Carpentry,Construction,New Entrant,Dropout
Pacol,Bread and Pastry NC II,37,Female,College Graduate,Underemployed,Baking,Hospitality,Career Shifter,Graduate
Dulao,Shielded Metal Arc Welding NC I,46,Male,College Undergraduate,Wage Employed,Welding,ICT,Experienced Worker,Graduate
Mailum,Carpentry NC II,19,Female,Senior High,Underemployed,Carpentry,Construction,Career Shifter,Dropout
Caridad,Computer Systems Servicing NC II,30,Male,Junior High,Underemployed,Computer Literacy,Hospitality,Returning Learner,Graduate
Alianza,Bread and Pastry NC II,28,Female,Elementary Graduate,Unemployed,Baking,Hospitality,New Entrant,Graduate
Atipuluan,Electrical Installation and Maintenance NC II,31,Male,Senior High,Unemployed,Electrical Repair,Construction,New Entrant,Dropout
Calumangan,Carpentry NC II,38,Male,College Undergraduate,Wage Employed,Carpentry,Business,New Entrant,Graduate
Abuanan,Bread and Pastry NC II,24,Female,College Undergraduate,Self-employed,Baking,Hospitality,Experienced Worker,Graduate
Pacol,Bread and Pastry NC II,44,Male,Senior High,Underemployed,Baking,Hospitality,New Entrant,Graduate
Taloc,Shielded Metal Arc Welding NC I,18,Female,Senior High,Self-employed,Welding,Transportation,Experienced Worker,Graduate
Ma-ao,Cookery NC II,19,Female,Senior High,Wage Employed,Cooking,Hospitality,Returning Learner,Dropout
Taloc,Cookery NC II,26,Female,Senior High,Underemployed,Cooking,Hospitality,New Entrant,Graduate
Bacong,Shielded Metal Arc Welding NC I,30,Male,Junior High,Unemployed,Welding,Construction,New Entrant,Dropout
Dulao,Shielded Metal Arc Welding NC I,44,Male,College Graduate,Underemployed,Welding,Construction,Experienced Worker,Graduate
Napoles,Computer Systems Servicing NC II,42,Female,Senior High,Wage Employed,Computer Literacy,Transportation,Experienced Worker,Dropout
Dulao,Electrical Installation and Maintenance NC II,26,Male,Senior High,Self-employed,Electrical Repair,Construction,Returning Learner,Graduate
Malingin,Driving NC II,23,Male,Junior High,Wage Employed,Driving,Transportation,Returning Learner,Graduate
Caridad,Shielded Metal Arc Welding NC I,24,Male,Junior High,Underemployed,Driving,Transportation,Returning Learner,Dropout
Dulao,Cookery NC II,18,Female,Senior High,Unemployed,Baking,Hospitality,New Entrant,Dropout
Balingasag,Bread and Pastry NC II,40,Male,Senior High,Underemployed,Baking,Hospitality,Experienced Worker,Graduate
Bagroy,Driving NC II,27,Male,Junior High,Unemployed,Driving,Transportation,Experienced Worker,Dropout
Taloc,Shielded Metal Arc Welding NC I,37,Male,Elementary Graduate,Underemployed,Welding,Construction,New Entrant,Dropout
Atipuluan,Computer Systems Servicing NC II,47,Male,College Graduate,Unemployed,Computer Literacy,ICT,New Entrant,Graduate
Ma-ao,Masonry NC II,20,Male,Junior High,Unemployed,Masonry,Construction,Experienced Worker,Graduate
Tabunan,Cookery NC II,26,Female,Elementary Graduate,Unemployed,Cooking,Hospitality,Returning Learner,Graduate
Malingin,Electrical Installation and Maintenance NC II,53,Female,College Graduate,Unemployed,Welding,Construction,Career Shifter,Dropout
Ma-ao,Electrical Installation and Maintenance NC II,43,Female,Senior High,Unemployed,Electrical Repair,Construction,New Entrant,Graduate
Sagasa,Cookery NC II,20,Female,Junior High,Underemployed,Cooking,Hospitality,Experienced Worker,Dropout
Caridad,Carpentry NC II,28,Male,Junior High,Unemployed,Carpentry,Construction,New Entrant,Dropout
Pacol,Shielded Metal Arc Welding NC I,36,Male,Senior High,Underemployed,Welding,Construction,Returning Learner,Graduate
Poblacion,Cookery NC II,24,Female,Junior High,Unemployed,Cooking,Hospitality,New Entrant,Graduate
Bagroy,Computer Systems Servicing NC II,35,Female,Senior High,Underemployed,Computer Literacy,ICT,New Entrant,Dropout
Balingasag,Carpentry NC II,19,Male,Senior High,Underemployed,Carpentry,Construction,Experienced Worker,Graduate
Alianza,Electrical Installation and Maintenance NC II,30,Male,Senior High,Underemployed,Electrical Repair,Construction,Returning Learner,Graduate
Bagroy,Carpentry NC II,40,Male,Senior High,Wage Employed,Carpentry,Construction,Returning Learner,Graduate
Napoles,Driving NC II,23,Female,Junior High,Wage Employed,Driving,Transportation,New Entrant,Graduate
Taloc,Driving NC II,26,Male,Junior High,Self-employed,Driving,Transportation,Returning Learner,Graduate
Abuanan,Masonry NC II,18,Male,Junior High,Wage Employed,Masonry,Construction,Returning Learner,Graduate
Taloc,Carpentry NC II,21,Male,Elementary Graduate,Self-employed,Carpentry,Construction,Experienced Worker,Graduate
Dulao,Computer Systems Servicing NC II,24,Male,College Graduate,Self-employed,Computer Literacy,ICT,Experienced Worker,Graduate
Bacong,Shielded Metal Arc Welding NC I,26,Female,Senior High,Unemployed,Welding,Construction,New Entrant,Dropout
Lag-asan,Computer Systems Servicing NC II,23,Female,College Undergraduate,Unemployed,Computer Literacy,ICT,Career Shifter,Graduate
Ma-ao,Computer Systems Servicing NC II,45,Female,College Undergraduate,Self-employed,Computer Literacy,ICT,Returning Learner,Dropout
Bagroy,Electrical Installation and Maintenance NC II,22,Male,Junior High,Underemployed,Electrical Repair,Construction,Returning Learner,Dropout
Atipuluan,Driving NC II,40,Male,Junior High,Wage Employed,Driving,Hospitality,Experienced Worker,Graduate
Taloc,Driving NC II,33,Male,Junior High,Underemployed,Driving,Transportation,New Entrant,Graduate
Busay,Shielded Metal Arc Welding NC I,36,Male,Junior High,Unemployed,Welding,Construction,New Entrant,Graduate
Atipuluan,Bread and Pastry NC II,39,Female,Elementary Graduate,Wage Employed,Baking,Hospitality,New Entrant,Graduate
Bacong,Cookery NC II,38,Female,Senior High,Wage Employed,Cooking,Hospitality,New Entrant,Graduate
Calumangan,Bread and Pastry NC II,18,Female,Junior High,Underemployed,Baking,Hospitality,Returning Learner,Dropout
Taloc,Shielded Metal Arc Welding NC I,26,Male,Senior High,Underemployed,Welding,Construction,Experienced Worker,Graduate
Caridad,Driving NC II,44,Female,College Undergraduate,Unemployed,Driving,Transportation,Experienced Worker,Graduate
Balingasag,Electrical Installation and Maintenance NC II,30,Male,Senior High,Unemployed,Baking,Hospitality,New Entrant,Dropout
Ma-ao,Computer Systems Servicing NC II,39,Female,Senior High,Unemployed,Computer Literacy,ICT,Returning Learner,Dropout
Bagroy,Driving NC II,35,Male,Elementary Graduate,Underemployed,Driving,Construction,New Entrant,Dropout
Balingasag,Cookery NC II,28,Female,Senior High,Self-employed,Cooking,Hospitality,Returning Learner,Graduate
Abuanan,Cookery NC II,24,Female,Junior High,Underemployed,Cooking,Hospitality,Career Shifter,Graduate
Lag-asan,Cookery NC II,36,Male,Senior High,Unemployed,Cooking,Hospitality,Career Shifter,Graduate
Bagroy,Shielded Metal Arc Welding NC I,18,Female,Senior High,Self-employed,Baking,Hospitality,Career Shifter,Dropout
Napoles,Bread and Pastry NC II,31,Female,Senior High,Unemployed,Baking,Hospitality,Career Shifter,Graduate
Poblacion,Bread and Pastry NC II,18,Male,Senior High,Unemployed,Baking,ICT,Returning Learner,Graduate
Caridad,Computer Systems Servicing NC II,24,Female,College Graduate,Wage Employed,Computer Literacy,ICT,Career Shifter,Graduate
Dulao,Masonry NC II,33,Male,Senior High,Wage Employed,Masonry,Construction,Experienced Worker,Graduate
Binubuhan,Carpentry NC II,36,Male,Senior High,Self-employed,Carpentry,Construction,Experienced Worker,Graduate
Ma-ao,Carpentry NC II,19,Male,Junior High,Underemployed,Carpentry,Construction,Returning Learner,Graduate
Caridad,Carpentry NC II,40,Male,Junior High,Unemployed,Carpentry,Construction,New Entrant,Graduate
Abuanan,Masonry NC II,34,Male,Junior High,Self-employed,Masonry,Construction,Experienced Worker,Graduate
Abuanan,Bread and Pastry NC II,40,Female,Junior High,Unemployed,Baking,Hospitality,New Entrant,Graduate
Busay,Shielded Metal Arc Welding NC I,21,Male,Senior High,Underemployed,Welding,Construction,Returning Learner,Graduate
Abuanan,Masonry NC II,27,Male,Senior High,Underemployed,Masonry,Construction,New Entrant,Dropout
Tabunan,Electrical Installation and Maintenance NC II,42,Female,Junior High,Unemployed,Electrical Repair,Construction,New Entrant,Graduate
Alianza,Computer Systems Servicing NC II,30,Female,College Undergraduate,Wage Employed,Computer Literacy,ICT,Experienced Worker,Graduate
Ilijan,Computer Systems Servicing NC II,23,Male,Junior High,Underemployed,Computer Literacy,ICT,New Entrant,Dropout
Mailum,Electrical Installation and Maintenance NC II,30,Male,Elementary Graduate,Unemployed,Electrical Repair,Construction,Returning Learner,Dropout
Tabunan,Shielded Metal Arc Welding NC I,32,Male,Junior High,Self-employed,Welding,Construction,Experienced Worker,Graduate
Caridad,Shielded Metal Arc Welding NC I,39,Female,Junior High,Wage Employed,Welding,Construction,Experienced Worker,Graduate
Bacong,Carpentry NC II,22,Male,Elementary Graduate,Underemployed,Carpentry,Construction,Returning Learner,Dropout
Poblacion,Shielded Metal Arc Welding NC I,21,Male,College Undergraduate,Unemployed,Welding,Construction,New Entrant,Graduate
Lag-asan,Masonry NC II,33,Male,College Undergraduate,Self-employed,Masonry,Construction,Experienced Worker,Graduate
Calumangan,Cookery NC II,35,Female,Senior High,Unemployed,Cooking,Hospitality,Experienced Worker,Graduate
Ilijan,Shielded Metal Arc Welding NC I,28,Male,Junior High,Underemployed,Welding,Construction,New Entrant,Graduate
Calumangan,Masonry NC II,21,Male,Elementary Graduate,Underemployed,Masonry,Construction,Returning Learner,Graduate
Balingasag,Shielded Metal Arc Welding NC I,23,Male,Junior High,Unemployed,Welding,Construction,Career Shifter,Dropout
Taloc,Computer Systems Servicing NC II,44,Male,Senior High,Underemployed,Computer Literacy,ICT,Experienced Worker,Graduate
Taloc,Driving NC II,40,Male,College Undergraduate,Underemployed,Driving,Transportation,Returning Learner,Dropout
Poblacion,Shielded Metal Arc Welding NC I,42,Female,Junior High,Wage Employed,Welding,Construction,Experienced Worker,Graduate
Pacol,Bread and Pastry NC II,30,Female,Elementary Graduate,Underemployed,Baking,Hospitality,Returning Learner,Graduate
Atipuluan,Carpentry NC II,38,Male,College Undergraduate,Self-employed,Carpentry,Construction,Returning Learner,Graduate
Caridad,Electrical Installation and Maintenance NC II,37,Male,Junior High,Unemployed,Electrical Repair,Construction,Returning Learner,Dropout
Abuanan,Shielded Metal Arc Welding NC I,40,Male,Junior High,Underemployed,Welding,Construction,New Entrant,Graduate
Napoles,Shielded Metal Arc Welding NC I,46,Male,College Undergraduate,Underemployed,Welding,Construction,New Entrant,Graduate
Taloc,Masonry NC II,26,Female,Senior High,Underemployed,Cooking,Hospitality,Career Shifter,Dropout
Atipuluan,Masonry NC II,35,Female,Junior High,Underemployed,Masonry,Construction,Career Shifter,Graduate
Atipuluan,Electrical Installation and Maintenance NC II,30,Male,Elementary Graduate,Self-employed,Electrical Repair,Construction,Returning Learner,Graduate
Ilijan,Cookery NC II,32,Male,Elementary Graduate,Self-employed,Cooking,Hospitality,New Entrant,Dropout
Alianza,Electrical Installation and Maintenance NC II,27,Male,Elementary Graduate,Wage Employed,Electrical Repair,Construction,Career Shifter,Graduate
Ilijan,Cookery NC II,36,Female,Junior High,Unemployed,Welding,Construction,Career Shifter,Dropout
Sagasa,Cookery NC II,45,Male,College Undergraduate,Wage Employed,Cooking,Hospitality,Experienced Worker,Graduate
Balingasag,Electrical Installation and Maintenance NC II,34,Male,Senior High,Underemployed,Electrical Repair,Construction,Returning Learner,Graduate
Balingasag,Driving NC II,37,Male,Senior High,Wage Employed,Driving,Transportation,Career Shifter,Graduate
Mailum,Cookery NC II,37,Female,Elementary Graduate,Underemployed,Cooking,Hospitality,New Entrant,Dropout
Taloc,Masonry NC II,44,Male,Senior High,Wage Employed,Electrical Repair,Construction,New Entrant,Graduate
Calumangan,Computer Systems Servicing NC II,43,Male,College Undergraduate,Self-employed,Computer Literacy,ICT,Returning Learner,Graduate
Bacong,Bread and Pastry NC II,41,Male,Senior High,Wage Employed,Baking,Hospitality,Returning Learner,Graduate
Pacol,Bread and Pastry NC II,43,Female,Senior High,Underemployed,Baking,Hospitality,New Entrant,Dropout
Busay,Carpentry NC II,21,Male,Junior High,Unemployed,Carpentry,Construction,Returning Learner,Dropout
Malingin,Masonry NC II,27,Male,Senior High,Self-employed,Masonry,Transportation,Experienced Worker,Dropout
Taloc,Computer Systems Servicing NC II,43,Female,Senior High,Unemployed,Electrical Repair,Construction,Career Shifter,Dropout
Lag-asan,Driving NC II,19,Male,College Undergraduate,Unemployed,Driving,Transportation,Returning Learner,Graduate
Poblacion,Masonry NC II,41,Male,Senior High,Self-employed,Masonry,Construction,Experienced Worker,Graduate
Dulao,Bread and Pastry NC II,43,Female,Senior High,Underemployed,Baking,Hospitality,New Entrant,Graduate
Mailum,Masonry NC II,41,Male,Senior High,Underemployed,Masonry,Business,Career Shifter,Dropout
Alianza,Bread and Pastry NC II,37,Male,Senior High,Unemployed,Baking,Construction,Experienced Worker,Graduate
Napoles,Electrical Installation and Maintenance NC II,40,Male,Senior High,Self-employed,Electrical Repair,Construction,Experienced Worker,Graduate
Abuanan,Shielded Metal Arc Welding NC I,35,Male,Senior High,Underemployed,Welding,Construction,Returning Learner,Graduate
Lag-asan,Electrical Installation and Maintenance NC II,20,Female,Elementary Graduate,Underemployed,Electrical Repair,Construction,Career Shifter,Dropout
Ma-ao,Masonry NC II,35,Male,Senior High,Underemployed,Masonry,Construction,Experienced Worker,Graduate
Atipuluan,Electrical Installation and Maintenance NC II,30,Male,Junior High,Underemployed,Electrical Repair,Construction,New Entrant,Graduate
Ilijan,Driving NC II,36,Female,Senior High,Underemployed,Driving,Transportation,Returning Learner,Dropout
Pacol,Carpentry NC II,29,Male,Junior High,Unemployed,Carpentry,Construction,Returning Learner,Graduate
Ma-ao,Carpentry NC II,21,Male,Senior High,Self-employed,Carpentry,Construction,Experienced Worker,Dropout
Ma-ao,Computer Systems Servicing NC II,38,Male,Senior High,Unemployed,Computer Literacy,ICT,Returning Learner,Graduate
Busay,Masonry NC II,37,Male,Junior High,Underemployed,Masonry,Construction,Career Shifter,Dropout
Atipuluan,Masonry NC II,44,Male,Senior High,Self-employed,Masonry,Construction,Experienced Worker,Graduate
Pacol,Carpentry NC II,18,Male,Senior High,Wage Employed,Carpentry,Construction,Experienced Worker,Graduate
Abuanan,Masonry NC II,34,Female,Senior High,Wage Employed,Masonry,Construction,Returning Learner,Graduate
Poblacion,Shielded Metal Arc Welding NC I,33,Female,Senior High,Unemployed,Welding,Construction,New Entrant,Dropout
Bacong,Electrical Installation and Maintenance NC II,39,Male,Elementary Graduate,Unemployed,Electrical Repair,Construction,New Entrant,Dropout
Atipuluan,Carpentry NC II,31,Male,College Graduate,Underemployed,Carpentry,Construction,New Entrant,Graduate
Bacong,Driving NC II,37,Male,Senior High,Self-employed,Driving,Transportation,Experienced Worker,Graduate
Alianza,Carpentry NC II,33,Male,Elementary Graduate,Unemployed,Carpentry,Construction,New Entrant,Dropout
Pacol,Electrical Installation and Maintenance NC II,45,Male,Senior High,Self-employed,Electrical Repair,Construction,Returning Learner,Graduate
Atipuluan,Cookery NC II,38,Female,Senior High,Underemployed,Cooking,Transportation,Experienced Worker,Graduate
Abuanan,Carpentry NC II,37,Male,Junior High,Underemployed,Carpentry,Construction,Returning Learner,Graduate
Taloc,Electrical Installation and Maintenance NC II,27,Male,Junior High,Unemployed,Electrical Repair,Construction,Career Shifter,Graduate
Abuanan,Carpentry NC II,24,Male,Elementary Graduate,Unemployed,Electrical Repair,Construction,New Entrant,Dropout
Bacong,Driving NC II,22,Male,Senior High,Underemployed,Welding,Construction,New Entrant,Graduate
Lag-asan,Computer Systems Servicing NC II,38,Female,Junior High,Underemployed,Computer Literacy,ICT,Returning Learner,Graduate
Sagasa,Electrical Installation and Maintenance NC II,43,Male,Senior High,Self-employed,Electrical Repair,Construction,Experienced Worker,Dropout
Dulao,Shielded Metal Arc Welding NC I,23,Male,Junior High,Underemployed,Welding,Construction,New Entrant,Graduate
Alianza,Carpentry NC II,27,Male,Senior High,Underemployed,Carpentry,Business,Returning Learner,Graduate
Balingasag,Electrical Installation and Maintenance NC II,18,Male,Junior High,Underemployed,Electrical Repair,Construction,New Entrant,Graduate
Poblacion,Computer Systems Servicing NC II,36,Female,Junior High,Self-employed,Computer Literacy,ICT,Returning Learner,Dropout
Napoles,Electrical Installation and Maintenance NC II,36,Female,Junior High,Underemployed,Electrical Repair,Construction,New Entrant,Graduate
Taloc,Electrical Installation and Maintenance NC II,29,Male,Elementary Graduate,Unemployed,Electrical Repair,Construction,New Entrant,Dropout
Atipuluan,Cookery NC II,33,Female,Senior High,Wage Employed,Cooking,Hospitality,Experienced Worker,Graduate
Atipuluan,Shielded Metal Arc Welding NC I,26,Female,College Undergraduate,Self-employed,Welding,Construction,Experienced Worker,Graduate
Atipuluan,Masonry NC II,53,Male,College Graduate,Self-employed,Masonry,Construction,Returning Learner,Graduate
Poblacion,Carpentry NC II,39,Male,College Graduate,Unemployed,Carpentry,Construction,Career Shifter,Dropout
Lag-asan,Bread and Pastry NC II,34,Female,Senior High,Unemployed,Baking,Agriculture,Experienced Worker,Graduate
Calumangan,Cookery NC II,30,Male,Senior High,Self-employed,Cooking,Hospitality,Experienced Worker,Graduate
Atipuluan,Masonry NC II,33,Male,Junior High,Unemployed,Masonry,Construction,New Entrant,Dropout
Balingasag,Carpentry NC II,28,Male,College Graduate,Underemployed,Carpentry,Construction,Experienced Worker,Graduate
Bagroy,Bread and Pastry NC II,31,Female,Junior High,Unemployed,Baking,Hospitality,Experienced Worker,Dropout
Dulao,Shielded Metal Arc Welding NC I,30,Male,Junior High,Underemployed,Welding,Construction,New Entrant,Graduate
Atipuluan,Shielded Metal Arc Welding NC I,43,Male,Senior High,Unemployed,Electrical Repair,Construction,Career Shifter,Graduate
Bagroy,Driving NC II,42,Male,Junior High,Unemployed,Driving,Transportation,New Entrant,Dropout
Malingin,Masonry NC II,43,Male,College Graduate,Underemployed,Carpentry,Construction,New Entrant,Graduate
Busay,Cookery NC II,37,Male,Junior High,Underemployed,Cooking,Hospitality,New Entrant,Graduate
Bagroy,Computer Systems Servicing NC II,23,Male,College Graduate,Wage Employed,Computer Literacy,ICT,Returning Learner,Graduate
Sagasa,Computer Systems Servicing NC II,33,Male,Senior High,Wage Employed,Welding,Construction,Career Shifter,Dropout
Malingin,Cookery NC II,27,Female,Junior High,Self-employed,Cooking,Hospitality,Returning Learner,Graduate
Abuanan,Masonry NC II,33,Male,Senior High,Unemployed,Masonry,ICT,Experienced Worker,Graduate
Dulao,Bread and Pastry NC II,41,Male,Junior High,Underemployed,Baking,Hospitality,Returning Learner,Graduate
Alianza,Computer Systems Servicing NC II,29,Female,Senior High,Unemployed,Computer Literacy,ICT,New Entrant,Graduate
Poblacion,Electrical Installation and Maintenance NC II,33,Female,Junior High,Unemployed,Electrical Repair,Construction,New Entrant,Graduate
Taloc,Computer Systems Servicing NC II,32,Female,College Undergraduate,Unemployed,Computer Literacy,ICT,New Entrant,Dropout
Alianza,Electrical Installation and Maintenance NC II,37,Male,Senior High,Self-employed,Electrical Repair,Business,Returning Learner,Graduate
Pacol,Electrical Installation and Maintenance NC II,38,Male,Senior High,Underemployed,Electrical Repair,Construction,Returning Learner,Graduate
Calumangan,Computer Systems Servicing NC II,28,Female,College Undergraduate,Unemployed,Computer Literacy,ICT,New Entrant,Graduate
Poblacion,Carpentry NC II,29,Female,Senior High,Self-employed,Cooking,Hospitality,New Entrant,Graduate
Bagroy,Driving NC II,26,Male,Junior High,Self-employed,Driving,Agriculture,New Entrant,Graduate
Malingin,Bread and Pastry NC II,33,Male,College Undergraduate,Self-employed,Baking,Hospitality,Experienced Worker,Graduate
Atipuluan,Carpentry NC II,41,Female,Senior High,Self-employed,Carpentry,Construction,Experienced Worker,Graduate
Alianza,Bread and Pastry NC II,38,Female,Senior High,Underemployed,Baking,Hospitality,New Entrant,Graduate
Napoles,Carpentry NC II,40,Male,Junior High,Underemployed,Carpentry,Construction,New Entrant,Graduate
Abuanan,Cookery NC II,25,Female,College Graduate,Self-employed,Cooking,Hospitality,Experienced Worker,Graduate
Abuanan,Carpentry NC II,32,Male,Elementary Graduate,Unemployed,Carpentry,Construction,New Entrant,Graduate
Pacol,Electrical Installation and Maintenance NC II,33,Female,College Graduate,Self-employed,Computer Literacy,ICT,Career Shifter,Graduate
Tabunan,Masonry NC II,26,Male,Junior High,Underemployed,Masonry,Construction,New Entrant,Dropout
Dulao,Shielded Metal Arc Welding NC I,28,Male,Junior High,Underemployed,Welding,Construction,Returning Learner,Graduate
Taloc,Masonry NC II,38,Male,Junior High,Unemployed,Masonry,Construction,New Entrant,Dropout
Poblacion,Driving NC II,36,Male,Junior High,Unemployed,Driving,Hospitality,New Entrant,Graduate
Bacong,Carpentry NC II,24,Male,Senior High,Wage Employed,Masonry,Construction,Experienced Worker,Graduate
Calumangan,Shielded Metal Arc Welding NC I,44,Male,College Undergraduate,Unemployed,Welding,Construction,Experienced Worker,Graduate
Poblacion,Cookery NC II,36,Female,College Graduate,Wage Employed,Cooking,Hospitality,Experienced Worker,Graduate
Atipuluan,Shielded Metal Arc Welding NC I,38,Male,Junior High,Unemployed,Welding,Construction,Returning Learner,Graduate
Taloc,Cookery NC II,35,Male,Junior High,Underemployed,Cooking,Hospitality,New Entrant,Graduate
Lag-asan,Driving NC II,42,Male,College Undergraduate,Underemployed,Driving,Transportation,New Entrant,Graduate
Taloc,Masonry NC II,18,Male,Junior High,Wage Employed,Masonry,Construction,Career Shifter,Dropout
Dulao,Driving NC II,18,Male,Senior High,Wage Employed,Driving,Transportation,Career Shifter,Dropout
Binubuhan,Masonry NC II,22,Male,Senior High,Unemployed,Masonry,Construction,New Entrant,Dropout
Atipuluan,Driving NC II,28,Male,Senior High,Underemployed,Electrical Repair,Construction,Career Shifter,Dropout
Caridad,Masonry NC II,36,Male,Senior High,Self-employed,Masonry,Construction,Returning Learner,Dropout
Balingasag,Driving NC II,41,Male,Senior High,Self-employed,Driving,Transportation,Returning Learner,Graduate
Malingin,Carpentry NC II,40,Male,Junior High,Unemployed,Carpentry,Transportation,New Entrant,Dropout
Taloc,Carpentry NC II,30,Male,Senior High,Underemployed,Carpentry,Construction,New Entrant,Graduate
Pacol,Masonry NC II,42,Male,Junior High,Underemployed,Masonry,Construction,Returning Learner,Graduate
Alianza,Bread and Pastry NC II,42,Female,Senior High,Underemployed,Baking,Hospitality,Experienced Worker,Graduate
Abuanan,Carpentry NC II,42,Male,Senior High,Self-employed,Carpentry,Construction,Career Shifter,Graduate
Mailum,Carpentry NC II,42,Male,Senior High,Unemployed,Carpentry,Construction,New Entrant,Dropout
Atipuluan,Masonry NC II,43,Male,Senior High,Unemployed,Masonry,Construction,Returning Learner,Graduate
Atipuluan,Masonry NC II,41,Female,Senior High,Unemployed,Masonry,Construction,Experienced Worker,Graduate
Taloc,Driving NC II,40,Male,Senior High,Underemployed,Driving,Transportation,New Entrant,Graduate
Poblacion,Carpentry NC II,18,Male,Elementary Graduate,Self-employed,Carpentry,Construction,New Entrant,Graduate
Mailum,Masonry NC II,20,Male,Junior High,Underemployed,Masonry,Construction,New Entrant,Dropout
Binubuhan,Cookery NC II,23,Female,Senior High,Unemployed,Cooking,Hospitality,Experienced Worker,Graduate
Lag-asan,Driving NC II,30,Female,Senior High,Underemployed,Driving,Transportation,Experienced Worker,Graduate
Napoles,Computer Systems Servicing NC II,46,Male,College Graduate,Wage Employed,Computer Literacy,ICT,Experienced Worker,Graduate
Taloc,Computer Systems Servicing NC II,37,Male,College Undergraduate,Wage Employed,Computer Literacy,ICT,New Entrant,Graduate
Caridad,Masonry NC II,32,Male,College Graduate,Wage Employed,Masonry,Construction,Returning Learner,Graduate
Abuanan,Computer Systems Servicing NC II,31,Female,Senior High,Wage Employed,Computer Literacy,ICT,Experienced Worker,Graduate
Ma-ao,Shielded Metal Arc Welding NC I,18,Male,Senior High,Underemployed,Welding,Construction,Returning Learner,Graduate
Napoles,Bread and Pastry NC II,33,Female,Senior High,Self-employed,Baking,Hospitality,New Entrant,Graduate
Alianza,Bread and Pastry NC II,31,Male,Senior High,Underemployed,Baking,Hospitality,New Entrant,Graduate
Taloc,Shielded Metal Arc Welding NC I,32,Female,Senior High,Wage Employed,Welding,Construction,Experienced Worker,Graduate
Calumangan,Bread and Pastry NC II,30,Male,Junior High,Underemployed,Baking,Business,Career Shifter,Graduate
Dulao,Driving NC II,19,Female,Junior High,Self-employed,Driving,Transportation,Experienced Worker,Graduate
Mailum,Cookery NC II,32,Female,Elementary Graduate,Unemployed,Cooking,Hospitality,New Entrant,Dropout
Calumangan,Carpentry NC II,38,Male,Elementary Graduate,Underemployed,Carpentry,Transportation,Returning Learner,Graduate
Malingin,Driving NC II,23,Male,Junior High,Underemployed,Driving,Transportation,Career Shifter,Dropout
Tabunan,Cookery NC II,41,Female,Junior High,Unemployed,Cooking,Hospitality,New Entrant,Graduate
Balingasag,Masonry NC II,30,Male,Junior High,Wage Employed,Masonry,Construction,Experienced Worker,Graduate
Balingasag,Electrical Installation and Maintenance NC II,19,Male,Senior High,Self-employed,Electrical Repair,Construction,Experienced Worker,Graduate
Calumangan,Computer Systems Servicing NC II,18,Male,Senior High,Self-employed,Welding,Construction,Returning Learner,Graduate
Poblacion,Driving NC II,20,Male,Junior High,Underemployed,Driving,Transportation,New Entrant,Dropout
Lag-asan,Shielded Metal Arc Welding NC I,29,Male,Senior High,Underemployed,Welding,Construction,Experienced Worker,Graduate
Ma-ao,Computer Systems Servicing NC II,40,Male,College Graduate,Wage Employed,Computer Literacy,Agriculture,Career Shifter,Dropout
Balingasag,Cookery NC II,31,Male,Elementary Graduate,Self-employed,Cooking,Hospitality,Experienced Worker,Graduate
Abuanan,Electrical Installation and Maintenance NC II,19,Male,Senior High,Underemployed,Electrical Repair,Construction,Experienced Worker,Graduate
Mailum,Carpentry NC II,42,Male,College Graduate,Wage Employed,Carpentry,Construction,Returning Learner,Graduate
Binubuhan,Masonry NC II,37,Male,Junior High,Self-employed,Masonry,Construction,Experienced Worker,Graduate
Abuanan,Carpentry NC II,31,Male,Senior High,Self-employed,Carpentry,Construction,Experienced Worker,Graduate
Alianza,Cookery NC II,35,Female,College Undergraduate,Underemployed,Cooking,Hospitality,Experienced Worker,Graduate
Balingasag,Carpentry NC II,45,Male,College Undergraduate,Self-employed,Carpentry,Construction,Returning Learner,Graduate
Ma-ao,Shielded Metal Arc Welding NC I,28,Male,Elementary Graduate,Underemployed,Welding,Construction,Career Shifter,Dropout
Poblacion,Masonry NC II,36,Male,Junior High,Unemployed,Masonry,Construction,Career Shifter,Dropout
Balingasag,Driving NC II,36,Male,Elementary Graduate,Self-employed,Driving,Agriculture,Experienced Worker,Graduate
Malingin,Computer Systems Servicing NC II,47,Male,College Undergraduate,Self-employed,Computer Literacy,ICT,Experienced Worker,Graduate
Lag-asan,Masonry NC II,20,Male,Senior High,Underemployed,Masonry,Construction,New Entrant,Graduate
Dulao,Bread and Pastry NC II,22,Male,Junior High,Self-employed,Baking,Hospitality,Experienced Worker,Dropout
Dulao,Driving NC II,18,Male,Elementary Graduate,Underemployed,Driving,Agriculture,New Entrant,Dropout
Tabunan,Computer Systems Servicing NC II,18,Female,Senior High,Self-employed,Computer Literacy,ICT,Returning Learner,Graduate
Atipuluan,Computer Systems Servicing NC II,32,Female,College Graduate,Wage Employed,Computer Literacy,ICT,Experienced Worker,Dropout
Napoles,Cookery NC II,43,Female,Senior High,Wage Employed,Cooking,Hospitality,Experienced Worker,Graduate
Bacong,Computer Systems Servicing NC II,28,Female,College Graduate,Self-employed,Computer Literacy,ICT,Experienced Worker,Graduate
Atipuluan,Masonry NC II,27,Male,Elementary Graduate,Underemployed,Masonry,Construction,New Entrant,Dropout
Ma-ao,Cookery NC II,40,Female,Junior High,Unemployed,Cooking,Hospitality,New Entrant,Dropout
Caridad,Carpentry NC II,48,Male,College Undergraduate,Wage Employed,Carpentry,Construction,Experienced Worker,Graduate
Balingasag,Electrical Installation and Maintenance NC II,33,Male,Senior High,Underemployed,Electrical Repair,Construction,New Entrant,Dropout
Bacong,Bread and Pastry NC II,35,Female,Junior High,Self-employed,Baking,Hospitality,Returning Learner,Graduate
Atipuluan,Bread and Pastry NC II,44,Male,College Undergraduate,Wage Employed,Baking,Construction,Returning Learner,Graduate
Caridad,Bread and Pastry NC II,22,Male,College Undergraduate,Unemployed,Baking,Hospitality,Returning Learner,Graduate
Ma-ao,Bread and Pastry NC II,30,Female,Junior High,Underemployed,Baking,Hospitality,Returning Learner,Graduate
Atipuluan,Bread and Pastry NC II,40,Female,College Undergraduate,Wage Employed,Baking,Hospitality,Experienced Worker,Graduate
Napoles,Bread and Pastry NC II,27,Male,Junior High,Wage Employed,Baking,Hospitality,Career Shifter,Graduate
Busay,Driving NC II,27,Male,Junior High,Self-employed,Driving,Transportation,New Entrant,Dropout
Poblacion,Masonry NC II,31,Male,Senior High,Underemployed,Masonry,Construction,New Entrant,Graduate
Taloc,Carpentry NC II,30,Female,Junior High,Unemployed,Carpentry,Construction,New Entrant,Graduate
Lag-asan,Electrical Installation and Maintenance NC II,33,Male,Senior High,Self-employed,Electrical Repair,Business,Career Shifter,Graduate
Abuanan,Electrical Installation and Maintenance NC II,37,Male,Elementary Graduate,Self-employed,Electrical Repair,Construction,Experienced Worker,Graduate
Calumangan,Computer Systems Servicing NC II,37,Female,College Graduate,Underemployed,Computer Literacy,ICT,Returning Learner,Graduate
Balingasag,Driving NC II,40,Male,Senior High,Unemployed,Driving,Transportation,Experienced Worker,Graduate
Bagroy,Electrical Installation and Maintenance NC II,25,Male,Junior High,Underemployed,Electrical Repair,Construction,Career Shifter,Dropout
Poblacion,Shielded Metal Arc Welding NC I,42,Male,Senior High,Unemployed,Welding,Construction,Returning Learner,Dropout
Napoles,Computer Systems Servicing NC II,41,Female,College Undergraduate,Self-employed,Computer Literacy,ICT,Returning Learner,Graduate
Poblacion,Carpentry NC II,27,Male,Senior High,Self-employed,Carpentry,ICT,Experienced Worker,Graduate
Malingin,Computer Systems Servicing NC II,38,Male,College Undergraduate,Wage Employed,Computer Literacy,ICT,New Entrant,Graduate
Alianza,Computer Systems Servicing NC II,35,Male,College Undergraduate,Self-employed,Computer Literacy,ICT,Experienced Worker,Graduate
Abuanan,Driving NC II,37,Male,College Graduate,Underemployed,Driving,Transportation,Experienced Worker,Graduate
Napoles,Masonry NC II,30,Male,Senior High,Underemployed,Electrical Repair,Construction,Career Shifter,Dropout
Binubuhan,Bread and Pastry NC II,31,Female,Senior High,Unemployed,Baking,Hospitality,Career Shifter,Graduate
Alianza,Driving NC II,31,Male,Junior High,Wage Employed,Driving,Transportation,Returning Learner,Graduate
Lag-asan,Electrical Installation and Maintenance NC II,25,Male,Junior High,Underemployed,Electrical Repair,Construction,Returning Learner,Graduate
Balingasag,Shielded Metal Arc Welding NC I,18,Male,Elementary Graduate,Self-employed,Welding,Construction,Experienced Worker,Graduate
Balingasag,Shielded Metal Arc Welding NC I,39,Female,Senior High,Wage Employed,Welding,Transportation,Experienced Worker,Graduate
Abuanan,Computer Systems Servicing NC II,44,Female,College Undergraduate,Wage Employed,Driving,Transportation,Returning Learner,Graduate
Atipuluan,Carpentry NC II,49,Male,College Graduate,Wage Employed,Carpentry,Construction,Returning Learner,Graduate
Atipuluan,Electrical Installation and Maintenance NC II,44,Male,Senior High,Underemployed,Electrical Repair,Agriculture,Returning Learner,Graduate
Binubuhan,Masonry NC II,24,Male,Senior High,Self-employed,Masonry,Construction,Experienced Worker,Graduate
Atipuluan,Masonry NC II,38,Male,Senior High,Unemployed,Cooking,Hospitality,Experienced Worker,Graduate
Lag-asan,Shielded Metal Arc Welding NC I,33,Male,Junior High,Wage Employed,Welding,Construction,Experienced Worker,Graduate
Ma-ao,Cookery NC II,21,Female,Junior High,Self-employed,Cooking,Hospitality,Career Shifter,Graduate
Caridad,Carpentry NC II,28,Male,Senior High,Unemployed,Carpentry,Construction,Returning Learner,Graduate
Alianza,Driving NC II,21,Male,Senior High,Unemployed,Baking,Hospitality,Career Shifter,Graduate
Bacong,Shielded Metal Arc Welding NC I,33,Male,Elementary Graduate,Underemployed,Welding,Construction,Career Shifter,Dropout
Dulao,Driving NC II,28,Male,Senior High,Unemployed,Driving,Transportation,New Entrant,Graduate
Ma-ao,Shielded Metal Arc Welding NC I,36,Male,Elementary Graduate,Unemployed,Welding,Construction,New Entrant,Dropout
Calumangan,Cookery NC II,18,Female,Senior High,Self-employed,Cooking,Hospitality,Experienced Worker,Graduate
Ma-ao,Carpentry NC II,33,Male,Elementary Graduate,Unemployed,Carpentry,Construction,Returning Learner,Graduate
Atipuluan,Computer Systems Servicing NC II,30,Female,College Graduate,Wage Employed,Computer Literacy,ICT,New Entrant,Graduate
Malingin,Masonry NC II,40,Male,Senior High,Unemployed,Masonry,Construction,New Entrant,Graduate
Napoles,Bread and Pastry NC II,33,Female,Senior High,Underemployed,Baking,Hospitality,New Entrant,Dropout
Caridad,Masonry NC II,22,Male,Elementary Graduate,Underemployed,Masonry,Construction,Returning Learner,Graduate
Taloc,Driving NC II,20,Male,Elementary Graduate,Underemployed,Driving,Construction,Career Shifter,Graduate
Poblacion,Bread and Pastry NC II,34,Female,Elementary Graduate,Wage Employed,Baking,Hospitality,Returning Learner,Graduate
Lag-asan,Bread and Pastry NC II,33,Female,College Graduate,Self-employed,Baking,Hospitality,Career Shifter,Graduate
Balingasag,Bread and Pastry NC II,21,Male,Elementary Graduate,Unemployed,Baking,Hospitality,Experienced Worker,Graduate
Malingin,Carpentry NC II,24,Male,Junior High,Unemployed,Carpentry,Construction,Career Shifter,Graduate
Abuanan,Bread and Pastry NC II,20,Female,Senior High,Wage Employed,Baking,Hospitality,Experienced Worker,Graduate
Abuanan,Driving NC II,38,Male,Senior High,Self-employed,Driving,Transportation,Experienced Worker,Graduate
Poblacion,Masonry NC II,42,Male,Junior High,Underemployed,Masonry,Construction,Career Shifter,Graduate
Malingin,Shielded Metal Arc Welding NC I,27,Male,College Graduate,Underemployed,Welding,Construction,Returning Learner,Dropout
Atipuluan,Carpentry NC II,29,Male,College Undergraduate,Self-employed,Carpentry,Agriculture,Experienced Worker,Graduate
Sagasa,Driving NC II,41,Male,Senior High,Wage Employed,Driving,Transportation,Experienced Worker,Graduate
Calumangan,Electrical Installation and Maintenance NC II,18,Male,Senior High,Unemployed,Electrical Repair,Construction,Returning Learner,Graduate
Balingasag,Bread and Pastry NC II,46,Female,College Undergraduate,Wage Employed,Baking,Business,Returning Learner,Dropout
Calumangan,Bread and Pastry NC II,40,Male,Elementary Graduate,Underemployed,Baking,Hospitality,Career Shifter,Graduate
Busay,Driving NC II,36,Male,Senior High,Self-employed,Computer Literacy,ICT,New Entrant,Graduate
Tabunan,Shielded Metal Arc Welding NC I,37,Male,Senior High,Unemployed,Welding,Construction,New Entrant,Dropout
Caridad,Masonry NC II,38,Male,Senior High,Unemployed,Masonry,Construction,Career Shifter,Dropout
Ilijan,Bread and Pastry NC II,39,Female,Senior High,Underemployed,Baking,Hospitality,New Entrant,Graduate
Calumangan,Masonry NC II,27,Male,Junior High,Self-employed,Masonry,Construction,Experienced Worker,Graduate
Caridad,Driving NC II,30,Female,Elementary Graduate,Unemployed,Driving,Transportation,New Entrant,Dropout
Abuanan,Computer Systems Servicing NC II,38,Male,Senior High,Unemployed,Computer Literacy,ICT,New Entrant,Dropout
Dulao,Bread and Pastry NC II,20,Female,Junior High,Unemployed,Baking,Hospitality,Career Shifter,Dropout
Dulao,Computer Systems Servicing NC II,39,Female,Senior High,Unemployed,Computer Literacy,ICT,Returning Learner,Graduate
Busay,Computer Systems Servicing NC II,25,Male,College Graduate,Wage Employed,Computer Literacy,ICT,Experienced Worker,Graduate
Abuanan,Driving NC II,31,Male,College Graduate,Underemployed,Driving,Transportation,New Entrant,Dropout
Napoles,Carpentry NC II,29,Male,Elementary Graduate,Underemployed,Carpentry,Construction,New Entrant,Dropout
Dulao,Electrical Installation and Maintenance NC II,22,Female,Elementary Graduate,Self-employed,Cooking,Hospitality,New Entrant,Dropout
Balingasag,Shielded Metal Arc Welding NC I,31,Male,College Graduate,Unemployed,Welding,Construction,Experienced Worker,Graduate
Balingasag,Cookery NC II,31,Male,College Undergraduate,Underemployed,Cooking,Business,New Entrant,Graduate
Balingasag,Masonry NC II,25,Male,College Undergraduate,Wage Employed,Masonry,Construction,Experienced Worker,Graduate
Alianza,Cookery NC II,19,Male,Senior High,Self-employed,Cooking,Hospitality,Experienced Worker,Graduate
Bagroy,Computer Systems Servicing NC II,27,Male,College Graduate,Unemployed,Computer Literacy,ICT,Experienced Worker,Graduate
Mailum,Electrical Installation and Maintenance NC II,47,Male,College Undergraduate,Underemployed,Electrical Repair,Construction,Experienced Worker,Dropout
Abuanan,Computer Systems Servicing NC II,37,Female,College Undergraduate,Unemployed,Computer Literacy,ICT,New Entrant,Graduate
Busay,Carpentry NC II,23,Male,Elementary Graduate,Unemployed,Carpentry,Construction,New Entrant,Dropout
Ma-ao,Computer Systems Servicing NC II,43,Male,Senior High,Underemployed,Computer Literacy,ICT,New Entrant,Graduate
Alianza,Shielded Metal Arc Welding NC I,40,Male,Senior High,Underemployed,Welding,Construction,New Entrant,Dropout
Calumangan,Driving NC II,26,Male,Junior High,Underemployed,Driving,Transportation,New Entrant,Graduate
Abuanan,Masonry NC II,28,Male,Senior High,Underemployed,Masonry,Construction,Experienced Worker,Graduate
Poblacion,Computer Systems Servicing NC II,39,Male,College Undergraduate,Underemployed,Computer Literacy,ICT,Returning Learner,Graduate
Atipuluan,Cookery NC II,39,Male,Elementary Graduate,Self-employed,Cooking,Hospitality,Experienced Worker,Graduate
Balingasag,Masonry NC II,42,Male,Senior High,Underemployed,Masonry,Construction,New Entrant,Dropout
Abuanan,Bread and Pastry NC II,34,Male,Elementary Graduate,Underemployed,Baking,Hospitality,Returning Learner,Graduate
Ma-ao,Carpentry NC II,29,Male,Senior High,Underemployed,Carpentry,Construction,New Entrant,Dropout
Tabunan,Masonry NC II,21,Male,Elementary Graduate,Unemployed,Masonry,Construction,Career Shifter,Graduate
Atipuluan,Bread and Pastry NC II,23,Male,College Graduate,Wage Employed,Baking,Business,Returning Learner,Graduate
Abuanan,Electrical Installation and Maintenance NC II,27,Male,Elementary Graduate,Unemployed,Electrical Repair,Hospitality,Career Shifter,Dropout
Binubuhan,Bread and Pastry NC II,45,Male,Senior High,Underemployed,Baking,Hospitality,New Entrant,Dropout
Balingasag,Electrical Installation and Maintenance NC II,36,Male,Junior High,Unemployed,Electrical Repair,Construction,Returning Learner,Dropout
Ilijan,Bread and Pastry NC II,34,Male,Senior High,Underemployed,Baking,Business,Returning Learner,Dropout
Atipuluan,Shielded Metal Arc Welding NC I,31,Male,Junior High,Underemployed,Welding,Construction,Experienced Worker,Graduate
Abuanan,Bread and Pastry NC II,28,Female,Junior High,Unemployed,Baking,Hospitality,New Entrant,Graduate
Pacol,Shielded Metal Arc Welding NC I,31,Male,Junior High,Wage Employed,Welding,Construction,Experienced Worker,Dropout
Calumangan,Shielded Metal Arc Welding NC I,32,Male,Junior High,Unemployed,Welding,Construction,Returning Learner,Graduate
Taloc,Shielded Metal Arc Welding NC I,30,Female,College Undergraduate,Self-employed,Welding,Construction,Experienced Worker,Graduate
Mailum,Cookery NC II,36,Male,Senior High,Self-employed,Cooking,Hospitality,Returning Learner,Dropout
Sagasa,Computer Systems Servicing NC II,22,Female,Elementary Graduate,Underemployed,Computer Literacy,ICT,New Entrant,Graduate
Calumangan,Shielded Metal Arc Welding NC I,19,Female,College Undergraduate,Underemployed,Welding,Hospitality,New Entrant,Dropout
Abuanan,Bread and Pastry NC II,32,Male,Junior High,Underemployed,Masonry,Construction,New Entrant,Graduate
Lag-asan,Computer Systems Servicing NC II,31,Male,Junior High,Unemployed,Computer Literacy,ICT,New Entrant,Graduate
Taloc,Masonry NC II,27,Male,Senior High,Unemployed,Carpentry,Construction,Career Shifter,Graduate
Alianza,Shielded Metal Arc Welding NC I,34,Male,Junior High,Self-employed,Welding,Construction,Experienced Worker,Graduate
Taloc,Shielded Metal Arc Welding NC I,22,Male,Senior High,Unemployed,Welding,Construction,New Entrant,Dropout
Poblacion,Driving NC II,19,Male,Elementary Graduate,Unemployed,Driving,ICT,New Entrant,Dropout
Bacong,Masonry NC II,19,Male,Senior High,Unemployed,Driving,Transportation,Returning Learner,Dropout
Busay,Computer Systems Servicing NC II,30,Female,Elementary Graduate,Unemployed,Computer Literacy,ICT,Returning Learner,Dropout
Abuanan,Shielded Metal Arc Welding NC I,38,Male,College Undergraduate,Underemployed,Welding,Construction,Career Shifter,Graduate
Alianza,Carpentry NC II,30,Male,Senior High,Wage Employed,Driving,Transportation,New Entrant,Dropout
Caridad,Masonry NC II,31,Male,Junior High,Underemployed,Masonry,Construction,Career Shifter,Dropout
Lag-asan,Electrical Installation and Maintenance NC II,37,Male,Senior High,Unemployed,Electrical Repair,Construction,Returning Learner,Graduate
Tabunan,Shielded Metal Arc Welding NC I,41,Female,Junior High,Underemployed,Welding,Construction,New Entrant,Dropout
Ma-ao,Electrical Installation and Maintenance NC II,24,Male,Elementary Graduate,Unemployed,Electrical Repair,Construction,New Entrant,Graduate
Caridad,Computer Systems Servicing NC II,24,Female,Senior High,Underemployed,Computer Literacy,ICT,New Entrant,Graduate
Abuanan,Shielded Metal Arc Welding NC I,43,Male,Senior High,Underemployed,Welding,Construction,Returning Learner,Graduate
Taloc,Computer Systems Servicing NC II,26,Male,Senior High,Self-employed,Welding,Construction,Career Shifter,Dropout
Ilijan,Bread and Pastry NC II,31,Female,Senior High,Underemployed,Carpentry,Construction,New Entrant,Dropout
Taloc,Electrical Installation and Maintenance NC II,21,Male,Junior High,Underemployed,Electrical Repair,Construction,Career Shifter,Dropout
Binubuhan,Computer Systems Servicing NC II,29,Female,College Undergraduate,Unemployed,Computer Literacy,ICT,Experienced Worker,Dropout
Binubuhan,Carpentry NC II,36,Female,Junior High,Unemployed,Baking,Hospitality,New Entrant,Dropout
Abuanan,Masonry NC II,22,Male,Senior High,Self-employed,Masonry,Construction,Returning Learner,Graduate
Poblacion,Driving NC II,41,Female,College Undergraduate,Unemployed,Driving,Transportation,Returning Learner,Graduate
Taloc,Shielded Metal Arc Welding NC I,25,Female,Elementary Graduate,Underemployed,Welding,Construction,New Entrant,Dropout
Taloc,Driving NC II,23,Female,Senior High,Wage Employed,Driving,Construction,Returning Learner,Graduate
Malingin,Bread and Pastry NC II,48,Female,College Graduate,Self-employed,Carpentry,Construction,Career Shifter,Graduate
Binubuhan,Cookery NC II,41,Male,Senior High,Unemployed,Cooking,Hospitality,Experienced Worker,Graduate
Poblacion,Cookery NC II,31,Female,College Undergraduate,Self-employed,Cooking,Hospitality,Experienced Worker,Graduate
Abuanan,Bread and Pastry NC II,37,Male,Junior High,Unemployed,Baking,Hospitality,Career Shifter,Graduate
Calumangan,Shielded Metal Arc Welding NC I,25,Male,College Undergraduate,Wage Employed,Welding,Construction,Experienced Worker,Graduate
Taloc,Electrical Installation and Maintenance NC II,38,Male,Elementary Graduate,Underemployed,Electrical Repair,Hospitality,New Entrant,Graduate
Lag-asan,Driving NC II,23,Female,Senior High,Wage Employed,Electrical Repair,Construction,Career Shifter,Graduate
Taloc,Driving NC II,24,Female,Senior High,Self-employed,Driving,Transportation,New Entrant,Graduate
Pacol,Carpentry NC II,41,Male,Senior High,Wage Employed,Carpentry,Construction,Experienced Worker,Graduate
Abuanan,Computer Systems Servicing NC II,39,Female,Senior High,Unemployed,Computer Literacy,ICT,New Entrant,Graduate
Tabunan,Driving NC II,37,Male,Junior High,Underemployed,Driving,Transportation,New Entrant,Graduate
Balingasag,Bread and Pastry NC II,24,Female,College Graduate,Unemployed,Baking,Hospitality,Returning Learner,Graduate
Mailum,Shielded Metal Arc Welding NC I,23,Male,Senior High,Underemployed,Welding,Construction,Career Shifter,Dropout
Abuanan,Computer Systems Servicing NC II,23,Female,College Undergraduate,Self-employed,Computer Literacy,ICT,New Entrant,Graduate
Pacol,Driving NC II,26,Male,Junior High,Self-employed,Driving,Transportation,Experienced Worker,Graduate
Pacol,Carpentry NC II,33,Male,College Undergraduate,Wage Employed,Carpentry,Construction,Experienced Worker,Graduate
Poblacion,Computer Systems Servicing NC II,19,Female,Elementary Graduate,Self-employed,Computer Literacy,ICT,Experienced Worker,Graduate
Calumangan,Carpentry NC II,45,Male,Senior High,Underemployed,Carpentry,Construction,Experienced Worker,Graduate
Ma-ao,Masonry NC II,33,Male,College Graduate,Wage Employed,Masonry,Construction,Experienced Worker,Graduate
Alianza,Bread and Pastry NC II,28,Male,Junior High,Wage Employed,Driving,Transportation,Career Shifter,Dropout
Alianza,Carpentry NC II,38,Male,Senior High,Wage Employed,Carpentry,Construction,Experienced Worker,Graduate
Mailum,Driving NC II,27,Male,Elementary Graduate,Underemployed,Driving,Transportation,New Entrant,Graduate
Sagasa,Carpentry NC II,21,Male,College Undergraduate,Unemployed,Carpentry,Construction,New Entrant,Graduate
Taloc,Shielded Metal Arc Welding NC I,41,Male,Senior High,Self-employed,Welding,Construction,Experienced Worker,Graduate
Abuanan,Shielded Metal Arc Welding NC I,33,Male,Junior High,Self-employed,Welding,Construction,Returning Learner,Graduate
Taloc,Computer Systems Servicing NC II,33,Male,College Undergraduate,Underemployed,Computer Literacy,ICT,Returning Learner,Graduate
Binubuhan,Masonry NC II,33,Male,Senior High,Wage Employed,Masonry,Agriculture,Career Shifter,Dropout
Lag-asan,Bread and Pastry NC II,34,Female,Junior High,Wage Employed,Baking,Hospitality,Experienced Worker,Graduate
Alianza,Masonry NC II,21,Male,Senior High,Unemployed,Masonry,Construction,Returning Learner,Dropout
Bagroy,Cookery NC II,42,Male,Senior High,Self-employed,Cooking,Hospitality,Returning Learner,Graduate
Ilijan,Electrical Installation and Maintenance NC II,39,Male,Elementary Graduate,Underemployed,Electrical Repair,Construction,Returning Learner,Graduate
Abuanan,Bread and Pastry NC II,37,Male,Elementary Graduate,Wage Employed,Baking,Hospitality,Experienced Worker,Graduate
Bacong,Shielded Metal Arc Welding NC I,22,Male,Elementary Graduate,Unemployed,Welding,Construction,New Entrant,Graduate
Ilijan,Electrical Installation and Maintenance NC II,38,Female,Junior High,Underemployed,Electrical Repair,Construction,Returning Learner,Graduate
Malingin,Bread and Pastry NC II,32,Male,Elementary Graduate,Underemployed,Baking,Hospitality,New Entrant,Dropout
Napoles,Bread and Pastry NC II,38,Male,Senior High,Underemployed,Baking,Hospitality,Returning Learner,Graduate
Calumangan,Masonry NC II,34,Male,Senior High,Unemployed,Masonry,Construction,Returning Learner,Graduate
Ma-ao,Carpentry NC II,20,Male,Junior High,Unemployed,Carpentry,Construction,Returning Learner,Dropout
Abuanan,Masonry NC II,41,Male,Junior High,Unemployed,Masonry,Construction,New Entrant,Graduate
Atipuluan,Driving NC II,22,Female,Elementary Graduate,Underemployed,Driving,Transportation,Returning Learner,Graduate
Taloc,Driving NC II,23,Male,Junior High,Wage Employed,Driving,Transportation,Experienced Worker,Graduate
Alianza,Bread and Pastry NC II,33,Female,Senior High,Unemployed,Baking,Hospitality,New Entrant,Graduate
Poblacion,Driving NC II,20,Male,College Undergraduate,Unemployed,Driving,Transportation,New Entrant,Graduate
Atipuluan,Masonry NC II,43,Female,College Undergraduate,Wage Employed,Masonry,Construction,Experienced Worker,Graduate
Caridad,Masonry NC II,33,Female,College Undergraduate,Underemployed,Masonry,Construction,Experienced Worker,Dropout
Malingin,Masonry NC II,23,Male,Junior High,Underemployed,Masonry,Construction,Career Shifter,Dropout
Abuanan,Computer Systems Servicing NC II,45,Female,College Graduate,Wage Employed,Computer Literacy,ICT,New Entrant,Graduate
Atipuluan,Driving NC II,20,Male,Senior High,Unemployed,Driving,Agriculture,Experienced Worker,Graduate
Bacong,Bread and Pastry NC II,32,Female,College Undergraduate,Self-employed,Baking,Hospitality,Experienced Worker,Graduate
Bagroy,Electrical Installation and Maintenance NC II,34,Female,Elementary Graduate,Underemployed,Electrical Repair,Construction,New Entrant,Graduate
Mailum,Cookery NC II,19,Male,Junior High,Wage Employed,Baking,Hospitality,Experienced Worker,Dropout
Tabunan,Driving NC II,42,Male,College Undergraduate,Unemployed,Driving,Transportation,Career Shifter,Graduate
Lag-asan,Masonry NC II,35,Male,Junior High,Unemployed,Masonry,Construction,Returning Learner,Graduate
Balingasag,Electrical Installation and Maintenance NC II,36,Male,College Undergraduate,Self-employed,Electrical Repair,Construction,Returning Learner,Graduate
Abuanan,Driving NC II,38,Male,Senior High,Unemployed,Driving,Transportation,New Entrant,Graduate
Bacong,Bread and Pastry NC II,25,Male,College Graduate,Wage Employed,Baking,Hospitality,Experienced Worker,Graduate
Abuanan,Electrical Installation and Maintenance NC II,28,Female,Junior High,Unemployed,Electrical Repair,Construction,Career Shifter,Dropout
Napoles,Driving NC II,27,Male,Junior High,Unemployed,Driving,Transportation,Career Shifter,Graduate
Abuanan,Carpentry NC II,42,Male,Junior High,Unemployed,Carpentry,Construction,New Entrant,Dropout
Ma-ao,Computer Systems Servicing NC II,34,Female,Junior High,Unemployed,Cooking,Hospitality,New Entrant,Dropout
Tabunan,Masonry NC II,31,Male,Elementary Graduate,Wage Employed,Masonry,Construction,Experienced Worker,Graduate
Caridad,Bread and Pastry NC II,33,Female,Senior High,Underemployed,Baking,Hospitality,New Entrant,Graduate
Binubuhan,Cookery NC II,34,Female,Junior High,Unemployed,Cooking,Hospitality,New Entrant,Dropout
Lag-asan,Carpentry NC II,27,Female,Junior High,Unemployed,Carpentry,Construction,New Entrant,Dropout
Calumangan,Cookery NC II,36,Female,Junior High,Underemployed,Cooking,Hospitality,New Entrant,Graduate
Ma-ao,Electrical Installation and Maintenance NC II,39,Male,Junior High,Self-employed,Electrical Repair,Construction,New Entrant,Graduate
Ma-ao,Shielded Metal Arc Welding NC I,39,Female,Junior High,Underemployed,Welding,Construction,Returning Learner,Dropout
Bagroy,Shielded Metal Arc Welding NC I,21,Male,Elementary Graduate,Underemployed,Welding,Construction,New Entrant,Dropout
Dulao,Electrical Installation and Maintenance NC II,18,Male,Elementary Graduate,Underemployed,Electrical Repair,Construction,Experienced Worker,Graduate
Poblacion,Electrical Installation and Maintenance NC II,44,Male,College Undergraduate,Underemployed,Electrical Repair,Construction,New Entrant,Graduate
Calumangan,Driving NC II,30,Male,Senior High,Unemployed,Driving,Transportation,New Entrant,Graduate
Abuanan,Bread and Pastry NC II,19,Male,Junior High,Underemployed,Baking,ICT,New Entrant,Graduate
Poblacion,Carpentry NC II,44,Female,Senior High,Unemployed,Carpentry,Construction,New Entrant,Graduate
Bacong,Bread and Pastry NC II,28,Female,Elementary Graduate,Unemployed,Baking,Hospitality,New Entrant,Graduate
Taloc,Bread and Pastry NC II,37,Male,College Graduate,Self-employed,Baking,Hospitality,Returning Learner,Graduate
Napoles,Carpentry NC II,35,Female,Elementary Graduate,Unemployed,Carpentry,Construction,Career Shifter,Dropout
Taloc,Driving NC II,32,Male,College Graduate,Self-employed,Driving,Agriculture,Career Shifter,Graduate
Bacong,Electrical Installation and Maintenance NC II,34,Male,Junior High,Underemployed,Electrical Repair,Construction,New Entrant,Graduate
Poblacion,Cookery NC II,47,Female,College Undergraduate,Unemployed,Cooking,Hospitality,Returning Learner,Dropout
Balingasag,Shielded Metal Arc Welding NC I,26,Male,College Undergraduate,Underemployed,Welding,Construction,New Entrant,Graduate
Ilijan,Computer Systems Servicing NC II,18,Male,Junior High,Underemployed,Computer Literacy,ICT,Returning Learner,Dropout
Busay,Shielded Metal Arc Welding NC I,20,Male,Elementary Graduate,Underemployed,Welding,Construction,Career Shifter,Dropout
Calumangan,Cookery NC II,42,Male,Junior High,Unemployed,Cooking,Hospitality,Experienced Worker,Graduate
Taloc,Cookery NC II,24,Female,Junior High,Underemployed,Baking,Hospitality,New Entrant,Graduate
Caridad,Bread and Pastry NC II,40,Male,Senior High,Wage Employed,Baking,Hospitality,Experienced Worker,Dropout
Alianza,Cookery NC II,41,Female,Senior High,Underemployed,Cooking,Hospitality,Experienced Worker,Graduate
Poblacion,Masonry NC II,42,Male,College Undergraduate,Unemployed,Baking,Hospitality,Career Shifter,Dropout
Mailum,Shielded Metal Arc Welding NC I,31,Male,Junior High,Underemployed,Welding,Construction,Experienced Worker,Graduate
Sagasa,Carpentry NC II,29,Male,Elementary Graduate,Underemployed,Carpentry,Construction,New Entrant,Dropout
Poblacion,Driving NC II,36,Male,Junior High,Unemployed,Driving,Transportation,Experienced Worker,Graduate
Caridad,Driving NC II,38,Male,Senior High,Underemployed,Driving,Transportation,Returning Learner,Graduate
Bacong,Shielded Metal Arc Welding NC I,28,Male,Senior High,Underemployed,Welding,Construction,Experienced Worker,Graduate
Atipuluan,Cookery NC II,21,Female,Senior High,Unemployed,Cooking,Hospitality,New Entrant,Graduate
Lag-asan,Computer Systems Servicing NC II,31,Male,Junior High,Underemployed,Electrical Repair,Agriculture,New Entrant,Graduate
Lag-asan,Driving NC II,18,Male,Junior High,Underemployed,Carpentry,Construction,Career Shifter,Graduate
Bacong,Cookery NC II,36,Female,Senior High,Unemployed,Cooking,Hospitality,New Entrant,Graduate
Poblacion,Electrical Installation and Maintenance NC II,31,Male,Elementary Graduate,Unemployed,Electrical Repair,Construction,Returning Learner,Graduate
Abuanan,Cookery NC II,29,Female,Junior High,Underemployed,Cooking,Hospitality,Career Shifter,Graduate
Abuanan,Computer Systems Servicing NC II,40,Male,College Undergraduate,Wage Employed,Computer Literacy,ICT,Experienced Worker,Graduate
Ma-ao,Electrical Installation and Maintenance NC II,43,Male,Senior High,Wage Employed,Electrical Repair,Construction,Experienced Worker,Graduate
Caridad,Carpentry NC II,27,Male,Junior High,Unemployed,Carpentry,Construction,New Entrant,Graduate
Malingin,Cookery NC II,24,Female,Elementary Graduate,Underemployed,Cooking,Construction,Returning Learner,Dropout
Balingasag,Shielded Metal Arc Welding NC I,26,Male,College Graduate,Wage Employed,Welding,Construction,Returning Learner,Graduate
Taloc,Shielded Metal Arc Welding NC I,40,Male,College Graduate,Wage Employed,Welding,Construction,New Entrant,Graduate
Balingasag,Masonry NC II,39,Male,Senior High,Underemployed,Masonry,ICT,Returning Learner,Graduate
Balingasag,Bread and Pastry NC II,34,Male,Senior High,Underemployed,Baking,Hospitality,Career Shifter,Dropout
Tabunan,Cookery NC II,31,Male,College Undergraduate,Self-employed,Cooking,Hospitality,Experienced Worker,Graduate
Alianza,Driving NC II,22,Male,Elementary Graduate,Unemployed,Driving,Transportation,New Entrant,Dropout
Tabunan,Electrical Installation and Maintenance NC II,33,Male,Senior High,Underemployed,Electrical Repair,Construction,Returning Learner,Graduate
Taloc,Driving NC II,40,Male,Junior High,Unemployed,Driving,Transportation,Returning Learner,Graduate
Calumangan,Computer Systems Servicing NC II,36,Male,College Graduate,Wage Employed,Computer Literacy,ICT,Experienced Worker,Graduate
Atipuluan,Carpentry NC II,21,Male,College Undergraduate,Self-employed,Carpentry,Construction,Experienced Worker,Graduate
Balingasag,Masonry NC II,31,Male,Junior High,Underemployed,Masonry,Construction,New Entrant,Graduate
Poblacion,Carpentry NC II,35,Male,Senior High,Unemployed,Carpentry,Hospitality,Experienced Worker,Graduate
Abuanan,Carpentry NC II,42,Male,College Undergraduate,Self-employed,Cooking,Hospitality,New Entrant,Graduate
Caridad,Driving NC II,19,Male,College Undergraduate,Unemployed,Driving,Transportation,New Entrant,Graduate
Mailum,Driving NC II,42,Female,Senior High,Self-employed,Driving,Transportation,New Entrant,Graduate
Pacol,Bread and Pastry NC II,32,Female,Junior High,Underemployed,Baking,Hospitality,New Entrant,Dropout
Taloc,Driving NC II,22,Male,Elementary Graduate,Unemployed,Driving,Transportation,New Entrant,Dropout
Poblacion,Electrical Installation and Maintenance NC II,30,Male,Junior High,Underemployed,Electrical Repair,Construction,Returning Learner,Graduate
Napoles,Computer Systems Servicing NC II,47,Female,College Graduate,Wage Employed,Masonry,Construction,Career Shifter,Graduate
Dulao,Electrical Installation and Maintenance NC II,39,Female,Senior High,Underemployed,Baking,Hospitality,Career Shifter,Dropout
Calumangan,Driving NC II,20,Female,Senior High,Self-employed,Baking,Hospitality,Career Shifter,Graduate
Balingasag,Driving NC II,41,Male,Senior High,Unemployed,Driving,Transportation,Career Shifter,Dropout
Abuanan,Bread and Pastry NC II,27,Male,Junior High,Underemployed,Baking,Hospitality,New Entrant,Graduate
Lag-asan,Cookery NC II,28,Male,Elementary Graduate,Unemployed,Cooking,Agriculture,Career Shifter,Graduate
Napoles,Shielded Metal Arc Welding NC I,40,Male,Junior High,Underemployed,Welding,Construction,New Entrant,Dropout
Bagroy,Carpentry NC II,39,Male,Junior High,Unemployed,Carpentry,Construction,Returning Learner,Graduate
Sagasa,Bread and Pastry NC II,20,Male,Junior High,Unemployed,Baking,Hospitality,Returning Learner,Graduate
Calumangan,Driving NC II,42,Male,Senior High,Underemployed,Driving,Transportation,Returning Learner,Graduate
Atipuluan,Electrical Installation and Maintenance NC II,31,Female,College Undergraduate,Unemployed,Cooking,Hospitality,Career Shifter,Dropout
Abuanan,Shielded Metal Arc Welding NC I,40,Female,Senior High,Self-employed,Welding,Construction,Experienced Worker,Graduate
Bagroy,Bread and Pastry NC II,23,Female,Senior High,Self-employed,Baking,Hospitality,Returning Learner,Graduate
Abuanan,Computer Systems Servicing NC II,20,Male,College Undergraduate,Underemployed,Computer Literacy,Business,New Entrant,Graduate
Poblacion,Cookery NC II,37,Female,College Graduate,Wage Employed,Cooking,Hospitality,Experienced Worker,Graduate
Poblacion,Electrical Installation and Maintenance NC II,24,Male,College Undergraduate,Unemployed,Electrical Repair,Hospitality,New Entrant,Graduate
Ma-ao,Computer Systems Servicing NC II,31,Male,Elementary Graduate,Unemployed,Computer Literacy,ICT,New Entrant,Graduate
Balingasag,Cookery NC II,26,Male,Junior High,Unemployed,Cooking,Construction,New Entrant,Graduate
Atipuluan,Computer Systems Servicing NC II,48,Male,College Undergraduate,Underemployed,Computer Literacy,ICT,New Entrant,Graduate
Balingasag,Shielded Metal Arc Welding NC I,24,Male,College Undergraduate,Self-employed,Welding,Construction,New Entrant,Graduate
Bagroy,Carpentry NC II,38,Male,Junior High,Unemployed,Carpentry,Construction,New Entrant,Dropout
Poblacion,Cookery NC II,25,Male,Senior High,Unemployed,Cooking,Hospitality,New Entrant,Graduate
Lag-asan,Bread and Pastry NC II,43,Female,College Graduate,Unemployed,Baking,Business,New Entrant,Graduate
Poblacion,Electrical Installation and Maintenance NC II,42,Male,College Undergraduate,Self-employed,Electrical Repair,Construction,Experienced Worker,Graduate
Busay,Shielded Metal Arc Welding NC I,30,Male,Elementary Graduate,Underemployed,Welding,Construction,New Entrant,Dropout
Poblacion,Carpentry NC II,33,Male,College Graduate,Wage Employed,Carpentry,Construction,New Entrant,Graduate
Atipuluan,Cookery NC II,24,Male,College Undergraduate,Self-employed,Cooking,Hospitality,Experienced Worker,Graduate
Ilijan,Bread and Pastry NC II,30,Female,Elementary Graduate,Unemployed,Baking,Hospitality,New Entrant,Dropout
Pacol,Electrical Installation and Maintenance NC II,45,Male,Senior High,Unemployed,Electrical Repair,Construction,Career Shifter,Graduate
Dulao,Masonry NC II,35,Male,Senior High,Underemployed,Masonry,Construction,New Entrant,Graduate
Calumangan,Bread and Pastry NC II,31,Male,College Undergraduate,Underemployed,Baking,Transportation,Career Shifter,Dropout
Taloc,Carpentry NC II,21,Male,Junior High,Unemployed,Carpentry,Construction,Returning Learner,Graduate
Taloc,Computer Systems Servicing NC II,45,Male,College Graduate,Self-employed,Computer Literacy,ICT,Returning Learner,Graduate
Pacol,Shielded Metal Arc Welding NC I,38,Female,Junior High,Underemployed,Baking,Hospitality,New Entrant,Dropout
Abuanan,Bread and Pastry NC II,20,Male,Senior High,Underemployed,Baking,Hospitality,Career Shifter,Graduate
Napoles,Driving NC II,26,Male,Junior High,Self-employed,Driving,Transportation,Experienced Worker,Graduate
Tabunan,Masonry NC II,22,Male,College Undergraduate,Unemployed,Masonry,Construction,Experienced Worker,Graduate
Abuanan,Shielded Metal Arc Welding NC I,44,Male,Senior High,Wage Employed,Welding,Construction,Experienced Worker,Graduate
Taloc,Carpentry NC II,22,Male,Senior High,Underemployed,Carpentry,Construction,New Entrant,Dropout
Calumangan,Electrical Installation and Maintenance NC II,31,Male,Elementary Graduate,Unemployed,Electrical Repair,Construction,Experienced Worker,Graduate
Alianza,Bread and Pastry NC II,33,Female,Senior High,Unemployed,Cooking,Hospitality,New Entrant,Graduate
Lag-asan,Driving NC II,43,Male,Senior High,Underemployed,Driving,Transportation,Returning Learner,Dropout
Malingin,Driving NC II,28,Female,Junior High,Unemployed,Driving,Transportation,Career Shifter,Dropout
Alianza,Shielded Metal Arc Welding NC I,40,Male,Elementary Graduate,Unemployed,Carpentry,Construction,Returning Learner,Dropout
Poblacion,Cookery NC II,33,Male,College Undergraduate,Self-employed,Cooking,Hospitality,Returning Learner,Graduate
Taloc,Bread and Pastry NC II,30,Male,College Undergraduate,Self-employed,Baking,Hospitality,Career Shifter,Graduate
Alianza,Bread and Pastry NC II,48,Male,College Undergraduate,Underemployed,Baking,Hospitality,Returning Learner,Graduate
Caridad,Cookery NC II,47,Female,College Undergraduate,Unemployed,Cooking,Hospitality,Experienced Worker,Graduate
Abuanan,Electrical Installation and Maintenance NC II,23,Female,Junior High,Self-employed,Electrical Repair,Construction,Career Shifter,Graduate
Dulao,Bread and Pastry NC II,40,Female,Junior High,Unemployed,Baking,Hospitality,Experienced Worker,Graduate
Taloc,Computer Systems Servicing NC II,39,Male,Junior High,Underemployed,Computer Literacy,ICT,Experienced Worker,Graduate
Calumangan,Electrical Installation and Maintenance NC II,20,Male,Junior High,Wage Employed,Electrical Repair,Construction,Experienced Worker,Graduate
Pacol,Carpentry NC II,26,Male,College Undergraduate,Unemployed,Carpentry,Construction,New Entrant,Graduate
Balingasag,Masonry NC II,28,Female,Junior High,Unemployed,Masonry,Construction,Returning Learner,Graduate
Poblacion,Masonry NC II,39,Female,Senior High,Unemployed,Masonry,Construction,New Entrant,Graduate
Bacong,Electrical Installation and Maintenance NC II,26,Female,College Undergraduate,Underemployed,Cooking,Hospitality,Career Shifter,Dropout
Abuanan,Shielded Metal Arc Welding NC I,40,Male,Junior High,Unemployed,Welding,Construction,Experienced Worker,Graduate
Calumangan,Electrical Installation and Maintenance NC II,28,Male,Junior High,Wage Employed,Electrical Repair,Construction,Returning Learner,Dropout
Binubuhan,Bread and Pastry NC II,42,Female,College Undergraduate,Unemployed,Baking,Hospitality,Career Shifter,Dropout
Bagroy,Driving NC II,42,Male,Junior High,Wage Employed,Driving,Transportation,Experienced Worker,Graduate
Lag-asan,Driving NC II,43,Male,Senior High,Unemployed,Driving,Transportation,Experienced Worker,Graduate
Caridad,Carpentry NC II,22,Male,Elementary Graduate,Unemployed,Carpentry,Construction,Career Shifter,Graduate
Alianza,Computer Systems Servicing NC II,30,Female,Senior High,Wage Employed,Computer Literacy,ICT,Returning Learner,Graduate
Poblacion,Computer Systems Servicing NC II,29,Female,College Undergraduate,Underemployed,Computer Literacy,ICT,Career Shifter,Graduate
Taloc,Cookery NC II,38,Male,Junior High,Wage Employed,Cooking,Hospitality,Returning Learner,Dropout
Alianza,Cookery NC II,32,Female,Junior High,Underemployed,Cooking,Hospitality,New Entrant,Graduate
Calumangan,Shielded Metal Arc Welding NC I,28,Male,College Graduate,Self-employed,Welding,Transportation,Experienced Worker,Graduate
Alianza,Carpentry NC II,36,Male,College Undergraduate,Unemployed,Carpentry,Hospitality,Experienced Worker,Graduate
Napoles,Masonry NC II,40,Male,Junior High,Underemployed,Masonry,Construction,Returning Learner,Dropout
Atipuluan,Computer Systems Servicing NC II,23,Male,College Undergraduate,Self-employed,Welding,Agriculture,New Entrant,Graduate
Atipuluan,Bread and Pastry NC II,31,Female,Senior High,Unemployed,Electrical Repair,Construction,New Entrant,Graduate
Poblacion,Driving NC II,33,Male,Junior High,Unemployed,Driving,Transportation,Returning Learner,Dropout
Balingasag,Masonry NC II,27,Female,Senior High,Underemployed,Masonry,Hospitality,New Entrant,Graduate
Napoles,Masonry NC II,26,Male,Junior High,Underemployed,Masonry,Construction,Experienced Worker,Graduate
Abuanan,Computer Systems Servicing NC II,39,Male,College Graduate,Wage Employed,Computer Literacy,ICT,Returning Learner,Graduate
Alianza,Masonry NC II,30,Male,Senior High,Self-employed,Masonry,Construction,Returning Learner,Graduate
Abuanan,Cookery NC II,42,Female,Senior High,Wage Employed,Cooking,Business,New Entrant,Graduate
Poblacion,Carpentry NC II,23,Male,Senior High,Wage Employed,Carpentry,Construction,New Entrant,Graduate
Ma-ao,Cookery NC II,21,Male,Senior High,Underemployed,Cooking,Hospitality,New Entrant,Dropout
Taloc,Computer Systems Servicing NC II,47,Female,College Graduate,Self-employed,Computer Literacy,ICT,Returning Learner,Graduate
Caridad,Shielded Metal Arc Welding NC I,41,Male,Junior High,Unemployed,Welding,Construction,New Entrant,Dropout
Alianza,Carpentry NC II,27,Male,Junior High,Underemployed,Carpentry,Construction,New Entrant,Dropout
Tabunan,Electrical Installation and Maintenance NC II,29,Female,College Undergraduate,Underemployed,Electrical Repair,Construction,Returning Learner,Graduate
Atipuluan,Cookery NC II,22,Male,College Graduate,Self-employed,Cooking,ICT,Experienced Worker,Graduate
Pacol,Carpentry NC II,31,Male,College Undergraduate,Wage Employed,Carpentry,Construction,Experienced Worker,Graduate
Poblacion,Carpentry NC II,55,Male,College Graduate,Self-employed,Carpentry,Construction,Experienced Worker,Graduate
Abuanan,Driving NC II,22,Male,Senior High,Unemployed,Driving,Transportation,Career Shifter,Graduate
Taloc,Carpentry NC II,27,Female,Senior High,Wage Employed,Computer Literacy,ICT,Career Shifter,Graduate
Poblacion,Shielded Metal Arc Welding NC I,54,Male,College Graduate,Unemployed,Welding,Construction,New Entrant,Graduate
Bacong,Carpentry NC II,18,Male,Senior High,Unemployed,Carpentry,Construction,Experienced Worker,Graduate
Poblacion,Carpentry NC II,48,Male,College Undergraduate,Underemployed,Carpentry,Construction,New Entrant,Graduate
Atipuluan,Carpentry NC II,21,Female,Senior High,Self-employed,Carpentry,Construction,Returning Learner,Graduate
Abuanan,Carpentry NC II,31,Male,Senior High,Underemployed,Welding,Construction,Returning Learner,Graduate
Atipuluan,Carpentry NC II,39,Male,Junior High,Underemployed,Carpentry,Construction,New Entrant,Dropout
Tabunan,Masonry NC II,21,Male,Junior High,Unemployed,Masonry,Construction,New Entrant,Dropout
Poblacion,Shielded Metal Arc Welding NC I,33,Male,Junior High,Unemployed,Welding,Construction,New Entrant,Dropout
Atipuluan,Bread and Pastry NC II,41,Female,College Undergraduate,Unemployed,Baking,Hospitality,Experienced Worker,Graduate
Caridad,Electrical Installation and Maintenance NC II,36,Male,Senior High,Wage Employed,Electrical Repair,Construction,Experienced Worker,Graduate
Taloc,Computer Systems Servicing NC II,46,Male,College Undergraduate,Self-employed,Computer Literacy,ICT,Experienced Worker,Graduate
Caridad,Driving NC II,19,Male,Senior High,Unemployed,Driving,Transportation,New Entrant,Graduate
Balingasag,Carpentry NC II,28,Male,Senior High,Self-employed,Carpentry,Hospitality,Experienced Worker,Graduate
Abuanan,Bread and Pastry NC II,18,Male,Senior High,Underemployed,Baking,Hospitality,Experienced Worker,Graduate
Balingasag,Electrical Installation and Maintenance NC II,26,Male,Junior High,Unemployed,Electrical Repair,Construction,New Entrant,Dropout
Abuanan,Shielded Metal Arc Welding NC I,34,Male,College Graduate,Self-employed,Welding,Construction,Experienced Worker,Graduate
Sagasa,Masonry NC II,22,Male,Elementary Graduate,Underemployed,Masonry,Construction,New Entrant,Dropout
Atipuluan,Driving NC II,50,Male,College Graduate,Unemployed,Driving,Transportation,New Entrant,Graduate
Calumangan,Masonry NC II,22,Male,Senior High,Underemployed,Masonry,Construction,Career Shifter,Graduate
Ilijan,Bread and Pastry NC II,20,Female,Junior High,Underemployed,Baking,Hospitality,Career Shifter,Dropout
Malingin,Carpentry NC II,40,Male,Senior High,Underemployed,Carpentry,Construction,Career Shifter,Graduate
Dulao,Shielded Metal Arc Welding NC I,21,Male,Senior High,Underemployed,Welding,Construction,New Entrant,Graduate
Poblacion,Bread and Pastry NC II,38,Male,Senior High,Self-employed,Baking,Hospitality,Career Shifter,Graduate
Abuanan,Shielded Metal Arc Welding NC I,35,Male,Senior High,Wage Employed,Welding,Construction,Experienced Worker,Graduate
Lag-asan,Driving NC II,24,Male,College Undergraduate,Unemployed,Driving,ICT,New Entrant,Graduate
Tabunan,Driving NC II,27,Female,College Undergraduate,Unemployed,Driving,Transportation,Returning Learner,Graduate
Ma-ao,Bread and Pastry NC II,23,Female,College Undergraduate,Wage Employed,Baking,Hospitality,Returning Learner,Graduate
Abuanan,Carpentry NC II,37,Male,College Undergraduate,Self-employed,Carpentry,Construction,Returning Learner,Graduate
Poblacion,Bread and Pastry NC II,20,Female,Junior High,Unemployed,Baking,Hospitality,New Entrant,Graduate
Taloc,Shielded Metal Arc Welding NC I,30,Male,Senior High,Underemployed,Welding,Construction,Experienced Worker,Graduate
Alianza,Cookery NC II,44,Male,College Undergraduate,Wage Employed,Cooking,Construction,Career Shifter,Graduate
Pacol,Computer Systems Servicing NC II,50,Male,College Graduate,Self-employed,Computer Literacy,ICT,Experienced Worker,Graduate
Atipuluan,Masonry NC II,35,Male,Senior High,Underemployed,Masonry,Construction,Returning Learner,Graduate
Abuanan,Driving NC II,39,Male,Senior High,Underemployed,Driving,Transportation,Career Shifter,Dropout
Abuanan,Bread and Pastry NC II,28,Female,Senior High,Underemployed,Baking,Hospitality,Career Shifter,Dropout
Busay,Masonry NC II,22,Female,Junior High,Underemployed,Masonry,Construction,Returning Learner,Dropout
Lag-asan,Driving NC II,40,Male,Junior High,Unemployed,Driving,Transportation,Career Shifter,Dropout
Mailum,Electrical Installation and Maintenance NC II,33,Male,Junior High,Self-employed,Electrical Repair,Construction,Experienced Worker,Graduate
Pacol,Bread and Pastry NC II,34,Female,College Undergraduate,Underemployed,Baking,Hospitality,Experienced Worker,Graduate
Ma-ao,Computer Systems Servicing NC II,34,Female,College Undergraduate,Underemployed,Computer Literacy,ICT,Returning Learner,Dropout
Taloc,Masonry NC II,40,Male,Elementary Graduate,Underemployed,Masonry,Construction,New Entrant,Graduate
Bagroy,Computer Systems Servicing NC II,30,Male,College Undergraduate,Unemployed,Computer Literacy,ICT,New Entrant,Graduate
Bagroy,Driving NC II,22,Male,Elementary Graduate,Unemployed,Driving,Transportation,Returning Learner,Graduate
Pacol,Shielded Metal Arc Welding NC I,37,Female,Junior High,Unemployed,Welding,Hospitality,New Entrant,Graduate
Poblacion,Cookery NC II,41,Female,Senior High,Underemployed,Cooking,Hospitality,Returning Learner,Graduate
Calumangan,Shielded Metal Arc Welding NC I,19,Female,Senior High,Underemployed,Welding,Construction,New Entrant,Dropout
Dulao,Cookery NC II,26,Male,Elementary Graduate,Underemployed,Cooking,Hospitality,New Entrant,Graduate
Taloc,Bread and Pastry NC II,35,Female,College Graduate,Wage Employed,Baking,Hospitality,Experienced Worker,Graduate
Ma-ao,Driving NC II,39,Male,College Undergraduate,Underemployed,Driving,Business,New Entrant,Graduate
Taloc,Carpentry NC II,28,Male,Junior High,Self-employed,Carpentry,Construction,Experienced Worker,Graduate
Poblacion,Masonry NC II,19,Male,Junior High,Underemployed,Masonry,Construction,New Entrant,Graduate
Poblacion,Driving NC II,44,Male,College Graduate,Wage Employed,Driving,Hospitality,Career Shifter,Graduate
Lag-asan,Carpentry NC II,34,Male,Elementary Graduate,Unemployed,Carpentry,Construction,Career Shifter,Graduate
Napoles,Carpentry NC II,32,Male,Senior High,Underemployed,Carpentry,Construction,Returning Learner,Dropout
Atipuluan,Bread and Pastry NC II,35,Female,College Undergraduate,Unemployed,Baking,Hospitality,Experienced Worker,Graduate
Binubuhan,Computer Systems Servicing NC II,49,Male,College Graduate,Underemployed,Computer Literacy,ICT,Career Shifter,Dropout
Taloc,Bread and Pastry NC II,21,Male,Junior High,Wage Employed,Baking,Construction,Experienced Worker,Graduate
Dulao,Driving NC II,27,Male,Junior High,Unemployed,Driving,Hospitality,New Entrant,Graduate
Abuanan,Bread and Pastry NC II,32,Male,Junior High,Unemployed,Baking,Hospitality,New Entrant,Graduate
Napoles,Cookery NC II,22,Female,Elementary Graduate,Self-employed,Cooking,Hospitality,Experienced Worker,Graduate
Lag-asan,Cookery NC II,19,Male,Elementary Graduate,Wage Employed,Cooking,Hospitality,Returning Learner,Graduate
Atipuluan,Bread and Pastry NC II,20,Male,Senior High,Unemployed,Electrical Repair,Construction,Returning Learner,Graduate
Balingasag,Carpentry NC II,21,Female,Senior High,Underemployed,Carpentry,Construction,Career Shifter,Dropout
Atipuluan,Computer Systems Servicing NC II,52,Male,College Graduate,Underemployed,Computer Literacy,ICT,New Entrant,Graduate
Abuanan,Carpentry NC II,30,Male,Senior High,Self-employed,Carpentry,Construction,New Entrant,Graduate
Mailum,Bread and Pastry NC II,24,Female,College Undergraduate,Self-employed,Baking,Business,Experienced Worker,Graduate
Lag-asan,Shielded Metal Arc Welding NC I,19,Male,Elementary Graduate,Unemployed,Welding,Construction,Experienced Worker,Graduate
Pacol,Bread and Pastry NC II,23,Male,Junior High,Underemployed,Baking,Hospitality,New Entrant,Dropout
Napoles,Electrical Installation and Maintenance NC II,36,Male,Senior High,Self-employed,Electrical Repair,Construction,Experienced Worker,Dropout
Sagasa,Shielded Metal Arc Welding NC I,22,Male,Senior High,Unemployed,Welding,Construction,New Entrant,Dropout
Alianza,Computer Systems Servicing NC II,38,Female,Junior High,Self-employed,Computer Literacy,ICT,Returning Learner,Graduate
Poblacion,Shielded Metal Arc Welding NC I,25,Male,College Undergraduate,Wage Employed,Welding,Construction,Career Shifter,Dropout
Napoles,Cookery NC II,53,Male,College Graduate,Underemployed,Cooking,ICT,Returning Learner,Graduate
Balingasag,Masonry NC II,31,Male,Senior High,Underemployed,Masonry,Construction,Returning Learner,Graduate
Taloc,Computer Systems Servicing NC II,28,Male,College Graduate,Underemployed,Computer Literacy,ICT,Experienced Worker,Graduate
Alianza,Masonry NC II,21,Male,Elementary Graduate,Self-employed,Masonry,Construction,Experienced Worker,Dropout
Alianza,Electrical Installation and Maintenance NC II,33,Female,Junior High,Unemployed,Electrical Repair,Construction,New Entrant,Dropout
Calumangan,Driving NC II,25,Male,Junior High,Wage Employed,Driving,Transportation,Experienced Worker,Graduate
Lag-asan,Driving NC II,19,Male,Senior High,Wage Employed,Driving,Transportation,Experienced Worker,Graduate
Ma-ao,Electrical Installation and Maintenance NC II,26,Male,College Undergraduate,Unemployed,Electrical Repair,Construction,New Entrant,Dropout
Taloc,Cookery NC II,23,Female,Elementary Graduate,Unemployed,Cooking,Hospitality,New Entrant,Graduate
Atipuluan,Shielded Metal Arc Welding NC I,42,Male,Junior High,Unemployed,Welding,Construction,New Entrant,Dropout
Sagasa,Driving NC II,35,Male,Senior High,Self-employed,Baking,Transportation,Career Shifter,Graduate
Pacol,Bread and Pastry NC II,25,Female,Senior High,Underemployed,Baking,Hospitality,Returning Learner,Graduate
Malingin,Electrical Installation and Maintenance NC II,38,Male,Senior High,Wage Employed,Electrical Repair,Construction,Career Shifter,Dropout
Abuanan,Driving NC II,20,Male,Senior High,Underemployed,Driving,Transportation,New Entrant,Dropout
Taloc,Bread and Pastry NC II,31,Male,Junior High,Unemployed,Carpentry,Construction,Career Shifter,Dropout
Ma-ao,Computer Systems Servicing NC II,21,Male,Junior High,Self-employed,Baking,Hospitality,Experienced Worker,Dropout
Bacong,Masonry NC II,19,Male,College Undergraduate,Self-employed,Masonry,Construction,Experienced Worker,Graduate
Atipuluan,Computer Systems Servicing NC II,22,Female,Senior High,Self-employed,Computer Literacy,Construction,Experienced Worker,Graduate
Abuanan,Shielded Metal Arc Welding NC I,31,Female,College Undergraduate,Underemployed,Welding,Construction,New Entrant,Graduate
Bagroy,Shielded Metal Arc Welding NC I,23,Male,Elementary Graduate,Underemployed,Welding,Construction,Experienced Worker,Graduate
Tabunan,Carpentry NC II,31,Male,Junior High,Underemployed,Carpentry,Construction,New Entrant,Dropout
Ma-ao,Carpentry NC II,37,Male,Senior High,Unemployed,Carpentry,Construction,Returning Learner,Dropout
Balingasag,Cookery NC II,21,Female,College Undergraduate,Underemployed,Cooking,Hospitality,New Entrant,Graduate
Lag-asan,Cookery NC II,28,Male,Senior High,Unemployed,Cooking,Hospitality,Returning Learner,Graduate
Bacong,Masonry NC II,26,Male,College Graduate,Underemployed,Masonry,Construction,Returning Learner,Graduate
Taloc,Electrical Installation and Maintenance NC II,31,Male,Senior High,Wage Employed,Electrical Repair,Agriculture,Experienced Worker,Graduate
Bacong,Cookery NC II,32,Female,Elementary Graduate,Wage Employed,Baking,Hospitality,Returning Learner,Graduate
Busay,Cookery NC II,28,Male,College Undergraduate,Underemployed,Driving,Hospitality,New Entrant,Graduate
Napoles,Computer Systems Servicing NC II,45,Male,Senior High,Unemployed,Computer Literacy,ICT,Experienced Worker,Dropout
Abuanan,Bread and Pastry NC II,49,Female,College Graduate,Underemployed,Baking,Hospitality,New Entrant,Graduate
Ma-ao,Electrical Installation and Maintenance NC II,19,Male,Elementary Graduate,Unemployed,Electrical Repair,Business,Experienced Worker,Graduate
Balingasag,Masonry NC II,32,Male,Senior High,Underemployed,Masonry,Construction,New Entrant,Graduate
Napoles,Electrical Installation and Maintenance NC II,25,Male,Elementary Graduate,Underemployed,Electrical Repair,Construction,Returning Learner,Dropout
Balingasag,Shielded Metal Arc Welding NC I,35,Male,Senior High,Underemployed,Welding,Construction,New Entrant,Graduate
Bagroy,Electrical Installation and Maintenance NC II,30,Male,Junior High,Underemployed,Welding,Hospitality,Career Shifter,Graduate
Bacong,Masonry NC II,22,Female,Senior High,Unemployed,Masonry,Construction,New Entrant,Graduate
Binubuhan,Carpentry NC II,20,Male,Senior High,Unemployed,Carpentry,Construction,New Entrant,Graduate
Tabunan,Shielded Metal Arc Welding NC I,32,Male,Elementary Graduate,Unemployed,Welding,Construction,New Entrant,Dropout
Calumangan,Computer Systems Servicing NC II,31,Female,Junior High,Unemployed,Computer Literacy,Agriculture,New Entrant,Graduate
Abuanan,Shielded Metal Arc Welding NC I,37,Male,Senior High,Unemployed,Welding,Construction,Returning Learner,Graduate
Abuanan,Cookery NC II,36,Female,Senior High,Wage Employed,Cooking,Hospitality,Experienced Worker,Graduate
Atipuluan,Masonry NC II,40,Male,Senior High,Self-employed,Masonry,Construction,Experienced Worker,Graduate
Balingasag,Computer Systems Servicing NC II,41,Female,College Undergraduate,Underemployed,Computer Literacy,ICT,Experienced Worker,Graduate
Caridad,Bread and Pastry NC II,18,Male,Senior High,Unemployed,Baking,Hospitality,Returning Learner,Graduate
Ilijan,Driving NC II,33,Male,Senior High,Unemployed,Driving,Transportation,Returning Learner,Graduate
Abuanan,Electrical Installation and Maintenance NC II,24,Male,College Undergraduate,Underemployed,Electrical Repair,Construction,Experienced Worker,Graduate
Ma-ao,Computer Systems Servicing NC II,26,Female,Senior High,Self-employed,Computer Literacy,ICT,Experienced Worker,Dropout
Lag-asan,Computer Systems Servicing NC II,33,Male,Senior High,Wage Employed,Computer Literacy,ICT,Experienced Worker,Graduate
Alianza,Bread and Pastry NC II,23,Female,College Graduate,Wage Employed,Baking,Hospitality,Returning Learner,Dropout
Balingasag,Shielded Metal Arc Welding NC I,38,Male,Elementary Graduate,Wage Employed,Welding,Construction,New Entrant,Graduate
Ilijan,Masonry NC II,31,Female,Elementary Graduate,Unemployed,Masonry,Construction,New Entrant,Graduate
Napoles,Shielded Metal Arc Welding NC I,29,Male,Elementary Graduate,Underemployed,Welding,Construction,Experienced Worker,Graduate
Caridad,Carpentry NC II,27,Male,Junior High,Underemployed,Carpentry,Construction,New Entrant,Graduate
Calumangan,Bread and Pastry NC II,29,Male,Junior High,Unemployed,Baking,Hospitality,New Entrant,Graduate
Balingasag,Computer Systems Servicing NC II,20,Female,Senior High,Underemployed,Computer Literacy,ICT,New Entrant,Dropout
Taloc,Driving NC II,31,Male,College Undergraduate,Wage Employed,Driving,ICT,Career Shifter,Graduate
Lag-asan,Computer Systems Servicing NC II,30,Male,College Graduate,Wage Employed,Computer Literacy,ICT,Experienced Worker,Graduate
Atipuluan,Computer Systems Servicing NC II,49,Male,College Graduate,Wage Employed,Computer Literacy,ICT,Experienced Worker,Graduate
Lag-asan,Driving NC II,31,Male,Junior High,Underemployed,Driving,Transportation,Experienced Worker,Graduate
Malingin,Cookery NC II,30,Female,College Undergraduate,Wage Employed,Cooking,Hospitality,Experienced Worker,Graduate
Lag-asan,Electrical Installation and Maintenance NC II,45,Male,Senior High,Self-employed,Electrical Repair,Construction,New Entrant,Graduate
Lag-asan,Bread and Pastry NC II,19,Male,Junior High,Underemployed,Driving,Transportation,New Entrant,Graduate
Caridad,Shielded Metal Arc Welding NC I,31,Male,College Graduate,Wage Employed,Welding,Construction,Experienced Worker,Dropout
Poblacion,Carpentry NC II,21,Male,Senior High,Self-employed,Carpentry,Construction,Experienced Worker,Graduate
Poblacion,Masonry NC II,23,Male,Senior High,Unemployed,Masonry,Construction,Experienced Worker,Graduate
Ma-ao,Shielded Metal Arc Welding NC I,23,Male,Junior High,Underemployed,Welding,Construction,Career Shifter,Graduate
Dulao,Shielded Metal Arc Welding NC I,36,Male,Senior High,Underemployed,Welding,Construction,Returning Learner,Graduate
Caridad,Cookery NC II,36,Female,Senior High,Unemployed,Cooking,Hospitality,Returning Learner,Graduate
Alianza,Shielded Metal Arc Welding NC I,41,Male,Junior High,Unemployed,Welding,Construction,New Entrant,Graduate
Dulao,Electrical Installation and Maintenance NC II,23,Male,Junior High,Underemployed,Electrical Repair,Construction,New Entrant,Dropout
Balingasag,Shielded Metal Arc Welding NC I,31,Male,College Undergraduate,Underemployed,Welding,Construction,Experienced Worker,Graduate
Ilijan,Masonry NC II,26,Male,Junior High,Underemployed,Masonry,Construction,New Entrant,Dropout
Balingasag,Masonry NC II,21,Male,Senior High,Underemployed,Masonry,Business,Returning Learner,Graduate
Atipuluan,Electrical Installation and Maintenance NC II,41,Female,Senior High,Wage Employed,Electrical Repair,Construction,Returning Learner,Graduate
Poblacion,Bread and Pastry NC II,18,Female,Junior High,Underemployed,Masonry,Construction,Career Shifter,Dropout
Taloc,Driving NC II,27,Male,Senior High,Unemployed,Driving,Transportation,Experienced Worker,Graduate
Dulao,Cookery NC II,22,Female,Elementary Graduate,Unemployed,Electrical Repair,Construction,Career Shifter,Graduate
Dulao,Cookery NC II,33,Female,Elementary Graduate,Underemployed,Cooking,Hospitality,New Entrant,Dropout
Dulao,Computer Systems Servicing NC II,38,Female,Senior High,Unemployed,Computer Literacy,ICT,Experienced Worker,Graduate
Abuanan,Electrical Installation and Maintenance NC II,25,Male,Junior High,Unemployed,Masonry,Construction,Career Shifter,Dropout
Taloc,Computer Systems Servicing NC II,26,Female,College Undergraduate,Underemployed,Computer Literacy,ICT,New Entrant,Graduate
Caridad,Cookery NC II,28,Female,Senior High,Underemployed,Cooking,Hospitality,New Entrant,Dropout
Poblacion,Bread and Pastry NC II,20,Female,College Undergraduate,Unemployed,Baking,Hospitality,New Entrant,Dropout
Busay,Shielded Metal Arc Welding NC I,37,Female,Elementary Graduate,Underemployed,Welding,Hospitality,Career Shifter,Dropout
Abuanan,Electrical Installation and Maintenance NC II,27,Male,Elementary Graduate,Unemployed,Welding,Construction,Returning Learner,Graduate
Binubuhan,Cookery NC II,39,Male,Junior High,Unemployed,Cooking,Hospitality,Returning Learner,Graduate
Malingin,Shielded Metal Arc Welding NC I,37,Female,Senior High,Unemployed,Welding,Construction,New Entrant,Graduate
Taloc,Cookery NC II,43,Male,Senior High,Self-employed,Cooking,Hospitality,Returning Learner,Dropout
Poblacion,Shielded Metal Arc Welding NC I,28,Male,Junior High,Unemployed,Welding,Construction,Returning Learner,Graduate
Lag-asan,Masonry NC II,35,Male,Senior High,Underemployed,Masonry,Construction,Experienced Worker,Graduate
Busay,Electrical Installation and Maintenance NC II,38,Male,Junior High,Underemployed,Electrical Repair,Construction,Career Shifter,Dropout
Dulao,Cookery NC II,27,Female,College Graduate,Self-employed,Cooking,Hospitality,Experienced Worker,Dropout
Atipuluan,Shielded Metal Arc Welding NC I,26,Male,College Undergraduate,Self-employed,Welding,Construction,Returning Learner,Graduate
Abuanan,Masonry NC II,19,Male,Senior High,Wage Employed,Carpentry,Construction,New Entrant,Graduate
Bagroy,Carpentry NC II,39,Male,Elementary Graduate,Underemployed,Carpentry,Construction,Returning Learner,Graduate
Poblacion,Masonry NC II,35,Male,College Graduate,Underemployed,Masonry,Construction,New Entrant,Graduate
Taloc,Carpentry NC II,30,Female,Senior High,Underemployed,Carpentry,Construction,Career Shifter,Graduate
Mailum,Masonry NC II,30,Male,Elementary Graduate,Unemployed,Masonry,Construction,Experienced Worker,Graduate
Busay,Computer Systems Servicing NC II,27,Female,Elementary Graduate,Underemployed,Computer Literacy,ICT,Returning Learner,Graduate
Lag-asan,Computer Systems Servicing NC II,27,Female,Senior High,Underemployed,Computer Literacy,ICT,Experienced Worker,Graduate
Calumangan,Cookery NC II,24,Female,Junior High,Self-employed,Cooking,Hospitality,Returning Learner,Graduate
Busay,Masonry NC II,26,Female,Senior High,Self-employed,Masonry,Construction,Experienced Worker,Graduate
Abuanan,Bread and Pastry NC II,32,Male,Senior High,Unemployed,Masonry,Construction,Career Shifter,Dropout
Poblacion,Shielded Metal Arc Welding NC I,29,Male,Elementary Graduate,Self-employed,Welding,Construction,Experienced Worker,Graduate
Abuanan,Bread and Pastry NC II,44,Male,Senior High,Unemployed,Masonry,Construction,Career Shifter,Graduate
Lag-asan,Cookery NC II,45,Female,College Graduate,Unemployed,Cooking,Hospitality,Career Shifter,Graduate
Abuanan,Cookery NC II,43,Female,Senior High,Self-employed,Cooking,Hospitality,Returning Learner,Graduate
Malingin,Shielded Metal Arc Welding NC I,22,Male,Junior High,Underemployed,Welding,Construction,Experienced Worker,Graduate
Poblacion,Driving NC II,31,Male,Junior High,Underemployed,Driving,Transportation,New Entrant,Dropout
Ma-ao,Masonry NC II,36,Male,Junior High,Unemployed,Masonry,Construction,New Entrant,Graduate
Malingin,Computer Systems Servicing NC II,42,Female,College Undergraduate,Self-employed,Computer Literacy,ICT,Experienced Worker,Graduate
Dulao,Driving NC II,36,Male,Junior High,Underemployed,Driving,Transportation,Experienced Worker,Dropout
Atipuluan,Driving NC II,29,Male,College Undergraduate,Wage Employed,Driving,Transportation,Experienced Worker,Graduate
Mailum,Masonry NC II,19,Male,College Undergraduate,Unemployed,Masonry,Construction,Returning Learner,Dropout
Caridad,Cookery NC II,20,Male,Senior High,Underemployed,Carpentry,Construction,Returning Learner,Dropout
Busay,Computer Systems Servicing NC II,44,Female,Senior High,Underemployed,Computer Literacy,ICT,Returning Learner,Dropout
Mailum,Cookery NC II,32,Male,Junior High,Underemployed,Cooking,Hospitality,New Entrant,Dropout
Caridad,Shielded Metal Arc Welding NC I,23,Female,College Undergraduate,Underemployed,Welding,Construction,Returning Learner,Graduate
Alianza,Carpentry NC II,21,Male,Junior High,Wage Employed,Carpentry,Construction,Experienced Worker,Graduate
Dulao,Masonry NC II,42,Male,Senior High,Unemployed,Masonry,Construction,New Entrant,Dropout
Pacol,Driving NC II,21,Male,Junior High,Underemployed,Driving,Transportation,New Entrant,Graduate
Calumangan,Bread and Pastry NC II,21,Male,Senior High,Self-employed,Baking,Hospitality,Returning Learner,Graduate
Atipuluan,Electrical Installation and Maintenance NC II,34,Male,College Graduate,Self-employed,Electrical Repair,Hospitality,New Entrant,Graduate
Atipuluan,Driving NC II,27,Female,Junior High,Self-employed,Driving,Transportation,Returning Learner,Graduate
Abuanan,Driving NC II,29,Female,College Graduate,Underemployed,Driving,Construction,Experienced Worker,Graduate
Atipuluan,Cookery NC II,39,Male,Junior High,Underemployed,Cooking,Hospitality,Returning Learner,Graduate
Binubuhan,Carpentry NC II,39,Male,Junior High,Self-employed,Carpentry,Construction,Returning Learner,Dropout
Bacong,Bread and Pastry NC II,33,Female,Senior High,Underemployed,Baking,Hospitality,Experienced Worker,Graduate
Lag-asan,Bread and Pastry NC II,19,Female,College Undergraduate,Wage Employed,Baking,Hospitality,Experienced Worker,Graduate
Caridad,Cookery NC II,29,Female,Junior High,Unemployed,Cooking,Hospitality,Returning Learner,Graduate
Lag-asan,Bread and Pastry NC II,30,Female,College Undergraduate,Underemployed,Baking,Hospitality,New Entrant,Graduate
Ilijan,Driving NC II,31,Male,Junior High,Unemployed,Driving,Transportation,New Entrant,Graduate
Abuanan,Shielded Metal Arc Welding NC I,33,Male,Junior High,Self-employed,Welding,Construction,Returning Learner,Graduate
Lag-asan,Bread and Pastry NC II,39,Female,Junior High,Unemployed,Baking,Hospitality,New Entrant,Graduate
Taloc,Driving NC II,27,Male,Senior High,Self-employed,Driving,Transportation,Experienced Worker,Graduate
Dulao,Shielded Metal Arc Welding NC I,18,Male,Junior High,Wage Employed,Electrical Repair,Construction,Career Shifter,Dropout
Busay,Electrical Installation and Maintenance NC II,24,Female,Junior High,Unemployed,Electrical Repair,Construction,Career Shifter,Dropout
Caridad,Computer Systems Servicing NC II,37,Male,College Graduate,Self-employed,Computer Literacy,ICT,Experienced Worker,Graduate
Sagasa,Cookery NC II,25,Male,Senior High,Underemployed,Cooking,Hospitality,Experienced Worker,Graduate
Pacol,Electrical Installation and Maintenance NC II,20,Male,Elementary Graduate,Self-employed,Electrical Repair,Construction,Experienced Worker,Dropout
Pacol,Cookery NC II,36,Male,Elementary Graduate,Unemployed,Cooking,Hospitality,New Entrant,Dropout
Lag-asan,Computer Systems Servicing NC II,52,Female,College Graduate,Wage Employed,Computer Literacy,ICT,Experienced Worker,Graduate
Ilijan,Masonry NC II,18,Female,Junior High,Unemployed,Masonry,Construction,Returning Learner,Dropout
Malingin,Shielded Metal Arc Welding NC I,32,Male,Senior High,Self-employed,Welding,Construction,Returning Learner,Graduate
Balingasag,Electrical Installation and Maintenance NC II,36,Male,Senior High,Wage Employed,Electrical Repair,Construction,Experienced Worker,Graduate
Calumangan,Shielded Metal Arc Welding NC I,27,Male,Elementary Graduate,Unemployed,Welding,Construction,Career Shifter,Graduate
Caridad,Masonry NC II,33,Male,Senior High,Unemployed,Masonry,Construction,New Entrant,Dropout
Balingasag,Shielded Metal Arc Welding NC I,28,Male,College Graduate,Wage Employed,Welding,Construction,Experienced Worker,Graduate
Poblacion,Masonry NC II,47,Male,College Undergraduate,Self-employed,Masonry,Construction,Experienced Worker,Graduate
Calumangan,Shielded Metal Arc Welding NC I,27,Male,Senior High,Unemployed,Welding,Construction,Career Shifter,Graduate
Balingasag,Driving NC II,43,Male,Senior High,Self-employed,Driving,Transportation,Returning Learner,Graduate
Atipuluan,Carpentry NC II,22,Male,Elementary Graduate,Self-employed,Carpentry,Construction,Returning Learner,Graduate
Balingasag,Bread and Pastry NC II,24,Male,Senior High,Self-employed,Baking,Hospitality,Experienced Worker,Graduate
Poblacion,Carpentry NC II,38,Male,Junior High,Unemployed,Carpentry,Construction,New Entrant,Graduate
Busay,Carpentry NC II,35,Male,Elementary Graduate,Self-employed,Carpentry,Construction,Returning Learner,Graduate
Abuanan,Shielded Metal Arc Welding NC I,36,Male,Senior High,Self-employed,Welding,Construction,Experienced Worker,Graduate
Bagroy,Masonry NC II,24,Male,Junior High,Wage Employed,Masonry,Construction,Returning Learner,Dropout
Abuanan,Electrical Installation and Maintenance NC II,47,Female,College Undergraduate,Underemployed,Electrical Repair,Construction,New Entrant,Dropout
Taloc,Carpentry NC II,42,Male,Senior High,Unemployed,Carpentry,Construction,Returning Learner,Graduate
Dulao,Masonry NC II,39,Male,College Graduate,Unemployed,Masonry,Construction,Experienced Worker,Graduate
Calumangan,Electrical Installation and Maintenance NC II,18,Female,Junior High,Unemployed,Electrical Repair,Construction,Career Shifter,Dropout
Balingasag,Carpentry NC II,45,Male,College Graduate,Wage Employed,Carpentry,Construction,Returning Learner,Graduate
Calumangan,Masonry NC II,35,Female,College Undergraduate,Unemployed,Masonry,Construction,Returning Learner,Graduate
Lag-asan,Masonry NC II,18,Female,Senior High,Unemployed,Carpentry,Construction,Experienced Worker,Dropout
Bacong,Carpentry NC II,19,Male,Elementary Graduate,Underemployed,Carpentry,Construction,Returning Learner,Dropout
Caridad,Bread and Pastry NC II,19,Female,Senior High,Self-employed,Baking,Hospitality,New Entrant,Graduate
Bagroy,Shielded Metal Arc Welding NC I,40,Male,Elementary Graduate,Self-employed,Welding,Construction,Career Shifter,Dropout
Balingasag,Cookery NC II,25,Male,College Undergraduate,Self-employed,Cooking,Hospitality,Experienced Worker,Graduate
Abuanan,Carpentry NC II,41,Female,Junior High,Unemployed,Carpentry,Construction,Experienced Worker,Graduate
Napoles,Cookery NC II,20,Female,Senior High,Wage Employed,Cooking,Hospitality,Experienced Worker,Graduate
Atipuluan,Masonry NC II,30,Male,College Undergraduate,Self-employed,Masonry,Construction,New Entrant,Dropout
Lag-asan,Shielded Metal Arc Welding NC I,28,Male,College Undergraduate,Wage Employed,Welding,Construction,Returning Learner,Graduate
Abuanan,Computer Systems Servicing NC II,27,Female,Senior High,Underemployed,Computer Literacy,ICT,Experienced Worker,Graduate
Calumangan,Masonry NC II,23,Male,Junior High,Underemployed,Masonry,Construction,Career Shifter,Graduate
Dulao,Bread and Pastry NC II,25,Female,College Undergraduate,Wage Employed,Baking,Hospitality,Career Shifter,Graduate
Pacol,Computer Systems Servicing NC II,48,Male,College Undergraduate,Self-employed,Computer Literacy,ICT,Experienced Worker,Graduate
Calumangan,Carpentry NC II,28,Male,Elementary Graduate,Self-employed,Carpentry,Construction,Returning Learner,Dropout
Poblacion,Carpentry NC II,27,Male,Senior High,Wage Employed,Carpentry,Construction,Experienced Worker,Graduate
Taloc,Masonry NC II,25,Male,Elementary Graduate,Underemployed,Masonry,Construction,New Entrant,Graduate
Alianza,Computer Systems Servicing NC II,34,Male,Senior High,Wage Employed,Computer Literacy,ICT,Experienced Worker,Graduate
Sagasa,Computer Systems Servicing NC II,34,Male,Elementary Graduate,Wage Employed,Carpentry,Construction,Experienced Worker,Dropout
Abuanan,Computer Systems Servicing NC II,44,Female,College Undergraduate,Wage Employed,Computer Literacy,ICT,Experienced Worker,Graduate
Poblacion,Bread and Pastry NC II,24,Female,Senior High,Underemployed,Baking,Hospitality,Experienced Worker,Graduate
Napoles,Computer Systems Servicing NC II,40,Male,Junior High,Underemployed,Electrical Repair,Construction,Career Shifter,Graduate
Calumangan,Bread and Pastry NC II,30,Male,Senior High,Wage Employed,Baking,Hospitality,New Entrant,Graduate
Pacol,Carpentry NC II,18,Male,Elementary Graduate,Wage Employed,Carpentry,Agriculture,Returning Learner,Dropout
Balingasag,Computer Systems Servicing NC II,38,Male,Senior High,Wage Employed,Computer Literacy,ICT,Experienced Worker,Graduate
Atipuluan,Carpentry NC II,30,Male,Junior High,Unemployed,Carpentry,Construction,New Entrant,Graduate
Sagasa,Bread and Pastry NC II,29,Male,Senior High,Self-employed,Baking,Hospitality,Experienced Worker,Dropout
Ma-ao,Cookery NC II,33,Male,Junior High,Underemployed,Cooking,Hospitality,Returning Learner,Graduate
Poblacion,Carpentry NC II,35,Male,College Undergraduate,Unemployed,Carpentry,Construction,Returning Learner,Graduate
Dulao,Computer Systems Servicing NC II,27,Male,College Graduate,Self-employed,Computer Literacy,ICT,Experienced Worker,Graduate
Caridad,Computer Systems Servicing NC II,32,Female,Senior High,Unemployed,Computer Literacy,ICT,New Entrant,Dropout
Calumangan,Cookery NC II,42,Male,Junior High,Underemployed,Cooking,Hospitality,Returning Learner,Graduate
Balingasag,Cookery NC II,19,Female,Junior High,Unemployed,Cooking,Hospitality,New Entrant,Graduate
Dulao,Bread and Pastry NC II,32,Male,Elementary Graduate,Unemployed,Baking,Hospitality,New Entrant,Dropout
Ma-ao,Shielded Metal Arc Welding NC I,22,Male,Senior High,Unemployed,Welding,Construction,Experienced Worker,Dropout
Abuanan,Masonry NC II,30,Male,Elementary Graduate,Unemployed,Masonry,Construction,Experienced Worker,Graduate
Alianza,Driving NC II,26,Female,Senior High,Underemployed,Driving,Transportation,Returning Learner,Graduate
Ma-ao,Electrical Installation and Maintenance NC II,41,Male,College Undergraduate,Self-employed,Welding,Construction,Career Shifter,Dropout
Bacong,Driving NC II,31,Male,Junior High,Unemployed,Driving,Transportation,New Entrant,Graduate
Malingin,Carpentry NC II,42,Male,College Undergraduate,Wage Employed,Welding,ICT,Returning Learner,Graduate
Alianza,Computer Systems Servicing NC II,30,Female,College Undergraduate,Underemployed,Computer Literacy,ICT,New Entrant,Dropout
Dulao,Masonry NC II,36,Female,Junior High,Underemployed,Masonry,Construction,Returning Learner,Graduate
Balingasag,Bread and Pastry NC II,39,Female,Senior High,Underemployed,Baking,Hospitality,New Entrant,Graduate
Bacong,Masonry NC II,33,Female,Elementary Graduate,Unemployed,Masonry,Construction,New Entrant,Dropout
Taloc,Driving NC II,27,Male,Senior High,Underemployed,Driving,Transportation,New Entrant,Graduate
Pacol,Carpentry NC II,28,Male,Junior High,Underemployed,Carpentry,Construction,Returning Learner,Graduate
Caridad,Shielded Metal Arc Welding NC I,30,Male,Junior High,Unemployed,Welding,Construction,New Entrant,Dropout
Calumangan,Driving NC II,32,Male,Junior High,Unemployed,Driving,Transportation,Returning Learner,Graduate
Napoles,Carpentry NC II,37,Male,Senior High,Underemployed,Carpentry,Construction,Career Shifter,Graduate
Pacol,Driving NC II,20,Female,Junior High,Underemployed,Driving,Transportation,New Entrant,Dropout
Malingin,Carpentry NC II,42,Female,College Undergraduate,Underemployed,Carpentry,Construction,New Entrant,Dropout
Binubuhan,Computer Systems Servicing NC II,26,Female,College Undergraduate,Underemployed,Computer Literacy,ICT,Career Shifter,Dropout
Ilijan,Shielded Metal Arc Welding NC I,42,Female,College Undergraduate,Self-employed,Masonry,Construction,Career Shifter,Graduate
Alianza,Electrical Installation and Maintenance NC II,26,Female,Senior High,Unemployed,Electrical Repair,Construction,Returning Learner,Dropout
Bacong,Driving NC II,30,Male,Elementary Graduate,Unemployed,Driving,Transportation,Returning Learner,Graduate
Taloc,Driving NC II,46,Male,College Undergraduate,Self-employed,Driving,Transportation,New Entrant,Graduate
Abuanan,Bread and Pastry NC II,24,Female,Elementary Graduate,Underemployed,Baking,Hospitality,New Entrant,Graduate
Calumangan,Shielded Metal Arc Welding NC I,28,Male,Junior High,Underemployed,Welding,Construction,Returning Learner,Graduate
Bacong,Electrical Installation and Maintenance NC II,29,Male,Senior High,Unemployed,Electrical Repair,Construction,New Entrant,Dropout
Napoles,Computer Systems Servicing NC II,23,Male,College Undergraduate,Unemployed,Computer Literacy,ICT,Returning Learner,Dropout
Atipuluan,Bread and Pastry NC II,29,Male,Senior High,Underemployed,Baking,Hospitality,Experienced Worker,Dropout
Taloc,Masonry NC II,28,Male,Senior High,Wage Employed,Masonry,Construction,Experienced Worker,Graduate
Alianza,Electrical Installation and Maintenance NC II,20,Male,Junior High,Underemployed,Electrical Repair,Construction,New Entrant,Graduate
Lag-asan,Electrical Installation and Maintenance NC II,38,Female,Senior High,Unemployed,Electrical Repair,Construction,Experienced Worker,Graduate
Malingin,Masonry NC II,21,Female,Elementary Graduate,Unemployed,Masonry,Construction,New Entrant,Graduate
Ilijan,Electrical Installation and Maintenance NC II,25,Male,Junior High,Underemployed,Electrical Repair,Hospitality,Returning Learner,Dropout
Alianza,Bread and Pastry NC II,35,Female,Senior High,Self-employed,Baking,Hospitality,Returning Learner,Graduate
Binubuhan,Driving NC II,42,Male,Senior High,Underemployed,Driving,Transportation,Returning Learner,Graduate
Malingin,Computer Systems Servicing NC II,25,Male,College Undergraduate,Self-employed,Computer Literacy,ICT,Experienced Worker,Graduate
Calumangan,Masonry NC II,42,Male,Senior High,Wage Employed,Masonry,Construction,Returning Learner,Graduate
Malingin,Driving NC II,28,Male,Senior High,Self-employed,Driving,Transportation,Experienced Worker,Dropout
Lag-asan,Electrical Installation and Maintenance NC II,32,Male,Junior High,Unemployed,Electrical Repair,Construction,Career Shifter,Graduate
Poblacion,Driving NC II,39,Male,Senior High,Self-employed,Driving,Transportation,Career Shifter,Graduate
Alianza,Masonry NC II,34,Male,Elementary Graduate,Unemployed,Masonry,Construction,Career Shifter,Dropout
Caridad,Driving NC II,30,Male,Senior High,Underemployed,Driving,Transportation,Experienced Worker,Graduate
Abuanan,Driving NC II,27,Male,College Undergraduate,Wage Employed,Driving,Transportation,Experienced Worker,Graduate
Ma-ao,Computer Systems Servicing NC II,27,Female,Junior High,Unemployed,Computer Literacy,ICT,Returning Learner,Dropout
Poblacion,Driving NC II,43,Male,College Undergraduate,Unemployed,Driving,Transportation,Experienced Worker,Graduate
Alianza,Computer Systems Servicing NC II,35,Male,Elementary Graduate,Unemployed,Computer Literacy,Agriculture,Career Shifter,Dropout
Taloc,Computer Systems Servicing NC II,52,Male,College Graduate,Underemployed,Computer Literacy,ICT,Experienced Worker,Graduate
Ilijan,Shielded Metal Arc Welding NC I,19,Male,Junior High,Unemployed,Welding,Construction,New Entrant,Dropout
Binubuhan,Cookery NC II,31,Male,Senior High,Self-employed,Cooking,Hospitality,New Entrant,Graduate
Napoles,Masonry NC II,35,Male,Junior High,Underemployed,Masonry,Construction,New Entrant,Graduate
Malingin,Cookery NC II,42,Female,Senior High,Wage Employed,Cooking,Hospitality,New Entrant,Graduate
Calumangan,Carpentry NC II,18,Male,Elementary Graduate,Unemployed,Carpentry,Construction,Returning Learner,Graduate
Ma-ao,Electrical Installation and Maintenance NC II,19,Female,Junior High,Underemployed,Electrical Repair,Transportation,Career Shifter,Dropout
Dulao,Computer Systems Servicing NC II,42,Male,Junior High,Wage Employed,Computer Literacy,Hospitality,Experienced Worker,Graduate
Bagroy,Cookery NC II,49,Male,College Graduate,Underemployed,Cooking,Hospitality,Returning Learner,Dropout
Mailum,Bread and Pastry NC II,42,Male,Junior High,Underemployed,Baking,Hospitality,Career Shifter,Dropout
Poblacion,Driving NC II,45,Male,Senior High,Underemployed,Masonry,Construction,New Entrant,Graduate
Calumangan,Shielded Metal Arc Welding NC I,36,Male,Junior High,Self-employed,Welding,Construction,Returning Learner,Graduate
Atipuluan,Cookery NC II,21,Female,College Undergraduate,Wage Employed,Cooking,Hospitality,Experienced Worker,Graduate
Atipuluan,Computer Systems Servicing NC II,29,Male,Junior High,Unemployed,Computer Literacy,ICT,New Entrant,Dropout
Taloc,Electrical Installation and Maintenance NC II,30,Male,Elementary Graduate,Underemployed,Electrical Repair,Construction,New Entrant,Graduate
Malingin,Masonry NC II,34,Male,Junior High,Underemployed,Masonry,Construction,Career Shifter,Graduate
Calumangan,Masonry NC II,43,Male,Senior High,Wage Employed,Masonry,Construction,Experienced Worker,Graduate
Sagasa,Cookery NC II,29,Male,Elementary Graduate,Unemployed,Cooking,Hospitality,Career Shifter,Dropout
Bagroy,Computer Systems Servicing NC II,18,Female,Junior High,Self-employed,Computer Literacy,Business,Returning Learner,Dropout
Poblacion,Electrical Installation and Maintenance NC II,42,Male,Senior High,Self-employed,Electrical Repair,Transportation,Returning Learner,Graduate
Pacol,Computer Systems Servicing NC II,55,Male,College Graduate,Wage Employed,Computer Literacy,ICT,Returning Learner,Dropout
Atipuluan,Computer Systems Servicing NC II,44,Male,Senior High,Self-employed,Driving,Construction,Career Shifter,Dropout
Balingasag,Computer Systems Servicing NC II,37,Male,Senior High,Unemployed,Driving,Transportation,Career Shifter,Graduate
Balingasag,Bread and Pastry NC II,35,Female,Senior High,Unemployed,Baking,Agriculture,Experienced Worker,Graduate
Poblacion,Carpentry NC II,37,Male,Senior High,Unemployed,Carpentry,Construction,New Entrant,Graduate
Ma-ao,Masonry NC II,39,Male,Elementary Graduate,Unemployed,Masonry,Construction,New Entrant,Dropout
Tabunan,Cookery NC II,32,Male,Junior High,Unemployed,Cooking,Hospitality,New Entrant,Dropout
Tabunan,Electrical Installation and Maintenance NC II,19,Male,Elementary Graduate,Underemployed,Electrical Repair,Construction,Career Shifter,Dropout
Ma-ao,Cookery NC II,18,Male,Senior High,Unemployed,Driving,Transportation,Career Shifter,Graduate
Bacong,Electrical Installation and Maintenance NC II,35,Male,Senior High,Self-employed,Electrical Repair,Construction,Returning Learner,Graduate
Dulao,Computer Systems Servicing NC II,43,Female,College Undergraduate,Unemployed,Computer Literacy,ICT,Returning Learner,Graduate
Balingasag,Shielded Metal Arc Welding NC I,21,Male,Senior High,Unemployed,Masonry,Construction,Career Shifter,Graduate
Napoles,Computer Systems Servicing NC II,27,Male,College Graduate,Unemployed,Computer Literacy,ICT,New Entrant,Dropout
Mailum,Bread and Pastry NC II,29,Female,Senior High,Self-employed,Baking,Hospitality,Returning Learner,Graduate
Dulao,Cookery NC II,23,Female,Junior High,Wage Employed,Cooking,Hospitality,Experienced Worker,Graduate
Bacong,Masonry NC II,37,Male,Senior High,Wage Employed,Masonry,Construction,Experienced Worker,Graduate
Ilijan,Carpentry NC II,28,Male,Junior High,Underemployed,Carpentry,Construction,Experienced Worker,Graduate
Atipuluan,Masonry NC II,19,Male,Junior High,Wage Employed,Masonry,Construction,Experienced Worker,Graduate
Abuanan,Driving NC II,31,Male,Junior High,Unemployed,Driving,Transportation,New Entrant,Dropout
Poblacion,Driving NC II,39,Male,Senior High,Self-employed,Driving,Transportation,Experienced Worker,Graduate
Malingin,Masonry NC II,26,Male,College Undergraduate,Wage Employed,Cooking,Hospitality,Career Shifter,Graduate
Pacol,Shielded Metal Arc Welding NC I,38,Male,College Graduate,Wage Employed,Carpentry,Construction,Career Shifter,Graduate
Tabunan,Shielded Metal Arc Welding NC I,41,Male,Senior High,Underemployed,Welding,Construction,Returning Learner,Graduate
Tabunan,Shielded Metal Arc Welding NC I,42,Male,Junior High,Underemployed,Welding,Construction,Returning Learner,Graduate
Atipuluan,Masonry NC II,28,Male,College Graduate,Wage Employed,Masonry,Construction,Experienced Worker,Graduate
Atipuluan,Carpentry NC II,38,Male,College Undergraduate,Underemployed,Carpentry,Construction,New Entrant,Graduate
Binubuhan,Carpentry NC II,36,Male,Elementary Graduate,Wage Employed,Carpentry,Construction,Career Shifter,Graduate
Napoles,Shielded Metal Arc Welding NC I,38,Male,Elementary Graduate,Unemployed,Welding,Construction,Career Shifter,Dropout
Dulao,Driving NC II,19,Male,College Undergraduate,Wage Employed,Driving,Transportation,Experienced Worker,Graduate
Balingasag,Computer Systems Servicing NC II,45,Female,College Undergraduate,Self-employed,Computer Literacy,Agriculture,Experienced Worker,Dropout
Lag-asan,Electrical Installation and Maintenance NC II,23,Male,Elementary Graduate,Underemployed,Electrical Repair,Construction,Career Shifter,Graduate
Balingasag,Carpentry NC II,29,Male,College Undergraduate,Unemployed,Carpentry,Construction,Returning Learner,Graduate
Ilijan,Computer Systems Servicing NC II,38,Female,College Undergraduate,Underemployed,Computer Literacy,ICT,Returning Learner,Dropout
Atipuluan,Electrical Installation and Maintenance NC II,23,Female,Junior High,Unemployed,Electrical Repair,Construction,New Entrant,Graduate
Napoles,Driving NC II,31,Male,College Undergraduate,Underemployed,Driving,Transportation,New Entrant,Graduate
Caridad,Driving NC II,29,Male,Senior High,Unemployed,Driving,Transportation,Career Shifter,Graduate
Ilijan,Electrical Installation and Maintenance NC II,25,Male,Junior High,Unemployed,Electrical Repair,Construction,New Entrant,Dropout
Alianza,Computer Systems Servicing NC II,25,Female,Elementary Graduate,Unemployed,Computer Literacy,ICT,Returning Learner,Graduate
Poblacion,Electrical Installation and Maintenance NC II,36,Female,Junior High,Underemployed,Baking,Hospitality,Career Shifter,Dropout
Taloc,Masonry NC II,29,Male,Senior High,Self-employed,Masonry,Construction,Experienced Worker,Graduate
Busay,Driving NC II,40,Male,Elementary Graduate,Unemployed,Driving,Transportation,Returning Learner,Graduate
Mailum,Electrical Installation and Maintenance NC II,37,Male,Junior High,Self-employed,Electrical Repair,Construction,Experienced Worker,Dropout
Mailum,Electrical Installation and Maintenance NC II,32,Male,Elementary Graduate,Underemployed,Electrical Repair,Construction,New Entrant,Dropout
Abuanan,Masonry NC II,26,Male,College Graduate,Underemployed,Masonry,ICT,New Entrant,Graduate
Napoles,Driving NC II,22,Female,Junior High,Underemployed,Driving,Transportation,New Entrant,Graduate
Dulao,Shielded Metal Arc Welding NC I,23,Male,College Undergraduate,Unemployed,Welding,Construction,Career Shifter,Graduate
Bagroy,Shielded Metal Arc Welding NC I,21,Male,College Undergraduate,Self-employed,Driving,Transportation,New Entrant,Dropout
Atipuluan,Masonry NC II,33,Male,Senior High,Self-employed,Masonry,Construction,Experienced Worker,Graduate
Taloc,Shielded Metal Arc Welding NC I,28,Male,Junior High,Underemployed,Welding,Construction,New Entrant,Graduate
Taloc,Masonry NC II,39,Male,College Undergraduate,Unemployed,Computer Literacy,ICT,Career Shifter,Dropout
Dulao,Cookery NC II,23,Female,Senior High,Unemployed,Cooking,Hospitality,Career Shifter,Graduate
Balingasag,Computer Systems Servicing NC II,24,Male,College Undergraduate,Self-employed,Computer Literacy,ICT,Returning Learner,Graduate
Dulao,Computer Systems Servicing NC II,40,Female,Junior High,Self-employed,Driving,Transportation,New Entrant,Graduate
Ma-ao,Carpentry NC II,21,Male,Elementary Graduate,Underemployed,Carpentry,Construction,New Entrant,Graduate
Balingasag,Bread and Pastry NC II,37,Male,Junior High,Underemployed,Baking,Hospitality,Experienced Worker,Graduate
Dulao,Carpentry NC II,29,Male,Junior High,Unemployed,Carpentry,Construction,Experienced Worker,Graduate
Ma-ao,Electrical Installation and Maintenance NC II,36,Female,Elementary Graduate,Underemployed,Cooking,Hospitality,New Entrant,Dropout
Balingasag,Masonry NC II,24,Male,Junior High,Underemployed,Masonry,Construction,New Entrant,Dropout
Lag-asan,Shielded Metal Arc Welding NC I,28,Male,Junior High,Underemployed,Welding,Construction,Returning Learner,Graduate
Mailum,Electrical Installation and Maintenance NC II,20,Male,Junior High,Unemployed,Electrical Repair,Construction,Returning Learner,Dropout
Dulao,Shielded Metal Arc Welding NC I,24,Male,Senior High,Underemployed,Welding,Construction,Returning Learner,Dropout
Caridad,Carpentry NC II,19,Female,Junior High,Underemployed,Carpentry,Construction,New Entrant,Dropout
Busay,Carpentry NC II,19,Female,Junior High,Underemployed,Welding,Construction,Career Shifter,Dropout
Binubuhan,Cookery NC II,31,Male,College Undergraduate,Unemployed,Cooking,Hospitality,New Entrant,Dropout
Poblacion,Bread and Pastry NC II,36,Male,Elementary Graduate,Unemployed,Baking,Hospitality,Experienced Worker,Graduate
Sagasa,Shielded Metal Arc Welding NC I,30,Male,Senior High,Wage Employed,Welding,Construction,New Entrant,Dropout
Calumangan,Masonry NC II,39,Male,Elementary Graduate,Unemployed,Masonry,Construction,New Entrant,Graduate
Abuanan,Shielded Metal Arc Welding NC I,41,Female,College Undergraduate,Unemployed,Electrical Repair,Construction,Career Shifter,Graduate
Lag-asan,Bread and Pastry NC II,21,Male,College Undergraduate,Self-employed,Masonry,Construction,Career Shifter,Graduate
Mailum,Carpentry NC II,20,Male,Junior High,Self-employed,Carpentry,Agriculture,Returning Learner,Graduate
Abuanan,Carpentry NC II,18,Female,Elementary Graduate,Unemployed,Masonry,Construction,Career Shifter,Dropout
Binubuhan,Computer Systems Servicing NC II,40,Male,College Graduate,Wage Employed,Computer Literacy,ICT,Experienced Worker,Graduate
Balingasag,Electrical Installation and Maintenance NC II,23,Male,Junior High,Unemployed,Welding,Construction,Experienced Worker,Graduate
Caridad,Carpentry NC II,29,Male,Senior High,Wage Employed,Carpentry,Construction,New Entrant,Graduate
Poblacion,Driving NC II,38,Female,Senior High,Underemployed,Cooking,Hospitality,New Entrant,Graduate
Ma-ao,Carpentry NC II,25,Male,Elementary Graduate,Unemployed,Carpentry,Construction,Returning Learner,Graduate
Mailum,Carpentry NC II,22,Male,Junior High,Unemployed,Carpentry,Construction,Returning Learner,Dropout
Taloc,Computer Systems Servicing NC II,24,Female,College Graduate,Wage Employed,Computer Literacy,ICT,Experienced Worker,Graduate
Bagroy,Driving NC II,31,Male,Senior High,Unemployed,Driving,Transportation,Returning Learner,Dropout
Calumangan,Computer Systems Servicing NC II,34,Male,College Graduate,Wage Employed,Computer Literacy,ICT,Career Shifter,Graduate
Malingin,Computer Systems Servicing NC II,27,Male,Senior High,Unemployed,Computer Literacy,ICT,New Entrant,Graduate
Dulao,Carpentry NC II,25,Male,College Undergraduate,Underemployed,Carpentry,Construction,Returning Learner,Graduate
Taloc,Masonry NC II,39,Male,Elementary Graduate,Unemployed,Masonry,Construction,Experienced Worker,Graduate
Malingin,Shielded Metal Arc Welding NC I,25,Female,Senior High,Underemployed,Welding,Construction,New Entrant,Dropout
Lag-asan,Driving NC II,20,Male,Elementary Graduate,Underemployed,Driving,Transportation,New Entrant,Dropout
Poblacion,Electrical Installation and Maintenance NC II,24,Male,Senior High,Underemployed,Electrical Repair,Construction,New Entrant,Graduate
Lag-asan,Driving NC II,43,Male,Senior High,Underemployed,Driving,Transportation,Career Shifter,Graduate
Taloc,Masonry NC II,26,Male,Junior High,Underemployed,Masonry,Construction,Experienced Worker,Dropout
Alianza,Bread and Pastry NC II,30,Female,Senior High,Unemployed,Baking,Hospitality,Experienced Worker,Graduate
Mailum,Computer Systems Servicing NC II,53,Female,College Graduate,Wage Employed,Computer Literacy,ICT,New Entrant,Dropout
Tabunan,Cookery NC II,39,Female,Junior High,Unemployed,Cooking,Hospitality,Returning Learner,Graduate
Ma-ao,Electrical Installation and Maintenance NC II,36,Male,Junior High,Underemployed,Electrical Repair,Construction,New Entrant,Dropout
Atipuluan,Computer Systems Servicing NC II,25,Male,College Graduate,Unemployed,Computer Literacy,ICT,Experienced Worker,Graduate
Mailum,Computer Systems Servicing NC II,28,Male,Senior High,Self-employed,Computer Literacy,ICT,Experienced Worker,Dropout
Bacong,Driving NC II,40,Male,Junior High,Unemployed,Welding,Construction,New Entrant,Graduate
Ma-ao,Electrical Installation and Maintenance NC II,41,Male,Junior High,Wage Employed,Electrical Repair,Construction,Experienced Worker,Graduate
Abuanan,Carpentry NC II,29,Male,College Graduate,Underemployed,Carpentry,Construction,New Entrant,Graduate
Atipuluan,Carpentry NC II,18,Male,Elementary Graduate,Unemployed,Baking,Hospitality,Career Shifter,Dropout
Poblacion,Masonry NC II,39,Male,Elementary Graduate,Unemployed,Masonry,Construction,New Entrant,Dropout
Atipuluan,Bread and Pastry NC II,39,Male,Senior High,Unemployed,Welding,Construction,Career Shifter,Graduate
Balingasag,Masonry NC II,33,Male,College Graduate,Self-employed,Masonry,Construction,Returning Learner,Graduate
Bagroy,Carpentry NC II,36,Female,Senior High,Wage Employed,Carpentry,Construction,Returning Learner,Graduate
Poblacion,Bread and Pastry NC II,36,Female,Senior High,Self-employed,Baking,Hospitality,Experienced Worker,Graduate
Atipuluan,Computer Systems Servicing NC II,40,Female,College Undergraduate,Unemployed,Computer Literacy,ICT,New Entrant,Graduate
Poblacion,Carpentry NC II,40,Male,Junior High,Self-employed,Carpentry,Agriculture,Career Shifter,Graduate
Balingasag,Electrical Installation and Maintenance NC II,36,Male,Junior High,Wage Employed,Electrical Repair,Construction,New Entrant,Graduate
Pacol,Carpentry NC II,24,Male,Senior High,Wage Employed,Carpentry,Construction,Experienced Worker,Graduate
Taloc,Driving NC II,51,Male,College Graduate,Self-employed,Driving,Transportation,Experienced Worker,Graduate
Taloc,Cookery NC II,47,Female,College Graduate,Self-employed,Cooking,Hospitality,Experienced Worker,Graduate
Busay,Bread and Pastry NC II,26,Female,Senior High,Unemployed,Baking,Hospitality,New Entrant,Graduate
Lag-asan,Driving NC II,31,Male,Junior High,Underemployed,Driving,Transportation,Career Shifter,Graduate
Alianza,Shielded Metal Arc Welding NC I,55,Female,College Graduate,Wage Employed,Computer Literacy,ICT,Returning Learner,Graduate
Poblacion,Computer Systems Servicing NC II,29,Male,College Graduate,Self-employed,Computer Literacy,ICT,Experienced Worker,Graduate
Taloc,Shielded Metal Arc Welding NC I,29,Male,Junior High,Unemployed,Welding,Construction,New Entrant,Graduate
Atipuluan,Electrical Installation and Maintenance NC II,43,Male,College Graduate,Underemployed,Electrical Repair,Construction,New Entrant,Graduate
Abuanan,Computer Systems Servicing NC II,26,Male,College Undergraduate,Wage Employed,Computer Literacy,ICT,Experienced Worker,Graduate
Poblacion,Computer Systems Servicing NC II,37,Female,Senior High,Unemployed,Masonry,Construction,Experienced Worker,Graduate
Poblacion,Carpentry NC II,19,Male,Elementary Graduate,Unemployed,Carpentry,Construction,New Entrant,Graduate
Balingasag,Masonry NC II,42,Male,College Graduate,Self-employed,Masonry,Construction,Experienced Worker,Graduate
Alianza,Driving NC II,25,Male,College Undergraduate,Wage Employed,Driving,Transportation,Experienced Worker,Graduate
Taloc,Shielded Metal Arc Welding NC I,18,Male,Senior High,Underemployed,Welding,Construction,Experienced Worker,Graduate
Calumangan,Driving NC II,42,Male,Junior High,Underemployed,Driving,Transportation,Experienced Worker,Graduate
Atipuluan,Masonry NC II,19,Female,Senior High,Underemployed,Masonry,Construction,Returning Learner,Graduate
Lag-asan,Shielded Metal Arc Welding NC I,28,Male,Elementary Graduate,Unemployed,Welding,Construction,Career Shifter,Dropout
Balingasag,Cookery NC II,20,Male,Elementary Graduate,Underemployed,Electrical Repair,Construction,Career Shifter,Graduate
Caridad,Cookery NC II,20,Female,Senior High,Unemployed,Cooking,Hospitality,Returning Learner,Graduate
Alianza,Carpentry NC II,21,Male,Elementary Graduate,Unemployed,Carpentry,Construction,Career Shifter,Graduate
Poblacion,Carpentry NC II,22,Female,Senior High,Self-employed,Welding,Construction,Career Shifter,Graduate
Taloc,Shielded Metal Arc Welding NC I,40,Male,Senior High,Underemployed,Welding,Construction,Returning Learner,Graduate
Napoles,Bread and Pastry NC II,34,Male,Senior High,Wage Employed,Baking,Business,Experienced Worker,Graduate
Dulao,Driving NC II,23,Male,Junior High,Underemployed,Driving,Transportation,Career Shifter,Graduate
Atipuluan,Driving NC II,38,Male,Junior High,Underemployed,Driving,Transportation,Career Shifter,Graduate
Abuanan,Carpentry NC II,40,Male,Junior High,Self-employed,Carpentry,Construction,New Entrant,Dropout
Balingasag,Cookery NC II,34,Female,Elementary Graduate,Unemployed,Cooking,Hospitality,New Entrant,Dropout
Bagroy,Bread and Pastry NC II,37,Male,Senior High,Wage Employed,Baking,Hospitality,Career Shifter,Graduate
Bacong,Electrical Installation and Maintenance NC II,18,Female,Senior High,Underemployed,Electrical Repair,Construction,Returning Learner,Dropout
Sagasa,Driving NC II,19,Male,Junior High,Unemployed,Driving,Transportation,Returning Learner,Dropout
Pacol,Computer Systems Servicing NC II,22,Female,College Undergraduate,Self-employed,Computer Literacy,ICT,Experienced Worker,Graduate
Binubuhan,Driving NC II,18,Female,Junior High,Wage Employed,Driving,Transportation,Career Shifter,Graduate
Abuanan,Shielded Metal Arc Welding NC I,18,Male,Elementary Graduate,Unemployed,Welding,Construction,New Entrant,Dropout
Abuanan,Cookery NC II,23,Male,Senior High,Unemployed,Cooking,Agriculture,Returning Learner,Graduate
Poblacion,Electrical Installation and Maintenance NC II,18,Male,Junior High,Self-employed,Electrical Repair,Construction,Career Shifter,Graduate
Caridad,Electrical Installation and Maintenance NC II,40,Male,Elementary Graduate,Unemployed,Electrical Repair,Transportation,New Entrant,Dropout
Poblacion,Computer Systems Servicing NC II,45,Male,College Graduate,Wage Employed,Computer Literacy,ICT,Experienced Worker,Graduate
Taloc,Masonry NC II,39,Male,Elementary Graduate,Unemployed,Masonry,Construction,New Entrant,Dropout
Balingasag,Carpentry NC II,32,Male,Senior High,Unemployed,Carpentry,Construction,Returning Learner,Graduate
Tabunan,Computer Systems Servicing NC II,39,Male,College Undergraduate,Underemployed,Computer Literacy,ICT,Experienced Worker,Graduate
Mailum,Electrical Installation and Maintenance NC II,34,Male,Elementary Graduate,Self-employed,Electrical Repair,Construction,Experienced Worker,Dropout
Atipuluan,Masonry NC II,33,Male,Elementary Graduate,Underemployed,Masonry,Construction,Returning Learner,Graduate
Dulao,Carpentry NC II,40,Male,Junior High,Self-employed,Carpentry,Construction,Experienced Worker,Graduate
Calumangan,Electrical Installation and Maintenance NC II,34,Male,Senior High,Self-employed,Electrical Repair,Construction,Experienced Worker,Dropout
Caridad,Computer Systems Servicing NC II,45,Male,College Undergraduate,Wage Employed,Computer Literacy,ICT,Experienced Worker,Graduate
Abuanan,Bread and Pastry NC II,44,Male,College Graduate,Wage Employed,Baking,ICT,Experienced Worker,Graduate
Balingasag,Computer Systems Servicing NC II,36,Male,Senior High,Self-employed,Computer Literacy,ICT,Returning Learner,Dropout
Dulao,Computer Systems Servicing NC II,42,Male,Senior High,Self-employed,Computer Literacy,ICT,Experienced Worker,Graduate
Tabunan,Driving NC II,42,Female,Junior High,Wage Employed,Driving,Transportation,Experienced Worker,Graduate
Abuanan,Shielded Metal Arc Welding NC I,25,Male,Junior High,Self-employed,Welding,Construction,Experienced Worker,Graduate
Napoles,Shielded Metal Arc Welding NC I,36,Female,Senior High,Self-employed,Welding,Construction,Returning Learner,Dropout
Calumangan,Masonry NC II,38,Male,Junior High,Wage Employed,Masonry,Construction,Experienced Worker,Graduate
Dulao,Bread and Pastry NC II,31,Female,Senior High,Self-employed,Baking,Hospitality,Experienced Worker,Graduate
Atipuluan,Computer Systems Servicing NC II,28,Female,Senior High,Underemployed,Carpentry,Construction,New Entrant,Graduate
Caridad,Electrical Installation and Maintenance NC II,37,Male,Senior High,Underemployed,Electrical Repair,Construction,Returning Learner,Graduate
Caridad,Cookery NC II,33,Female,Junior High,Unemployed,Cooking,Hospitality,New Entrant,Dropout
Poblacion,Cookery NC II,25,Male,Junior High,Underemployed,Cooking,Hospitality,Career Shifter,Graduate
Abuanan,Masonry NC II,38,Male,College Graduate,Wage Employed,Masonry,Construction,Career Shifter,Graduate
Napoles,Carpentry NC II,18,Female,Senior High,Self-employed,Cooking,Hospitality,New Entrant,Graduate
Dulao,Computer Systems Servicing NC II,25,Female,Senior High,Underemployed,Computer Literacy,ICT,Experienced Worker,Graduate
Calumangan,Driving NC II,20,Male,Junior High,Self-employed,Carpentry,Construction,Career Shifter,Dropout
Bagroy,Cookery NC II,42,Female,Junior High,Unemployed,Cooking,Hospitality,Returning Learner,Dropout
Ma-ao,Carpentry NC II,39,Male,Senior High,Underemployed,Carpentry,ICT,New Entrant,Graduate
Ma-ao,Bread and Pastry NC II,31,Male,Elementary Graduate,Underemployed,Baking,Hospitality,Career Shifter,Graduate
Bacong,Computer Systems Servicing NC II,21,Male,College Undergraduate,Self-employed,Computer Literacy,ICT,Returning Learner,Graduate
Lag-asan,Computer Systems Servicing NC II,38,Female,College Undergraduate,Unemployed,Computer Literacy,ICT,Career Shifter,Dropout
Calumangan,Carpentry NC II,39,Male,Junior High,Underemployed,Carpentry,Construction,Returning Learner,Graduate
Calumangan,Cookery NC II,26,Male,Junior High,Underemployed,Cooking,Hospitality,Experienced Worker,Graduate
Bacong,Bread and Pastry NC II,27,Female,Senior High,Underemployed,Baking,Hospitality,New Entrant,Graduate
Lag-asan,Masonry NC II,42,Male,Junior High,Self-employed,Masonry,Construction,Experienced Worker,Graduate
Caridad,Masonry NC II,41,Female,Junior High,Unemployed,Masonry,Construction,Returning Learner,Graduate
Malingin,Electrical Installation and Maintenance NC II,33,Male,Junior High,Unemployed,Electrical Repair,Construction,Experienced Worker,Graduate
Balingasag,Bread and Pastry NC II,18,Male,Senior High,Wage Employed,Computer Literacy,ICT,Career Shifter,Dropout
Binubuhan,Carpentry NC II,24,Male,Senior High,Unemployed,Carpentry,Construction,Career Shifter,Dropout
Calumangan,Cookery NC II,42,Male,Senior High,Underemployed,Cooking,Hospitality,New Entrant,Dropout
Lag-asan,Masonry NC II,35,Male,College Graduate,Underemployed,Masonry,Construction,Returning Learner,Graduate
Abuanan,Driving NC II,37,Male,Senior High,Underemployed,Driving,Transportation,New Entrant,Graduate
Bagroy,Bread and Pastry NC II,44,Female,Senior High,Self-employed,Baking,Hospitality,Experienced Worker,Graduate
Abuanan,Masonry NC II,26,Female,College Undergraduate,Self-employed,Masonry,Construction,Experienced Worker,Graduate
Abuanan,Bread and Pastry NC II,36,Male,Senior High,Underemployed,Baking,Hospitality,Experienced Worker,Graduate
Atipuluan,Electrical Installation and Maintenance NC II,45,Male,Senior High,Wage Employed,Electrical Repair,Construction,Experienced Worker,Graduate
Lag-asan,Driving NC II,33,Male,Junior High,Unemployed,Driving,Transportation,New Entrant,Graduate
Atipuluan,Driving NC II,29,Female,Junior High,Unemployed,Baking,Hospitality,Career Shifter,Graduate
Atipuluan,Masonry NC II,32,Male,Senior High,Self-employed,Masonry,Transportation,Experienced Worker,Graduate
Balingasag,Cookery NC II,29,Female,Junior High,Underemployed,Cooking,Hospitality,New Entrant,Dropout
Calumangan,Bread and Pastry NC II,19,Male,Junior High,Self-employed,Baking,Hospitality,Experienced Worker,Graduate
Abuanan,Cookery NC II,22,Male,Junior High,Unemployed,Driving,Transportation,Returning Learner,Graduate
Binubuhan,Bread and Pastry NC II,19,Female,Senior High,Underemployed,Baking,Hospitality,Experienced Worker,Dropout
Bagroy,Shielded Metal Arc Welding NC I,18,Male,Junior High,Unemployed,Welding,Construction,New Entrant,Dropout
Poblacion,Cookery NC II,42,Female,Senior High,Unemployed,Cooking,Hospitality,New Entrant,Graduate
Atipuluan,Electrical Installation and Maintenance NC II,34,Male,Senior High,Self-employed,Electrical Repair,Construction,Experienced Worker,Graduate
Poblacion,Bread and Pastry NC II,27,Female,College Undergraduate,Wage Employed,Baking,Hospitality,Experienced Worker,Graduate
Caridad,Bread and Pastry NC II,34,Male,Junior High,Unemployed,Baking,Agriculture,Returning Learner,Graduate
Dulao,Carpentry NC II,47,Male,College Graduate,Wage Employed,Carpentry,Construction,Experienced Worker,Graduate
Dulao,Carpentry NC II,27,Male,Junior High,Unemployed,Carpentry,Construction,Experienced Worker,Graduate
Lag-asan,Cookery NC II,42,Female,Senior High,Self-employed,Cooking,Hospitality,New Entrant,Graduate
Pacol,Shielded Metal Arc Welding NC I,32,Male,Senior High,Underemployed,Welding,Construction,New Entrant,Dropout
Taloc,Bread and Pastry NC II,38,Male,Senior High,Underemployed,Baking,Hospitality,New Entrant,Graduate
Calumangan,Carpentry NC II,34,Male,Junior High,Unemployed,Carpentry,Construction,New Entrant,Dropout
Bagroy,Cookery NC II,21,Female,Junior High,Unemployed,Cooking,Hospitality,Returning Learner,Graduate
Poblacion,Bread and Pastry NC II,29,Male,Senior High,Self-employed,Baking,Agriculture,Experienced Worker,Graduate
Dulao,Cookery NC II,43,Female,College Undergraduate,Self-employed,Cooking,Hospitality,Returning Learner,Graduate
Mailum,Bread and Pastry NC II,38,Female,Junior High,Underemployed,Baking,Hospitality,New Entrant,Dropout
Abuanan,Carpentry NC II,32,Male,College Undergraduate,Self-employed,Carpentry,ICT,Experienced Worker,Graduate
Abuanan,Masonry NC II,45,Male,Senior High,Underemployed,Masonry,Construction,Experienced Worker,Graduate
Atipuluan,Driving NC II,43,Female,Senior High,Self-employed,Driving,Transportation,Returning Learner,Dropout
Bagroy,Driving NC II,28,Male,Elementary Graduate,Underemployed,Driving,Transportation,New Entrant,Graduate
Caridad,Shielded Metal Arc Welding NC I,25,Male,Junior High,Self-employed,Welding,Construction,Experienced Worker,Graduate
Sagasa,Computer Systems Servicing NC II,44,Female,College Undergraduate,Wage Employed,Computer Literacy,ICT,Experienced Worker,Graduate
Atipuluan,Electrical Installation and Maintenance NC II,54,Male,College Graduate,Unemployed,Electrical Repair,Construction,Experienced Worker,Graduate
Balingasag,Cookery NC II,42,Male,College Graduate,Wage Employed,Cooking,Hospitality,Experienced Worker,Graduate
Taloc,Carpentry NC II,33,Female,Junior High,Unemployed,Carpentry,Construction,New Entrant,Dropout
Napoles,Carpentry NC II,23,Male,Junior High,Unemployed,Carpentry,Construction,Returning Learner,Dropout
Abuanan,Cookery NC II,40,Male,Junior High,Self-employed,Cooking,Hospitality,Career Shifter,Graduate
Atipuluan,Bread and Pastry NC II,30,Male,College Undergraduate,Unemployed,Baking,Hospitality,New Entrant,Graduate
Lag-asan,Cookery NC II,24,Male,Junior High,Self-employed,Cooking,Hospitality,New Entrant,Graduate
Calumangan,Computer Systems Servicing NC II,23,Male,College Undergraduate,Wage Employed,Computer Literacy,ICT,Experienced Worker,Graduate
Abuanan,Electrical Installation and Maintenance NC II,30,Female,Senior High,Underemployed,Electrical Repair,Construction,Returning Learner,Graduate
Ma-ao,Computer Systems Servicing NC II,43,Male,Senior High,Unemployed,Computer Literacy,ICT,Experienced Worker,Dropout
Alianza,Bread and Pastry NC II,21,Female,Senior High,Underemployed,Baking,Hospitality,Career Shifter,Graduate
Pacol,Computer Systems Servicing NC II,32,Male,College Undergraduate,Underemployed,Computer Literacy,ICT,Career Shifter,Dropout
Alianza,Shielded Metal Arc Welding NC I,30,Male,College Undergraduate,Wage Employed,Welding,Construction,Experienced Worker,Graduate
Poblacion,Electrical Installation and Maintenance NC II,30,Male,Junior High,Underemployed,Electrical Repair,Construction,Career Shifter,Graduate
Ma-ao,Shielded Metal Arc Welding NC I,46,Male,College Undergraduate,Wage Employed,Welding,Construction,Experienced Worker,Graduate
Sagasa,Carpentry NC II,25,Male,Senior High,Wage Employed,Carpentry,Construction,Experienced Worker,Graduate
Atipuluan,Cookery NC II,30,Female,College Undergraduate,Unemployed,Baking,Hospitality,Career Shifter,Graduate
Ilijan,Bread and Pastry NC II,26,Female,Elementary Graduate,Underemployed,Baking,Hospitality,Career Shifter,Dropout
Bacong,Masonry NC II,36,Male,Elementary Graduate,Unemployed,Masonry,Construction,Returning Learner,Dropout
Poblacion,Computer Systems Servicing NC II,31,Female,Senior High,Unemployed,Computer Literacy,ICT,Career Shifter,Graduate
Atipuluan,Computer Systems Servicing NC II,20,Male,College Undergraduate,Wage Employed,Computer Literacy,ICT,Returning Learner,Graduate
Taloc,Cookery NC II,19,Female,College Undergraduate,Self-employed,Cooking,Hospitality,Career Shifter,Graduate
Lag-asan,Electrical Installation and Maintenance NC II,42,Male,Junior High,Wage Employed,Electrical Repair,Construction,Experienced Worker,Graduate
Poblacion,Driving NC II,25,Female,Senior High,Underemployed,Driving,Transportation,New Entrant,Graduate
Atipuluan,Driving NC II,21,Male,Senior High,Unemployed,Welding,Business,New Entrant,Graduate
Alianza,Shielded Metal Arc Welding NC I,21,Male,Senior High,Underemployed,Welding,Construction,New Entrant,Dropout
Caridad,Computer Systems Servicing NC II,26,Male,College Undergraduate,Self-employed,Welding,Construction,New Entrant,Dropout
Lag-asan,Bread and Pastry NC II,35,Female,Junior High,Self-employed,Baking,Hospitality,Experienced Worker,Graduate
Lag-asan,Cookery NC II,26,Male,Senior High,Underemployed,Cooking,Hospitality,Career Shifter,Graduate
Ilijan,Electrical Installation and Maintenance NC II,40,Male,Junior High,Underemployed,Electrical Repair,Construction,New Entrant,Dropout
Bacong,Cookery NC II,42,Male,Junior High,Self-employed,Cooking,Hospitality,Experienced Worker,Graduate
Alianza,Electrical Installation and Maintenance NC II,42,Male,Senior High,Self-employed,Electrical Repair,Business,Returning Learner,Graduate
Alianza,Electrical Installation and Maintenance NC II,39,Male,Junior High,Unemployed,Baking,Hospitality,New Entrant,Dropout
Ma-ao,Driving NC II,21,Male,Junior High,Underemployed,Driving,Hospitality,New Entrant,Dropout
Napoles,Cookery NC II,35,Male,Junior High,Unemployed,Electrical Repair,Construction,Career Shifter,Dropout
Poblacion,Computer Systems Servicing NC II,23,Female,College Undergraduate,Underemployed,Computer Literacy,ICT,New Entrant,Graduate
Poblacion,Masonry NC II,27,Male,Junior High,Unemployed,Masonry,Construction,Returning Learner,Dropout
Binubuhan,Masonry NC II,28,Male,Senior High,Underemployed,Masonry,Construction,New Entrant,Dropout
Napoles,Masonry NC II,20,Male,Junior High,Underemployed,Cooking,Hospitality,New Entrant,Dropout
Caridad,Computer Systems Servicing NC II,19,Female,Junior High,Self-employed,Computer Literacy,ICT,New Entrant,Graduate
Alianza,Bread and Pastry NC II,19,Female,Senior High,Wage Employed,Computer Literacy,Transportation,Returning Learner,Graduate
Abuanan,Bread and Pastry NC II,23,Male,Senior High,Unemployed,Baking,Hospitality,Returning Learner,Graduate
Bacong,Cookery NC II,45,Male,Senior High,Wage Employed,Cooking,Hospitality,Experienced Worker,Graduate
Caridad,Driving NC II,25,Male,Elementary Graduate,Underemployed,Driving,Transportation,New Entrant,Dropout
Atipuluan,Masonry NC II,27,Male,Junior High,Wage Employed,Masonry,Construction,Returning Learner,Graduate
Caridad,Computer Systems Servicing NC II,26,Male,Junior High,Unemployed,Computer Literacy,Hospitality,Returning Learner,Dropout
Napoles,Driving NC II,19,Male,Senior High,Underemployed,Driving,Transportation,Experienced Worker,Graduate
Atipuluan,Driving NC II,19,Male,College Undergraduate,Unemployed,Driving,Transportation,New Entrant,Graduate
Abuanan,Shielded Metal Arc Welding NC I,55,Male,College Graduate,Wage Employed,Welding,Construction,Experienced Worker,Graduate
Alianza,Bread and Pastry NC II,33,Female,Elementary Graduate,Underemployed,Baking,Hospitality,New Entrant,Graduate
Poblacion,Cookery NC II,21,Female,Junior High,Unemployed,Carpentry,Construction,Career Shifter,Graduate
Taloc,Cookery NC II,38,Female,Junior High,Unemployed,Cooking,Hospitality,New Entrant,Dropout
Bagroy,Driving NC II,42,Male,Junior High,Unemployed,Driving,Transportation,New Entrant,Graduate
Sagasa,Masonry NC II,40,Male,Elementary Graduate,Underemployed,Masonry,Construction,Career Shifter,Dropout
Lag-asan,Bread and Pastry NC II,42,Female,Senior High,Self-employed,Carpentry,Construction,Experienced Worker,Graduate
Napoles,Driving NC II,23,Male,College Graduate,Wage Employed,Driving,Transportation,Returning Learner,Graduate
Napoles,Cookery NC II,26,Male,Senior High,Self-employed,Cooking,Hospitality,Experienced Worker,Graduate
Taloc,Electrical Installation and Maintenance NC II,24,Female,Senior High,Unemployed,Electrical Repair,Construction,New Entrant,Dropout
Balingasag,Electrical Installation and Maintenance NC II,40,Male,Junior High,Underemployed,Electrical Repair,Construction,Returning Learner,Graduate
Taloc,Cookery NC II,36,Female,College Undergraduate,Self-employed,Cooking,Hospitality,Experienced Worker,Graduate
Atipuluan,Cookery NC II,38,Male,Junior High,Wage Employed,Cooking,Hospitality,Experienced Worker,Graduate
Balingasag,Masonry NC II,42,Female,Junior High,Underemployed,Baking,Hospitality,Career Shifter,Graduate
Abuanan,Electrical Installation and Maintenance NC II,31,Female,Junior High,Wage Employed,Electrical Repair,Construction,Experienced Worker,Graduate
Atipuluan,Shielded Metal Arc Welding NC I,24,Male,College Undergraduate,Wage Employed,Masonry,Construction,Career Shifter,Graduate
Poblacion,Computer Systems Servicing NC II,34,Male,College Graduate,Underemployed,Computer Literacy,ICT,New Entrant,Graduate
Poblacion,Carpentry NC II,38,Male,Junior High,Unemployed,Carpentry,Business,Career Shifter,Dropout
Taloc,Shielded Metal Arc Welding NC I,19,Male,Junior High,Unemployed,Welding,Construction,Returning Learner,Dropout
Abuanan,Electrical Installation and Maintenance NC II,44,Male,Senior High,Underemployed,Electrical Repair,Construction,Experienced Worker,Graduate
Tabunan,Masonry NC II,29,Female,College Undergraduate,Wage Employed,Masonry,Construction,Experienced Worker,Dropout
Dulao,Masonry NC II,26,Male,Junior High,Self-employed,Masonry,Construction,Returning Learner,Dropout
Ma-ao,Electrical Installation and Maintenance NC II,20,Female,Elementary Graduate,Underemployed,Electrical Repair,Construction,New Entrant,Dropout
Busay,Bread and Pastry NC II,38,Male,Senior High,Unemployed,Baking,Hospitality,Experienced Worker,Graduate
Dulao,Masonry NC II,38,Male,College Undergraduate,Underemployed,Masonry,Construction,New Entrant,Graduate
Abuanan,Masonry NC II,31,Male,Senior High,Underemployed,Masonry,Construction,Experienced Worker,Graduate
Malingin,Computer Systems Servicing NC II,35,Male,Senior High,Self-employed,Welding,Construction,New Entrant,Graduate
Caridad,Driving NC II,41,Male,College Undergraduate,Wage Employed,Driving,Hospitality,New Entrant,Graduate
Balingasag,Electrical Installation and Maintenance NC II,43,Male,Senior High,Underemployed,Electrical Repair,Construction,Experienced Worker,Graduate
Taloc,Electrical Installation and Maintenance NC II,28,Male,Elementary Graduate,Wage Employed,Electrical Repair,Construction,Experienced Worker,Dropout
Alianza,Electrical Installation and Maintenance NC II,33,Male,Junior High,Underemployed,Electrical Repair,Construction,Returning Learner,Dropout
Abuanan,Electrical Installation and Maintenance NC II,19,Male,Senior High,Unemployed,Electrical Repair,Construction,Returning Learner,Graduate
Poblacion,Shielded Metal Arc Welding NC I,34,Male,Elementary Graduate,Unemployed,Welding,Construction,New Entrant,Graduate
Abuanan,Carpentry NC II,25,Male,College Graduate,Wage Employed,Carpentry,Construction,New Entrant,Graduate
Taloc,Cookery NC II,31,Male,Senior High,Underemployed,Cooking,Hospitality,Returning Learner,Graduate
Balingasag,Driving NC II,55,Male,College Graduate,Underemployed,Driving,Transportation,New Entrant,Graduate
Poblacion,Cookery NC II,34,Male,Senior High,Unemployed,Cooking,Hospitality,New Entrant,Graduate
Ilijan,Shielded Metal Arc Welding NC I,24,Male,Elementary Graduate,Unemployed,Welding,Construction,Career Shifter,Dropout
Poblacion,Computer Systems Servicing NC II,42,Male,College Undergraduate,Wage Employed,Computer Literacy,Business,Experienced Worker,Graduate
Alianza,Computer Systems Servicing NC II,34,Female,Elementary Graduate,Unemployed,Computer Literacy,Agriculture,New Entrant,Graduate
Malingin,Cookery NC II,30,Female,Senior High,Wage Employed,Cooking,Hospitality,Career Shifter,Graduate
Lag-asan,Electrical Installation and Maintenance NC II,35,Male,Elementary Graduate,Unemployed,Electrical Repair,Construction,New Entrant,Dropout
Busay,Driving NC II,35,Female,College Undergraduate,Unemployed,Cooking,Hospitality,Returning Learner,Graduate
Binubuhan,Electrical Installation and Maintenance NC II,23,Male,Junior High,Underemployed,Electrical Repair,Construction,New Entrant,Dropout
Abuanan,Masonry NC II,38,Male,Senior High,Underemployed,Masonry,Construction,Experienced Worker,Graduate
Binubuhan,Bread and Pastry NC II,29,Male,College Undergraduate,Self-employed,Baking,Hospitality,Experienced Worker,Graduate
Ma-ao,Electrical Installation and Maintenance NC II,35,Male,Elementary Graduate,Underemployed,Electrical Repair,Construction,Experienced Worker,Graduate
Abuanan,Shielded Metal Arc Welding NC I,19,Female,Elementary Graduate,Wage Employed,Welding,Construction,New Entrant,Dropout
Ilijan,Driving NC II,31,Male,College Undergraduate,Underemployed,Driving,Transportation,Career Shifter,Dropout
Malingin,Shielded Metal Arc Welding NC I,43,Male,Senior High,Underemployed,Welding,Construction,New Entrant,Dropout
Abuanan,Bread and Pastry NC II,33,Male,Senior High,Unemployed,Baking,Hospitality,Returning Learner,Graduate
Ma-ao,Masonry NC II,40,Male,College Undergraduate,Unemployed,Masonry,Construction,New Entrant,Dropout
Abuanan,Cookery NC II,36,Female,Elementary Graduate,Underemployed,Cooking,Hospitality,Returning Learner,Graduate
Taloc,Carpentry NC II,23,Male,Elementary Graduate,Unemployed,Carpentry,Construction,New Entrant,Graduate
Bacong,Bread and Pastry NC II,26,Male,Senior High,Underemployed,Baking,Hospitality,Experienced Worker,Graduate
Lag-asan,Masonry NC II,43,Male,College Undergraduate,Wage Employed,Masonry,Construction,Experienced Worker,Graduate
Taloc,Driving NC II,31,Male,Senior High,Self-employed,Driving,Transportation,Experienced Worker,Graduate
Atipuluan,Driving NC II,20,Male,Junior High,Self-employed,Driving,Transportation,Returning Learner,Graduate
Caridad,Cookery NC II,38,Male,College Graduate,Underemployed,Cooking,Hospitality,New Entrant,Graduate
Dulao,Bread and Pastry NC II,36,Male,College Undergraduate,Underemployed,Baking,Hospitality,New Entrant,Graduate
Dulao,Computer Systems Servicing NC II,43,Female,Senior High,Unemployed,Computer Literacy,Construction,Experienced Worker,Graduate
Atipuluan,Electrical Installation and Maintenance NC II,24,Male,Junior High,Underemployed,Electrical Repair,Construction,New Entrant,Dropout
Poblacion,Shielded Metal Arc Welding NC I,29,Female,Junior High,Unemployed,Welding,Construction,Returning Learner,Graduate
Lag-asan,Masonry NC II,23,Male,Junior High,Unemployed,Masonry,Construction,Returning Learner,Graduate
Sagasa,Carpentry NC II,35,Male,Elementary Graduate,Underemployed,Carpentry,Construction,Career Shifter,Dropout
Alianza,Electrical Installation and Maintenance NC II,29,Male,Senior High,Unemployed,Electrical Repair,Transportation,Returning Learner,Graduate
Abuanan,Masonry NC II,44,Female,College Undergraduate,Wage Employed,Masonry,Construction,Experienced Worker,Graduate
Atipuluan,Bread and Pastry NC II,31,Female,Senior High,Underemployed,Baking,Hospitality,Returning Learner,Graduate
Taloc,Shielded Metal Arc Welding NC I,42,Male,Junior High,Unemployed,Welding,Construction,Career Shifter,Dropout
Atipuluan,Bread and Pastry NC II,28,Male,Senior High,Self-employed,Baking,Hospitality,Returning Learner,Graduate
Atipuluan,Driving NC II,28,Male,College Undergraduate,Unemployed,Driving,Transportation,Career Shifter,Dropout
Tabunan,Cookery NC II,35,Male,Junior High,Unemployed,Cooking,Hospitality,Career Shifter,Graduate
Malingin,Masonry NC II,36,Male,Senior High,Unemployed,Masonry,Construction,Returning Learner,Graduate
Ma-ao,Cookery NC II,22,Male,Junior High,Underemployed,Cooking,Hospitality,Career Shifter,Graduate
Balingasag,Driving NC II,23,Male,College Undergraduate,Underemployed,Driving,Transportation,Experienced Worker,Graduate
Dulao,Cookery NC II,18,Male,Senior High,Self-employed,Welding,Construction,Returning Learner,Graduate
Taloc,Cookery NC II,34,Male,College Graduate,Self-employed,Driving,Transportation,New Entrant,Graduate
Balingasag,Driving NC II,38,Male,Senior High,Underemployed,Driving,Hospitality,New Entrant,Graduate
Bagroy,Computer Systems Servicing NC II,36,Female,Junior High,Underemployed,Computer Literacy,ICT,Returning Learner,Dropout
Poblacion,Computer Systems Servicing NC II,37,Female,Senior High,Unemployed,Computer Literacy,ICT,New Entrant,Graduate
Sagasa,Driving NC II,22,Male,Junior High,Unemployed,Driving,Transportation,Returning Learner,Graduate
Tabunan,Shielded Metal Arc Welding NC I,37,Male,College Undergraduate,Unemployed,Welding,Construction,Returning Learner,Dropout
Lag-asan,Carpentry NC II,24,Male,Senior High,Underemployed,Carpentry,Construction,New Entrant,Graduate
Binubuhan,Computer Systems Servicing NC II,32,Male,Junior High,Underemployed,Computer Literacy,ICT,New Entrant,Graduate
Mailum,Driving NC II,42,Male,Senior High,Underemployed,Driving,Construction,Experienced Worker,Dropout
Balingasag,Carpentry NC II,32,Male,Junior High,Unemployed,Carpentry,Construction,Returning Learner,Graduate
Lag-asan,Cookery NC II,30,Female,Senior High,Underemployed,Cooking,Hospitality,New Entrant,Graduate
Taloc,Electrical Installation and Maintenance NC II,34,Male,College Undergraduate,Self-employed,Computer Literacy,ICT,Experienced Worker,Dropout
Pacol,Carpentry NC II,38,Male,Senior High,Wage Employed,Carpentry,Construction,Experienced Worker,Graduate
Dulao,Bread and Pastry NC II,36,Female,Elementary Graduate,Unemployed,Baking,Hospitality,Returning Learner,Graduate
Pacol,Masonry NC II,36,Male,College Undergraduate,Unemployed,Masonry,Construction,New Entrant,Graduate
Dulao,Driving NC II,41,Male,Junior High,Underemployed,Driving,Transportation,Career Shifter,Graduate
Pacol,Carpentry NC II,30,Female,Junior High,Underemployed,Carpentry,Construction,New Entrant,Dropout
Dulao,Electrical Installation and Maintenance NC II,39,Female,Senior High,Underemployed,Electrical Repair,Hospitality,New Entrant,Graduate
Balingasag,Bread and Pastry NC II,29,Female,College Undergraduate,Self-employed,Baking,Hospitality,Experienced Worker,Graduate
Lag-asan,Masonry NC II,37,Male,College Undergraduate,Self-employed,Masonry,Construction,Returning Learner,Dropout
Pacol,Driving NC II,38,Male,College Undergraduate,Self-employed,Driving,Transportation,Experienced Worker,Graduate
Poblacion,Bread and Pastry NC II,40,Male,Senior High,Wage Employed,Baking,ICT,Returning Learner,Graduate
Ilijan,Masonry NC II,37,Male,Senior High,Underemployed,Masonry,Construction,Experienced Worker,Graduate
Bacong,Shielded Metal Arc Welding NC I,42,Female,Junior High,Underemployed,Welding,Construction,Returning Learner,Graduate
Balingasag,Bread and Pastry NC II,42,Male,Senior High,Underemployed,Baking,Hospitality,New Entrant,Dropout
Calumangan,Bread and Pastry NC II,37,Male,Elementary Graduate,Underemployed,Carpentry,Construction,Career Shifter,Graduate
Bacong,Driving NC II,28,Male,Senior High,Wage Employed,Driving,Transportation,Experienced Worker,Dropout
Poblacion,Shielded Metal Arc Welding NC I,38,Male,Junior High,Unemployed,Welding,Construction,New Entrant,Dropout
Tabunan,Shielded Metal Arc Welding NC I,28,Male,Junior High,Underemployed,Welding,Construction,Returning Learner,Graduate
Abuanan,Computer Systems Servicing NC II,27,Male,College Undergraduate,Underemployed,Computer Literacy,ICT,Career Shifter,Graduate
Bacong,Bread and Pastry NC II,38,Male,Senior High,Self-employed,Baking,Hospitality,Returning Learner,Graduate
Bagroy,Electrical Installation and Maintenance NC II,47,Female,College Undergraduate,Wage Employed,Electrical Repair,Construction,Career Shifter,Graduate
Abuanan,Cookery NC II,33,Female,Junior High,Unemployed,Cooking,Hospitality,Experienced Worker,Graduate
Ilijan,Bread and Pastry NC II,37,Male,Junior High,Unemployed,Baking,Hospitality,New Entrant,Graduate
Mailum,Masonry NC II,33,Male,Junior High,Wage Employed,Masonry,Construction,Career Shifter,Dropout
Napoles,Cookery NC II,25,Female,Junior High,Self-employed,Cooking,Hospitality,Experienced Worker,Graduate
Tabunan,Driving NC II,23,Male,Elementary Graduate,Underemployed,Driving,Hospitality,Returning Learner,Dropout
Napoles,Shielded Metal Arc Welding NC I,33,Male,College Undergraduate,Underemployed,Computer Literacy,ICT,Career Shifter,Graduate
Abuanan,Shielded Metal Arc Welding NC I,46,Female,College Undergraduate,Underemployed,Welding,Construction,New Entrant,Dropout
Calumangan,Masonry NC II,44,Male,College Undergraduate,Unemployed,Computer Literacy,ICT,Career Shifter,Dropout
Abuanan,Electrical Installation and Maintenance NC II,40,Male,Junior High,Wage Employed,Electrical Repair,Construction,Experienced Worker,Graduate
Pacol,Bread and Pastry NC II,34,Female,Senior High,Wage Employed,Baking,Hospitality,Returning Learner,Graduate
Tabunan,Driving NC II,29,Female,College Undergraduate,Underemployed,Driving,Transportation,Returning Learner,Graduate
Pacol,Masonry NC II,34,Male,Senior High,Self-employed,Masonry,Construction,Returning Learner,Graduate
Dulao,Computer Systems Servicing NC II,40,Female,Senior High,Underemployed,Computer Literacy,ICT,New Entrant,Graduate
Ilijan,Driving NC II,22,Female,Junior High,Unemployed,Driving,Transportation,New Entrant,Graduate
Abuanan,Computer Systems Servicing NC II,25,Male,Senior High,Underemployed,Computer Literacy,ICT,Returning Learner,Graduate
Mailum,Cookery NC II,33,Female,Senior High,Unemployed,Cooking,Hospitality,New Entrant,Dropout
Napoles,Masonry NC II,30,Male,Junior High,Underemployed,Baking,Hospitality,Experienced Worker,Graduate
Dulao,Electrical Installation and Maintenance NC II,32,Male,Junior High,Underemployed,Electrical Repair,Construction,New Entrant,Graduate
Pacol,Bread and Pastry NC II,28,Female,College Undergraduate,Unemployed,Baking,Hospitality,Career Shifter,Graduate
Ma-ao,Bread and Pastry NC II,20,Female,Junior High,Unemployed,Baking,Hospitality,Returning Learner,Dropout
Alianza,Shielded Metal Arc Welding NC I,25,Male,Senior High,Underemployed,Welding,Business,Returning Learner,Graduate
Napoles,Computer Systems Servicing NC II,51,Male,College Graduate,Underemployed,Computer Literacy,ICT,Experienced Worker,Dropout
Calumangan,Computer Systems Servicing NC II,46,Male,College Graduate,Self-employed,Computer Literacy,ICT,New Entrant,Dropout
Balingasag,Masonry NC II,39,Male,Elementary Graduate,Unemployed,Masonry,Construction,Returning Learner,Graduate
Dulao,Bread and Pastry NC II,39,Female,Junior High,Unemployed,Baking,Hospitality,New Entrant,Dropout
Atipuluan,Masonry NC II,24,Male,College Undergraduate,Self-employed,Masonry,Construction,Returning Learner,Graduate
Bacong,Shielded Metal Arc Welding NC I,39,Female,Elementary Graduate,Underemployed,Welding,Construction,New Entrant,Graduate
Napoles,Bread and Pastry NC II,43,Female,Senior High,Wage Employed,Baking,Hospitality,New Entrant,Graduate
Napoles,Computer Systems Servicing NC II,53,Male,College Graduate,Underemployed,Computer Literacy,ICT,New Entrant,Graduate
Atipuluan,Cookery NC II,33,Male,Junior High,Wage Employed,Cooking,Hospitality,Returning Learner,Graduate
Calumangan,Electrical Installation and Maintenance NC II,20,Male,Senior High,Underemployed,Electrical Repair,Construction,New Entrant,Dropout
Bacong,Electrical Installation and Maintenance NC II,44,Male,Senior High,Self-employed,Electrical Repair,Construction,Returning Learner,Graduate
Busay,Bread and Pastry NC II,44,Female,College Undergraduate,Self-employed,Baking,Hospitality,Returning Learner,Graduate
Poblacion,Cookery NC II,39,Male,Junior High,Underemployed,Baking,Hospitality,New Entrant,Graduate
Napoles,Computer Systems Servicing NC II,34,Female,Senior High,Unemployed,Computer Literacy,ICT,New Entrant,Dropout
Taloc,Cookery NC II,34,Female,College Graduate,Underemployed,Cooking,Hospitality,Career Shifter,Graduate
Taloc,Cookery NC II,29,Male,Senior High,Unemployed,Cooking,Hospitality,New Entrant,Graduate
Pacol,Driving NC II,36,Male,Elementary Graduate,Unemployed,Driving,Construction,Returning Learner,Graduate
Atipuluan,Computer Systems Servicing NC II,48,Male,College Undergraduate,Unemployed,Computer Literacy,ICT,Returning Learner,Dropout
Abuanan,Shielded Metal Arc Welding NC I,38,Male,Senior High,Unemployed,Welding,Construction,New Entrant,Graduate
Abuanan,Shielded Metal Arc Welding NC I,19,Male,Junior High,Underemployed,Welding,Construction,Career Shifter,Dropout
Abuanan,Computer Systems Servicing NC II,42,Male,College Undergraduate,Underemployed,Carpentry,Transportation,New Entrant,Graduate
Taloc,Bread and Pastry NC II,24,Female,Senior High,Underemployed,Baking,Hospitality,New Entrant,Graduate
Alianza,Carpentry NC II,27,Male,Elementary Graduate,Unemployed,Carpentry,Construction,New Entrant,Graduate
Napoles,Carpentry NC II,29,Female,College Undergraduate,Wage Employed,Carpentry,Construction,Experienced Worker,Graduate
Abuanan,Electrical Installation and Maintenance NC II,41,Male,Junior High,Wage Employed,Electrical Repair,Construction,Returning Learner,Dropout
Pacol,Cookery NC II,42,Male,Junior High,Unemployed,Cooking,Hospitality,New Entrant,Graduate
Abuanan,Masonry NC II,45,Male,College Graduate,Self-employed,Driving,Transportation,New Entrant,Graduate
Bagroy,Computer Systems Servicing NC II,30,Male,College Undergraduate,Underemployed,Computer Literacy,Agriculture,Returning Learner,Graduate
Lag-asan,Bread and Pastry NC II,32,Male,College Undergraduate,Self-employed,Baking,Hospitality,Experienced Worker,Graduate
Abuanan,Computer Systems Servicing NC II,46,Male,College Undergraduate,Self-employed,Computer Literacy,ICT,New Entrant,Graduate
Alianza,Bread and Pastry NC II,37,Female,Senior High,Underemployed,Baking,Hospitality,Career Shifter,Dropout
Napoles,Electrical Installation and Maintenance NC II,29,Male,Elementary Graduate,Underemployed,Electrical Repair,Construction,Returning Learner,Dropout
Taloc,Carpentry NC II,26,Male,Junior High,Unemployed,Carpentry,Construction,New Entrant,Graduate
Poblacion,Cookery NC II,41,Male,Senior High,Self-employed,Cooking,Hospitality,Returning Learner,Graduate
Taloc,Computer Systems Servicing NC II,21,Male,Senior High,Underemployed,Electrical Repair,Construction,New Entrant,Graduate
Abuanan,Cookery NC II,25,Female,College Undergraduate,Underemployed,Cooking,Hospitality,Returning Learner,Graduate
Poblacion,Shielded Metal Arc Welding NC I,35,Female,College Undergraduate,Underemployed,Welding,Construction,Returning Learner,Graduate
Taloc,Cookery NC II,34,Male,Junior High,Underemployed,Cooking,Agriculture,New Entrant,Graduate
Bacong,Carpentry NC II,43,Female,Senior High,Wage Employed,Carpentry,Construction,Experienced Worker,Graduate
Ma-ao,Driving NC II,22,Male,Junior High,Unemployed,Driving,Transportation,Returning Learner,Graduate
Ma-ao,Shielded Metal Arc Welding NC I,41,Female,College Graduate,Self-employed,Welding,ICT,Returning Learner,Graduate
Poblacion,Cookery NC II,19,Female,Junior High,Wage Employed,Cooking,Hospitality,Returning Learner,Graduate
Dulao,Masonry NC II,40,Male,Senior High,Self-employed,Driving,Transportation,New Entrant,Graduate
Bacong,Masonry NC II,48,Female,College Undergraduate,Unemployed,Masonry,Construction,Experienced Worker,Graduate
Calumangan,Electrical Installation and Maintenance NC II,30,Male,Junior High,Self-employed,Baking,Hospitality,New Entrant,Graduate
Busay,Driving NC II,36,Male,Elementary Graduate,Underemployed,Driving,Transportation,New Entrant,Graduate
Balingasag,Bread and Pastry NC II,37,Female,College Undergraduate,Wage Employed,Baking,Hospitality,Experienced Worker,Graduate
Ma-ao,Cookery NC II,39,Female,Elementary Graduate,Self-employed,Cooking,Hospitality,Experienced Worker,Graduate
Calumangan,Driving NC II,39,Male,Junior High,Self-employed,Driving,Transportation,Experienced Worker,Graduate
Bacong,Cookery NC II,25,Female,Elementary Graduate,Underemployed,Cooking,Hospitality,Returning Learner,Graduate
Dulao,Masonry NC II,21,Female,College Undergraduate,Unemployed,Masonry,Construction,Career Shifter,Dropout
Dulao,Shielded Metal Arc Welding NC I,20,Female,Junior High,Self-employed,Welding,Construction,Career Shifter,Dropout
Lag-asan,Bread and Pastry NC II,34,Male,Elementary Graduate,Unemployed,Baking,Hospitality,New Entrant,Dropout
Ilijan,Computer Systems Servicing NC II,36,Male,College Undergraduate,Self-employed,Computer Literacy,ICT,Experienced Worker,Graduate
Alianza,Electrical Installation and Maintenance NC II,30,Male,Junior High,Unemployed,Electrical Repair,Construction,Returning Learner,Graduate
Abuanan,Driving NC II,32,Male,College Undergraduate,Wage Employed,Driving,Transportation,Experienced Worker,Graduate
Pacol,Masonry NC II,26,Male,Junior High,Underemployed,Masonry,Construction,New Entrant,Dropout
Atipuluan,Electrical Installation and Maintenance NC II,35,Male,Senior High,Underemployed,Electrical Repair,Construction,New Entrant,Graduate
Busay,Shielded Metal Arc Welding NC I,32,Male,Junior High,Unemployed,Welding,Construction,Career Shifter,Dropout
Alianza,Bread and Pastry NC II,27,Male,Elementary Graduate,Underemployed,Baking,Hospitality,New Entrant,Graduate
Pacol,Driving NC II,32,Male,Junior High,Unemployed,Driving,Transportation,Returning Learner,Graduate
Abuanan,Driving NC II,36,Male,College Undergraduate,Underemployed,Driving,Transportation,New Entrant,Dropout
Ilijan,Electrical Installation and Maintenance NC II,19,Female,Elementary Graduate,Unemployed,Electrical Repair,Construction,New Entrant,Dropout
Calumangan,Driving NC II,37,Male,Junior High,Underemployed,Driving,Transportation,New Entrant,Graduate
Mailum,Cookery NC II,37,Male,Senior High,Self-employed,Cooking,Hospitality,Experienced Worker,Dropout
Atipuluan,Carpentry NC II,23,Female,Junior High,Unemployed,Carpentry,Construction,New Entrant,Graduate
Napoles,Cookery NC II,26,Male,Senior High,Underemployed,Cooking,Hospitality,Returning Learner,Graduate
Bacong,Carpentry NC II,36,Male,Elementary Graduate,Unemployed,Carpentry,Construction,Career Shifter,Graduate
Pacol,Driving NC II,35,Male,Senior High,Underemployed,Driving,Transportation,Returning Learner,Graduate
Dulao,Driving NC II,20,Male,Junior High,Unemployed,Driving,Transportation,New Entrant,Dropout
Abuanan,Bread and Pastry NC II,26,Female,Junior High,Unemployed,Baking,Hospitality,Returning Learner,Graduate
Ma-ao,Bread and Pastry NC II,34,Female,Junior High,Underemployed,Baking,Hospitality,New Entrant,Dropout
Abuanan,Computer Systems Servicing NC II,30,Male,College Graduate,Wage Employed,Computer Literacy,ICT,Experienced Worker,Graduate
Calumangan,Computer Systems Servicing NC II,20,Female,Senior High,Unemployed,Computer Literacy,ICT,New Entrant,Dropout
Poblacion,Electrical Installation and Maintenance NC II,29,Male,College Undergraduate,Self-employed,Electrical Repair,Construction,Career Shifter,Graduate
Abuanan,Masonry NC II,18,Male,Junior High,Unemployed,Masonry,Construction,Returning Learner,Graduate
Abuanan,Masonry NC II,30,Male,Senior High,Unemployed,Masonry,Construction,New Entrant,Dropout
Bagroy,Masonry NC II,23,Male,Junior High,Underemployed,Masonry,Construction,Career Shifter,Graduate
Taloc,Computer Systems Servicing NC II,27,Female,Junior High,Underemployed,Computer Literacy,ICT,Experienced Worker,Graduate
Dulao,Masonry NC II,30,Female,Elementary Graduate,Unemployed,Masonry,Construction,Career Shifter,Dropout
Atipuluan,Carpentry NC II,29,Male,Elementary Graduate,Underemployed,Carpentry,Agriculture,New Entrant,Graduate
Alianza,Bread and Pastry NC II,43,Female,Senior High,Wage Employed,Baking,Hospitality,Career Shifter,Graduate
Alianza,Computer Systems Servicing NC II,21,Male,College Undergraduate,Self-employed,Computer Literacy,ICT,Experienced Worker,Dropout
Abuanan,Driving NC II,38,Male,Senior High,Self-employed,Driving,Transportation,Experienced Worker,Graduate
Mailum,Cookery NC II,35,Female,Junior High,Underemployed,Cooking,Hospitality,Career Shifter,Graduate
Bacong,Driving NC II,32,Male,Senior High,Self-employed,Driving,Transportation,Returning Learner,Graduate
Bagroy,Shielded Metal Arc Welding NC I,24,Male,Senior High,Underemployed,Welding,Construction,New Entrant,Dropout
Calumangan,Bread and Pastry NC II,19,Female,Junior High,Self-employed,Baking,Hospitality,Experienced Worker,Graduate
Abuanan,Driving NC II,40,Male,Senior High,Self-employed,Driving,Transportation,Experienced Worker,Graduate
Balingasag,Electrical Installation and Maintenance NC II,38,Male,Junior High,Unemployed,Electrical Repair,Business,Returning Learner,Graduate
Abuanan,Bread and Pastry NC II,50,Female,College Graduate,Wage Employed,Baking,Hospitality,Experienced Worker,Graduate
Pacol,Carpentry NC II,47,Male,College Graduate,Self-employed,Carpentry,Construction,Experienced Worker,Graduate
Alianza,Shielded Metal Arc Welding NC I,20,Female,Junior High,Underemployed,Welding,Transportation,New Entrant,Graduate
Dulao,Driving NC II,41,Male,College Undergraduate,Self-employed,Electrical Repair,Construction,Career Shifter,Graduate
Ma-ao,Bread and Pastry NC II,25,Female,Senior High,Self-employed,Baking,Hospitality,Experienced Worker,Graduate
Poblacion,Driving NC II,45,Male,Senior High,Underemployed,Driving,Transportation,Returning Learner,Graduate
Busay,Electrical Installation and Maintenance NC II,29,Male,Senior High,Wage Employed,Electrical Repair,Construction,Experienced Worker,Dropout
Atipuluan,Masonry NC II,44,Male,College Undergraduate,Underemployed,Masonry,Transportation,New Entrant,Graduate
Malingin,Electrical Installation and Maintenance NC II,32,Female,Junior High,Unemployed,Electrical Repair,Construction,New Entrant,Graduate
Dulao,Carpentry NC II,31,Female,College Graduate,Self-employed,Carpentry,Construction,Returning Learner,Graduate
Lag-asan,Driving NC II,32,Male,Elementary Graduate,Unemployed,Driving,Transportation,New Entrant,Graduate
Ma-ao,Electrical Installation and Maintenance NC II,24,Male,College Undergraduate,Wage Employed,Electrical Repair,Construction,New Entrant,Dropout
Alianza,Masonry NC II,21,Female,Junior High,Unemployed,Masonry,Construction,Returning Learner,Graduate
Taloc,Electrical Installation and Maintenance NC II,54,Female,College Graduate,Self-employed,Electrical Repair,Construction,Returning Learner,Graduate
Atipuluan,Bread and Pastry NC II,20,Male,Senior High,Underemployed,Baking,Construction,New Entrant,Graduate
Abuanan,Driving NC II,44,Male,College Undergraduate,Wage Employed,Driving,Transportation,Returning Learner,Graduate
Dulao,Electrical Installation and Maintenance NC II,41,Male,Senior High,Underemployed,Electrical Repair,Construction,Returning Learner,Dropout
Alianza,Cookery NC II,42,Female,Senior High,Self-employed,Welding,Construction,New Entrant,Graduate
Lag-asan,Electrical Installation and Maintenance NC II,25,Male,College Undergraduate,Self-employed,Electrical Repair,Construction,Career Shifter,Graduate
Pacol,Masonry NC II,50,Male,College Graduate,Self-employed,Driving,Transportation,Career Shifter,Dropout
Poblacion,Carpentry NC II,38,Male,Senior High,Underemployed,Carpentry,Construction,New Entrant,Dropout
Caridad,Shielded Metal Arc Welding NC I,50,Male,College Graduate,Wage Employed,Welding,Construction,Experienced Worker,Graduate
Binubuhan,Masonry NC II,42,Male,Junior High,Unemployed,Masonry,Construction,New Entrant,Dropout
Atipuluan,Masonry NC II,30,Male,Junior High,Underemployed,Masonry,Construction,Career Shifter,Graduate
Dulao,Masonry NC II,39,Male,Senior High,Unemployed,Masonry,Construction,Returning Learner,Graduate
Balingasag,Computer Systems Servicing NC II,51,Female,College Graduate,Wage Employed,Computer Literacy,ICT,Experienced Worker,Graduate
Abuanan,Driving NC II,46,Female,College Undergraduate,Underemployed,Driving,Transportation,Returning Learner,Graduate
Tabunan,Carpentry NC II,37,Male,College Undergraduate,Unemployed,Carpentry,Hospitality,New Entrant,Graduate
Calumangan,Computer Systems Servicing NC II,27,Male,College Graduate,Self-employed,Computer Literacy,ICT,Experienced Worker,Graduate
Atipuluan,Cookery NC II,20,Male,Junior High,Unemployed,Cooking,Hospitality,Returning Learner,Dropout
Taloc,Bread and Pastry NC II,32,Female,Senior High,Unemployed,Baking,Hospitality,Experienced Worker,Dropout
Tabunan,Shielded Metal Arc Welding NC I,39,Male,Senior High,Unemployed,Welding,Construction,Returning Learner,Dropout
Balingasag,Electrical Installation and Maintenance NC II,29,Male,Senior High,Wage Employed,Electrical Repair,Construction,Experienced Worker,Graduate
Sagasa,Cookery NC II,26,Male,Junior High,Unemployed,Cooking,Hospitality,New Entrant,Graduate
Abuanan,Electrical Installation and Maintenance NC II,28,Female,Senior High,Unemployed,Electrical Repair,Construction,Career Shifter,Graduate
Poblacion,Carpentry NC II,26,Male,Junior High,Unemployed,Carpentry,Construction,New Entrant,Graduate
Taloc,Carpentry NC II,33,Male,Elementary Graduate,Unemployed,Carpentry,Construction,Career Shifter,Dropout
Alianza,Bread and Pastry NC II,51,Female,College Graduate,Self-employed,Electrical Repair,Construction,Career Shifter,Dropout
Abuanan,Cookery NC II,43,Female,Senior High,Self-employed,Baking,Hospitality,Returning Learner,Graduate
Poblacion,Carpentry NC II,33,Male,Elementary Graduate,Unemployed,Carpentry,Construction,Returning Learner,Dropout
Abuanan,Masonry NC II,43,Male,Senior High,Underemployed,Masonry,Construction,Experienced Worker,Graduate
Taloc,Masonry NC II,26,Female,Junior High,Underemployed,Masonry,Construction,Career Shifter,Graduate
Pacol,Driving NC II,43,Male,Senior High,Unemployed,Driving,Transportation,Returning Learner,Graduate
Malingin,Shielded Metal Arc Welding NC I,30,Male,Senior High,Self-employed,Electrical Repair,ICT,Career Shifter,Graduate
Lag-asan,Driving NC II,25,Male,Junior High,Underemployed,Driving,Transportation,Experienced Worker,Graduate
Poblacion,Electrical Installation and Maintenance NC II,37,Male,College Undergraduate,Underemployed,Electrical Repair,Construction,Career Shifter,Dropout
Tabunan,Driving NC II,25,Male,Elementary Graduate,Unemployed,Driving,Transportation,Experienced Worker,Dropout
Ilijan,Computer Systems Servicing NC II,50,Female,College Graduate,Wage Employed,Computer Literacy,ICT,Returning Learner,Graduate
Calumangan,Driving NC II,22,Male,College Graduate,Underemployed,Computer Literacy,ICT,New Entrant,Graduate
Malingin,Cookery NC II,38,Female,College Undergraduate,Wage Employed,Cooking,Hospitality,Experienced Worker,Dropout
Mailum,Carpentry NC II,22,Male,Junior High,Underemployed,Carpentry,Construction,New Entrant,Dropout
Caridad,Cookery NC II,29,Male,Senior High,Self-employed,Cooking,Hospitality,Experienced Worker,Graduate
Lag-asan,Driving NC II,23,Male,Elementary Graduate,Underemployed,Driving,Transportation,New Entrant,Dropout
Napoles,Computer Systems Servicing NC II,19,Male,Elementary Graduate,Underemployed,Electrical Repair,Construction,Career Shifter,Graduate
Pacol,Bread and Pastry NC II,26,Female,Junior High,Underemployed,Baking,Hospitality,Career Shifter,Graduate
Taloc,Cookery NC II,32,Male,Elementary Graduate,Self-employed,Cooking,Agriculture,Experienced Worker,Graduate
Pacol,Shielded Metal Arc Welding NC I,19,Male,Elementary Graduate,Self-employed,Welding,Construction,Experienced Worker,Dropout
Bacong,Driving NC II,26,Male,Junior High,Unemployed,Driving,Business,Experienced Worker,Dropout
Taloc,Masonry NC II,38,Male,Senior High,Unemployed,Masonry,Construction,New Entrant,Graduate
Alianza,Driving NC II,42,Male,Junior High,Unemployed,Driving,Transportation,New Entrant,Graduate
Abuanan,Cookery NC II,22,Male,College Graduate,Unemployed,Computer Literacy,ICT,Career Shifter,Graduate
Busay,Driving NC II,40,Female,Junior High,Unemployed,Electrical Repair,Construction,Experienced Worker,Graduate
Caridad,Bread and Pastry NC II,27,Male,Senior High,Wage Employed,Baking,Hospitality,Career Shifter,Graduate
Atipuluan,Cookery NC II,29,Female,College Undergraduate,Self-employed,Cooking,Hospitality,Experienced Worker,Graduate
Poblacion,Carpentry NC II,27,Male,Senior High,Unemployed,Carpentry,Construction,Returning Learner,Graduate
Poblacion,Bread and Pastry NC II,27,Female,Senior High,Self-employed,Baking,Hospitality,Experienced Worker,Graduate
Malingin,Masonry NC II,26,Male,College Undergraduate,Self-employed,Masonry,Construction,Returning Learner,Graduate
Busay,Masonry NC II,31,Male,College Undergraduate,Self-employed,Masonry,Construction,Returning Learner,Graduate
Poblacion,Driving NC II,50,Male,College Graduate,Wage Employed,Driving,Transportation,Returning Learner,Graduate
Abuanan,Shielded Metal Arc Welding NC I,25,Male,Junior High,Unemployed,Welding,Construction,Career Shifter,Graduate
Poblacion,Shielded Metal Arc Welding NC I,32,Female,Senior High,Underemployed,Welding,Construction,Experienced Worker,Graduate
Busay,Cookery NC II,18,Female,Senior High,Self-employed,Cooking,Hospitality,Experienced Worker,Dropout
Abuanan,Electrical Installation and Maintenance NC II,43,Male,Senior High,Wage Employed,Electrical Repair,Construction,Returning Learner,Graduate
Poblacion,Bread and Pastry NC II,45,Female,College Graduate,Wage Employed,Computer Literacy,ICT,New Entrant,Graduate
Napoles,Computer Systems Servicing NC II,28,Female,College Graduate,Underemployed,Computer Literacy,ICT,Returning Learner,Graduate
Poblacion,Driving NC II,37,Female,Junior High,Self-employed,Driving,Transportation,Experienced Worker,Dropout
Bacong,Bread and Pastry NC II,28,Male,Senior High,Unemployed,Baking,Hospitality,New Entrant,Graduate
Abuanan,Masonry NC II,35,Male,Senior High,Underemployed,Masonry,Construction,New Entrant,Graduate
Binubuhan,Driving NC II,26,Male,Senior High,Underemployed,Driving,Transportation,New Entrant,Graduate
Abuanan,Shielded Metal Arc Welding NC I,29,Male,Junior High,Wage Employed,Welding,Construction,Returning Learner,Graduate
Alianza,Shielded Metal Arc Welding NC I,26,Female,Junior High,Wage Employed,Welding,Construction,Returning Learner,Graduate
Abuanan,Shielded Metal Arc Welding NC I,25,Male,Senior High,Wage Employed,Welding,Construction,Experienced Worker,Graduate
Malingin,Masonry NC II,18,Male,Junior High,Unemployed,Masonry,Construction,Career Shifter,Dropout
Ma-ao,Bread and Pastry NC II,21,Male,Junior High,Wage Employed,Baking,Hospitality,Experienced Worker,Dropout
Caridad,Shielded Metal Arc Welding NC I,41,Male,Junior High,Underemployed,Welding,Business,New Entrant,Dropout
Poblacion,Driving NC II,18,Male,Senior High,Wage Employed,Driving,Transportation,New Entrant,Graduate
Ma-ao,Cookery NC II,24,Male,Junior High,Self-employed,Cooking,Hospitality,Experienced Worker,Graduate
Poblacion,Carpentry NC II,30,Male,Junior High,Wage Employed,Carpentry,Construction,Returning Learner,Graduate
Taloc,Shielded Metal Arc Welding NC I,20,Male,College Undergraduate,Underemployed,Welding,Transportation,New Entrant,Dropout
Atipuluan,Shielded Metal Arc Welding NC I,34,Male,College Graduate,Underemployed,Welding,Construction,Returning Learner,Graduate
Lag-asan,Masonry NC II,32,Female,College Undergraduate,Underemployed,Masonry,Construction,New Entrant,Graduate
Abuanan,Bread and Pastry NC II,39,Female,College Undergraduate,Underemployed,Baking,Hospitality,New Entrant,Graduate
Abuanan,Masonry NC II,37,Female,Senior High,Self-employed,Masonry,Construction,Returning Learner,Graduate
Binubuhan,Bread and Pastry NC II,38,Female,College Undergraduate,Self-employed,Baking,Hospitality,Experienced Worker,Graduate
Napoles,Electrical Installation and Maintenance NC II,51,Female,College Graduate,Wage Employed,Electrical Repair,Construction,Experienced Worker,Graduate
Poblacion,Masonry NC II,43,Male,Senior High,Self-employed,Masonry,Construction,Experienced Worker,Graduate
Balingasag,Shielded Metal Arc Welding NC I,43,Male,College Undergraduate,Unemployed,Welding,Business,Career Shifter,Graduate
Lag-asan,Computer Systems Servicing NC II,26,Female,Senior High,Self-employed,Computer Literacy,ICT,Career Shifter,Graduate
Atipuluan,Computer Systems Servicing NC II,54,Female,College Graduate,Unemployed,Computer Literacy,ICT,Career Shifter,Graduate
Atipuluan,Shielded Metal Arc Welding NC I,19,Female,College Undergraduate,Wage Employed,Computer Literacy,ICT,Experienced Worker,Dropout
Binubuhan,Shielded Metal Arc Welding NC I,45,Female,College Graduate,Wage Employed,Computer Literacy,ICT,Career Shifter,Dropout
Atipuluan,Electrical Installation and Maintenance NC II,45,Male,College Graduate,Wage Employed,Electrical Repair,Construction,Returning Learner,Graduate
Atipuluan,Cookery NC II,36,Female,Elementary Graduate,Underemployed,Cooking,Business,Career Shifter,Graduate
Taloc,Cookery NC II,32,Female,Senior High,Self-employed,Cooking,Hospitality,Experienced Worker,Graduate
Atipuluan,Driving NC II,34,Female,College Undergraduate,Wage Employed,Driving,Transportation,New Entrant,Graduate
Abuanan,Cookery NC II,26,Female,Senior High,Wage Employed,Cooking,Hospitality,Experienced Worker,Graduate
Alianza,Shielded Metal Arc Welding NC I,26,Female,Junior High,Underemployed,Welding,Construction,Returning Learner,Graduate
Poblacion,Carpentry NC II,18,Male,Elementary Graduate,Underemployed,Carpentry,Construction,New Entrant,Graduate
Pacol,Bread and Pastry NC II,39,Female,Senior High,Unemployed,Baking,Hospitality,New Entrant,Graduate
Abuanan,Driving NC II,50,Female,College Graduate,Underemployed,Driving,Business,New Entrant,Graduate
Balingasag,Shielded Metal Arc Welding NC I,39,Male,Elementary Graduate,Underemployed,Welding,Hospitality,New Entrant,Graduate
Balingasag,Shielded Metal Arc Welding NC I,36,Male,Senior High,Underemployed,Welding,Construction,New Entrant,Dropout
Malingin,Masonry NC II,25,Male,College Undergraduate,Self-employed,Masonry,Construction,Experienced Worker,Graduate
Dulao,Carpentry NC II,45,Male,Senior High,Self-employed,Carpentry,Business,Experienced Worker,Graduate
Taloc,Masonry NC II,22,Male,Elementary Graduate,Self-employed,Masonry,Construction,Returning Learner,Dropout
Calumangan,Shielded Metal Arc Welding NC I,29,Female,Junior High,Unemployed,Welding,Construction,Returning Learner,Dropout
Malingin,Bread and Pastry NC II,29,Male,Junior High,Unemployed,Baking,Hospitality,New Entrant,Graduate
Poblacion,Computer Systems Servicing NC II,42,Male,Junior High,Wage Employed,Driving,Transportation,Career Shifter,Dropout
Taloc,Cookery NC II,44,Male,Senior High,Self-employed,Cooking,Hospitality,Experienced Worker,Dropout
Alianza,Shielded Metal Arc Welding NC I,31,Female,Elementary Graduate,Self-employed,Welding,Agriculture,Returning Learner,Graduate
Atipuluan,Carpentry NC II,24,Female,Senior High,Underemployed,Carpentry,Construction,Career Shifter,Graduate
Abuanan,Bread and Pastry NC II,29,Male,Senior High,Wage Employed,Welding,Construction,New Entrant,Graduate
Abuanan,Electrical Installation and Maintenance NC II,29,Male,Senior High,Self-employed,Electrical Repair,Construction,Experienced Worker,Graduate
Bacong,Driving NC II,38,Male,Elementary Graduate,Unemployed,Driving,Transportation,New Entrant,Dropout
Poblacion,Shielded Metal Arc Welding NC I,21,Male,Elementary Graduate,Underemployed,Welding,Construction,New Entrant,Dropout
Atipuluan,Masonry NC II,39,Male,Junior High,Unemployed,Masonry,Construction,Career Shifter,Graduate
Alianza,Masonry NC II,39,Male,Junior High,Underemployed,Masonry,Construction,New Entrant,Dropout
Malingin,Cookery NC II,40,Female,College Undergraduate,Unemployed,Cooking,Hospitality,New Entrant,Dropout
Lag-asan,Cookery NC II,36,Male,Senior High,Underemployed,Cooking,Hospitality,New Entrant,Graduate
Bacong,Bread and Pastry NC II,33,Male,Senior High,Underemployed,Baking,Hospitality,Experienced Worker,Graduate
Abuanan,Driving NC II,40,Male,College Undergraduate,Self-employed,Driving,Business,Experienced Worker,Graduate
Napoles,Electrical Installation and Maintenance NC II,38,Male,Junior High,Underemployed,Electrical Repair,Construction,New Entrant,Dropout
Calumangan,Cookery NC II,42,Female,Senior High,Self-employed,Cooking,Hospitality,Experienced Worker,Graduate
Malingin,Carpentry NC II,38,Male,Junior High,Underemployed,Carpentry,Construction,New Entrant,Dropout
Sagasa,Driving NC II,22,Male,College Undergraduate,Underemployed,Driving,Transportation,Returning Learner,Graduate
Lag-asan,Cookery NC II,25,Female,Junior High,Unemployed,Cooking,Hospitality,New Entrant,Graduate
Poblacion,Electrical Installation and Maintenance NC II,36,Male,Junior High,Wage Employed,Electrical Repair,Construction,Returning Learner,Graduate
Poblacion,Cookery NC II,35,Male,Junior High,Unemployed,Cooking,Hospitality,New Entrant,Graduate
Napoles,Masonry NC II,30,Female,Senior High,Self-employed,Masonry,Construction,Experienced Worker,Dropout
Atipuluan,Carpentry NC II,24,Female,College Graduate,Self-employed,Computer Literacy,ICT,Experienced Worker,Graduate
Bacong,Driving NC II,22,Male,Junior High,Underemployed,Driving,Transportation,New Entrant,Graduate
Poblacion,Computer Systems Servicing NC II,24,Female,College Undergraduate,Self-employed,Computer Literacy,ICT,Experienced Worker,Graduate
Lag-asan,Driving NC II,43,Male,College Graduate,Self-employed,Driving,Transportation,Experienced Worker,Graduate
Alianza,Bread and Pastry NC II,27,Male,Elementary Graduate,Wage Employed,Baking,Hospitality,Experienced Worker,Graduate
Poblacion,Driving NC II,37,Male,College Graduate,Self-employed,Driving,Transportation,Career Shifter,Graduate
Napoles,Computer Systems Servicing NC II,32,Male,College Graduate,Wage Employed,Computer Literacy,ICT,Experienced Worker,Graduate
Dulao,Bread and Pastry NC II,44,Female,Senior High,Unemployed,Baking,Hospitality,Experienced Worker,Graduate
Bagroy,Computer Systems Servicing NC II,37,Female,College Undergraduate,Unemployed,Computer Literacy,ICT,New Entrant,Dropout
Abuanan,Shielded Metal Arc Welding NC I,28,Male,College Undergraduate,Underemployed,Carpentry,Construction,New Entrant,Graduate
Calumangan,Masonry NC II,26,Male,Senior High,Underemployed,Masonry,Construction,Experienced Worker,Graduate
Poblacion,Shielded Metal Arc Welding NC I,29,Male,Senior High,Self-employed,Welding,Hospitality,Returning Learner,Graduate
Bagroy,Computer Systems Servicing NC II,28,Female,Senior High,Unemployed,Computer Literacy,ICT,Returning Learner,Dropout
Ilijan,Masonry NC II,21,Male,College Undergraduate,Wage Employed,Masonry,Construction,Experienced Worker,Graduate
Atipuluan,Computer Systems Servicing NC II,25,Male,College Graduate,Self-employed,Computer Literacy,Construction,Experienced Worker,Graduate
Ma-ao,Bread and Pastry NC II,32,Female,Elementary Graduate,Unemployed,Baking,Hospitality,New Entrant,Graduate
Abuanan,Computer Systems Servicing NC II,47,Male,College Graduate,Underemployed,Computer Literacy,ICT,New Entrant,Graduate
Mailum,Shielded Metal Arc Welding NC I,42,Male,Junior High,Unemployed,Welding,Construction,New Entrant,Dropout
Alianza,Shielded Metal Arc Welding NC I,24,Female,Senior High,Unemployed,Welding,Construction,New Entrant,Dropout
Poblacion,Bread and Pastry NC II,39,Female,College Graduate,Wage Employed,Baking,Hospitality,Experienced Worker,Graduate
Balingasag,Electrical Installation and Maintenance NC II,22,Male,Senior High,Unemployed,Electrical Repair,Construction,New Entrant,Graduate
Abuanan,Carpentry NC II,26,Male,College Undergraduate,Self-employed,Carpentry,Construction,Experienced Worker,Graduate
Pacol,Cookery NC II,32,Male,Senior High,Self-employed,Cooking,Hospitality,Experienced Worker,Graduate
Bacong,Electrical Installation and Maintenance NC II,29,Male,Senior High,Underemployed,Electrical Repair,Construction,New Entrant,Dropout
Busay,Shielded Metal Arc Welding NC I,24,Male,Junior High,Unemployed,Welding,Construction,Experienced Worker,Dropout
Poblacion,Masonry NC II,44,Female,College Undergraduate,Unemployed,Masonry,Construction,Experienced Worker,Graduate
Caridad,Driving NC II,32,Male,Senior High,Unemployed,Driving,Transportation,Experienced Worker,Dropout
Atipuluan,Driving NC II,38,Male,Senior High,Wage Employed,Driving,Transportation,Experienced Worker,Graduate
Taloc,Masonry NC II,30,Male,Senior High,Underemployed,Masonry,Construction,Returning Learner,Graduate
Binubuhan,Bread and Pastry NC II,20,Female,Senior High,Wage Employed,Baking,Hospitality,Experienced Worker,Graduate
Sagasa,Electrical Installation and Maintenance NC II,34,Male,Junior High,Underemployed,Electrical Repair,Construction,New Entrant,Graduate
Atipuluan,Bread and Pastry NC II,21,Female,College Undergraduate,Self-employed,Baking,Hospitality,Experienced Worker,Graduate
Ilijan,Cookery NC II,41,Male,Junior High,Self-employed,Cooking,Hospitality,Returning Learner,Dropout
Busay,Electrical Installation and Maintenance NC II,25,Male,Senior High,Self-employed,Carpentry,Construction,Career Shifter,Dropout
Bacong,Computer Systems Servicing NC II,21,Female,Senior High,Wage Employed,Computer Literacy,ICT,Experienced Worker,Graduate
Busay,Driving NC II,18,Male,Junior High,Unemployed,Driving,Transportation,New Entrant,Graduate
Taloc,Carpentry NC II,24,Female,Junior High,Underemployed,Carpentry,Construction,Career Shifter,Graduate
Dulao,Bread and Pastry NC II,18,Female,Junior High,Wage Employed,Baking,Hospitality,New Entrant,Graduate
Bacong,Electrical Installation and Maintenance NC II,39,Male,Senior High,Unemployed,Driving,Construction,New Entrant,Graduate
Bacong,Electrical Installation and Maintenance NC II,23,Male,Junior High,Underemployed,Electrical Repair,Construction,Returning Learner,Graduate
Sagasa,Masonry NC II,33,Male,Senior High,Wage Employed,Masonry,Construction,Experienced Worker,Dropout
Napoles,Driving NC II,22,Female,Senior High,Self-employed,Cooking,Hospitality,Career Shifter,Dropout
Abuanan,Shielded Metal Arc Welding NC I,35,Male,College Graduate,Underemployed,Masonry,Construction,New Entrant,Graduate
Alianza,Masonry NC II,38,Male,Elementary Graduate,Underemployed,Masonry,Construction,Career Shifter,Dropout
Alianza,Driving NC II,38,Male,Senior High,Unemployed,Driving,Business,New Entrant,Graduate
Pacol,Bread and Pastry NC II,45,Male,Senior High,Unemployed,Baking,Hospitality,Experienced Worker,Graduate
Ma-ao,Cookery NC II,27,Female,Elementary Graduate,Unemployed,Cooking,Construction,Experienced Worker,Graduate
Taloc,Bread and Pastry NC II,18,Female,Junior High,Underemployed,Baking,Hospitality,Returning Learner,Graduate
Lag-asan,Masonry NC II,40,Male,College Undergraduate,Unemployed,Masonry,Construction,Experienced Worker,Graduate
Binubuhan,Driving NC II,34,Male,Junior High,Self-employed,Driving,Transportation,Returning Learner,Graduate
Taloc,Driving NC II,42,Male,College Undergraduate,Wage Employed,Driving,Transportation,Experienced Worker,Graduate
Bacong,Shielded Metal Arc Welding NC I,27,Male,Senior High,Underemployed,Welding,Construction,New Entrant,Graduate
Atipuluan,Bread and Pastry NC II,36,Male,Junior High,Underemployed,Baking,Hospitality,Returning Learner,Graduate
Calumangan,Masonry NC II,37,Male,Junior High,Underemployed,Masonry,Construction,Returning Learner,Graduate
Abuanan,Cookery NC II,40,Male,Senior High,Underemployed,Welding,Agriculture,New Entrant,Graduate
Balingasag,Bread and Pastry NC II,21,Female,Junior High,Unemployed,Baking,Hospitality,Returning Learner,Graduate
Atipuluan,Bread and Pastry NC II,36,Male,College Undergraduate,Unemployed,Baking,Hospitality,Career Shifter,Graduate
Bacong,Shielded Metal Arc Welding NC I,40,Male,Senior High,Unemployed,Welding,Construction,Experienced Worker,Graduate
Binubuhan,Electrical Installation and Maintenance NC II,34,Male,Elementary Graduate,Self-employed,Electrical Repair,Construction,Experienced Worker,Dropout
Ilijan,Bread and Pastry NC II,21,Male,Senior High,Unemployed,Baking,Hospitality,Career Shifter,Dropout
Pacol,Electrical Installation and Maintenance NC II,42,Male,Senior High,Unemployed,Electrical Repair,Construction,Career Shifter,Graduate
Alianza,Electrical Installation and Maintenance NC II,35,Female,Junior High,Unemployed,Electrical Repair,Construction,Returning Learner,Graduate
Busay,Carpentry NC II,42,Male,Junior High,Unemployed,Carpentry,Construction,Returning Learner,Graduate
Busay,Cookery NC II,36,Male,Junior High,Unemployed,Carpentry,Construction,New Entrant,Dropout
Dulao,Electrical Installation and Maintenance NC II,37,Male,Senior High,Underemployed,Electrical Repair,Construction,Returning Learner,Graduate
Dulao,Cookery NC II,35,Male,Elementary Graduate,Underemployed,Cooking,Hospitality,New Entrant,Graduate
Pacol,Cookery NC II,41,Male,College Undergraduate,Underemployed,Cooking,Hospitality,New Entrant,Graduate
Abuanan,Electrical Installation and Maintenance NC II,54,Male,College Graduate,Wage Employed,Electrical Repair,ICT,New Entrant,Graduate
Balingasag,Masonry NC II,27,Female,Senior High,Unemployed,Masonry,Construction,Returning Learner,Graduate
Calumangan,Shielded Metal Arc Welding NC I,27,Male,Junior High,Wage Employed,Welding,Construction,Experienced Worker,Graduate
Calumangan,Masonry NC II,26,Male,Senior High,Self-employed,Masonry,Construction,Returning Learner,Graduate
Lag-asan,Computer Systems Servicing NC II,41,Male,College Graduate,Self-employed,Computer Literacy,ICT,Experienced Worker,Graduate
Ma-ao,Masonry NC II,35,Male,Elementary Graduate,Underemployed,Masonry,Construction,New Entrant,Dropout
Dulao,Computer Systems Servicing NC II,44,Female,College Undergraduate,Wage Employed,Computer Literacy,ICT,New Entrant,Graduate
Abuanan,Electrical Installation and Maintenance NC II,30,Male,Senior High,Unemployed,Electrical Repair,Construction,Returning Learner,Dropout
Poblacion,Masonry NC II,25,Male,Senior High,Underemployed,Masonry,Construction,Experienced Worker,Graduate
Atipuluan,Electrical Installation and Maintenance NC II,38,Male,College Undergraduate,Wage Employed,Welding,Construction,Career Shifter,Dropout
Pacol,Cookery NC II,32,Male,Senior High,Underemployed,Cooking,Hospitality,Career Shifter,Graduate
Atipuluan,Shielded Metal Arc Welding NC I,42,Male,Junior High,Underemployed,Welding,Construction,Returning Learner,Graduate
Ilijan,Computer Systems Servicing NC II,32,Female,Senior High,Underemployed,Computer Literacy,ICT,Returning Learner,Dropout
Dulao,Carpentry NC II,38,Male,Junior High,Unemployed,Carpentry,Hospitality,New Entrant,Dropout
Atipuluan,Computer Systems Servicing NC II,26,Male,Senior High,Underemployed,Computer Literacy,ICT,Returning Learner,Dropout
Taloc,Computer Systems Servicing NC II,29,Male,Junior High,Underemployed,Computer Literacy,ICT,New Entrant,Graduate
Abuanan,Shielded Metal Arc Welding NC I,28,Female,Junior High,Underemployed,Electrical Repair,Construction,New Entrant,Graduate
Bagroy,Carpentry NC II,32,Male,Junior High,Underemployed,Cooking,Hospitality,Career Shifter,Graduate
Busay,Computer Systems Servicing NC II,49,Female,College Graduate,Wage Employed,Computer Literacy,ICT,Experienced Worker,Dropout
Ma-ao,Masonry NC II,28,Male,Senior High,Underemployed,Masonry,Construction,New Entrant,Graduate
Ma-ao,Carpentry NC II,20,Female,Junior High,Wage Employed,Driving,Transportation,New Entrant,Graduate
Malingin,Bread and Pastry NC II,38,Female,Junior High,Unemployed,Baking,Hospitality,New Entrant,Graduate
Balingasag,Shielded Metal Arc Welding NC I,39,Female,Junior High,Unemployed,Welding,Construction,New Entrant,Dropout
Abuanan,Cookery NC II,19,Female,Junior High,Underemployed,Cooking,Hospitality,New Entrant,Dropout
Poblacion,Electrical Installation and Maintenance NC II,30,Male,College Undergraduate,Self-employed,Computer Literacy,ICT,Career Shifter,Graduate
Taloc,Masonry NC II,32,Male,Senior High,Self-employed,Masonry,Construction,Returning Learner,Graduate
Mailum,Carpentry NC II,25,Male,Junior High,Unemployed,Carpentry,Construction,Returning Learner,Graduate
Abuanan,Bread and Pastry NC II,37,Male,Senior High,Self-employed,Baking,Hospitality,Experienced Worker,Graduate
Calumangan,Masonry NC II,33,Male,Senior High,Self-employed,Masonry,Construction,Experienced Worker,Graduate
Napoles,Bread and Pastry NC II,31,Female,Senior High,Self-employed,Baking,Hospitality,Returning Learner,Graduate
Pacol,Carpentry NC II,21,Male,Senior High,Unemployed,Carpentry,Construction,Experienced Worker,Graduate
Lag-asan,Electrical Installation and Maintenance NC II,30,Male,Junior High,Unemployed,Carpentry,Construction,Career Shifter,Graduate
Atipuluan,Carpentry NC II,32,Male,College Undergraduate,Wage Employed,Carpentry,Construction,New Entrant,Graduate
Napoles,Cookery NC II,33,Male,Junior High,Underemployed,Masonry,Construction,Career Shifter,Dropout
Ma-ao,Shielded Metal Arc Welding NC I,34,Male,Junior High,Underemployed,Welding,Hospitality,New Entrant,Dropout
Taloc,Shielded Metal Arc Welding NC I,39,Male,Junior High,Wage Employed,Welding,Construction,Experienced Worker,Graduate
Abuanan,Driving NC II,36,Male,Junior High,Underemployed,Driving,Transportation,New Entrant,Dropout
Pacol,Computer Systems Servicing NC II,26,Male,College Graduate,Underemployed,Electrical Repair,Business,Career Shifter,Graduate
Alianza,Driving NC II,34,Male,Elementary Graduate,Underemployed,Driving,Hospitality,Experienced Worker,Dropout
Ma-ao,Electrical Installation and Maintenance NC II,34,Female,Junior High,Self-employed,Electrical Repair,Construction,Career Shifter,Graduate
Atipuluan,Shielded Metal Arc Welding NC I,21,Female,College Undergraduate,Self-employed,Baking,Hospitality,New Entrant,Dropout
Ma-ao,Cookery NC II,41,Male,Senior High,Wage Employed,Cooking,Hospitality,Returning Learner,Dropout
Bagroy,Masonry NC II,29,Male,Junior High,Underemployed,Masonry,Construction,Returning Learner,Graduate
Taloc,Bread and Pastry NC II,41,Female,Junior High,Underemployed,Baking,Hospitality,Career Shifter,Dropout
Calumangan,Shielded Metal Arc Welding NC I,18,Male,Senior High,Self-employed,Welding,Construction,Experienced Worker,Graduate
Malingin,Cookery NC II,33,Female,Senior High,Unemployed,Cooking,Hospitality,Returning Learner,Graduate
Abuanan,Cookery NC II,21,Female,Senior High,Unemployed,Welding,Construction,New Entrant,Graduate
Balingasag,Driving NC II,28,Female,Senior High,Underemployed,Driving,Transportation,Experienced Worker,Graduate
Atipuluan,Electrical Installation and Maintenance NC II,41,Male,Senior High,Unemployed,Electrical Repair,Construction,Returning Learner,Graduate
Atipuluan,Masonry NC II,42,Female,Junior High,Wage Employed,Masonry,Construction,Experienced Worker,Graduate
Sagasa,Carpentry NC II,25,Male,Elementary Graduate,Self-employed,Carpentry,Construction,Returning Learner,Graduate
Malingin,Cookery NC II,30,Male,College Graduate,Self-employed,Cooking,Hospitality,New Entrant,Graduate
Atipuluan,Cookery NC II,48,Female,College Graduate,Self-employed,Cooking,Hospitality,New Entrant,Graduate
Dulao,Carpentry NC II,28,Male,College Graduate,Wage Employed,Carpentry,Business,Returning Learner,Dropout
Balingasag,Driving NC II,45,Male,College Undergraduate,Underemployed,Driving,Transportation,Career Shifter,Dropout
Poblacion,Shielded Metal Arc Welding NC I,31,Male,College Graduate,Wage Employed,Welding,Construction,Experienced Worker,Graduate
Bagroy,Electrical Installation and Maintenance NC II,42,Male,Senior High,Underemployed,Electrical Repair,Construction,Returning Learner,Dropout
Binubuhan,Masonry NC II,45,Female,Senior High,Self-employed,Masonry,Agriculture,New Entrant,Dropout
Caridad,Cookery NC II,38,Female,College Undergraduate,Self-employed,Cooking,Hospitality,Returning Learner,Graduate
Pacol,Computer Systems Servicing NC II,41,Female,Senior High,Unemployed,Computer Literacy,ICT,New Entrant,Graduate
Calumangan,Driving NC II,28,Male,College Graduate,Unemployed,Driving,Transportation,Experienced Worker,Graduate
Malingin,Masonry NC II,20,Male,Junior High,Self-employed,Electrical Repair,Construction,Career Shifter,Dropout
Alianza,Computer Systems Servicing NC II,34,Female,College Undergraduate,Underemployed,Computer Literacy,ICT,New Entrant,Graduate
Atipuluan,Bread and Pastry NC II,38,Male,Senior High,Unemployed,Cooking,Hospitality,Experienced Worker,Graduate
Abuanan,Bread and Pastry NC II,38,Male,Senior High,Underemployed,Baking,Hospitality,Experienced Worker,Graduate
Abuanan,Cookery NC II,26,Female,Senior High,Underemployed,Cooking,Hospitality,New Entrant,Graduate
Caridad,Electrical Installation and Maintenance NC II,42,Male,Senior High,Unemployed,Electrical Repair,Construction,Returning Learner,Graduate
Bacong,Shielded Metal Arc Welding NC I,27,Male,College Undergraduate,Self-employed,Welding,Construction,Experienced Worker,Graduate
Pacol,Carpentry NC II,25,Male,College Undergraduate,Wage Employed,Carpentry,Construction,Experienced Worker,Dropout
Bagroy,Electrical Installation and Maintenance NC II,31,Male,Junior High,Unemployed,Electrical Repair,Business,Returning Learner,Dropout
Poblacion,Computer Systems Servicing NC II,22,Female,Junior High,Underemployed,Computer Literacy,Agriculture,New Entrant,Graduate
Poblacion,Driving NC II,43,Male,Senior High,Underemployed,Driving,ICT,New Entrant,Graduate
Atipuluan,Driving NC II,19,Male,Senior High,Underemployed,Driving,Agriculture,New Entrant,Graduate
Ma-ao,Electrical Installation and Maintenance NC II,42,Male,Junior High,Unemployed,Driving,Transportation,Career Shifter,Dropout
Abuanan,Masonry NC II,30,Male,Junior High,Unemployed,Masonry,Transportation,New Entrant,Graduate
Ma-ao,Computer Systems Servicing NC II,33,Male,Senior High,Self-employed,Computer Literacy,ICT,Returning Learner,Graduate
Mailum,Cookery NC II,22,Male,Senior High,Unemployed,Cooking,Hospitality,Experienced Worker,Graduate
Malingin,Driving NC II,29,Male,College Undergraduate,Self-employed,Driving,Transportation,New Entrant,Graduate
Abuanan,Driving NC II,41,Male,Senior High,Underemployed,Driving,Transportation,Experienced Worker,Graduate
Atipuluan,Masonry NC II,21,Male,Elementary Graduate,Unemployed,Masonry,Construction,New Entrant,Graduate
Alianza,Masonry NC II,39,Female,College Graduate,Self-employed,Masonry,Construction,New Entrant,Graduate
Dulao,Bread and Pastry NC II,35,Male,Junior High,Unemployed,Cooking,Hospitality,Returning Learner,Graduate
Taloc,Driving NC II,47,Male,College Undergraduate,Unemployed,Driving,Transportation,Returning Learner,Graduate
Tabunan,Driving NC II,18,Male,Junior High,Wage Employed,Driving,Transportation,Experienced Worker,Graduate
Poblacion,Shielded Metal Arc Welding NC I,29,Male,College Graduate,Unemployed,Welding,Construction,Returning Learner,Graduate
Napoles,Cookery NC II,48,Male,College Undergraduate,Wage Employed,Cooking,Transportation,New Entrant,Dropout
Taloc,Driving NC II,27,Male,College Undergraduate,Unemployed,Driving,Transportation,Returning Learner,Graduate
Sagasa,Cookery NC II,26,Female,Elementary Graduate,Unemployed,Cooking,Hospitality,New Entrant,Dropout
Abuanan,Driving NC II,46,Male,College Undergraduate,Wage Employed,Driving,Transportation,New Entrant,Graduate
Atipuluan,Cookery NC II,41,Male,Senior High,Self-employed,Baking,Hospitality,Career Shifter,Graduate
Abuanan,Cookery NC II,22,Female,College Undergraduate,Unemployed,Cooking,Hospitality,Returning Learner,Graduate
Napoles,Computer Systems Servicing NC II,32,Male,Senior High,Unemployed,Electrical Repair,Construction,New Entrant,Dropout
Malingin,Shielded Metal Arc Welding NC I,41,Male,Junior High,Underemployed,Welding,Construction,Returning Learner,Dropout
Abuanan,Electrical Installation and Maintenance NC II,24,Male,College Graduate,Self-employed,Electrical Repair,Construction,Career Shifter,Graduate
Ilijan,Masonry NC II,44,Male,Senior High,Underemployed,Masonry,Construction,Returning Learner,Dropout
Dulao,Shielded Metal Arc Welding NC I,36,Male,Senior High,Underemployed,Cooking,Hospitality,Career Shifter,Dropout
Atipuluan,Computer Systems Servicing NC II,27,Female,College Undergraduate,Wage Employed,Computer Literacy,ICT,Experienced Worker,Graduate
Taloc,Masonry NC II,31,Male,College Undergraduate,Self-employed,Masonry,Construction,Experienced Worker,Graduate
Poblacion,Bread and Pastry NC II,36,Male,College Undergraduate,Wage Employed,Baking,Hospitality,Returning Learner,Graduate
Abuanan,Bread and Pastry NC II,30,Female,Senior High,Underemployed,Baking,Hospitality,Returning Learner,Graduate
Poblacion,Computer Systems Servicing NC II,39,Male,College Undergraduate,Unemployed,Computer Literacy,ICT,Returning Learner,Graduate
Binubuhan,Computer Systems Servicing NC II,42,Male,Senior High,Underemployed,Computer Literacy,Hospitality,Returning Learner,Graduate
Dulao,Shielded Metal Arc Welding NC I,29,Male,Elementary Graduate,Wage Employed,Welding,Construction,Experienced Worker,Dropout
Taloc,Computer Systems Servicing NC II,19,Male,Senior High,Unemployed,Driving,Transportation,New Entrant,Dropout
Calumangan,Cookery NC II,22,Female,Senior High,Wage Employed,Cooking,Hospitality,Career Shifter,Graduate
Poblacion,Masonry NC II,42,Female,College Undergraduate,Self-employed,Cooking,Hospitality,New Entrant,Graduate
Ma-ao,Driving NC II,27,Male,Senior High,Self-employed,Driving,Transportation,New Entrant,Dropout
Taloc,Bread and Pastry NC II,27,Female,College Graduate,Wage Employed,Baking,Hospitality,Experienced Worker,Graduate
Pacol,Shielded Metal Arc Welding NC I,25,Male,Junior High,Unemployed,Welding,Construction,Experienced Worker,Graduate
Mailum,Masonry NC II,44,Male,Senior High,Self-employed,Masonry,Construction,Career Shifter,Dropout
Mailum,Masonry NC II,40,Male,Junior High,Unemployed,Masonry,Construction,Experienced Worker,Dropout
Lag-asan,Cookery NC II,35,Female,Elementary Graduate,Unemployed,Cooking,Hospitality,Career Shifter,Graduate
Bacong,Carpentry NC II,29,Male,Junior High,Underemployed,Carpentry,Construction,New Entrant,Dropout
Ma-ao,Computer Systems Servicing NC II,28,Female,Elementary Graduate,Unemployed,Computer Literacy,ICT,Career Shifter,Dropout
Lag-asan,Carpentry NC II,20,Male,Senior High,Underemployed,Carpentry,Construction,Returning Learner,Graduate
Bacong,Electrical Installation and Maintenance NC II,30,Male,Elementary Graduate,Unemployed,Electrical Repair,Construction,New Entrant,Graduate
Ma-ao,Electrical Installation and Maintenance NC II,22,Male,Junior High,Unemployed,Electrical Repair,Construction,New Entrant,Dropout
Atipuluan,Bread and Pastry NC II,23,Male,Junior High,Self-employed,Baking,Hospitality,Experienced Worker,Graduate
Ma-ao,Masonry NC II,21,Male,Elementary Graduate,Unemployed,Masonry,Construction,Experienced Worker,Graduate
Abuanan,Driving NC II,23,Male,Senior High,Self-employed,Driving,Transportation,Experienced Worker,Graduate
Poblacion,Masonry NC II,23,Male,College Undergraduate,Self-employed,Masonry,Construction,Returning Learner,Graduate
Taloc,Driving NC II,35,Male,Senior High,Unemployed,Driving,Business,Returning Learner,Dropout
Poblacion,Cookery NC II,33,Male,Senior High,Wage Employed,Cooking,Hospitality,Experienced Worker,Graduate
Calumangan,Cookery NC II,41,Female,Junior High,Unemployed,Cooking,Hospitality,Returning Learner,Graduate
Binubuhan,Electrical Installation and Maintenance NC II,19,Male,Junior High,Self-employed,Electrical Repair,Construction,Experienced Worker,Dropout
Lag-asan,Driving NC II,38,Male,Elementary Graduate,Self-employed,Driving,Transportation,Experienced Worker,Graduate
Atipuluan,Masonry NC II,32,Male,Junior High,Underemployed,Masonry,Construction,New Entrant,Graduate
Calumangan,Electrical Installation and Maintenance NC II,23,Male,College Graduate,Wage Employed,Electrical Repair,Construction,Experienced Worker,Graduate
Calumangan,Electrical Installation and Maintenance NC II,38,Female,Junior High,Self-employed,Electrical Repair,Construction,Experienced Worker,Graduate
Abuanan,Bread and Pastry NC II,21,Male,Junior High,Underemployed,Baking,Hospitality,New Entrant,Dropout
Dulao,Shielded Metal Arc Welding NC I,34,Male,Junior High,Self-employed,Welding,Construction,Experienced Worker,Graduate
Tabunan,Bread and Pastry NC II,21,Female,Junior High,Unemployed,Baking,Hospitality,New Entrant,Dropout
Bacong,Electrical Installation and Maintenance NC II,18,Male,Senior High,Self-employed,Electrical Repair,Construction,Experienced Worker,Graduate
Poblacion,Shielded Metal Arc Welding NC I,27,Male,College Graduate,Unemployed,Masonry,Construction,New Entrant,Dropout
Busay,Electrical Installation and Maintenance NC II,44,Male,Senior High,Unemployed,Electrical Repair,Hospitality,Experienced Worker,Dropout
Abuanan,Electrical Installation and Maintenance NC II,36,Male,Junior High,Self-employed,Electrical Repair,Construction,Experienced Worker,Graduate
Poblacion,Cookery NC II,20,Male,Junior High,Self-employed,Cooking,Hospitality,Experienced Worker,Graduate
Abuanan,Electrical Installation and Maintenance NC II,30,Female,Senior High,Self-employed,Computer Literacy,ICT,Career Shifter,Dropout
Atipuluan,Electrical Installation and Maintenance NC II,18,Male,Senior High,Underemployed,Electrical Repair,Construction,Experienced Worker,Dropout
Lag-asan,Carpentry NC II,36,Male,Junior High,Self-employed,Carpentry,Construction,New Entrant,Graduate
Calumangan,Masonry NC II,43,Male,College Undergraduate,Self-employed,Masonry,Construction,Experienced Worker,Graduate
Ma-ao,Bread and Pastry NC II,29,Female,Junior High,Unemployed,Baking,Hospitality,New Entrant,Dropout
Poblacion,Shielded Metal Arc Welding NC I,27,Male,Elementary Graduate,Unemployed,Welding,Construction,New Entrant,Dropout
Mailum,Electrical Installation and Maintenance NC II,32,Male,Senior High,Unemployed,Electrical Repair,Construction,Returning Learner,Graduate
Dulao,Cookery NC II,38,Male,Junior High,Underemployed,Cooking,Hospitality,New Entrant,Graduate
Atipuluan,Carpentry NC II,32,Male,Senior High,Underemployed,Carpentry,Construction,New Entrant,Graduate
Bagroy,Shielded Metal Arc Welding NC I,26,Male,Senior High,Underemployed,Welding,Construction,New Entrant,Dropout
Mailum,Driving NC II,31,Male,Senior High,Underemployed,Driving,Transportation,New Entrant,Graduate
Busay,Shielded Metal Arc Welding NC I,28,Male,Elementary Graduate,Underemployed,Welding,Construction,Returning Learner,Dropout
Calumangan,Shielded Metal Arc Welding NC I,35,Male,College Undergraduate,Underemployed,Welding,Construction,Returning Learner,Graduate
Alianza,Cookery NC II,39,Female,Junior High,Unemployed,Cooking,Hospitality,New Entrant,Graduate
Taloc,Cookery NC II,22,Female,Elementary Graduate,Underemployed,Baking,Hospitality,New Entrant,Dropout
Ilijan,Computer Systems Servicing NC II,25,Female,College Undergraduate,Self-employed,Computer Literacy,ICT,Experienced Worker,Graduate
Calumangan,Masonry NC II,20,Male,Junior High,Unemployed,Masonry,Construction,Career Shifter,Graduate
Malingin,Computer Systems Servicing NC II,22,Female,Senior High,Self-employed,Computer Literacy,ICT,Returning Learner,Graduate
Caridad,Bread and Pastry NC II,32,Male,Senior High,Underemployed,Baking,Hospitality,Returning Learner,Graduate
Bacong,Computer Systems Servicing NC II,30,Male,College Undergraduate,Unemployed,Driving,ICT,Career Shifter,Dropout
Napoles,Bread and Pastry NC II,19,Female,College Undergraduate,Unemployed,Baking,Hospitality,Experienced Worker,Graduate
Poblacion,Bread and Pastry NC II,21,Male,Junior High,Underemployed,Baking,Hospitality,Career Shifter,Graduate
Taloc,Driving NC II,47,Female,College Undergraduate,Underemployed,Carpentry,Construction,Career Shifter,Graduate
Mailum,Carpentry NC II,18,Female,Senior High,Unemployed,Carpentry,Construction,New Entrant,Graduate
Atipuluan,Electrical Installation and Maintenance NC II,21,Female,Junior High,Unemployed,Electrical Repair,Construction,New Entrant,Dropout
Malingin,Carpentry NC II,19,Male,Junior High,Wage Employed,Carpentry,Construction,Returning Learner,Graduate
Poblacion,Driving NC II,36,Male,College Graduate,Wage Employed,Driving,Transportation,Experienced Worker,Graduate
Abuanan,Electrical Installation and Maintenance NC II,44,Male,Senior High,Unemployed,Electrical Repair,Construction,New Entrant,Graduate
Ilijan,Masonry NC II,30,Male,Junior High,Underemployed,Masonry,Construction,Career Shifter,Dropout
Abuanan,Shielded Metal Arc Welding NC I,38,Male,Junior High,Underemployed,Welding,Construction,New Entrant,Dropout
Dulao,Masonry NC II,32,Female,College Undergraduate,Underemployed,Masonry,Business,New Entrant,Graduate
Poblacion,Computer Systems Servicing NC II,29,Male,Senior High,Self-employed,Welding,Construction,Experienced Worker,Graduate
Atipuluan,Cookery NC II,23,Female,Senior High,Underemployed,Cooking,Hospitality,New Entrant,Graduate
Poblacion,Bread and Pastry NC II,29,Male,Senior High,Self-employed,Baking,ICT,Experienced Worker,Graduate
Pacol,Driving NC II,46,Male,College Undergraduate,Self-employed,Driving,Transportation,Experienced Worker,Graduate
Napoles,Shielded Metal Arc Welding NC I,23,Male,Elementary Graduate,Unemployed,Welding,Construction,New Entrant,Dropout
Bacong,Bread and Pastry NC II,39,Female,College Undergraduate,Underemployed,Baking,Transportation,New Entrant,Dropout
Lag-asan,Computer Systems Servicing NC II,47,Female,College Graduate,Wage Employed,Computer Literacy,ICT,New Entrant,Graduate
Bacong,Carpentry NC II,32,Male,Junior High,Unemployed,Driving,Transportation,Career Shifter,Graduate
Busay,Carpentry NC II,32,Male,Junior High,Underemployed,Carpentry,Construction,Experienced Worker,Graduate
Abuanan,Carpentry NC II,32,Female,College Undergraduate,Underemployed,Carpentry,ICT,New Entrant,Graduate
Alianza,Masonry NC II,40,Male,Senior High,Wage Employed,Masonry,Construction,Returning Learner,Graduate
Ma-ao,Computer Systems Servicing NC II,28,Male,Elementary Graduate,Self-employed,Baking,Hospitality,Career Shifter,Graduate
Caridad,Cookery NC II,26,Female,Senior High,Underemployed,Cooking,Hospitality,Experienced Worker,Graduate
Alianza,Computer Systems Servicing NC II,38,Male,Senior High,Unemployed,Computer Literacy,Agriculture,New Entrant,Dropout
Abuanan,Shielded Metal Arc Welding NC I,37,Male,College Graduate,Self-employed,Welding,Construction,Experienced Worker,Graduate
Balingasag,Driving NC II,28,Male,College Undergraduate,Unemployed,Driving,Transportation,Returning Learner,Graduate
Calumangan,Carpentry NC II,37,Male,College Undergraduate,Wage Employed,Carpentry,Construction,Returning Learner,Graduate
Balingasag,Shielded Metal Arc Welding NC I,31,Male,Junior High,Unemployed,Masonry,Construction,Returning Learner,Graduate
Dulao,Electrical Installation and Maintenance NC II,43,Male,College Undergraduate,Wage Employed,Electrical Repair,Construction,Experienced Worker,Graduate
Abuanan,Masonry NC II,23,Male,Senior High,Unemployed,Electrical Repair,Construction,Experienced Worker,Dropout
Alianza,Computer Systems Servicing NC II,33,Male,College Graduate,Self-employed,Computer Literacy,ICT,New Entrant,Graduate
Abuanan,Bread and Pastry NC II,27,Female,Junior High,Unemployed,Baking,Hospitality,Returning Learner,Graduate
Malingin,Driving NC II,26,Male,Elementary Graduate,Unemployed,Driving,Construction,Returning Learner,Graduate
Poblacion,Cookery NC II,19,Female,Senior High,Self-employed,Cooking,Hospitality,Experienced Worker,Graduate
Ma-ao,Computer Systems Servicing NC II,26,Female,College Graduate,Wage Employed,Computer Literacy,ICT,New Entrant,Graduate
Poblacion,Bread and Pastry NC II,35,Male,Senior High,Self-employed,Baking,Hospitality,Experienced Worker,Graduate
Calumangan,Cookery NC II,18,Male,Senior High,Underemployed,Cooking,Hospitality,New Entrant,Graduate
Poblacion,Carpentry NC II,20,Male,College Undergraduate,Unemployed,Carpentry,Construction,Returning Learner,Graduate
Lag-asan,Shielded Metal Arc Welding NC I,32,Male,Senior High,Unemployed,Welding,Construction,New Entrant,Graduate
Ma-ao,Shielded Metal Arc Welding NC I,24,Male,Senior High,Wage Employed,Welding,Construction,Experienced Worker,Graduate
Ma-ao,Computer Systems Servicing NC II,41,Male,College Undergraduate,Unemployed,Computer Literacy,ICT,New Entrant,Graduate
Ma-ao,Cookery NC II,30,Female,Junior High,Underemployed,Cooking,Hospitality,New Entrant,Graduate
Binubuhan,Cookery NC II,37,Male,Senior High,Underemployed,Cooking,Hospitality,Experienced Worker,Dropout
Ma-ao,Carpentry NC II,20,Male,Junior High,Unemployed,Carpentry,Construction,New Entrant,Dropout
Atipuluan,Computer Systems Servicing NC II,28,Female,College Undergraduate,Self-employed,Computer Literacy,ICT,Returning Learner,Graduate
Calumangan,Bread and Pastry NC II,31,Female,College Undergraduate,Underemployed,Baking,Hospitality,Returning Learner,Graduate
Poblacion,Computer Systems Servicing NC II,30,Female,College Graduate,Wage Employed,Computer Literacy,ICT,Returning Learner,Graduate
Caridad,Bread and Pastry NC II,18,Male,Senior High,Self-employed,Baking,Hospitality,Experienced Worker,Graduate
Bacong,Computer Systems Servicing NC II,26,Female,College Undergraduate,Wage Employed,Computer Literacy,ICT,Returning Learner,Graduate
Ma-ao,Cookery NC II,19,Female,Senior High,Self-employed,Cooking,Hospitality,New Entrant,Dropout
Pacol,Computer Systems Servicing NC II,51,Male,College Graduate,Wage Employed,Computer Literacy,ICT,Experienced Worker,Graduate
Dulao,Carpentry NC II,32,Female,College Undergraduate,Self-employed,Carpentry,Construction,Experienced Worker,Graduate
Pacol,Carpentry NC II,27,Female,Elementary Graduate,Unemployed,Carpentry,Construction,New Entrant,Graduate
Dulao,Cookery NC II,36,Female,Junior High,Underemployed,Masonry,Construction,Career Shifter,Graduate
Balingasag,Shielded Metal Arc Welding NC I,25,Male,Junior High,Unemployed,Welding,Construction,Career Shifter,Graduate
Balingasag,Cookery NC II,25,Female,Elementary Graduate,Underemployed,Cooking,Hospitality,New Entrant,Graduate
Alianza,Cookery NC II,22,Female,Elementary Graduate,Unemployed,Cooking,Hospitality,New Entrant,Graduate
Bagroy,Driving NC II,32,Male,Junior High,Self-employed,Driving,Transportation,Experienced Worker,Graduate
Dulao,Computer Systems Servicing NC II,48,Male,College Graduate,Underemployed,Computer Literacy,ICT,New Entrant,Dropout
Caridad,Shielded Metal Arc Welding NC I,41,Female,Junior High,Unemployed,Welding,Construction,Career Shifter,Dropout
Bagroy,Electrical Installation and Maintenance NC II,32,Male,Senior High,Underemployed,Electrical Repair,Construction,Returning Learner,Graduate
Malingin,Electrical Installation and Maintenance NC II,30,Male,Elementary Graduate,Unemployed,Electrical Repair,Construction,Career Shifter,Dropout
Taloc,Bread and Pastry NC II,36,Male,Elementary Graduate,Underemployed,Baking,Hospitality,Career Shifter,Graduate
Bacong,Shielded Metal Arc Welding NC I,22,Male,Senior High,Underemployed,Welding,Construction,New Entrant,Dropout
Atipuluan,Electrical Installation and Maintenance NC II,49,Male,College Graduate,Wage Employed,Electrical Repair,Construction,Experienced Worker,Graduate
Taloc,Carpentry NC II,29,Female,College Undergraduate,Wage Employed,Computer Literacy,ICT,New Entrant,Graduate
Caridad,Cookery NC II,46,Male,College Graduate,Self-employed,Cooking,Hospitality,Experienced Worker,Graduate
Dulao,Bread and Pastry NC II,26,Female,Junior High,Wage Employed,Baking,Hospitality,New Entrant,Graduate
Lag-asan,Electrical Installation and Maintenance NC II,45,Male,College Undergraduate,Wage Employed,Electrical Repair,Construction,Experienced Worker,Graduate
Taloc,Masonry NC II,39,Male,Junior High,Underemployed,Masonry,Construction,New Entrant,Dropout
Dulao,Electrical Installation and Maintenance NC II,26,Female,Senior High,Self-employed,Electrical Repair,Construction,Returning Learner,Graduate
Abuanan,Electrical Installation and Maintenance NC II,19,Male,Senior High,Unemployed,Electrical Repair,Construction,New Entrant,Dropout
Abuanan,Cookery NC II,34,Male,Junior High,Underemployed,Welding,Construction,Returning Learner,Graduate
Calumangan,Carpentry NC II,42,Male,Junior High,Unemployed,Carpentry,Construction,New Entrant,Graduate
Pacol,Cookery NC II,28,Male,Junior High,Underemployed,Cooking,Hospitality,New Entrant,Graduate
Bacong,Cookery NC II,47,Male,College Undergraduate,Wage Employed,Cooking,Transportation,New Entrant,Graduate
Calumangan,Cookery NC II,22,Male,College Undergraduate,Self-employed,Carpentry,Construction,New Entrant,Graduate
Mailum,Carpentry NC II,43,Male,Senior High,Underemployed,Carpentry,Construction,Returning Learner,Graduate
Atipuluan,Driving NC II,18,Male,Elementary Graduate,Unemployed,Driving,Transportation,New Entrant,Dropout
Alianza,Computer Systems Servicing NC II,27,Male,College Graduate,Wage Employed,Computer Literacy,ICT,Career Shifter,Graduate
Atipuluan,Bread and Pastry NC II,40,Female,Junior High,Self-employed,Baking,Hospitality,Returning Learner,Graduate
Calumangan,Bread and Pastry NC II,40,Female,Senior High,Wage Employed,Baking,Hospitality,Experienced Worker,Graduate
Malingin,Computer Systems Servicing NC II,42,Female,Senior High,Self-employed,Computer Literacy,ICT,Returning Learner,Dropout
Tabunan,Electrical Installation and Maintenance NC II,29,Female,Junior High,Unemployed,Electrical Repair,Construction,Returning Learner,Dropout
Atipuluan,Computer Systems Servicing NC II,23,Male,College Undergraduate,Self-employed,Computer Literacy,ICT,Experienced Worker,Graduate
Ma-ao,Masonry NC II,29,Male,Senior High,Underemployed,Masonry,Construction,Returning Learner,Graduate
Busay,Driving NC II,37,Male,Senior High,Underemployed,Driving,Transportation,New Entrant,Dropout
Napoles,Bread and Pastry NC II,48,Female,College Graduate,Unemployed,Baking,Hospitality,Career Shifter,Graduate
Mailum,Driving NC II,37,Male,Senior High,Wage Employed,Driving,Transportation,Returning Learner,Graduate
Balingasag,Masonry NC II,33,Male,Junior High,Underemployed,Masonry,Construction,New Entrant,Dropout
Taloc,Computer Systems Servicing NC II,44,Female,College Undergraduate,Unemployed,Computer Literacy,ICT,Career Shifter,Dropout
Abuanan,Bread and Pastry NC II,23,Female,College Undergraduate,Self-employed,Baking,Hospitality,Experienced Worker,Graduate
Lag-asan,Cookery NC II,26,Male,College Graduate,Wage Employed,Cooking,Hospitality,Experienced Worker,Graduate
Atipuluan,Cookery NC II,18,Female,Senior High,Underemployed,Cooking,Hospitality,Experienced Worker,Graduate
Abuanan,Shielded Metal Arc Welding NC I,38,Male,Junior High,Underemployed,Welding,Construction,Returning Learner,Graduate
Pacol,Shielded Metal Arc Welding NC I,40,Male,Senior High,Self-employed,Welding,Construction,Experienced Worker,Graduate
Balingasag,Bread and Pastry NC II,21,Male,Junior High,Underemployed,Baking,Hospitality,New Entrant,Dropout
Taloc,Driving NC II,45,Male,College Undergraduate,Unemployed,Driving,Transportation,Career Shifter,Graduate
Dulao,Shielded Metal Arc Welding NC I,31,Male,Elementary Graduate,Unemployed,Driving,Transportation,Experienced Worker,Graduate
Balingasag,Carpentry NC II,27,Female,Elementary Graduate,Wage Employed,Carpentry,Construction,Experienced Worker,Graduate
Sagasa,Carpentry NC II,24,Male,Senior High,Underemployed,Carpentry,Construction,Returning Learner,Dropout
Abuanan,Cookery NC II,29,Female,Senior High,Unemployed,Cooking,Hospitality,Returning Learner,Graduate
Malingin,Shielded Metal Arc Welding NC I,42,Female,College Undergraduate,Wage Employed,Baking,Hospitality,Career Shifter,Graduate
Atipuluan,Cookery NC II,26,Male,Senior High,Wage Employed,Cooking,Hospitality,Experienced Worker,Graduate
Malingin,Driving NC II,20,Female,Elementary Graduate,Unemployed,Carpentry,Construction,Returning Learner,Dropout
Calumangan,Computer Systems Servicing NC II,40,Female,Senior High,Self-employed,Computer Literacy,ICT,Experienced Worker,Graduate
Ilijan,Bread and Pastry NC II,26,Female,Senior High,Unemployed,Baking,Hospitality,Experienced Worker,Graduate
Balingasag,Cookery NC II,29,Male,College Undergraduate,Unemployed,Cooking,Hospitality,Returning Learner,Graduate
Ma-ao,Carpentry NC II,38,Male,Senior High,Unemployed,Carpentry,Construction,Returning Learner,Graduate
Poblacion,Bread and Pastry NC II,36,Female,College Undergraduate,Underemployed,Baking,ICT,New Entrant,Graduate
Bacong,Electrical Installation and Maintenance NC II,24,Male,Elementary Graduate,Unemployed,Electrical Repair,Construction,New Entrant,Graduate
Sagasa,Shielded Metal Arc Welding NC I,39,Female,Elementary Graduate,Underemployed,Welding,Construction,Returning Learner,Dropout
Poblacion,Carpentry NC II,28,Male,Senior High,Self-employed,Carpentry,Construction,New Entrant,Graduate
Taloc,Masonry NC II,24,Male,Junior High,Underemployed,Masonry,Construction,New Entrant,Dropout
Lag-asan,Electrical Installation and Maintenance NC II,31,Male,Senior High,Self-employed,Electrical Repair,Construction,Experienced Worker,Dropout
Napoles,Computer Systems Servicing NC II,27,Male,College Graduate,Self-employed,Driving,Business,New Entrant,Graduate
Tabunan,Computer Systems Servicing NC II,30,Female,Elementary Graduate,Unemployed,Computer Literacy,Business,New Entrant,Dropout
Lag-asan,Computer Systems Servicing NC II,22,Female,College Undergraduate,Wage Employed,Computer Literacy,ICT,Experienced Worker,Dropout
Ma-ao,Shielded Metal Arc Welding NC I,18,Male,Junior High,Underemployed,Welding,Construction,Experienced Worker,Graduate
Lag-asan,Carpentry NC II,40,Male,College Undergraduate,Wage Employed,Carpentry,Construction,New Entrant,Graduate
Poblacion,Electrical Installation and Maintenance NC II,42,Male,College Undergraduate,Wage Employed,Electrical Repair,Construction,Experienced Worker,Graduate
Calumangan,Carpentry NC II,42,Male,Senior High,Unemployed,Carpentry,Construction,Career Shifter,Graduate
Mailum,Bread and Pastry NC II,33,Male,Senior High,Underemployed,Baking,Hospitality,Career Shifter,Graduate
Busay,Cookery NC II,31,Male,Senior High,Unemployed,Masonry,Construction,Career Shifter,Graduate
Dulao,Shielded Metal Arc Welding NC I,37,Male,College Undergraduate,Wage Employed,Welding,Construction,New Entrant,Graduate
Bacong,Carpentry NC II,37,Male,Senior High,Underemployed,Driving,Transportation,Career Shifter,Graduate
Sagasa,Electrical Installation and Maintenance NC II,36,Male,Junior High,Self-employed,Electrical Repair,Construction,Experienced Worker,Graduate
Poblacion,Shielded Metal Arc Welding NC I,53,Female,College Graduate,Wage Employed,Welding,Construction,Returning Learner,Graduate
Lag-asan,Shielded Metal Arc Welding NC I,40,Male,College Graduate,Unemployed,Welding,ICT,Career Shifter,Graduate
Abuanan,Masonry NC II,38,Male,Junior High,Unemployed,Masonry,Construction,New Entrant,Dropout
Bagroy,Electrical Installation and Maintenance NC II,39,Male,Elementary Graduate,Underemployed,Electrical Repair,Construction,New Entrant,Dropout
Poblacion,Shielded Metal Arc Welding NC I,32,Female,College Undergraduate,Self-employed,Welding,Construction,Experienced Worker,Graduate
Calumangan,Computer Systems Servicing NC II,23,Male,College Graduate,Unemployed,Computer Literacy,ICT,New Entrant,Dropout
Poblacion,Shielded Metal Arc Welding NC I,25,Male,Elementary Graduate,Unemployed,Masonry,Construction,New Entrant,Graduate
Calumangan,Cookery NC II,22,Female,Junior High,Unemployed,Cooking,Hospitality,New Entrant,Graduate
Bacong,Computer Systems Servicing NC II,45,Male,College Graduate,Underemployed,Computer Literacy,Agriculture,New Entrant,Dropout
Caridad,Driving NC II,42,Male,College Undergraduate,Wage Employed,Driving,Business,Returning Learner,Graduate
Napoles,Carpentry NC II,25,Male,College Undergraduate,Underemployed,Carpentry,Construction,New Entrant,Graduate
Atipuluan,Driving NC II,31,Male,College Undergraduate,Wage Employed,Driving,Transportation,Experienced Worker,Graduate
Poblacion,Bread and Pastry NC II,41,Female,Junior High,Underemployed,Baking,Hospitality,New Entrant,Dropout
Ma-ao,Cookery NC II,34,Male,College Graduate,Wage Employed,Cooking,ICT,Experienced Worker,Graduate
Caridad,Bread and Pastry NC II,38,Female,College Graduate,Self-employed,Baking,Hospitality,New Entrant,Graduate
Balingasag,Electrical Installation and Maintenance NC II,38,Female,College Undergraduate,Underemployed,Electrical Repair,Construction,Returning Learner,Graduate
Taloc,Driving NC II,28,Male,Senior High,Unemployed,Driving,Transportation,New Entrant,Graduate
Atipuluan,Masonry NC II,25,Male,Senior High,Self-employed,Masonry,Construction,Experienced Worker,Graduate
Abuanan,Driving NC II,18,Male,Junior High,Self-employed,Driving,Transportation,Experienced Worker,Graduate
Bagroy,Computer Systems Servicing NC II,32,Female,Junior High,Unemployed,Computer Literacy,ICT,New Entrant,Dropout
Bacong,Bread and Pastry NC II,43,Female,Senior High,Wage Employed,Baking,Hospitality,Experienced Worker,Graduate
Atipuluan,Electrical Installation and Maintenance NC II,32,Male,Senior High,Underemployed,Electrical Repair,Construction,New Entrant,Dropout
Taloc,Shielded Metal Arc Welding NC I,33,Male,Senior High,Underemployed,Welding,Agriculture,Experienced Worker,Graduate
Napoles,Cookery NC II,43,Female,Senior High,Self-employed,Cooking,Transportation,Returning Learner,Graduate
Ma-ao,Shielded Metal Arc Welding NC I,26,Male,Senior High,Wage Employed,Welding,Construction,Returning Learner,Graduate
Malingin,Computer Systems Servicing NC II,19,Female,College Undergraduate,Wage Employed,Computer Literacy,ICT,New Entrant,Graduate
Poblacion,Shielded Metal Arc Welding NC I,47,Female,College Graduate,Self-employed,Welding,Construction,Returning Learner,Graduate
Pacol,Computer Systems Servicing NC II,28,Male,College Graduate,Self-employed,Computer Literacy,ICT,Career Shifter,Graduate
Napoles,Carpentry NC II,43,Male,Senior High,Wage Employed,Carpentry,Construction,Returning Learner,Graduate
Taloc,Masonry NC II,37,Male,Senior High,Wage Employed,Masonry,Construction,Returning Learner,Graduate
Taloc,Electrical Installation and Maintenance NC II,26,Female,Elementary Graduate,Wage Employed,Electrical Repair,Construction,Experienced Worker,Graduate
Caridad,Masonry NC II,21,Male,Elementary Graduate,Underemployed,Masonry,Construction,New Entrant,Dropout
Atipuluan,Cookery NC II,23,Female,Junior High,Self-employed,Cooking,Hospitality,Experienced Worker,Graduate
Dulao,Driving NC II,23,Male,Elementary Graduate,Self-employed,Driving,Transportation,Returning Learner,Graduate
Caridad,Cookery NC II,24,Female,Senior High,Wage Employed,Cooking,Hospitality,Returning Learner,Graduate
Poblacion,Shielded Metal Arc Welding NC I,40,Male,Junior High,Unemployed,Welding,Construction,Returning Learner,Graduate
Atipuluan,Shielded Metal Arc Welding NC I,39,Male,College Graduate,Self-employed,Welding,Construction,Returning Learner,Graduate
Taloc,Carpentry NC II,35,Male,Junior High,Self-employed,Carpentry,Construction,Experienced Worker,Graduate
Binubuhan,Bread and Pastry NC II,22,Female,Elementary Graduate,Unemployed,Baking,Hospitality,New Entrant,Graduate
Abuanan,Computer Systems Servicing NC II,39,Female,College Graduate,Self-employed,Computer Literacy,ICT,Experienced Worker,Graduate
Sagasa,Computer Systems Servicing NC II,33,Female,College Graduate,Wage Employed,Computer Literacy,ICT,Experienced Worker,Graduate
Poblacion,Carpentry NC II,46,Male,College Undergraduate,Unemployed,Carpentry,Construction,Experienced Worker,Graduate
Taloc,Computer Systems Servicing NC II,26,Male,Junior High,Self-employed,Computer Literacy,ICT,Returning Learner,Graduate
Calumangan,Computer Systems Servicing NC II,48,Female,College Undergraduate,Underemployed,Computer Literacy,ICT,New Entrant,Dropout
Ma-ao,Electrical Installation and Maintenance NC II,31,Male,Junior High,Wage Employed,Electrical Repair,Construction,New Entrant,Graduate
Sagasa,Bread and Pastry NC II,40,Female,Senior High,Underemployed,Baking,Hospitality,New Entrant,Dropout
Dulao,Cookery NC II,40,Female,College Undergraduate,Self-employed,Cooking,Hospitality,Returning Learner,Graduate
Poblacion,Masonry NC II,53,Male,College Graduate,Unemployed,Masonry,Construction,New Entrant,Dropout
Napoles,Cookery NC II,19,Female,Junior High,Unemployed,Cooking,Hospitality,New Entrant,Dropout
Pacol,Carpentry NC II,38,Male,Senior High,Unemployed,Carpentry,Construction,New Entrant,Graduate
Poblacion,Computer Systems Servicing NC II,32,Male,College Undergraduate,Wage Employed,Computer Literacy,ICT,Experienced Worker,Graduate
Lag-asan,Shielded Metal Arc Welding NC I,55,Male,College Graduate,Wage Employed,Welding,Construction,Returning Learner,Graduate
Lag-asan,Carpentry NC II,36,Male,Senior High,Underemployed,Electrical Repair,Construction,New Entrant,Graduate
Dulao,Carpentry NC II,34,Female,Senior High,Underemployed,Carpentry,Construction,Experienced Worker,Dropout
Caridad,Shielded Metal Arc Welding NC I,37,Male,Elementary Graduate,Unemployed,Welding,Construction,Returning Learner,Dropout
Caridad,Electrical Installation and Maintenance NC II,25,Male,Senior High,Self-employed,Electrical Repair,Construction,New Entrant,Graduate
Alianza,Shielded Metal Arc Welding NC I,44,Male,Senior High,Unemployed,Welding,Construction,Career Shifter,Graduate
Bagroy,Carpentry NC II,39,Female,Senior High,Unemployed,Carpentry,Construction,Career Shifter,Graduate
Abuanan,Electrical Installation and Maintenance NC II,22,Male,Senior High,Unemployed,Electrical Repair,Construction,New Entrant,Graduate
Balingasag,Computer Systems Servicing NC II,48,Male,College Graduate,Wage Employed,Computer Literacy,ICT,Experienced Worker,Graduate
Abuanan,Cookery NC II,40,Male,College Undergraduate,Self-employed,Welding,Construction,Career Shifter,Graduate
Ma-ao,Driving NC II,39,Male,College Undergraduate,Wage Employed,Driving,Transportation,Returning Learner,Graduate
Ma-ao,Driving NC II,31,Male,Senior High,Self-employed,Driving,Transportation,Experienced Worker,Graduate
Poblacion,Electrical Installation and Maintenance NC II,24,Male,Elementary Graduate,Self-employed,Electrical Repair,Construction,Experienced Worker,Graduate
Balingasag,Masonry NC II,40,Male,Junior High,Underemployed,Masonry,Construction,New Entrant,Dropout
Atipuluan,Computer Systems Servicing NC II,23,Female,College Graduate,Underemployed,Computer Literacy,ICT,New Entrant,Graduate
Bacong,Shielded Metal Arc Welding NC I,38,Female,Elementary Graduate,Underemployed,Welding,Construction,Returning Learner,Graduate
Ma-ao,Cookery NC II,38,Male,Junior High,Underemployed,Cooking,Hospitality,New Entrant,Dropout
Ma-ao,Cookery NC II,37,Female,Senior High,Self-employed,Cooking,Agriculture,Experienced Worker,Graduate
Abuanan,Carpentry NC II,25,Male,Junior High,Underemployed,Carpentry,Construction,Experienced Worker,Graduate
Binubuhan,Carpentry NC II,29,Male,College Undergraduate,Self-employed,Carpentry,Construction,Experienced Worker,Graduate
Bacong,Electrical Installation and Maintenance NC II,44,Male,College Graduate,Wage Employed,Electrical Repair,Construction,Experienced Worker,Graduate
Atipuluan,Cookery NC II,28,Female,Elementary Graduate,Unemployed,Cooking,Hospitality,Returning Learner,Graduate
Malingin,Carpentry NC II,37,Male,Elementary Graduate,Underemployed,Carpentry,Construction,Career Shifter,Graduate
Lag-asan,Electrical Installation and Maintenance NC II,28,Female,College Graduate,Self-employed,Electrical Repair,Construction,Experienced Worker,Graduate
Calumangan,Cookery NC II,38,Male,Senior High,Underemployed,Cooking,Hospitality,Experienced Worker,Graduate
Dulao,Carpentry NC II,37,Male,Elementary Graduate,Underemployed,Carpentry,Construction,New Entrant,Graduate
Tabunan,Carpentry NC II,43,Male,Senior High,Wage Employed,Carpentry,Construction,Experienced Worker,Graduate
Lag-asan,Carpentry NC II,25,Male,Senior High,Self-employed,Carpentry,Construction,Experienced Worker,Graduate
Sagasa,Carpentry NC II,42,Male,Junior High,Underemployed,Electrical Repair,Construction,New Entrant,Dropout
Balingasag,Driving NC II,39,Male,Senior High,Wage Employed,Driving,Transportation,Experienced Worker,Graduate
Taloc,Masonry NC II,28,Male,Senior High,Wage Employed,Masonry,Construction,Career Shifter,Graduate
Alianza,Driving NC II,41,Male,Senior High,Wage Employed,Driving,Transportation,Experienced Worker,Graduate
Atipuluan,Bread and Pastry NC II,41,Female,College Graduate,Unemployed,Baking,Hospitality,New Entrant,Graduate
Atipuluan,Bread and Pastry NC II,38,Female,Junior High,Underemployed,Baking,Hospitality,Returning Learner,Graduate
Binubuhan,Bread and Pastry NC II,23,Male,Senior High,Wage Employed,Driving,Transportation,New Entrant,Graduate
Napoles,Shielded Metal Arc Welding NC I,27,Male,Senior High,Self-employed,Welding,Construction,Returning Learner,Graduate
Tabunan,Shielded Metal Arc Welding NC I,27,Male,Elementary Graduate,Underemployed,Welding,Construction,Experienced Worker,Dropout
Pacol,Bread and Pastry NC II,23,Male,College Graduate,Unemployed,Baking,Hospitality,Returning Learner,Graduate
Balingasag,Driving NC II,24,Male,Senior High,Unemployed,Driving,Transportation,Returning Learner,Graduate
Pacol,Driving NC II,41,Male,Senior High,Wage Employed,Driving,Transportation,Experienced Worker,Graduate
Sagasa,Cookery NC II,25,Female,Senior High,Self-employed,Cooking,Hospitality,Returning Learner,Graduate
Busay,Bread and Pastry NC II,29,Male,Senior High,Unemployed,Baking,Hospitality,New Entrant,Graduate
Calumangan,Cookery NC II,28,Female,College Undergraduate,Self-employed,Cooking,Hospitality,Experienced Worker,Graduate
Bagroy,Cookery NC II,22,Male,Junior High,Self-employed,Cooking,Hospitality,Experienced Worker,Graduate
Dulao,Bread and Pastry NC II,42,Female,Senior High,Unemployed,Baking,Hospitality,Career Shifter,Graduate
Bacong,Computer Systems Servicing NC II,31,Female,College Undergraduate,Wage Employed,Computer Literacy,ICT,New Entrant,Graduate
Poblacion,Bread and Pastry NC II,24,Male,College Undergraduate,Underemployed,Baking,Hospitality,New Entrant,Graduate
Pacol,Bread and Pastry NC II,27,Male,College Undergraduate,Unemployed,Baking,Hospitality,New Entrant,Graduate
Dulao,Masonry NC II,20,Male,Elementary Graduate,Wage Employed,Masonry,Construction,Experienced Worker,Graduate
Pacol,Cookery NC II,21,Female,College Undergraduate,Self-employed,Cooking,Hospitality,Returning Learner,Graduate
Dulao,Carpentry NC II,27,Male,Senior High,Self-employed,Carpentry,Construction,Experienced Worker,Graduate
Calumangan,Carpentry NC II,20,Male,College Undergraduate,Underemployed,Carpentry,Transportation,Experienced Worker,Graduate
Atipuluan,Computer Systems Servicing NC II,31,Female,Junior High,Unemployed,Computer Literacy,ICT,Returning Learner,Graduate
Abuanan,Electrical Installation and Maintenance NC II,37,Male,Junior High,Unemployed,Electrical Repair,Construction,Returning Learner,Graduate
Lag-asan,Computer Systems Servicing NC II,23,Female,College Undergraduate,Unemployed,Computer Literacy,Business,Experienced Worker,Graduate
Atipuluan,Masonry NC II,20,Male,College Undergraduate,Self-employed,Electrical Repair,Construction,Career Shifter,Graduate
Dulao,Electrical Installation and Maintenance NC II,39,Male,Senior High,Self-employed,Electrical Repair,Construction,New Entrant,Graduate
Pacol,Cookery NC II,20,Female,Senior High,Underemployed,Cooking,Agriculture,Experienced Worker,Graduate
Poblacion,Driving NC II,22,Male,Senior High,Self-employed,Driving,Transportation,New Entrant,Graduate
Poblacion,Computer Systems Servicing NC II,30,Female,College Undergraduate,Self-employed,Computer Literacy,ICT,Experienced Worker,Graduate
Ilijan,Shielded Metal Arc Welding NC I,35,Male,Senior High,Underemployed,Welding,Construction,New Entrant,Graduate
Atipuluan,Bread and Pastry NC II,32,Female,College Graduate,Underemployed,Baking,Hospitality,Returning Learner,Graduate
Bagroy,Shielded Metal Arc Welding NC I,42,Male,Senior High,Unemployed,Welding,Construction,Returning Learner,Graduate
Poblacion,Computer Systems Servicing NC II,42,Female,College Undergraduate,Wage Employed,Computer Literacy,ICT,Experienced Worker,Graduate
Alianza,Carpentry NC II,38,Male,Senior High,Unemployed,Carpentry,Construction,New Entrant,Graduate
Atipuluan,Carpentry NC II,30,Male,Senior High,Unemployed,Carpentry,Construction,New Entrant,Dropout
Lag-asan,Electrical Installation and Maintenance NC II,35,Male,College Undergraduate,Unemployed,Electrical Repair,Construction,Career Shifter,Graduate
Abuanan,Carpentry NC II,29,Male,Junior High,Underemployed,Carpentry,Construction,Career Shifter,Dropout
Sagasa,Driving NC II,35,Male,Junior High,Unemployed,Driving,Transportation,Returning Learner,Dropout
Abuanan,Shielded Metal Arc Welding NC I,27,Male,Senior High,Underemployed,Welding,Construction,Career Shifter,Dropout
Taloc,Driving NC II,32,Female,Junior High,Unemployed,Driving,Transportation,Returning Learner,Graduate
Atipuluan,Shielded Metal Arc Welding NC I,31,Male,Senior High,Self-employed,Welding,Construction,Experienced Worker,Graduate
Alianza,Cookery NC II,33,Male,Junior High,Unemployed,Cooking,Hospitality,New Entrant,Graduate
Tabunan,Masonry NC II,34,Male,Junior High,Unemployed,Masonry,Construction,New Entrant,Dropout
Alianza,Carpentry NC II,33,Male,Junior High,Unemployed,Welding,Construction,New Entrant,Dropout
Sagasa,Computer Systems Servicing NC II,18,Male,Elementary Graduate,Self-employed,Computer Literacy,ICT,Experienced Worker,Graduate
Atipuluan,Bread and Pastry NC II,28,Male,College Undergraduate,Wage Employed,Baking,Hospitality,Experienced Worker,Graduate
Alianza,Electrical Installation and Maintenance NC II,40,Male,Junior High,Unemployed,Electrical Repair,Construction,Career Shifter,Graduate
Ma-ao,Masonry NC II,38,Female,Junior High,Self-employed,Masonry,Construction,Experienced Worker,Graduate
Napoles,Masonry NC II,40,Female,Senior High,Self-employed,Masonry,Construction,Returning Learner,Graduate
Abuanan,Carpentry NC II,28,Male,Junior High,Unemployed,Carpentry,Business,New Entrant,Graduate
Taloc,Bread and Pastry NC II,25,Female,Senior High,Self-employed,Baking,Hospitality,Experienced Worker,Graduate
Malingin,Cookery NC II,39,Female,Senior High,Unemployed,Cooking,Hospitality,Returning Learner,Graduate
Ilijan,Computer Systems Servicing NC II,40,Female,Junior High,Underemployed,Computer Literacy,ICT,New Entrant,Graduate
Poblacion,Carpentry NC II,30,Male,Senior High,Underemployed,Carpentry,ICT,New Entrant,Graduate
Napoles,Shielded Metal Arc Welding NC I,24,Male,College Graduate,Unemployed,Welding,ICT,Returning Learner,Dropout
Bagroy,Driving NC II,37,Male,Senior High,Wage Employed,Driving,Transportation,Experienced Worker,Graduate
Sagasa,Electrical Installation and Maintenance NC II,27,Female,College Undergraduate,Underemployed,Electrical Repair,Construction,Career Shifter,Graduate
Atipuluan,Carpentry NC II,36,Male,Elementary Graduate,Underemployed,Carpentry,Construction,Experienced Worker,Graduate
Poblacion,Bread and Pastry NC II,43,Male,Senior High,Wage Employed,Electrical Repair,Construction,New Entrant,Graduate
Bagroy,Cookery NC II,34,Female,Junior High,Unemployed,Cooking,Hospitality,Returning Learner,Graduate
Abuanan,Electrical Installation and Maintenance NC II,40,Male,Senior High,Wage Employed,Electrical Repair,Construction,Career Shifter,Graduate
Taloc,Electrical Installation and Maintenance NC II,21,Male,College Undergraduate,Self-employed,Electrical Repair,Construction,Returning Learner,Graduate
Binubuhan,Carpentry NC II,40,Male,College Graduate,Wage Employed,Carpentry,Construction,Returning Learner,Graduate
Lag-asan,Cookery NC II,38,Male,College Undergraduate,Self-employed,Cooking,ICT,Career Shifter,Graduate
Poblacion,Masonry NC II,53,Male,College Graduate,Wage Employed,Masonry,Construction,New Entrant,Graduate
Bacong,Computer Systems Servicing NC II,41,Female,College Undergraduate,Wage Employed,Computer Literacy,Business,Experienced Worker,Graduate
Balingasag,Carpentry NC II,25,Male,College Graduate,Wage Employed,Carpentry,Construction,Experienced Worker,Dropout
Caridad,Computer Systems Servicing NC II,29,Female,Junior High,Unemployed,Computer Literacy,ICT,Career Shifter,Dropout
Atipuluan,Computer Systems Servicing NC II,30,Male,Senior High,Self-employed,Welding,Construction,Career Shifter,Dropout
Calumangan,Masonry NC II,30,Male,Senior High,Wage Employed,Welding,Construction,Experienced Worker,Graduate
Atipuluan,Cookery NC II,19,Male,College Undergraduate,Unemployed,Cooking,Hospitality,Career Shifter,Graduate
Dulao,Cookery NC II,36,Female,College Undergraduate,Underemployed,Cooking,Hospitality,Returning Learner,Graduate
Dulao,Cookery NC II,35,Female,Senior High,Underemployed,Cooking,Hospitality,New Entrant,Graduate
Poblacion,Computer Systems Servicing NC II,37,Female,College Undergraduate,Unemployed,Computer Literacy,ICT,New Entrant,Graduate
Poblacion,Electrical Installation and Maintenance NC II,43,Male,Senior High,Unemployed,Electrical Repair,Construction,New Entrant,Graduate
Alianza,Electrical Installation and Maintenance NC II,32,Female,Senior High,Self-employed,Electrical Repair,Construction,Experienced Worker,Graduate
Bacong,Driving NC II,29,Female,Junior High,Wage Employed,Driving,Transportation,Returning Learner,Graduate
Malingin,Cookery NC II,37,Male,Senior High,Underemployed,Masonry,Construction,Returning Learner,Dropout
Atipuluan,Cookery NC II,48,Female,College Undergraduate,Underemployed,Cooking,Hospitality,Returning Learner,Graduate
Napoles,Electrical Installation and Maintenance NC II,20,Male,Senior High,Underemployed,Electrical Repair,Construction,Returning Learner,Dropout
Atipuluan,Carpentry NC II,23,Male,College Graduate,Self-employed,Carpentry,Construction,Experienced Worker,Graduate
Malingin,Electrical Installation and Maintenance NC II,42,Male,College Undergraduate,Self-employed,Welding,Construction,New Entrant,Graduate
Balingasag,Computer Systems Servicing NC II,41,Male,College Undergraduate,Wage Employed,Computer Literacy,ICT,Experienced Worker,Graduate
Napoles,Shielded Metal Arc Welding NC I,40,Male,Junior High,Underemployed,Welding,Construction,Career Shifter,Graduate
Ma-ao,Carpentry NC II,25,Male,Junior High,Underemployed,Carpentry,Construction,Career Shifter,Graduate
Busay,Cookery NC II,39,Female,Senior High,Underemployed,Cooking,Hospitality,New Entrant,Dropout
Poblacion,Computer Systems Servicing NC II,38,Male,College Undergraduate,Wage Employed,Computer Literacy,ICT,Returning Learner,Graduate
Lag-asan,Computer Systems Servicing NC II,43,Male,Senior High,Unemployed,Computer Literacy,ICT,Returning Learner,Graduate
Atipuluan,Bread and Pastry NC II,26,Female,Junior High,Self-employed,Baking,Hospitality,Returning Learner,Graduate
Pacol,Computer Systems Servicing NC II,29,Female,College Undergraduate,Underemployed,Computer Literacy,ICT,New Entrant,Dropout
Binubuhan,Carpentry NC II,23,Male,Junior High,Unemployed,Carpentry,Construction,New Entrant,Dropout
Atipuluan,Shielded Metal Arc Welding NC I,25,Female,Junior High,Unemployed,Welding,Construction,New Entrant,Graduate
Ma-ao,Masonry NC II,32,Male,College Undergraduate,Self-employed,Masonry,Construction,New Entrant,Dropout
Bacong,Masonry NC II,18,Male,Junior High,Self-employed,Carpentry,Construction,Career Shifter,Dropout
Malingin,Driving NC II,37,Male,Senior High,Unemployed,Driving,Transportation,Experienced Worker,Graduate
Taloc,Driving NC II,36,Male,College Graduate,Wage Employed,Driving,Transportation,Experienced Worker,Graduate
Malingin,Computer Systems Servicing NC II,36,Male,Junior High,Unemployed,Electrical Repair,Hospitality,Career Shifter,Dropout
Atipuluan,Cookery NC II,38,Male,Senior High,Self-employed,Masonry,Business,Career Shifter,Graduate
Bagroy,Carpentry NC II,29,Male,Junior High,Underemployed,Carpentry,Construction,Returning Learner,Graduate
Calumangan,Driving NC II,29,Male,Senior High,Self-employed,Driving,Transportation,Career Shifter,Graduate
Atipuluan,Driving NC II,26,Male,College Graduate,Self-employed,Driving,Transportation,Experienced Worker,Graduate
Lag-asan,Bread and Pastry NC II,28,Male,College Graduate,Wage Employed,Baking,Hospitality,Returning Learner,Dropout
Taloc,Carpentry NC II,31,Male,Elementary Graduate,Underemployed,Carpentry,Construction,New Entrant,Graduate
Napoles,Electrical Installation and Maintenance NC II,43,Male,Senior High,Self-employed,Electrical Repair,Construction,Experienced Worker,Graduate
Poblacion,Cookery NC II,52,Male,College Graduate,Wage Employed,Cooking,Hospitality,Experienced Worker,Graduate
Abuanan,Shielded Metal Arc Welding NC I,30,Male,Senior High,Wage Employed,Welding,Construction,Experienced Worker,Graduate
Dulao,Carpentry NC II,24,Male,Senior High,Self-employed,Carpentry,ICT,Experienced Worker,Graduate
Calumangan,Computer Systems Servicing NC II,31,Male,College Graduate,Unemployed,Computer Literacy,ICT,Experienced Worker,Graduate
Abuanan,Carpentry NC II,25,Male,College Undergraduate,Underemployed,Carpentry,Construction,Returning Learner,Dropout
Caridad,Cookery NC II,36,Female,Junior High,Underemployed,Cooking,Hospitality,Experienced Worker,Graduate
Binubuhan,Masonry NC II,29,Female,Senior High,Unemployed,Baking,Hospitality,Career Shifter,Dropout
Taloc,Electrical Installation and Maintenance NC II,33,Male,Junior High,Self-employed,Electrical Repair,Construction,Experienced Worker,Dropout
Atipuluan,Electrical Installation and Maintenance NC II,42,Male,Junior High,Unemployed,Electrical Repair,Construction,New Entrant,Graduate
Dulao,Masonry NC II,27,Male,Senior High,Self-employed,Masonry,Construction,New Entrant,Graduate
Taloc,Driving NC II,46,Female,College Graduate,Self-employed,Baking,Hospitality,Career Shifter,Graduate
Ma-ao,Cookery NC II,33,Female,Junior High,Underemployed,Cooking,Hospitality,Experienced Worker,Graduate
Caridad,Masonry NC II,22,Male,Elementary Graduate,Unemployed,Masonry,Construction,Returning Learner,Graduate
Tabunan,Shielded Metal Arc Welding NC I,33,Male,Elementary Graduate,Unemployed,Welding,Construction,Experienced Worker,Dropout
Bagroy,Shielded Metal Arc Welding NC I,36,Male,Junior High,Underemployed,Welding,Construction,Career Shifter,Dropout
Bagroy,Computer Systems Servicing NC II,35,Male,College Undergraduate,Wage Employed,Computer Literacy,ICT,Experienced Worker,Graduate
Caridad,Driving NC II,41,Female,Senior High,Unemployed,Driving,Transportation,Experienced Worker,Dropout
Caridad,Driving NC II,30,Male,Senior High,Unemployed,Computer Literacy,ICT,Career Shifter,Graduate
Abuanan,Electrical Installation and Maintenance NC II,22,Female,Senior High,Underemployed,Electrical Repair,Construction,Experienced Worker,Graduate
Sagasa,Cookery NC II,22,Female,Senior High,Wage Employed,Cooking,Hospitality,Experienced Worker,Dropout
Dulao,Bread and Pastry NC II,18,Male,Junior High,Underemployed,Baking,Hospitality,New Entrant,Dropout
Caridad,Masonry NC II,18,Female,Senior High,Underemployed,Masonry,Construction,Returning Learner,Graduate
Binubuhan,Driving NC II,31,Male,Senior High,Wage Employed,Driving,Transportation,Returning Learner,Graduate
Bagroy,Bread and Pastry NC II,24,Female,Senior High,Unemployed,Baking,Hospitality,Experienced Worker,Dropout
Tabunan,Cookery NC II,34,Male,Senior High,Unemployed,Cooking,Hospitality,Career Shifter,Dropout
Dulao,Cookery NC II,41,Female,Junior High,Self-employed,Cooking,Hospitality,Experienced Worker,Graduate
Lag-asan,Driving NC II,35,Female,College Graduate,Wage Employed,Computer Literacy,ICT,Career Shifter,Graduate
Abuanan,Masonry NC II,24,Male,Senior High,Unemployed,Masonry,Construction,Returning Learner,Graduate
Taloc,Driving NC II,35,Male,Junior High,Self-employed,Driving,Transportation,Experienced Worker,Graduate
Poblacion,Driving NC II,40,Male,Junior High,Underemployed,Driving,Transportation,Returning Learner,Graduate
Abuanan,Cookery NC II,31,Female,Junior High,Self-employed,Cooking,Hospitality,Returning Learner,Graduate
Ma-ao,Carpentry NC II,31,Male,Senior High,Underemployed,Carpentry,Construction,Experienced Worker,Graduate
Bagroy,Computer Systems Servicing NC II,36,Male,College Undergraduate,Underemployed,Computer Literacy,ICT,Returning Learner,Graduate
Taloc,Bread and Pastry NC II,38,Male,Senior High,Underemployed,Baking,Hospitality,Experienced Worker,Graduate
Abuanan,Carpentry NC II,36,Male,College Undergraduate,Underemployed,Carpentry,Construction,Experienced Worker,Graduate
Lag-asan,Carpentry NC II,42,Male,Senior High,Self-employed,Carpentry,Construction,Experienced Worker,Graduate
Atipuluan,Driving NC II,38,Male,Junior High,Underemployed,Driving,Transportation,New Entrant,Graduate
Ma-ao,Shielded Metal Arc Welding NC I,31,Male,Junior High,Wage Employed,Welding,Construction,Experienced Worker,Dropout
Calumangan,Bread and Pastry NC II,41,Male,Junior High,Underemployed,Baking,Hospitality,Returning Learner,Graduate
Atipuluan,Electrical Installation and Maintenance NC II,48,Male,College Undergraduate,Underemployed,Electrical Repair,Construction,Experienced Worker,Graduate
Malingin,Computer Systems Servicing NC II,46,Male,College Graduate,Self-employed,Computer Literacy,ICT,Experienced Worker,Graduate
Poblacion,Driving NC II,24,Male,Elementary Graduate,Unemployed,Driving,Construction,New Entrant,Graduate
Alianza,Cookery NC II,34,Female,College Undergraduate,Wage Employed,Cooking,Hospitality,Returning Learner,Graduate
Caridad,Carpentry NC II,29,Male,Junior High,Unemployed,Carpentry,Construction,New Entrant,Dropout
Taloc,Carpentry NC II,25,Male,Elementary Graduate,Unemployed,Carpentry,Construction,Career Shifter,Graduate
Bacong,Computer Systems Servicing NC II,40,Female,College Undergraduate,Self-employed,Computer Literacy,ICT,Returning Learner,Graduate
Malingin,Masonry NC II,43,Male,College Undergraduate,Wage Employed,Masonry,Construction,Career Shifter,Dropout
Calumangan,Computer Systems Servicing NC II,43,Female,College Graduate,Underemployed,Computer Literacy,ICT,Experienced Worker,Graduate
Abuanan,Bread and Pastry NC II,32,Male,College Undergraduate,Unemployed,Driving,Agriculture,New Entrant,Graduate
Balingasag,Masonry NC II,32,Female,Junior High,Unemployed,Masonry,Construction,Experienced Worker,Graduate
Balingasag,Masonry NC II,22,Male,College Undergraduate,Wage Employed,Masonry,Construction,Experienced Worker,Graduate
Ma-ao,Carpentry NC II,31,Female,College Undergraduate,Unemployed,Carpentry,Construction,Returning Learner,Graduate
Abuanan,Electrical Installation and Maintenance NC II,30,Male,College Undergraduate,Underemployed,Driving,Transportation,New Entrant,Graduate
Dulao,Computer Systems Servicing NC II,22,Female,Elementary Graduate,Underemployed,Computer Literacy,ICT,New Entrant,Dropout
Caridad,Shielded Metal Arc Welding NC I,39,Male,Elementary Graduate,Unemployed,Welding,Agriculture,Career Shifter,Graduate
Napoles,Masonry NC II,30,Female,Senior High,Wage Employed,Masonry,Construction,Experienced Worker,Graduate
Alianza,Shielded Metal Arc Welding NC I,24,Male,Junior High,Underemployed,Welding,Construction,Returning Learner,Dropout
Atipuluan,Cookery NC II,37,Male,Junior High,Underemployed,Cooking,Hospitality,New Entrant,Graduate
Abuanan,Cookery NC II,34,Male,Junior High,Unemployed,Cooking,Hospitality,Experienced Worker,Graduate
Sagasa,Cookery NC II,20,Male,College Undergraduate,Wage Employed,Cooking,Hospitality,Experienced Worker,Dropout
Caridad,Shielded Metal Arc Welding NC I,38,Male,Senior High,Unemployed,Welding,Agriculture,Experienced Worker,Graduate
Mailum,Shielded Metal Arc Welding NC I,40,Female,Senior High,Unemployed,Welding,Transportation,Experienced Worker,Dropout
Tabunan,Driving NC II,29,Male,Elementary Graduate,Unemployed,Driving,Transportation,Experienced Worker,Dropout
Pacol,Cookery NC II,34,Female,Senior High,Unemployed,Cooking,Hospitality,New Entrant,Graduate
Mailum,Shielded Metal Arc Welding NC I,41,Female,Senior High,Wage Employed,Welding,Construction,Returning Learner,Dropout
Abuanan,Electrical Installation and Maintenance NC II,30,Female,Senior High,Unemployed,Electrical Repair,Construction,New Entrant,Graduate
Ma-ao,Bread and Pastry NC II,29,Female,Junior High,Underemployed,Baking,Hospitality,Returning Learner,Graduate
Malingin,Shielded Metal Arc Welding NC I,31,Male,Junior High,Unemployed,Welding,Construction,New Entrant,Dropout
Poblacion,Shielded Metal Arc Welding NC I,44,Male,Senior High,Unemployed,Welding,Construction,New Entrant,Dropout
Bacong,Driving NC II,25,Male,Junior High,Underemployed,Driving,Transportation,Returning Learner,Graduate
Balingasag,Masonry NC II,33,Male,Senior High,Self-employed,Masonry,Construction,Experienced Worker,Graduate
Busay,Computer Systems Servicing NC II,27,Male,Elementary Graduate,Self-employed,Computer Literacy,Hospitality,Returning Learner,Graduate
Sagasa,Carpentry NC II,22,Male,Junior High,Wage Employed,Carpentry,Construction,Career Shifter,Graduate
Taloc,Electrical Installation and Maintenance NC II,27,Male,Elementary Graduate,Self-employed,Electrical Repair,Construction,Experienced Worker,Dropout
Balingasag,Cookery NC II,23,Female,Senior High,Self-employed,Cooking,Hospitality,Experienced Worker,Graduate
Calumangan,Shielded Metal Arc Welding NC I,36,Male,Elementary Graduate,Underemployed,Welding,Construction,New Entrant,Dropout
Abuanan,Driving NC II,36,Male,Senior High,Underemployed,Welding,Construction,Career Shifter,Graduate
Bacong,Bread and Pastry NC II,44,Female,Senior High,Self-employed,Baking,Hospitality,Returning Learner,Graduate
Tabunan,Cookery NC II,26,Male,Senior High,Underemployed,Cooking,Hospitality,Career Shifter,Dropout
Taloc,Computer Systems Servicing NC II,42,Female,College Undergraduate,Unemployed,Computer Literacy,ICT,Career Shifter,Dropout
Balingasag,Driving NC II,40,Female,College Undergraduate,Underemployed,Driving,Transportation,New Entrant,Graduate
Malingin,Driving NC II,38,Male,Junior High,Unemployed,Carpentry,Construction,Experienced Worker,Graduate
Balingasag,Cookery NC II,31,Female,Junior High,Underemployed,Cooking,Hospitality,Career Shifter,Graduate
Pacol,Computer Systems Servicing NC II,29,Female,Senior High,Underemployed,Computer Literacy,ICT,Returning Learner,Dropout
Ma-ao,Bread and Pastry NC II,18,Male,Junior High,Unemployed,Baking,Hospitality,Career Shifter,Dropout
Dulao,Cookery NC II,38,Female,Senior High,Self-employed,Cooking,Hospitality,New Entrant,Graduate
Alianza,Shielded Metal Arc Welding NC I,40,Male,Elementary Graduate,Wage Employed,Welding,Construction,Experienced Worker,Graduate
Malingin,Electrical Installation and Maintenance NC II,26,Male,Senior High,Underemployed,Electrical Repair,Business,New Entrant,Dropout
Poblacion,Bread and Pastry NC II,19,Male,Junior High,Unemployed,Baking,Hospitality,New Entrant,Dropout
Calumangan,Bread and Pastry NC II,39,Male,Junior High,Wage Employed,Baking,Hospitality,Returning Learner,Graduate
Binubuhan,Cookery NC II,39,Female,Senior High,Unemployed,Cooking,Hospitality,Experienced Worker,Graduate
Mailum,Cookery NC II,20,Female,Senior High,Unemployed,Cooking,Hospitality,Returning Learner,Graduate
Caridad,Shielded Metal Arc Welding NC I,42,Male,Junior High,Self-employed,Welding,Construction,Experienced Worker,Graduate
Busay,Cookery NC II,23,Female,Senior High,Wage Employed,Cooking,Hospitality,Experienced Worker,Graduate
Lag-asan,Masonry NC II,21,Male,Senior High,Self-employed,Masonry,Construction,Experienced Worker,Graduate
Dulao,Masonry NC II,38,Male,Junior High,Unemployed,Masonry,Construction,Experienced Worker,Dropout
Ma-ao,Shielded Metal Arc Welding NC I,27,Male,Senior High,Self-employed,Welding,Construction,Experienced Worker,Dropout
Atipuluan,Driving NC II,31,Male,Senior High,Wage Employed,Carpentry,Construction,Career Shifter,Graduate
Abuanan,Electrical Installation and Maintenance NC II,32,Male,College Undergraduate,Underemployed,Electrical Repair,Construction,Experienced Worker,Graduate
Malingin,Driving NC II,50,Female,College Graduate,Self-employed,Computer Literacy,ICT,Career Shifter,Graduate
Binubuhan,Carpentry NC II,25,Female,Junior High,Unemployed,Carpentry,Construction,Returning Learner,Dropout
Taloc,Shielded Metal Arc Welding NC I,35,Male,Senior High,Wage Employed,Carpentry,ICT,Returning Learner,Dropout
Caridad,Carpentry NC II,35,Male,College Graduate,Unemployed,Carpentry,Construction,New Entrant,Dropout
Binubuhan,Shielded Metal Arc Welding NC I,22,Male,Senior High,Underemployed,Masonry,Construction,Career Shifter,Dropout
Taloc,Computer Systems Servicing NC II,22,Male,College Undergraduate,Wage Employed,Computer Literacy,ICT,Experienced Worker,Graduate
Malingin,Carpentry NC II,27,Male,Senior High,Self-employed,Carpentry,Construction,Returning Learner,Graduate
Atipuluan,Cookery NC II,37,Female,Senior High,Unemployed,Cooking,Hospitality,Career Shifter,Graduate
Poblacion,Shielded Metal Arc Welding NC I,38,Male,Junior High,Unemployed,Welding,Construction,New Entrant,Graduate
Napoles,Driving NC II,28,Male,Junior High,Self-employed,Driving,Transportation,New Entrant,Graduate
Abuanan,Cookery NC II,34,Female,Senior High,Underemployed,Cooking,Hospitality,Experienced Worker,Graduate
Abuanan,Masonry NC II,40,Male,College Undergraduate,Underemployed,Masonry,Construction,Experienced Worker,Graduate
Poblacion,Bread and Pastry NC II,29,Male,Senior High,Self-employed,Baking,Hospitality,Returning Learner,Graduate
Abuanan,Masonry NC II,18,Male,Senior High,Wage Employed,Electrical Repair,Construction,New Entrant,Dropout
Dulao,Masonry NC II,29,Female,Elementary Graduate,Unemployed,Masonry,Construction,New Entrant,Graduate
Taloc,Cookery NC II,24,Male,Junior High,Underemployed,Electrical Repair,Construction,New Entrant,Graduate
Balingasag,Shielded Metal Arc Welding NC I,34,Male,Senior High,Unemployed,Welding,Construction,New Entrant,Graduate
Dulao,Bread and Pastry NC II,31,Female,College Undergraduate,Self-employed,Baking,ICT,Experienced Worker,Graduate
Poblacion,Bread and Pastry NC II,43,Female,College Undergraduate,Self-employed,Baking,Hospitality,Experienced Worker,Graduate
Tabunan,Shielded Metal Arc Welding NC I,18,Male,Junior High,Unemployed,Welding,Construction,Returning Learner,Dropout
Abuanan,Driving NC II,41,Male,Junior High,Unemployed,Driving,Transportation,Returning Learner,Graduate
Taloc,Shielded Metal Arc Welding NC I,42,Female,Senior High,Self-employed,Baking,Hospitality,Career Shifter,Graduate
Abuanan,Bread and Pastry NC II,35,Male,Senior High,Self-employed,Baking,Hospitality,Experienced Worker,Graduate
Calumangan,Bread and Pastry NC II,26,Male,Junior High,Unemployed,Masonry,Construction,Career Shifter,Graduate
Balingasag,Masonry NC II,37,Male,Senior High,Wage Employed,Masonry,Construction,Experienced Worker,Graduate
Taloc,Shielded Metal Arc Welding NC I,22,Female,Elementary Graduate,Underemployed,Welding,Construction,New Entrant,Graduate
Abuanan,Shielded Metal Arc Welding NC I,19,Male,College Undergraduate,Wage Employed,Welding,Construction,Experienced Worker,Graduate
Atipuluan,Electrical Installation and Maintenance NC II,42,Male,College Undergraduate,Self-employed,Electrical Repair,Construction,Returning Learner,Dropout
Malingin,Computer Systems Servicing NC II,23,Female,Senior High,Wage Employed,Computer Literacy,ICT,Experienced Worker,Graduate
Poblacion,Electrical Installation and Maintenance NC II,38,Male,Senior High,Underemployed,Driving,Transportation,Career Shifter,Graduate
Atipuluan,Masonry NC II,26,Male,Senior High,Wage Employed,Masonry,Construction,New Entrant,Graduate
Taloc,Driving NC II,30,Male,Junior High,Unemployed,Driving,Transportation,Career Shifter,Graduate
Poblacion,Masonry NC II,25,Male,Elementary Graduate,Unemployed,Masonry,Construction,New Entrant,Graduate
Ilijan,Shielded Metal Arc Welding NC I,32,Male,College Graduate,Self-employed,Welding,Construction,Experienced Worker,Graduate
Atipuluan,Cookery NC II,21,Female,Junior High,Unemployed,Cooking,Business,New Entrant,Graduate
Abuanan,Carpentry NC II,42,Female,Senior High,Self-employed,Carpentry,Transportation,Experienced Worker,Graduate
Ma-ao,Computer Systems Servicing NC II,38,Female,Senior High,Self-employed,Computer Literacy,ICT,New Entrant,Graduate
Lag-asan,Masonry NC II,53,Male,College Graduate,Wage Employed,Masonry,Construction,Experienced Worker,Graduate
Malingin,Driving NC II,21,Female,Junior High,Underemployed,Driving,Transportation,Career Shifter,Graduate
Poblacion,Bread and Pastry NC II,25,Female,Elementary Graduate,Unemployed,Baking,Hospitality,New Entrant,Dropout
Abuanan,Carpentry NC II,42,Male,Junior High,Unemployed,Carpentry,Construction,New Entrant,Graduate
Taloc,Carpentry NC II,40,Male,Elementary Graduate,Unemployed,Carpentry,Transportation,Returning Learner,Dropout
Poblacion,Masonry NC II,44,Male,Senior High,Underemployed,Masonry,Construction,New Entrant,Dropout
Balingasag,Electrical Installation and Maintenance NC II,24,Male,Senior High,Wage Employed,Electrical Repair,Construction,Experienced Worker,Graduate
Poblacion,Masonry NC II,27,Male,Senior High,Wage Employed,Masonry,Construction,New Entrant,Graduate
Alianza,Masonry NC II,28,Male,Elementary Graduate,Underemployed,Masonry,Construction,Experienced Worker,Dropout
Atipuluan,Masonry NC II,26,Female,Senior High,Unemployed,Masonry,Construction,New Entrant,Graduate
Abuanan,Computer Systems Servicing NC II,33,Female,College Graduate,Wage Employed,Computer Literacy,ICT,Returning Learner,Graduate
Bacong,Electrical Installation and Maintenance NC II,47,Male,College Undergraduate,Unemployed,Electrical Repair,Construction,Career Shifter,Dropout
Mailum,Shielded Metal Arc Welding NC I,38,Male,College Graduate,Wage Employed,Welding,Business,Experienced Worker,Graduate
Malingin,Computer Systems Servicing NC II,26,Male,College Undergraduate,Self-employed,Computer Literacy,ICT,New Entrant,Dropout
Bacong,Masonry NC II,31,Male,Junior High,Underemployed,Masonry,Construction,New Entrant,Dropout
Napoles,Carpentry NC II,37,Male,Senior High,Wage Employed,Carpentry,Construction,Experienced Worker,Graduate
Calumangan,Electrical Installation and Maintenance NC II,30,Male,Elementary Graduate,Unemployed,Electrical Repair,Construction,New Entrant,Graduate
Ilijan,Carpentry NC II,33,Male,Junior High,Unemployed,Carpentry,Construction,Returning Learner,Dropout
Caridad,Bread and Pastry NC II,26,Female,Senior High,Wage Employed,Baking,Hospitality,Returning Learner,Graduate
Bagroy,Bread and Pastry NC II,25,Female,Elementary Graduate,Unemployed,Baking,Hospitality,New Entrant,Graduate
Tabunan,Cookery NC II,35,Male,Senior High,Self-employed,Cooking,Hospitality,Experienced Worker,Graduate
Alianza,Bread and Pastry NC II,38,Female,College Undergraduate,Self-employed,Baking,Hospitality,Experienced Worker,Graduate
Sagasa,Cookery NC II,26,Female,Senior High,Unemployed,Cooking,Hospitality,Experienced Worker,Graduate
Lag-asan,Computer Systems Servicing NC II,20,Female,College Undergraduate,Self-employed,Computer Literacy,ICT,Experienced Worker,Graduate
Lag-asan,Cookery NC II,20,Male,Senior High,Unemployed,Computer Literacy,ICT,Career Shifter,Graduate
Taloc,Masonry NC II,33,Male,College Graduate,Wage Employed,Masonry,Construction,Experienced Worker,Graduate
Napoles,Driving NC II,25,Male,Senior High,Unemployed,Driving,Transportation,New Entrant,Graduate
Ma-ao,Shielded Metal Arc Welding NC I,37,Male,Junior High,Unemployed,Welding,Construction,Career Shifter,Graduate
Lag-asan,Shielded Metal Arc Welding NC I,24,Male,Elementary Graduate,Underemployed,Welding,Agriculture,New Entrant,Dropout
Alianza,Masonry NC II,41,Male,Senior High,Unemployed,Masonry,Construction,Returning Learner,Graduate
Pacol,Masonry NC II,41,Male,Senior High,Underemployed,Masonry,Construction,New Entrant,Dropout
Abuanan,Masonry NC II,45,Female,Senior High,Underemployed,Computer Literacy,ICT,Career Shifter,Dropout
Napoles,Driving NC II,33,Female,Junior High,Unemployed,Driving,Transportation,Career Shifter,Graduate
Taloc,Driving NC II,21,Male,Senior High,Unemployed,Driving,Transportation,Returning Learner,Graduate
Atipuluan,Cookery NC II,36,Female,Senior High,Unemployed,Cooking,Hospitality,New Entrant,Graduate
Calumangan,Driving NC II,30,Male,Junior High,Underemployed,Driving,Transportation,New Entrant,Graduate
Dulao,Masonry NC II,45,Male,Senior High,Self-employed,Masonry,Construction,New Entrant,Dropout
Taloc,Cookery NC II,24,Male,Elementary Graduate,Unemployed,Cooking,Hospitality,New Entrant,Dropout
Caridad,Driving NC II,28,Male,Senior High,Unemployed,Driving,Transportation,New Entrant,Graduate
Dulao,Driving NC II,47,Male,College Undergraduate,Self-employed,Driving,Transportation,Experienced Worker,Graduate
Atipuluan,Driving NC II,18,Female,Junior High,Underemployed,Driving,Transportation,Experienced Worker,Graduate
Malingin,Cookery NC II,25,Female,Elementary Graduate,Underemployed,Cooking,Hospitality,New Entrant,Graduate
Caridad,Driving NC II,40,Male,Junior High,Underemployed,Driving,Transportation,New Entrant,Graduate
Calumangan,Computer Systems Servicing NC II,25,Female,Elementary Graduate,Underemployed,Computer Literacy,ICT,Career Shifter,Dropout
Taloc,Bread and Pastry NC II,38,Female,Junior High,Self-employed,Baking,Hospitality,Returning Learner,Graduate
Lag-asan,Bread and Pastry NC II,24,Female,Elementary Graduate,Underemployed,Baking,Hospitality,New Entrant,Graduate
Bagroy,Computer Systems Servicing NC II,20,Male,Junior High,Underemployed,Cooking,Hospitality,New Entrant,Graduate
Malingin,Shielded Metal Arc Welding NC I,34,Male,College Undergraduate,Unemployed,Welding,Construction,Returning Learner,Dropout
Poblacion,Bread and Pastry NC II,35,Female,College Graduate,Underemployed,Baking,Hospitality,Experienced Worker,Graduate
Bacong,Carpentry NC II,21,Male,Elementary Graduate,Unemployed,Carpentry,Construction,Returning Learner,Graduate
Atipuluan,Carpentry NC II,33,Female,College Undergraduate,Unemployed,Carpentry,Construction,Experienced Worker,Graduate
Lag-asan,Electrical Installation and Maintenance NC II,22,Male,Senior High,Unemployed,Electrical Repair,Construction,Career Shifter,Graduate
Lag-asan,Cookery NC II,33,Female,Elementary Graduate,Underemployed,Cooking,Hospitality,New Entrant,Graduate
Taloc,Computer Systems Servicing NC II,29,Male,College Undergraduate,Underemployed,Computer Literacy,ICT,Returning Learner,Graduate
Calumangan,Carpentry NC II,25,Male,Senior High,Self-employed,Carpentry,Construction,Experienced Worker,Graduate
Lag-asan,Computer Systems Servicing NC II,27,Female,College Graduate,Self-employed,Computer Literacy,ICT,Returning Learner,Graduate
Lag-asan,Cookery NC II,37,Male,Junior High,Unemployed,Cooking,Hospitality,Career Shifter,Graduate
Poblacion,Electrical Installation and Maintenance NC II,34,Male,Junior High,Unemployed,Electrical Repair,Construction,Career Shifter,Dropout
Balingasag,Masonry NC II,28,Female,Elementary Graduate,Unemployed,Masonry,Construction,Experienced Worker,Dropout
Abuanan,Carpentry NC II,22,Female,College Graduate,Self-employed,Carpentry,Construction,Experienced Worker,Graduate
Bagroy,Cookery NC II,39,Male,Elementary Graduate,Underemployed,Masonry,Construction,Career Shifter,Graduate
Caridad,Masonry NC II,21,Male,College Undergraduate,Unemployed,Masonry,Construction,Experienced Worker,Graduate
Atipuluan,Driving NC II,27,Male,Junior High,Unemployed,Driving,Transportation,New Entrant,Graduate
Alianza,Shielded Metal Arc Welding NC I,36,Male,Senior High,Unemployed,Welding,Construction,Returning Learner,Dropout
Ma-ao,Masonry NC II,29,Male,Elementary Graduate,Underemployed,Masonry,Construction,Experienced Worker,Graduate
Poblacion,Computer Systems Servicing NC II,23,Male,Elementary Graduate,Unemployed,Welding,Construction,Career Shifter,Graduate
Lag-asan,Cookery NC II,23,Male,Senior High,Unemployed,Cooking,Hospitality,New Entrant,Graduate
Poblacion,Driving NC II,45,Male,Senior High,Underemployed,Driving,Transportation,Returning Learner,Graduate
Atipuluan,Shielded Metal Arc Welding NC I,22,Male,Junior High,Self-employed,Welding,Construction,Experienced Worker,Graduate
Abuanan,Driving NC II,54,Male,College Graduate,Wage Employed,Driving,Transportation,Experienced Worker,Graduate
Abuanan,Driving NC II,33,Male,Junior High,Unemployed,Driving,Transportation,New Entrant,Graduate
Atipuluan,Computer Systems Servicing NC II,25,Female,College Undergraduate,Underemployed,Computer Literacy,ICT,Career Shifter,Dropout
Malingin,Carpentry NC II,30,Male,College Undergraduate,Wage Employed,Masonry,Construction,New Entrant,Graduate
Bacong,Computer Systems Servicing NC II,40,Male,Senior High,Unemployed,Computer Literacy,ICT,Career Shifter,Dropout
Napoles,Carpentry NC II,31,Male,College Undergraduate,Unemployed,Carpentry,Construction,Experienced Worker,Graduate
Dulao,Carpentry NC II,36,Female,College Undergraduate,Wage Employed,Driving,Transportation,New Entrant,Graduate
Mailum,Masonry NC II,37,Female,Senior High,Underemployed,Driving,Transportation,Career Shifter,Dropout
Abuanan,Masonry NC II,46,Male,College Undergraduate,Unemployed,Masonry,Construction,Returning Learner,Dropout
Atipuluan,Masonry NC II,27,Male,Senior High,Wage Employed,Masonry,Construction,Experienced Worker,Graduate
Balingasag,Shielded Metal Arc Welding NC I,24,Male,College Graduate,Wage Employed,Welding,Construction,New Entrant,Graduate
Calumangan,Masonry NC II,31,Male,Junior High,Self-employed,Masonry,Hospitality,Experienced Worker,Graduate
Lag-asan,Carpentry NC II,28,Female,Senior High,Self-employed,Carpentry,Construction,Experienced Worker,Graduate
Pacol,Bread and Pastry NC II,37,Female,Elementary Graduate,Self-employed,Baking,Hospitality,Experienced Worker,Graduate
Caridad,Driving NC II,40,Male,Senior High,Wage Employed,Driving,Transportation,Career Shifter,Graduate
Bacong,Cookery NC II,39,Female,College Undergraduate,Wage Employed,Cooking,Hospitality,Returning Learner,Graduate
Pacol,Carpentry NC II,21,Male,College Undergraduate,Self-employed,Carpentry,Construction,Experienced Worker,Dropout
Taloc,Shielded Metal Arc Welding NC I,18,Male,Elementary Graduate,Wage Employed,Welding,Construction,Returning Learner,Graduate
Ma-ao,Shielded Metal Arc Welding NC I,38,Male,Senior High,Self-employed,Welding,Transportation,Career Shifter,Dropout
Calumangan,Electrical Installation and Maintenance NC II,18,Male,Elementary Graduate,Unemployed,Electrical Repair,Construction,Returning Learner,Graduate
Bagroy,Masonry NC II,32,Female,Senior High,Underemployed,Masonry,Construction,New Entrant,Graduate
Lag-asan,Bread and Pastry NC II,38,Female,Elementary Graduate,Self-employed,Baking,Business,Career Shifter,Dropout
Sagasa,Carpentry NC II,44,Male,Senior High,Self-employed,Carpentry,Transportation,Experienced Worker,Dropout
Bagroy,Driving NC II,28,Male,Junior High,Wage Employed,Driving,Transportation,Returning Learner,Graduate
Abuanan,Masonry NC II,26,Male,Junior High,Wage Employed,Masonry,Construction,Experienced Worker,Graduate
Bacong,Computer Systems Servicing NC II,54,Female,College Graduate,Self-employed,Computer Literacy,ICT,Returning Learner,Graduate
Taloc,Driving NC II,39,Female,Senior High,Underemployed,Driving,Transportation,Returning Learner,Graduate
Binubuhan,Bread and Pastry NC II,35,Male,Elementary Graduate,Self-employed,Electrical Repair,Construction,Experienced Worker,Graduate
Napoles,Shielded Metal Arc Welding NC I,24,Male,Elementary Graduate,Underemployed,Welding,Construction,New Entrant,Graduate
Pacol,Computer Systems Servicing NC II,25,Male,Elementary Graduate,Unemployed,Computer Literacy,ICT,Experienced Worker,Graduate
Lag-asan,Masonry NC II,30,Male,College Undergraduate,Wage Employed,Masonry,Construction,Experienced Worker,Graduate
Napoles,Driving NC II,36,Male,Senior High,Underemployed,Driving,Transportation,New Entrant,Graduate
Taloc,Cookery NC II,39,Female,College Undergraduate,Underemployed,Cooking,Hospitality,Experienced Worker,Graduate
Balingasag,Shielded Metal Arc Welding NC I,39,Male,Junior High,Underemployed,Welding,Construction,New Entrant,Dropout
Dulao,Bread and Pastry NC II,29,Female,Junior High,Unemployed,Baking,Hospitality,New Entrant,Graduate
Balingasag,Masonry NC II,38,Male,Junior High,Wage Employed,Masonry,Construction,Experienced Worker,Graduate
Lag-asan,Electrical Installation and Maintenance NC II,36,Male,Elementary Graduate,Underemployed,Electrical Repair,Construction,New Entrant,Graduate
Alianza,Cookery NC II,37,Male,Junior High,Underemployed,Cooking,Hospitality,Experienced Worker,Graduate
Calumangan,Masonry NC II,40,Female,College Graduate,Wage Employed,Masonry,Construction,Experienced Worker,Graduate
Binubuhan,Carpentry NC II,37,Male,Elementary Graduate,Unemployed,Carpentry,Construction,New Entrant,Dropout
Lag-asan,Carpentry NC II,21,Male,Senior High,Unemployed,Carpentry,ICT,Returning Learner,Graduate
Atipuluan,Shielded Metal Arc Welding NC I,23,Male,Senior High,Unemployed,Welding,Construction,New Entrant,Dropout
Ma-ao,Cookery NC II,26,Female,Junior High,Unemployed,Cooking,Hospitality,Returning Learner,Dropout
Ma-ao,Bread and Pastry NC II,19,Female,Junior High,Underemployed,Baking,Hospitality,New Entrant,Graduate
Alianza,Cookery NC II,28,Female,College Undergraduate,Self-employed,Cooking,Hospitality,Experienced Worker,Graduate
Tabunan,Carpentry NC II,41,Male,Junior High,Underemployed,Carpentry,Construction,Experienced Worker,Graduate
Lag-asan,Driving NC II,31,Male,Elementary Graduate,Unemployed,Driving,Transportation,New Entrant,Dropout
Mailum,Shielded Metal Arc Welding NC I,30,Female,Junior High,Self-employed,Welding,Construction,New Entrant,Graduate
Napoles,Cookery NC II,33,Male,College Undergraduate,Underemployed,Cooking,Hospitality,Career Shifter,Graduate
Dulao,Shielded Metal Arc Welding NC I,38,Male,Elementary Graduate,Underemployed,Welding,ICT,New Entrant,Graduate
Poblacion,Carpentry NC II,30,Male,Senior High,Wage Employed,Carpentry,Construction,Experienced Worker,Graduate
Taloc,Carpentry NC II,37,Male,Junior High,Underemployed,Carpentry,Construction,New Entrant,Graduate
Balingasag,Shielded Metal Arc Welding NC I,26,Male,College Graduate,Self-employed,Welding,Construction,Experienced Worker,Graduate
Napoles,Shielded Metal Arc Welding NC I,24,Male,Junior High,Unemployed,Welding,Construction,New Entrant,Graduate
Dulao,Masonry NC II,36,Male,Elementary Graduate,Unemployed,Masonry,Construction,New Entrant,Graduate
Taloc,Computer Systems Servicing NC II,38,Male,College Graduate,Wage Employed,Computer Literacy,ICT,Returning Learner,Graduate
Mailum,Carpentry NC II,36,Male,Junior High,Underemployed,Carpentry,Construction,New Entrant,Graduate
Napoles,Electrical Installation and Maintenance NC II,41,Female,College Graduate,Underemployed,Electrical Repair,Agriculture,New Entrant,Graduate
Calumangan,Cookery NC II,32,Female,Elementary Graduate,Underemployed,Cooking,Hospitality,New Entrant,Graduate
Ilijan,Masonry NC II,29,Female,Junior High,Unemployed,Baking,Hospitality,New Entrant,Dropout
Abuanan,Computer Systems Servicing NC II,43,Female,College Graduate,Wage Employed,Computer Literacy,ICT,Experienced Worker,Graduate
Lag-asan,Bread and Pastry NC II,44,Male,Senior High,Unemployed,Baking,Hospitality,Experienced Worker,Graduate
Ma-ao,Carpentry NC II,38,Male,Junior High,Underemployed,Carpentry,Construction,New Entrant,Dropout
Busay,Electrical Installation and Maintenance NC II,25,Male,Elementary Graduate,Unemployed,Electrical Repair,Construction,Returning Learner,Dropout
Alianza,Carpentry NC II,32,Male,Senior High,Self-employed,Carpentry,Construction,Experienced Worker,Graduate
Calumangan,Masonry NC II,21,Male,Elementary Graduate,Wage Employed,Masonry,Construction,Returning Learner,Graduate
Mailum,Masonry NC II,19,Male,Junior High,Self-employed,Masonry,Construction,Experienced Worker,Dropout
Taloc,Cookery NC II,42,Female,Senior High,Wage Employed,Cooking,Hospitality,Returning Learner,Graduate
Calumangan,Electrical Installation and Maintenance NC II,34,Male,Junior High,Underemployed,Electrical Repair,Transportation,Returning Learner,Graduate
Caridad,Cookery NC II,43,Male,College Undergraduate,Wage Employed,Cooking,Hospitality,Returning Learner,Graduate
Alianza,Computer Systems Servicing NC II,39,Female,Elementary Graduate,Unemployed,Computer Literacy,ICT,Returning Learner,Graduate
Poblacion,Cookery NC II,24,Female,Senior High,Self-employed,Cooking,Hospitality,Experienced Worker,Graduate
Atipuluan,Cookery NC II,53,Male,College Graduate,Wage Employed,Cooking,Agriculture,Career Shifter,Graduate
Taloc,Shielded Metal Arc Welding NC I,32,Male,Elementary Graduate,Underemployed,Welding,Construction,Career Shifter,Dropout
Lag-asan,Driving NC II,25,Female,College Graduate,Self-employed,Driving,Transportation,Returning Learner,Graduate
Balingasag,Shielded Metal Arc Welding NC I,34,Male,Senior High,Wage Employed,Welding,Construction,New Entrant,Graduate
Mailum,Carpentry NC II,42,Male,Junior High,Unemployed,Carpentry,Construction,New Entrant,Dropout
Malingin,Carpentry NC II,24,Male,Elementary Graduate,Underemployed,Carpentry,Construction,New Entrant,Graduate
Alianza,Computer Systems Servicing NC II,38,Male,Junior High,Underemployed,Computer Literacy,ICT,Career Shifter,Dropout
Bagroy,Carpentry NC II,27,Male,College Undergraduate,Wage Employed,Carpentry,Construction,Experienced Worker,Graduate
Taloc,Electrical Installation and Maintenance NC II,42,Male,Senior High,Underemployed,Electrical Repair,Construction,Returning Learner,Dropout
Caridad,Cookery NC II,28,Female,Junior High,Unemployed,Cooking,Hospitality,New Entrant,Dropout
Alianza,Cookery NC II,41,Male,College Graduate,Self-employed,Cooking,Hospitality,Experienced Worker,Graduate
Bagroy,Driving NC II,26,Male,Senior High,Wage Employed,Driving,Transportation,Experienced Worker,Graduate
Lag-asan,Computer Systems Servicing NC II,18,Female,Junior High,Wage Employed,Cooking,Hospitality,New Entrant,Dropout
Taloc,Computer Systems Servicing NC II,39,Female,Senior High,Unemployed,Computer Literacy,Transportation,Returning Learner,Dropout
Atipuluan,Carpentry NC II,33,Male,Senior High,Unemployed,Carpentry,Construction,New Entrant,Graduate
Ilijan,Driving NC II,30,Male,Elementary Graduate,Unemployed,Carpentry,Construction,Career Shifter,Dropout
Ma-ao,Bread and Pastry NC II,32,Female,College Undergraduate,Self-employed,Baking,Hospitality,Experienced Worker,Graduate
Taloc,Computer Systems Servicing NC II,38,Male,College Graduate,Wage Employed,Computer Literacy,ICT,Career Shifter,Graduate
Pacol,Shielded Metal Arc Welding NC I,40,Female,Elementary Graduate,Wage Employed,Welding,Construction,Experienced Worker,Graduate
Napoles,Shielded Metal Arc Welding NC I,22,Male,Senior High,Wage Employed,Welding,Construction,Experienced Worker,Graduate
Lag-asan,Cookery NC II,30,Male,Junior High,Underemployed,Cooking,Hospitality,Career Shifter,Graduate
Abuanan,Electrical Installation and Maintenance NC II,18,Male,Junior High,Wage Employed,Electrical Repair,Construction,Experienced Worker,Graduate
Lag-asan,Cookery NC II,29,Female,Senior High,Self-employed,Cooking,Hospitality,Returning Learner,Graduate
Atipuluan,Electrical Installation and Maintenance NC II,42,Female,College Graduate,Unemployed,Electrical Repair,ICT,Returning Learner,Graduate
Atipuluan,Masonry NC II,41,Male,Senior High,Wage Employed,Masonry,Construction,Experienced Worker,Graduate
Abuanan,Driving NC II,37,Male,College Undergraduate,Unemployed,Driving,ICT,Returning Learner,Graduate
Atipuluan,Electrical Installation and Maintenance NC II,33,Male,Junior High,Underemployed,Electrical Repair,Construction,New Entrant,Graduate
Dulao,Driving NC II,40,Male,Senior High,Wage Employed,Driving,Transportation,Experienced Worker,Dropout
Atipuluan,Electrical Installation and Maintenance NC II,32,Male,Junior High,Unemployed,Electrical Repair,Construction,New Entrant,Dropout
Calumangan,Electrical Installation and Maintenance NC II,30,Male,Junior High,Unemployed,Electrical Repair,Construction,New Entrant,Dropout
Alianza,Shielded Metal Arc Welding NC I,25,Female,Elementary Graduate,Underemployed,Welding,Construction,Returning Learner,Graduate
Atipuluan,Bread and Pastry NC II,41,Female,Junior High,Self-employed,Baking,Hospitality,New Entrant,Dropout
Busay,Computer Systems Servicing NC II,47,Male,College Undergraduate,Wage Employed,Computer Literacy,ICT,Returning Learner,Dropout
Mailum,Shielded Metal Arc Welding NC I,18,Female,Senior High,Unemployed,Welding,Construction,Experienced Worker,Graduate
Poblacion,Masonry NC II,27,Male,Senior High,Unemployed,Masonry,Construction,Returning Learner,Graduate
Abuanan,Carpentry NC II,27,Male,Senior High,Unemployed,Carpentry,Construction,New Entrant,Graduate
Abuanan,Masonry NC II,34,Male,Elementary Graduate,Unemployed,Masonry,Construction,Experienced Worker,Graduate
Malingin,Masonry NC II,29,Male,Elementary Graduate,Underemployed,Masonry,Construction,New Entrant,Graduate
Pacol,Shielded Metal Arc Welding NC I,20,Male,Elementary Graduate,Self-employed,Welding,Construction,Experienced Worker,Graduate
Dulao,Cookery NC II,37,Female,Junior High,Underemployed,Cooking,Hospitality,New Entrant,Graduate
Napoles,Driving NC II,41,Male,Junior High,Underemployed,Driving,Transportation,Experienced Worker,Graduate
Malingin,Cookery NC II,37,Female,Senior High,Underemployed,Cooking,Hospitality,New Entrant,Dropout
Taloc,Driving NC II,39,Female,Senior High,Underemployed,Driving,Transportation,New Entrant,Graduate
Atipuluan,Masonry NC II,40,Female,Senior High,Unemployed,Masonry,Construction,Experienced Worker,Dropout
Taloc,Driving NC II,29,Male,Elementary Graduate,Unemployed,Driving,Transportation,New Entrant,Graduate
Tabunan,Computer Systems Servicing NC II,34,Male,College Undergraduate,Underemployed,Computer Literacy,ICT,New Entrant,Graduate
Sagasa,Computer Systems Servicing NC II,29,Male,College Undergraduate,Underemployed,Computer Literacy,ICT,New Entrant,Dropout
Bacong,Electrical Installation and Maintenance NC II,22,Male,Junior High,Wage Employed,Electrical Repair,Construction,Experienced Worker,Graduate
Calumangan,Electrical Installation and Maintenance NC II,35,Female,Senior High,Underemployed,Electrical Repair,Construction,Career Shifter,Graduate
Alianza,Carpentry NC II,22,Male,Senior High,Self-employed,Carpentry,Construction,Experienced Worker,Graduate
Calumangan,Shielded Metal Arc Welding NC I,30,Male,College Graduate,Unemployed,Driving,Transportation,Career Shifter,Graduate
Calumangan,Driving NC II,44,Male,College Undergraduate,Self-employed,Driving,Transportation,Experienced Worker,Graduate
Taloc,Driving NC II,24,Male,Senior High,Underemployed,Masonry,Construction,New Entrant,Graduate
Calumangan,Cookery NC II,20,Female,Junior High,Unemployed,Cooking,Hospitality,New Entrant,Dropout
Pacol,Electrical Installation and Maintenance NC II,30,Male,Junior High,Unemployed,Welding,Construction,Career Shifter,Graduate
Bagroy,Cookery NC II,28,Male,Junior High,Self-employed,Cooking,Hospitality,Experienced Worker,Graduate
Abuanan,Shielded Metal Arc Welding NC I,45,Male,Senior High,Underemployed,Welding,Construction,New Entrant,Graduate
Malingin,Computer Systems Servicing NC II,30,Female,College Undergraduate,Self-employed,Computer Literacy,ICT,Experienced Worker,Graduate
Napoles,Carpentry NC II,29,Male,College Undergraduate,Unemployed,Carpentry,Hospitality,Returning Learner,Graduate
Taloc,Cookery NC II,38,Female,Junior High,Unemployed,Cooking,Hospitality,New Entrant,Graduate
Abuanan,Carpentry NC II,37,Male,Junior High,Unemployed,Carpentry,Construction,New Entrant,Graduate
Abuanan,Masonry NC II,22,Female,Senior High,Underemployed,Masonry,Construction,Returning Learner,Graduate
Lag-asan,Shielded Metal Arc Welding NC I,21,Male,Senior High,Underemployed,Welding,Construction,Career Shifter,Dropout
Taloc,Computer Systems Servicing NC II,33,Male,College Undergraduate,Wage Employed,Computer Literacy,ICT,Experienced Worker,Graduate
Poblacion,Electrical Installation and Maintenance NC II,43,Female,Senior High,Wage Employed,Electrical Repair,Construction,New Entrant,Graduate
Ma-ao,Electrical Installation and Maintenance NC II,34,Female,Senior High,Self-employed,Electrical Repair,Construction,Experienced Worker,Graduate
Lag-asan,Masonry NC II,42,Female,Junior High,Underemployed,Masonry,Construction,New Entrant,Dropout
Calumangan,Driving NC II,28,Female,Senior High,Self-employed,Driving,Transportation,Returning Learner,Graduate
Calumangan,Masonry NC II,42,Male,Senior High,Wage Employed,Masonry,Construction,Experienced Worker,Graduate
Bagroy,Shielded Metal Arc Welding NC I,25,Male,Junior High,Self-employed,Welding,Construction,Experienced Worker,Graduate
Lag-asan,Computer Systems Servicing NC II,20,Female,College Undergraduate,Self-employed,Computer Literacy,ICT,Experienced Worker,Graduate
Caridad,Carpentry NC II,41,Male,College Undergraduate,Underemployed,Carpentry,Construction,Experienced Worker,Graduate
Balingasag,Masonry NC II,38,Male,College Undergraduate,Self-employed,Masonry,Construction,Returning Learner,Graduate
Ma-ao,Driving NC II,40,Male,Senior High,Underemployed,Driving,Transportation,Returning Learner,Dropout
Taloc,Driving NC II,43,Male,Senior High,Unemployed,Driving,Transportation,New Entrant,Graduate
Lag-asan,Driving NC II,41,Male,Senior High,Unemployed,Driving,Transportation,Experienced Worker,Graduate
Napoles,Shielded Metal Arc Welding NC I,31,Male,Elementary Graduate,Unemployed,Welding,Construction,Experienced Worker,Graduate
Calumangan,Driving NC II,23,Male,Junior High,Self-employed,Driving,Transportation,New Entrant,Dropout
Calumangan,Electrical Installation and Maintenance NC II,18,Male,Senior High,Self-employed,Electrical Repair,Business,Returning Learner,Graduate
Taloc,Electrical Installation and Maintenance NC II,32,Male,Elementary Graduate,Unemployed,Electrical Repair,Construction,New Entrant,Dropout
Balingasag,Computer Systems Servicing NC II,22,Female,College Undergraduate,Wage Employed,Computer Literacy,ICT,Returning Learner,Graduate
Pacol,Shielded Metal Arc Welding NC I,36,Male,Junior High,Self-employed,Welding,Construction,Experienced Worker,Dropout
Caridad,Shielded Metal Arc Welding NC I,23,Male,Elementary Graduate,Underemployed,Carpentry,Construction,New Entrant,Graduate
Calumangan,Shielded Metal Arc Welding NC I,22,Female,College Undergraduate,Unemployed,Welding,Construction,New Entrant,Dropout
Atipuluan,Computer Systems Servicing NC II,26,Female,College Undergraduate,Self-employed,Computer Literacy,ICT,Experienced Worker,Graduate
Abuanan,Electrical Installation and Maintenance NC II,32,Male,Junior High,Unemployed,Electrical Repair,Transportation,New Entrant,Graduate
Balingasag,Carpentry NC II,33,Male,Senior High,Self-employed,Cooking,Hospitality,Career Shifter,Graduate
Dulao,Carpentry NC II,19,Male,Senior High,Wage Employed,Carpentry,Construction,Experienced Worker,Graduate
Caridad,Computer Systems Servicing NC II,30,Female,College Undergraduate,Wage Employed,Computer Literacy,ICT,New Entrant,Graduate
Atipuluan,Electrical Installation and Maintenance NC II,25,Male,Senior High,Underemployed,Electrical Repair,Construction,Experienced Worker,Graduate
Busay,Computer Systems Servicing NC II,48,Male,College Undergraduate,Unemployed,Computer Literacy,ICT,Returning Learner,Dropout
Abuanan,Shielded Metal Arc Welding NC I,30,Male,Junior High,Unemployed,Welding,Construction,New Entrant,Dropout
Bacong,Bread and Pastry NC II,42,Female,College Undergraduate,Underemployed,Baking,Hospitality,Experienced Worker,Graduate
Alianza,Masonry NC II,18,Female,Junior High,Unemployed,Masonry,Construction,New Entrant,Graduate
Poblacion,Cookery NC II,29,Male,Junior High,Unemployed,Cooking,Hospitality,New Entrant,Graduate
Tabunan,Computer Systems Servicing NC II,54,Male,College Graduate,Unemployed,Computer Literacy,ICT,Experienced Worker,Graduate
Abuanan,Cookery NC II,42,Female,College Undergraduate,Unemployed,Cooking,Hospitality,New Entrant,Graduate
Dulao,Masonry NC II,30,Male,Senior High,Wage Employed,Masonry,Construction,Experienced Worker,Graduate
Dulao,Carpentry NC II,39,Male,Elementary Graduate,Unemployed,Carpentry,Construction,New Entrant,Dropout
Mailum,Shielded Metal Arc Welding NC I,32,Male,College Graduate,Underemployed,Welding,Construction,New Entrant,Graduate
Calumangan,Bread and Pastry NC II,22,Male,College Undergraduate,Unemployed,Baking,Hospitality,Career Shifter,Graduate
Abuanan,Bread and Pastry NC II,41,Male,Senior High,Unemployed,Baking,Hospitality,Experienced Worker,Dropout
Atipuluan,Electrical Installation and Maintenance NC II,38,Female,Junior High,Underemployed,Electrical Repair,Construction,New Entrant,Dropout
Balingasag,Computer Systems Servicing NC II,33,Female,Senior High,Underemployed,Computer Literacy,ICT,Returning Learner,Dropout
Taloc,Masonry NC II,34,Female,College Undergraduate,Underemployed,Masonry,Construction,New Entrant,Graduate
Taloc,Computer Systems Servicing NC II,37,Male,College Graduate,Unemployed,Computer Literacy,ICT,Returning Learner,Dropout
Alianza,Bread and Pastry NC II,29,Female,Senior High,Unemployed,Baking,Hospitality,Experienced Worker,Graduate
Malingin,Shielded Metal Arc Welding NC I,33,Male,Elementary Graduate,Unemployed,Welding,Construction,New Entrant,Dropout
Abuanan,Carpentry NC II,21,Male,Elementary Graduate,Unemployed,Carpentry,Construction,Returning Learner,Graduate
Taloc,Electrical Installation and Maintenance NC II,24,Male,College Graduate,Wage Employed,Electrical Repair,Hospitality,Returning Learner,Graduate
Napoles,Driving NC II,25,Male,Junior High,Underemployed,Driving,Transportation,New Entrant,Graduate
Abuanan,Bread and Pastry NC II,42,Male,Senior High,Unemployed,Baking,Hospitality,New Entrant,Graduate
Lag-asan,Computer Systems Servicing NC II,41,Female,College Undergraduate,Self-employed,Computer Literacy,ICT,Experienced Worker,Dropout
Napoles,Shielded Metal Arc Welding NC I,37,Male,Elementary Graduate,Unemployed,Welding,Construction,New Entrant,Graduate
Bacong,Carpentry NC II,19,Male,Elementary Graduate,Underemployed,Carpentry,Construction,New Entrant,Graduate
Atipuluan,Driving NC II,21,Male,Junior High,Self-employed,Driving,Transportation,Experienced Worker,Graduate
Napoles,Cookery NC II,34,Male,Elementary Graduate,Unemployed,Cooking,Hospitality,New Entrant,Graduate
Taloc,Cookery NC II,33,Female,Senior High,Unemployed,Cooking,Hospitality,New Entrant,Graduate
Alianza,Cookery NC II,33,Female,Junior High,Unemployed,Cooking,Hospitality,New Entrant,Graduate
Ma-ao,Electrical Installation and Maintenance NC II,26,Male,Senior High,Self-employed,Electrical Repair,Construction,Experienced Worker,Graduate
Ma-ao,Electrical Installation and Maintenance NC II,25,Male,Senior High,Unemployed,Baking,Hospitality,Returning Learner,Dropout
Busay,Cookery NC II,26,Male,Junior High,Self-employed,Cooking,Hospitality,Returning Learner,Graduate
Napoles,Masonry NC II,35,Female,College Undergraduate,Self-employed,Cooking,Hospitality,New Entrant,Dropout
Ma-ao,Electrical Installation and Maintenance NC II,39,Male,Elementary Graduate,Unemployed,Electrical Repair,Construction,New Entrant,Dropout
Calumangan,Masonry NC II,26,Male,Senior High,Underemployed,Masonry,Construction,New Entrant,Dropout
Dulao,Cookery NC II,28,Male,Junior High,Unemployed,Cooking,Hospitality,Returning Learner,Graduate
Lag-asan,Cookery NC II,34,Female,Senior High,Unemployed,Cooking,Hospitality,New Entrant,Graduate
Ma-ao,Electrical Installation and Maintenance NC II,32,Male,Senior High,Self-employed,Electrical Repair,Construction,Experienced Worker,Graduate
Lag-asan,Electrical Installation and Maintenance NC II,42,Male,Senior High,Underemployed,Electrical Repair,Construction,New Entrant,Dropout
Bacong,Electrical Installation and Maintenance NC II,32,Male,Senior High,Wage Employed,Electrical Repair,Construction,Returning Learner,Graduate
Binubuhan,Carpentry NC II,41,Female,Senior High,Underemployed,Masonry,Construction,New Entrant,Graduate
Ma-ao,Carpentry NC II,42,Male,Junior High,Unemployed,Carpentry,Agriculture,New Entrant,Dropout
Caridad,Masonry NC II,19,Male,Junior High,Unemployed,Masonry,Construction,Experienced Worker,Graduate
Alianza,Computer Systems Servicing NC II,48,Female,College Undergraduate,Self-employed,Computer Literacy,ICT,Experienced Worker,Graduate
Lag-asan,Masonry NC II,38,Male,Junior High,Self-employed,Masonry,Construction,Experienced Worker,Graduate
Atipuluan,Carpentry NC II,32,Male,Senior High,Wage Employed,Cooking,Hospitality,Career Shifter,Graduate
Calumangan,Driving NC II,37,Male,Senior High,Wage Employed,Driving,Transportation,Experienced Worker,Dropout
Poblacion,Bread and Pastry NC II,19,Female,Junior High,Self-employed,Masonry,Construction,Career Shifter,Graduate
Binubuhan,Computer Systems Servicing NC II,36,Female,Junior High,Unemployed,Computer Literacy,ICT,New Entrant,Graduate
Atipuluan,Shielded Metal Arc Welding NC I,28,Male,Junior High,Underemployed,Welding,Construction,New Entrant,Graduate
Abuanan,Carpentry NC II,42,Male,Senior High,Wage Employed,Electrical Repair,Construction,New Entrant,Dropout
Napoles,Carpentry NC II,37,Male,Elementary Graduate,Underemployed,Carpentry,Construction,Career Shifter,Graduate
Mailum,Bread and Pastry NC II,26,Female,Junior High,Wage Employed,Baking,Hospitality,Returning Learner,Graduate
Binubuhan,Electrical Installation and Maintenance NC II,28,Female,Elementary Graduate,Unemployed,Electrical Repair,Construction,New Entrant,Dropout
Bagroy,Shielded Metal Arc Welding NC I,25,Male,Senior High,Self-employed,Welding,Construction,Experienced Worker,Graduate
Malingin,Driving NC II,35,Male,Junior High,Unemployed,Driving,Transportation,New Entrant,Graduate
Balingasag,Bread and Pastry NC II,43,Male,Senior High,Unemployed,Masonry,Construction,New Entrant,Dropout
Taloc,Computer Systems Servicing NC II,50,Male,College Graduate,Underemployed,Computer Literacy,ICT,New Entrant,Graduate
Mailum,Shielded Metal Arc Welding NC I,39,Male,Junior High,Unemployed,Welding,Construction,Returning Learner,Dropout
Pacol,Driving NC II,30,Male,College Graduate,Wage Employed,Driving,Transportation,New Entrant,Graduate
Poblacion,Driving NC II,44,Male,College Undergraduate,Wage Employed,Driving,Hospitality,Returning Learner,Graduate
Abuanan,Bread and Pastry NC II,38,Male,College Graduate,Self-employed,Computer Literacy,ICT,Career Shifter,Graduate
Atipuluan,Cookery NC II,27,Male,Junior High,Unemployed,Cooking,Hospitality,New Entrant,Graduate
Poblacion,Shielded Metal Arc Welding NC I,34,Male,College Undergraduate,Unemployed,Welding,Construction,Returning Learner,Graduate
Poblacion,Shielded Metal Arc Welding NC I,39,Male,College Undergraduate,Unemployed,Welding,Construction,Career Shifter,Dropout
Sagasa,Driving NC II,34,Male,Senior High,Underemployed,Driving,Construction,Experienced Worker,Graduate
Atipuluan,Cookery NC II,20,Male,Senior High,Unemployed,Cooking,Hospitality,Returning Learner,Graduate
Ma-ao,Bread and Pastry NC II,25,Female,Junior High,Underemployed,Baking,Hospitality,New Entrant,Dropout
Bacong,Cookery NC II,25,Male,Senior High,Underemployed,Cooking,Hospitality,Returning Learner,Graduate
Pacol,Shielded Metal Arc Welding NC I,47,Male,College Undergraduate,Self-employed,Welding,Construction,Experienced Worker,Graduate
Abuanan,Carpentry NC II,36,Male,Senior High,Wage Employed,Carpentry,Construction,New Entrant,Dropout
Lag-asan,Driving NC II,42,Female,Senior High,Unemployed,Driving,Transportation,Experienced Worker,Graduate
Taloc,Shielded Metal Arc Welding NC I,21,Male,College Undergraduate,Unemployed,Welding,Construction,Career Shifter,Graduate
Taloc,Cookery NC II,28,Female,Junior High,Unemployed,Cooking,Transportation,New Entrant,Graduate
Malingin,Cookery NC II,34,Female,Elementary Graduate,Underemployed,Cooking,Hospitality,Returning Learner,Graduate
Balingasag,Cookery NC II,25,Female,Senior High,Unemployed,Cooking,Hospitality,New Entrant,Graduate
Pacol,Carpentry NC II,20,Male,Senior High,Unemployed,Carpentry,Construction,New Entrant,Dropout
Balingasag,Masonry NC II,48,Male,College Undergraduate,Wage Employed,Masonry,Construction,Experienced Worker,Graduate
Mailum,Electrical Installation and Maintenance NC II,22,Male,Junior High,Underemployed,Electrical Repair,Construction,New Entrant,Dropout
Poblacion,Carpentry NC II,55,Male,College Graduate,Wage Employed,Carpentry,Construction,Career Shifter,Graduate
Alianza,Computer Systems Servicing NC II,23,Male,Junior High,Underemployed,Electrical Repair,Construction,Career Shifter,Graduate
Poblacion,Carpentry NC II,23,Male,Junior High,Unemployed,Carpentry,Construction,Experienced Worker,Graduate
Dulao,Bread and Pastry NC II,34,Male,College Undergraduate,Self-employed,Baking,Hospitality,Experienced Worker,Graduate
Abuanan,Carpentry NC II,30,Male,College Undergraduate,Underemployed,Carpentry,Construction,New Entrant,Graduate
Poblacion,Masonry NC II,20,Male,Junior High,Self-employed,Carpentry,Construction,New Entrant,Graduate
Caridad,Electrical Installation and Maintenance NC II,41,Male,Senior High,Self-employed,Electrical Repair,Construction,Experienced Worker,Graduate
Poblacion,Driving NC II,42,Male,Junior High,Underemployed,Driving,Hospitality,New Entrant,Graduate
Atipuluan,Driving NC II,19,Male,Junior High,Unemployed,Welding,Agriculture,New Entrant,Graduate
Caridad,Bread and Pastry NC II,33,Female,College Undergraduate,Self-employed,Baking,Hospitality,Experienced Worker,Graduate
Taloc,Masonry NC II,32,Male,College Undergraduate,Self-employed,Masonry,Construction,Experienced Worker,Graduate
Busay,Carpentry NC II,25,Male,Elementary Graduate,Unemployed,Carpentry,Construction,New Entrant,Dropout
Busay,Bread and Pastry NC II,18,Male,Senior High,Unemployed,Cooking,Hospitality,Career Shifter,Dropout
Balingasag,Cookery NC II,36,Male,Junior High,Unemployed,Cooking,Hospitality,Career Shifter,Graduate
Poblacion,Shielded Metal Arc Welding NC I,31,Male,Junior High,Wage Employed,Baking,Hospitality,Experienced Worker,Graduate
Pacol,Electrical Installation and Maintenance NC II,40,Male,Elementary Graduate,Unemployed,Electrical Repair,Construction,New Entrant,Dropout
Mailum,Driving NC II,32,Male,Senior High,Unemployed,Driving,Transportation,New Entrant,Dropout
Pacol,Driving NC II,43,Male,College Graduate,Wage Employed,Driving,Transportation,Returning Learner,Graduate
Poblacion,Shielded Metal Arc Welding NC I,40,Female,College Undergraduate,Underemployed,Cooking,Hospitality,Career Shifter,Graduate
Dulao,Masonry NC II,23,Female,College Graduate,Wage Employed,Masonry,Construction,Experienced Worker,Graduate
Balingasag,Driving NC II,22,Male,College Undergraduate,Wage Employed,Driving,Transportation,Experienced Worker,Graduate
Bagroy,Computer Systems Servicing NC II,40,Female,Elementary Graduate,Unemployed,Computer Literacy,ICT,Experienced Worker,Dropout
Alianza,Computer Systems Servicing NC II,32,Female,Junior High,Underemployed,Computer Literacy,Business,New Entrant,Dropout
Mailum,Cookery NC II,36,Female,College Graduate,Underemployed,Cooking,Hospitality,New Entrant,Graduate
Taloc,Bread and Pastry NC II,30,Female,Elementary Graduate,Unemployed,Baking,Hospitality,Returning Learner,Dropout
Balingasag,Masonry NC II,30,Male,College Undergraduate,Self-employed,Masonry,Construction,Career Shifter,Graduate
Malingin,Bread and Pastry NC II,34,Female,Senior High,Underemployed,Baking,Hospitality,Returning Learner,Graduate
Poblacion,Shielded Metal Arc Welding NC I,18,Male,Junior High,Underemployed,Welding,Construction,Experienced Worker,Graduate
Busay,Shielded Metal Arc Welding NC I,33,Male,Junior High,Self-employed,Welding,Construction,New Entrant,Dropout
Calumangan,Shielded Metal Arc Welding NC I,46,Female,College Undergraduate,Unemployed,Welding,Construction,New Entrant,Dropout
Pacol,Driving NC II,38,Female,Senior High,Unemployed,Driving,Transportation,Returning Learner,Graduate
Taloc,Shielded Metal Arc Welding NC I,32,Male,Elementary Graduate,Wage Employed,Welding,Construction,Experienced Worker,Graduate
Busay,Carpentry NC II,37,Male,Senior High,Unemployed,Cooking,Hospitality,Experienced Worker,Dropout
Lag-asan,Computer Systems Servicing NC II,41,Female,College Graduate,Underemployed,Computer Literacy,ICT,New Entrant,Dropout
Calumangan,Masonry NC II,28,Male,Senior High,Self-employed,Masonry,Construction,Experienced Worker,Graduate
Ma-ao,Driving NC II,38,Female,Senior High,Unemployed,Driving,Business,New Entrant,Dropout
Balingasag,Shielded Metal Arc Welding NC I,40,Male,Senior High,Self-employed,Welding,Construction,Career Shifter,Graduate
Bagroy,Carpentry NC II,35,Male,Junior High,Underemployed,Carpentry,Construction,New Entrant,Graduate
Ma-ao,Driving NC II,32,Male,Elementary Graduate,Unemployed,Driving,Transportation,New Entrant,Dropout
Calumangan,Carpentry NC II,33,Male,Senior High,Self-employed,Driving,Transportation,Career Shifter,Graduate
Abuanan,Bread and Pastry NC II,31,Male,Senior High,Wage Employed,Baking,Hospitality,Returning Learner,Graduate
Napoles,Computer Systems Servicing NC II,39,Male,Elementary Graduate,Wage Employed,Welding,Construction,Career Shifter,Graduate
Atipuluan,Shielded Metal Arc Welding NC I,26,Male,Senior High,Unemployed,Welding,Construction,New Entrant,Graduate
Abuanan,Computer Systems Servicing NC II,19,Male,Senior High,Unemployed,Computer Literacy,ICT,Experienced Worker,Graduate
Balingasag,Carpentry NC II,21,Male,Senior High,Underemployed,Carpentry,Construction,New Entrant,Graduate
Lag-asan,Driving NC II,22,Male,College Undergraduate,Wage Employed,Driving,Transportation,Experienced Worker,Graduate
Binubuhan,Masonry NC II,18,Female,Elementary Graduate,Underemployed,Masonry,Construction,New Entrant,Dropout
Taloc,Driving NC II,23,Male,College Graduate,Self-employed,Driving,Transportation,Experienced Worker,Graduate
Caridad,Masonry NC II,36,Female,Senior High,Wage Employed,Baking,Hospitality,Career Shifter,Graduate
Caridad,Carpentry NC II,27,Female,Junior High,Self-employed,Carpentry,Construction,Experienced Worker,Graduate
Calumangan,Electrical Installation and Maintenance NC II,31,Male,Senior High,Self-employed,Electrical Repair,Construction,Experienced Worker,Graduate
Ma-ao,Carpentry NC II,31,Female,Elementary Graduate,Unemployed,Carpentry,Construction,Returning Learner,Graduate
Caridad,Bread and Pastry NC II,21,Female,Senior High,Underemployed,Baking,Hospitality,Returning Learner,Graduate
Sagasa,Carpentry NC II,19,Male,Senior High,Underemployed,Carpentry,ICT,Experienced Worker,Graduate
Bacong,Carpentry NC II,42,Male,College Undergraduate,Underemployed,Carpentry,Construction,Returning Learner,Graduate
Pacol,Electrical Installation and Maintenance NC II,24,Male,College Undergraduate,Wage Employed,Electrical Repair,Construction,Experienced Worker,Graduate
Abuanan,Cookery NC II,19,Male,Senior High,Wage Employed,Cooking,Hospitality,New Entrant,Graduate
Abuanan,Bread and Pastry NC II,28,Female,Senior High,Self-employed,Baking,Hospitality,Returning Learner,Graduate
Dulao,Driving NC II,24,Male,Elementary Graduate,Unemployed,Driving,Transportation,Returning Learner,Graduate
Caridad,Shielded Metal Arc Welding NC I,35,Male,Senior High,Wage Employed,Welding,Construction,Experienced Worker,Graduate
Taloc,Masonry NC II,45,Male,Senior High,Unemployed,Masonry,Construction,Experienced Worker,Dropout
Alianza,Driving NC II,45,Female,College Undergraduate,Self-employed,Driving,Transportation,Experienced Worker,Graduate
Calumangan,Carpentry NC II,33,Male,College Undergraduate,Self-employed,Carpentry,Construction,Returning Learner,Graduate
Taloc,Carpentry NC II,54,Male,College Graduate,Wage Employed,Carpentry,Construction,Experienced Worker,Graduate
Dulao,Bread and Pastry NC II,22,Male,Senior High,Self-employed,Baking,Hospitality,Returning Learner,Graduate
Alianza,Cookery NC II,35,Female,College Undergraduate,Self-employed,Carpentry,Construction,Career Shifter,Graduate
Caridad,Carpentry NC II,34,Female,College Undergraduate,Underemployed,Masonry,Business,New Entrant,Graduate
Poblacion,Carpentry NC II,27,Male,College Undergraduate,Wage Employed,Carpentry,Construction,Returning Learner,Graduate
Taloc,Driving NC II,37,Male,Senior High,Self-employed,Welding,Construction,Career Shifter,Graduate
Taloc,Cookery NC II,34,Female,College Undergraduate,Wage Employed,Driving,Transportation,Career Shifter,Graduate
Calumangan,Shielded Metal Arc Welding NC I,32,Female,College Undergraduate,Self-employed,Welding,ICT,Returning Learner,Graduate
Bacong,Carpentry NC II,28,Female,Junior High,Underemployed,Carpentry,Construction,New Entrant,Dropout
Napoles,Cookery NC II,18,Male,Junior High,Underemployed,Cooking,Hospitality,New Entrant,Graduate
Balingasag,Computer Systems Servicing NC II,39,Male,Junior High,Unemployed,Computer Literacy,ICT,New Entrant,Graduate
Alianza,Masonry NC II,26,Male,Junior High,Underemployed,Masonry,Construction,Returning Learner,Graduate
Bagroy,Computer Systems Servicing NC II,50,Female,College Graduate,Underemployed,Computer Literacy,ICT,New Entrant,Dropout
Balingasag,Carpentry NC II,24,Male,College Undergraduate,Wage Employed,Carpentry,Construction,Experienced Worker,Graduate
Balingasag,Shielded Metal Arc Welding NC I,24,Male,Junior High,Unemployed,Welding,Business,Experienced Worker,Dropout
Malingin,Electrical Installation and Maintenance NC II,39,Male,Junior High,Underemployed,Electrical Repair,Construction,New Entrant,Graduate
Alianza,Carpentry NC II,20,Male,Senior High,Unemployed,Carpentry,Construction,Returning Learner,Graduate
Poblacion,Computer Systems Servicing NC II,39,Male,College Graduate,Wage Employed,Computer Literacy,ICT,Experienced Worker,Graduate
Ma-ao,Computer Systems Servicing NC II,27,Female,College Undergraduate,Underemployed,Computer Literacy,ICT,New Entrant,Graduate
Napoles,Carpentry NC II,32,Male,Senior High,Underemployed,Carpentry,Construction,New Entrant,Dropout
Abuanan,Driving NC II,36,Male,College Undergraduate,Unemployed,Driving,Transportation,Returning Learner,Graduate
Bacong,Shielded Metal Arc Welding NC I,29,Male,Elementary Graduate,Unemployed,Welding,Construction,New Entrant,Dropout
Atipuluan,Electrical Installation and Maintenance NC II,35,Male,Elementary Graduate,Underemployed,Electrical Repair,Construction,Career Shifter,Dropout
Abuanan,Electrical Installation and Maintenance NC II,30,Male,College Graduate,Self-employed,Electrical Repair,Construction,New Entrant,Graduate
Ma-ao,Electrical Installation and Maintenance NC II,21,Male,Junior High,Self-employed,Electrical Repair,Construction,Experienced Worker,Graduate
Malingin,Computer Systems Servicing NC II,27,Female,Senior High,Underemployed,Computer Literacy,ICT,New Entrant,Graduate
Atipuluan,Masonry NC II,27,Male,College Graduate,Underemployed,Carpentry,Construction,Career Shifter,Graduate
Balingasag,Cookery NC II,31,Female,Junior High,Self-employed,Cooking,Hospitality,Career Shifter,Graduate
Binubuhan,Masonry NC II,33,Male,Junior High,Underemployed,Masonry,Construction,New Entrant,Dropout
Tabunan,Electrical Installation and Maintenance NC II,22,Male,Senior High,Wage Employed,Electrical Repair,Construction,Returning Learner,Dropout
Atipuluan,Driving NC II,51,Male,College Graduate,Self-employed,Driving,Transportation,Career Shifter,Dropout
Napoles,Computer Systems Servicing NC II,27,Female,College Undergraduate,Self-employed,Computer Literacy,ICT,Returning Learner,Graduate
Atipuluan,Shielded Metal Arc Welding NC I,45,Male,College Graduate,Wage Employed,Welding,Construction,New Entrant,Graduate
Abuanan,Driving NC II,37,Male,Junior High,Underemployed,Driving,Agriculture,New Entrant,Graduate
Atipuluan,Carpentry NC II,25,Male,Elementary Graduate,Unemployed,Carpentry,Construction,Career Shifter,Dropout
Atipuluan,Driving NC II,38,Male,Junior High,Underemployed,Driving,Transportation,New Entrant,Graduate
Tabunan,Carpentry NC II,24,Male,Senior High,Self-employed,Carpentry,Construction,Experienced Worker,Graduate
Atipuluan,Driving NC II,28,Male,Elementary Graduate,Unemployed,Driving,Transportation,New Entrant,Graduate
Dulao,Masonry NC II,20,Male,Senior High,Wage Employed,Masonry,Construction,Experienced Worker,Graduate
Napoles,Masonry NC II,36,Male,College Undergraduate,Underemployed,Masonry,Construction,Returning Learner,Dropout
Lag-asan,Driving NC II,28,Male,College Undergraduate,Underemployed,Driving,Transportation,Returning Learner,Graduate
Caridad,Masonry NC II,20,Male,Senior High,Underemployed,Masonry,Construction,Experienced Worker,Graduate
Bacong,Masonry NC II,41,Male,Junior High,Unemployed,Masonry,Business,New Entrant,Dropout
Sagasa,Masonry NC II,33,Male,Junior High,Self-employed,Masonry,Construction,Experienced Worker,Dropout
Caridad,Electrical Installation and Maintenance NC II,18,Male,Junior High,Unemployed,Electrical Repair,Construction,New Entrant,Dropout
Busay,Carpentry NC II,19,Male,College Undergraduate,Unemployed,Carpentry,Construction,Returning Learner,Graduate
Atipuluan,Shielded Metal Arc Welding NC I,41,Male,College Undergraduate,Unemployed,Welding,Construction,New Entrant,Dropout
Atipuluan,Driving NC II,40,Male,Elementary Graduate,Underemployed,Driving,Transportation,New Entrant,Graduate
Balingasag,Computer Systems Servicing NC II,25,Male,Junior High,Self-employed,Computer Literacy,ICT,Experienced Worker,Graduate
Binubuhan,Carpentry NC II,42,Male,Senior High,Underemployed,Carpentry,Construction,New Entrant,Graduate
Lag-asan,Carpentry NC II,32,Female,Elementary Graduate,Wage Employed,Carpentry,Construction,Career Shifter,Graduate
Lag-asan,Cookery NC II,44,Male,College Undergraduate,Self-employed,Cooking,Hospitality,Returning Learner,Graduate
Taloc,Shielded Metal Arc Welding NC I,30,Male,Elementary Graduate,Self-employed,Welding,Construction,Experienced Worker,Dropout
Dulao,Driving NC II,23,Male,Junior High,Unemployed,Driving,Transportation,Returning Learner,Graduate
Caridad,Computer Systems Servicing NC II,23,Male,College Graduate,Underemployed,Computer Literacy,ICT,Returning Learner,Graduate
Abuanan,Shielded Metal Arc Welding NC I,27,Female,College Undergraduate,Wage Employed,Welding,Construction,Experienced Worker,Graduate
Taloc,Shielded Metal Arc Welding NC I,19,Male,Senior High,Wage Employed,Welding,Construction,Career Shifter,Graduate
Poblacion,Cookery NC II,22,Female,Senior High,Self-employed,Cooking,Hospitality,Experienced Worker,Graduate
Bacong,Computer Systems Servicing NC II,19,Male,College Undergraduate,Wage Employed,Computer Literacy,ICT,Experienced Worker,Graduate
Calumangan,Electrical Installation and Maintenance NC II,32,Male,Senior High,Self-employed,Electrical Repair,Construction,Experienced Worker,Graduate
Mailum,Driving NC II,36,Male,Junior High,Underemployed,Driving,Transportation,New Entrant,Dropout
Balingasag,Computer Systems Servicing NC II,47,Male,College Undergraduate,Underemployed,Computer Literacy,ICT,Experienced Worker,Graduate
Napoles,Shielded Metal Arc Welding NC I,27,Female,Junior High,Self-employed,Welding,Construction,Returning Learner,Graduate
Sagasa,Shielded Metal Arc Welding NC I,19,Female,Elementary Graduate,Unemployed,Welding,Construction,Career Shifter,Dropout
Alianza,Masonry NC II,38,Male,College Undergraduate,Unemployed,Masonry,Business,New Entrant,Graduate
Busay,Carpentry NC II,43,Male,Senior High,Underemployed,Carpentry,Construction,New Entrant,Dropout
Malingin,Driving NC II,19,Male,Junior High,Unemployed,Driving,Business,Returning Learner,Dropout
Atipuluan,Computer Systems Servicing NC II,18,Male,Senior High,Wage Employed,Welding,Construction,Career Shifter,Graduate
Malingin,Bread and Pastry NC II,23,Male,Senior High,Underemployed,Baking,Hospitality,New Entrant,Graduate
Poblacion,Shielded Metal Arc Welding NC I,19,Male,Junior High,Underemployed,Welding,Construction,New Entrant,Dropout
Bacong,Computer Systems Servicing NC II,28,Female,College Undergraduate,Self-employed,Computer Literacy,ICT,Experienced Worker,Graduate
Bacong,Driving NC II,25,Male,Senior High,Wage Employed,Driving,Transportation,Experienced Worker,Graduate
Poblacion,Bread and Pastry NC II,32,Female,College Undergraduate,Unemployed,Baking,Hospitality,New Entrant,Graduate
Lag-asan,Bread and Pastry NC II,47,Male,College Undergraduate,Wage Employed,Baking,Hospitality,Experienced Worker,Graduate
Atipuluan,Cookery NC II,37,Female,Senior High,Self-employed,Cooking,Hospitality,Experienced Worker,Graduate
Poblacion,Carpentry NC II,36,Male,Senior High,Underemployed,Carpentry,Construction,Returning Learner,Graduate
Dulao,Cookery NC II,35,Female,College Graduate,Underemployed,Cooking,Hospitality,Career Shifter,Graduate
Taloc,Electrical Installation and Maintenance NC II,40,Female,Elementary Graduate,Underemployed,Electrical Repair,ICT,Experienced Worker,Graduate
Bagroy,Bread and Pastry NC II,42,Female,Junior High,Self-employed,Baking,Hospitality,Experienced Worker,Dropout
Poblacion,Bread and Pastry NC II,27,Male,College Undergraduate,Unemployed,Baking,Hospitality,New Entrant,Graduate
Poblacion,Carpentry NC II,45,Male,College Undergraduate,Underemployed,Carpentry,Construction,Returning Learner,Graduate
Abuanan,Shielded Metal Arc Welding NC I,41,Male,Senior High,Unemployed,Welding,Construction,New Entrant,Dropout
Alianza,Driving NC II,19,Male,Elementary Graduate,Underemployed,Driving,Business,Career Shifter,Dropout
Mailum,Driving NC II,42,Male,Junior High,Unemployed,Driving,Transportation,New Entrant,Dropout
Poblacion,Computer Systems Servicing NC II,47,Female,College Graduate,Underemployed,Computer Literacy,ICT,Experienced Worker,Graduate
Caridad,Driving NC II,41,Male,Senior High,Unemployed,Driving,Transportation,Returning Learner,Graduate
Poblacion,Carpentry NC II,25,Male,Senior High,Unemployed,Carpentry,Construction,New Entrant,Dropout
Ma-ao,Carpentry NC II,35,Male,Senior High,Wage Employed,Carpentry,Construction,Returning Learner,Graduate
Alianza,Bread and Pastry NC II,23,Female,College Undergraduate,Underemployed,Baking,Hospitality,Career Shifter,Dropout
Ma-ao,Bread and Pastry NC II,46,Female,College Undergraduate,Underemployed,Baking,Hospitality,Returning Learner,Graduate
Napoles,Carpentry NC II,42,Male,Junior High,Unemployed,Carpentry,Construction,New Entrant,Dropout
Atipuluan,Shielded Metal Arc Welding NC I,26,Male,College Undergraduate,Self-employed,Welding,Construction,Experienced Worker,Graduate
Taloc,Carpentry NC II,32,Male,College Undergraduate,Self-employed,Carpentry,Construction,Career Shifter,Graduate
Taloc,Cookery NC II,23,Male,Senior High,Unemployed,Carpentry,Construction,Career Shifter,Graduate
Atipuluan,Bread and Pastry NC II,21,Male,College Undergraduate,Self-employed,Masonry,Construction,Career Shifter,Graduate
Lag-asan,Bread and Pastry NC II,27,Female,Senior High,Underemployed,Baking,Agriculture,New Entrant,Graduate
Taloc,Cookery NC II,29,Female,College Undergraduate,Wage Employed,Cooking,Hospitality,Returning Learner,Graduate
Balingasag,Computer Systems Servicing NC II,27,Male,College Undergraduate,Underemployed,Computer Literacy,ICT,Returning Learner,Graduate
Lag-asan,Cookery NC II,26,Male,Senior High,Self-employed,Cooking,Hospitality,New Entrant,Graduate
Taloc,Cookery NC II,38,Female,Senior High,Wage Employed,Carpentry,Construction,Career Shifter,Dropout
Ilijan,Driving NC II,40,Male,Elementary Graduate,Underemployed,Driving,Transportation,Career Shifter,Dropout
Calumangan,Electrical Installation and Maintenance NC II,43,Female,Senior High,Unemployed,Electrical Repair,Construction,Career Shifter,Graduate
Caridad,Carpentry NC II,37,Male,Senior High,Self-employed,Carpentry,Construction,Experienced Worker,Graduate
Balingasag,Driving NC II,43,Male,College Undergraduate,Unemployed,Masonry,Construction,Career Shifter,Graduate
Dulao,Computer Systems Servicing NC II,19,Male,Elementary Graduate,Underemployed,Computer Literacy,ICT,Returning Learner,Graduate
Calumangan,Masonry NC II,44,Male,College Undergraduate,Self-employed,Masonry,Construction,Career Shifter,Graduate
Bacong,Carpentry NC II,43,Male,College Undergraduate,Unemployed,Carpentry,Construction,Experienced Worker,Graduate
Balingasag,Carpentry NC II,31,Female,Senior High,Underemployed,Carpentry,Construction,Experienced Worker,Dropout
Binubuhan,Electrical Installation and Maintenance NC II,39,Male,Senior High,Unemployed,Electrical Repair,Construction,Experienced Worker,Graduate
Atipuluan,Driving NC II,49,Female,College Graduate,Underemployed,Computer Literacy,ICT,Returning Learner,Graduate
Calumangan,Cookery NC II,32,Female,Senior High,Unemployed,Cooking,Hospitality,Career Shifter,Graduate
Caridad,Computer Systems Servicing NC II,25,Male,Junior High,Underemployed,Computer Literacy,ICT,Career Shifter,Dropout
Malingin,Driving NC II,24,Male,College Undergraduate,Unemployed,Driving,Transportation,Career Shifter,Dropout
Ma-ao,Computer Systems Servicing NC II,35,Male,Elementary Graduate,Underemployed,Computer Literacy,ICT,Returning Learner,Graduate
Alianza,Electrical Installation and Maintenance NC II,35,Male,Elementary Graduate,Underemployed,Electrical Repair,Construction,New Entrant,Dropout
Taloc,Computer Systems Servicing NC II,20,Female,Senior High,Underemployed,Computer Literacy,ICT,Returning Learner,Graduate
Pacol,Driving NC II,55,Male,College Graduate,Unemployed,Driving,Transportation,New Entrant,Dropout
Sagasa,Carpentry NC II,30,Male,Junior High,Unemployed,Carpentry,Construction,New Entrant,Dropout
Ilijan,Driving NC II,44,Male,College Undergraduate,Underemployed,Driving,Transportation,Experienced Worker,Graduate
Binubuhan,Bread and Pastry NC II,38,Male,Junior High,Underemployed,Baking,Hospitality,Experienced Worker,Graduate
Calumangan,Shielded Metal Arc Welding NC I,33,Male,Elementary Graduate,Wage Employed,Welding,Construction,Experienced Worker,Graduate
Tabunan,Shielded Metal Arc Welding NC I,43,Male,College Undergraduate,Self-employed,Welding,Construction,Returning Learner,Dropout
Napoles,Bread and Pastry NC II,48,Male,College Graduate,Wage Employed,Baking,Hospitality,Experienced Worker,Graduate
Dulao,Computer Systems Servicing NC II,38,Female,Elementary Graduate,Self-employed,Computer Literacy,ICT,Experienced Worker,Graduate
Taloc,Electrical Installation and Maintenance NC II,18,Male,Elementary Graduate,Unemployed,Electrical Repair,Construction,Experienced Worker,Graduate
Ma-ao,Shielded Metal Arc Welding NC I,43,Male,College Undergraduate,Underemployed,Welding,Hospitality,Returning Learner,Dropout
Taloc,Shielded Metal Arc Welding NC I,20,Male,College Undergraduate,Self-employed,Welding,Construction,New Entrant,Dropout
Poblacion,Driving NC II,39,Male,Junior High,Underemployed,Driving,Transportation,New Entrant,Graduate
Dulao,Electrical Installation and Maintenance NC II,33,Male,Junior High,Unemployed,Electrical Repair,Construction,Returning Learner,Graduate
Balingasag,Computer Systems Servicing NC II,43,Male,College Undergraduate,Self-employed,Computer Literacy,ICT,Experienced Worker,Graduate
Napoles,Carpentry NC II,22,Male,Senior High,Unemployed,Carpentry,Hospitality,New Entrant,Graduate
Atipuluan,Masonry NC II,47,Male,College Undergraduate,Underemployed,Masonry,Construction,New Entrant,Dropout
Sagasa,Cookery NC II,26,Male,Junior High,Self-employed,Baking,Hospitality,Career Shifter,Graduate
Balingasag,Carpentry NC II,33,Male,Senior High,Unemployed,Carpentry,Construction,New Entrant,Graduate
Atipuluan,Electrical Installation and Maintenance NC II,44,Male,Senior High,Self-employed,Electrical Repair,Construction,Experienced Worker,Graduate
Malingin,Masonry NC II,26,Male,Junior High,Unemployed,Masonry,Construction,Returning Learner,Graduate
Taloc,Electrical Installation and Maintenance NC II,45,Male,Senior High,Self-employed,Electrical Repair,Construction,Experienced Worker,Graduate
Balingasag,Carpentry NC II,40,Male,Elementary Graduate,Self-employed,Masonry,Construction,Career Shifter,Graduate
Napoles,Bread and Pastry NC II,18,Female,Senior High,Self-employed,Baking,Hospitality,Experienced Worker,Graduate
Atipuluan,Cookery NC II,29,Female,Junior High,Underemployed,Cooking,Hospitality,Career Shifter,Graduate
Balingasag,Carpentry NC II,21,Male,Senior High,Underemployed,Carpentry,Construction,Experienced Worker,Graduate
Taloc,Driving NC II,35,Male,Junior High,Underemployed,Driving,Transportation,Experienced Worker,Graduate
Lag-asan,Electrical Installation and Maintenance NC II,30,Male,College Undergraduate,Self-employed,Electrical Repair,Construction,Returning Learner,Graduate
Calumangan,Shielded Metal Arc Welding NC I,32,Male,Elementary Graduate,Underemployed,Welding,Construction,Experienced Worker,Dropout
Taloc,Masonry NC II,35,Male,College Graduate,Self-employed,Masonry,Construction,Returning Learner,Graduate
Calumangan,Driving NC II,40,Male,College Undergraduate,Unemployed,Driving,Transportation,Experienced Worker,Graduate
Abuanan,Masonry NC II,29,Male,Elementary Graduate,Wage Employed,Masonry,Construction,Returning Learner,Graduate
Abuanan,Cookery NC II,39,Male,College Undergraduate,Underemployed,Cooking,Hospitality,New Entrant,Graduate
Atipuluan,Computer Systems Servicing NC II,35,Female,Senior High,Unemployed,Computer Literacy,ICT,New Entrant,Graduate
Balingasag,Masonry NC II,45,Male,Senior High,Underemployed,Masonry,Transportation,New Entrant,Graduate
Balingasag,Electrical Installation and Maintenance NC II,31,Male,Senior High,Unemployed,Electrical Repair,Construction,Returning Learner,Graduate
Binubuhan,Computer Systems Servicing NC II,32,Female,College Undergraduate,Wage Employed,Computer Literacy,ICT,Experienced Worker,Graduate
Balingasag,Electrical Installation and Maintenance NC II,20,Female,Senior High,Self-employed,Cooking,Hospitality,Career Shifter,Dropout
Calumangan,Bread and Pastry NC II,42,Female,College Undergraduate,Self-employed,Baking,Hospitality,Returning Learner,Graduate
Caridad,Bread and Pastry NC II,36,Female,Elementary Graduate,Unemployed,Baking,Hospitality,Experienced Worker,Graduate
Taloc,Electrical Installation and Maintenance NC II,30,Male,Senior High,Unemployed,Electrical Repair,Hospitality,Experienced Worker,Graduate
Atipuluan,Electrical Installation and Maintenance NC II,34,Male,College Graduate,Self-employed,Electrical Repair,Construction,Experienced Worker,Graduate
Bacong,Computer Systems Servicing NC II,40,Male,College Undergraduate,Unemployed,Computer Literacy,ICT,Returning Learner,Graduate
Binubuhan,Computer Systems Servicing NC II,35,Male,Senior High,Self-employed,Computer Literacy,ICT,Experienced Worker,Graduate
Calumangan,Bread and Pastry NC II,33,Male,Junior High,Unemployed,Baking,Hospitality,Returning Learner,Dropout
Dulao,Electrical Installation and Maintenance NC II,28,Male,Elementary Graduate,Wage Employed,Electrical Repair,Construction,Career Shifter,Graduate
Balingasag,Carpentry NC II,27,Male,Junior High,Self-employed,Carpentry,Construction,Experienced Worker,Graduate
Binubuhan,Masonry NC II,19,Male,Senior High,Underemployed,Masonry,Construction,Returning Learner,Graduate
Atipuluan,Cookery NC II,45,Female,Senior High,Underemployed,Cooking,Hospitality,Returning Learner,Graduate
Lag-asan,Electrical Installation and Maintenance NC II,36,Male,College Graduate,Wage Employed,Electrical Repair,Construction,Experienced Worker,Graduate
Atipuluan,Cookery NC II,34,Female,Senior High,Wage Employed,Cooking,Hospitality,Experienced Worker,Graduate
Atipuluan,Electrical Installation and Maintenance NC II,36,Male,Junior High,Wage Employed,Electrical Repair,Construction,Experienced Worker,Graduate
Taloc,Carpentry NC II,31,Male,Elementary Graduate,Self-employed,Carpentry,Construction,Experienced Worker,Graduate
Poblacion,Electrical Installation and Maintenance NC II,29,Male,Junior High,Unemployed,Electrical Repair,Construction,New Entrant,Graduate
Binubuhan,Cookery NC II,21,Female,Senior High,Wage Employed,Cooking,Hospitality,Returning Learner,Graduate
Taloc,Electrical Installation and Maintenance NC II,25,Male,Junior High,Unemployed,Electrical Repair,Construction,New Entrant,Graduate
Bagroy,Bread and Pastry NC II,21,Male,Senior High,Unemployed,Baking,Hospitality,Career Shifter,Graduate
Bagroy,Electrical Installation and Maintenance NC II,19,Male,Senior High,Unemployed,Electrical Repair,Transportation,Career Shifter,Dropout
Bacong,Masonry NC II,42,Male,College Undergraduate,Wage Employed,Masonry,Construction,New Entrant,Graduate
Napoles,Shielded Metal Arc Welding NC I,36,Male,College Undergraduate,Wage Employed,Welding,Construction,Experienced Worker,Graduate
Calumangan,Carpentry NC II,24,Male,Junior High,Unemployed,Carpentry,Construction,Career Shifter,Dropout
Bagroy,Driving NC II,28,Male,College Graduate,Wage Employed,Driving,Transportation,Experienced Worker,Dropout
Atipuluan,Carpentry NC II,19,Male,Senior High,Wage Employed,Electrical Repair,Construction,Experienced Worker,Graduate
Lag-asan,Shielded Metal Arc Welding NC I,33,Male,Junior High,Underemployed,Welding,Construction,Returning Learner,Graduate
Abuanan,Carpentry NC II,23,Female,Senior High,Self-employed,Carpentry,Construction,Returning Learner,Graduate
Pacol,Shielded Metal Arc Welding NC I,20,Male,Junior High,Self-employed,Welding,Construction,Experienced Worker,Graduate
Abuanan,Bread and Pastry NC II,23,Female,College Undergraduate,Wage Employed,Masonry,Construction,New Entrant,Graduate
Tabunan,Masonry NC II,36,Female,Senior High,Unemployed,Masonry,Construction,Returning Learner,Graduate
Pacol,Bread and Pastry NC II,39,Female,Senior High,Underemployed,Baking,Hospitality,Returning Learner,Graduate
Dulao,Masonry NC II,30,Male,Senior High,Unemployed,Masonry,Construction,Returning Learner,Graduate
Dulao,Driving NC II,19,Female,Senior High,Underemployed,Driving,Transportation,Experienced Worker,Graduate
Abuanan,Electrical Installation and Maintenance NC II,27,Male,College Undergraduate,Wage Employed,Electrical Repair,Construction,Returning Learner,Graduate
Poblacion,Electrical Installation and Maintenance NC II,35,Female,Senior High,Self-employed,Masonry,Construction,Career Shifter,Graduate
Lag-asan,Masonry NC II,45,Male,Senior High,Self-employed,Masonry,Construction,New Entrant,Dropout
Poblacion,Electrical Installation and Maintenance NC II,35,Male,Senior High,Unemployed,Electrical Repair,Construction,Returning Learner,Graduate
Ma-ao,Masonry NC II,31,Male,College Graduate,Wage Employed,Masonry,Construction,Returning Learner,Graduate
Balingasag,Driving NC II,24,Male,Junior High,Unemployed,Driving,Transportation,Returning Learner,Graduate
Taloc,Shielded Metal Arc Welding NC I,27,Male,Senior High,Wage Employed,Carpentry,Construction,New Entrant,Dropout
Abuanan,Driving NC II,18,Male,Junior High,Underemployed,Driving,Transportation,Career Shifter,Dropout
Abuanan,Electrical Installation and Maintenance NC II,35,Male,Senior High,Self-employed,Electrical Repair,Agriculture,Experienced Worker,Graduate
Bacong,Bread and Pastry NC II,39,Female,Junior High,Wage Employed,Baking,Hospitality,Returning Learner,Graduate
Taloc,Bread and Pastry NC II,20,Male,Junior High,Unemployed,Baking,Hospitality,Career Shifter,Graduate
Abuanan,Cookery NC II,28,Female,Senior High,Wage Employed,Cooking,Hospitality,New Entrant,Graduate
Poblacion,Masonry NC II,20,Male,Junior High,Underemployed,Masonry,Construction,New Entrant,Dropout
Poblacion,Shielded Metal Arc Welding NC I,43,Male,College Undergraduate,Underemployed,Electrical Repair,Construction,New Entrant,Graduate
Taloc,Carpentry NC II,22,Male,Junior High,Unemployed,Carpentry,Construction,New Entrant,Dropout
Abuanan,Masonry NC II,41,Male,Junior High,Wage Employed,Masonry,Construction,Experienced Worker,Graduate
Busay,Cookery NC II,34,Male,Junior High,Self-employed,Welding,Construction,New Entrant,Dropout
Atipuluan,Electrical Installation and Maintenance NC II,40,Female,Junior High,Underemployed,Electrical Repair,Construction,New Entrant,Graduate
Binubuhan,Carpentry NC II,36,Female,Senior High,Self-employed,Carpentry,Construction,New Entrant,Graduate
Dulao,Shielded Metal Arc Welding NC I,27,Male,Junior High,Unemployed,Welding,Construction,New Entrant,Dropout
Dulao,Masonry NC II,33,Male,Elementary Graduate,Unemployed,Masonry,Construction,New Entrant,Dropout
Balingasag,Bread and Pastry NC II,22,Female,Junior High,Wage Employed,Baking,Hospitality,Returning Learner,Graduate
Bacong,Computer Systems Servicing NC II,29,Male,College Graduate,Wage Employed,Computer Literacy,ICT,New Entrant,Dropout
Caridad,Electrical Installation and Maintenance NC II,45,Male,College Graduate,Wage Employed,Electrical Repair,Construction,Returning Learner,Graduate
Ilijan,Bread and Pastry NC II,30,Male,Junior High,Unemployed,Baking,Hospitality,Returning Learner,Graduate
Ilijan,Computer Systems Servicing NC II,30,Male,College Graduate,Underemployed,Computer Literacy,ICT,Returning Learner,Graduate
Poblacion,Electrical Installation and Maintenance NC II,21,Male,Junior High,Underemployed,Electrical Repair,Construction,Career Shifter,Graduate
Abuanan,Masonry NC II,38,Male,College Graduate,Wage Employed,Welding,Construction,New Entrant,Graduate
Ma-ao,Cookery NC II,30,Male,Junior High,Self-employed,Cooking,Hospitality,Experienced Worker,Graduate
Lag-asan,Electrical Installation and Maintenance NC II,26,Male,College Undergraduate,Underemployed,Baking,Hospitality,Returning Learner,Graduate
Binubuhan,Bread and Pastry NC II,19,Male,Senior High,Underemployed,Baking,Hospitality,Experienced Worker,Graduate
Lag-asan,Masonry NC II,35,Male,Junior High,Unemployed,Masonry,Construction,Returning Learner,Graduate
Dulao,Cookery NC II,43,Male,Senior High,Self-employed,Cooking,Hospitality,Experienced Worker,Graduate
Abuanan,Masonry NC II,53,Female,College Graduate,Self-employed,Masonry,Construction,Returning Learner,Graduate
Binubuhan,Bread and Pastry NC II,35,Female,Elementary Graduate,Unemployed,Baking,Hospitality,Career Shifter,Graduate
Calumangan,Shielded Metal Arc Welding NC I,35,Male,College Undergraduate,Unemployed,Welding,Construction,New Entrant,Graduate
Calumangan,Shielded Metal Arc Welding NC I,45,Female,Senior High,Unemployed,Welding,Hospitality,Experienced Worker,Graduate
Poblacion,Driving NC II,45,Male,Senior High,Wage Employed,Driving,Transportation,New Entrant,Graduate
Caridad,Masonry NC II,31,Female,Senior High,Wage Employed,Masonry,Construction,Experienced Worker,Graduate
Malingin,Electrical Installation and Maintenance NC II,24,Female,Elementary Graduate,Underemployed,Electrical Repair,Construction,Experienced Worker,Dropout
Balingasag,Masonry NC II,30,Male,Elementary Graduate,Unemployed,Masonry,Construction,Experienced Worker,Graduate
Lag-asan,Computer Systems Servicing NC II,25,Female,College Undergraduate,Unemployed,Computer Literacy,ICT,Returning Learner,Graduate
Napoles,Masonry NC II,23,Female,College Undergraduate,Underemployed,Driving,Transportation,Career Shifter,Graduate
Taloc,Bread and Pastry NC II,41,Male,Senior High,Unemployed,Baking,Business,Experienced Worker,Graduate
Sagasa,Cookery NC II,41,Male,Junior High,Wage Employed,Cooking,Hospitality,Returning Learner,Graduate
Taloc,Driving NC II,21,Male,Junior High,Self-employed,Driving,Transportation,New Entrant,Graduate
Caridad,Computer Systems Servicing NC II,52,Female,College Graduate,Self-employed,Computer Literacy,ICT,Experienced Worker,Graduate
Malingin,Carpentry NC II,37,Male,Senior High,Underemployed,Carpentry,Construction,New Entrant,Dropout
Mailum,Cookery NC II,33,Male,Senior High,Unemployed,Cooking,Hospitality,New Entrant,Dropout
Poblacion,Electrical Installation and Maintenance NC II,21,Male,College Undergraduate,Self-employed,Electrical Repair,Construction,Returning Learner,Graduate
Dulao,Cookery NC II,37,Female,Junior High,Unemployed,Cooking,Hospitality,New Entrant,Dropout
Bacong,Cookery NC II,30,Male,Junior High,Self-employed,Cooking,Hospitality,New Entrant,Graduate
Calumangan,Masonry NC II,20,Male,Elementary Graduate,Underemployed,Masonry,Construction,Experienced Worker,Graduate
Alianza,Cookery NC II,30,Female,Junior High,Underemployed,Cooking,Hospitality,Experienced Worker,Graduate
Taloc,Cookery NC II,39,Female,Senior High,Underemployed,Cooking,Hospitality,New Entrant,Graduate
Napoles,Carpentry NC II,21,Male,Junior High,Wage Employed,Carpentry,Construction,Returning Learner,Graduate
Busay,Carpentry NC II,21,Male,Junior High,Unemployed,Carpentry,Construction,New Entrant,Dropout
Ma-ao,Carpentry NC II,31,Male,Senior High,Wage Employed,Carpentry,Construction,Career Shifter,Graduate
Balingasag,Masonry NC II,20,Male,Elementary Graduate,Unemployed,Masonry,Construction,Career Shifter,Graduate
Bacong,Bread and Pastry NC II,40,Male,College Graduate,Underemployed,Baking,Hospitality,Career Shifter,Dropout
Mailum,Carpentry NC II,33,Male,Senior High,Underemployed,Carpentry,Construction,Returning Learner,Graduate
Ma-ao,Electrical Installation and Maintenance NC II,34,Male,Elementary Graduate,Underemployed,Electrical Repair,Construction,Career Shifter,Dropout
Atipuluan,Masonry NC II,38,Male,Senior High,Unemployed,Masonry,Construction,New Entrant,Dropout
Busay,Electrical Installation and Maintenance NC II,29,Male,Senior High,Underemployed,Electrical Repair,Construction,Returning Learner,Dropout
Poblacion,Shielded Metal Arc Welding NC I,25,Male,Junior High,Unemployed,Welding,Construction,New Entrant,Dropout
Atipuluan,Electrical Installation and Maintenance NC II,52,Male,College Graduate,Underemployed,Electrical Repair,Construction,New Entrant,Graduate
Atipuluan,Masonry NC II,25,Male,Senior High,Self-employed,Masonry,Construction,Experienced Worker,Dropout
Dulao,Shielded Metal Arc Welding NC I,19,Female,Junior High,Underemployed,Welding,Construction,Career Shifter,Graduate
Poblacion,Driving NC II,29,Male,College Undergraduate,Unemployed,Driving,Transportation,Experienced Worker,Graduate
Taloc,Masonry NC II,27,Female,Junior High,Unemployed,Masonry,Construction,New Entrant,Dropout
Lag-asan,Driving NC II,25,Male,Elementary Graduate,Underemployed,Driving,Transportation,Career Shifter,Graduate
Calumangan,Electrical Installation and Maintenance NC II,43,Male,Senior High,Unemployed,Electrical Repair,Construction,Career Shifter,Dropout
Ma-ao,Cookery NC II,44,Female,College Undergraduate,Self-employed,Cooking,Business,Returning Learner,Graduate
Abuanan,Computer Systems Servicing NC II,52,Male,College Graduate,Self-employed,Computer Literacy,ICT,Experienced Worker,Dropout
Bagroy,Masonry NC II,29,Female,Senior High,Wage Employed,Cooking,Hospitality,Experienced Worker,Graduate
Atipuluan,Computer Systems Servicing NC II,33,Female,College Graduate,Underemployed,Computer Literacy,ICT,New Entrant,Graduate
Poblacion,Carpentry NC II,21,Male,College Undergraduate,Self-employed,Carpentry,Construction,New Entrant,Graduate
Sagasa,Driving NC II,46,Male,College Undergraduate,Unemployed,Driving,Transportation,New Entrant,Graduate
Calumangan,Computer Systems Servicing NC II,41,Male,College Undergraduate,Wage Employed,Computer Literacy,ICT,New Entrant,Graduate
Taloc,Cookery NC II,43,Male,Senior High,Underemployed,Masonry,Construction,Returning Learner,Graduate
Tabunan,Electrical Installation and Maintenance NC II,43,Male,College Undergraduate,Underemployed,Electrical Repair,Construction,Returning Learner,Graduate
Pacol,Masonry NC II,51,Male,College Graduate,Underemployed,Masonry,ICT,Career Shifter,Graduate
Lag-asan,Shielded Metal Arc Welding NC I,34,Male,Junior High,Underemployed,Welding,Construction,New Entrant,Graduate
Calumangan,Electrical Installation and Maintenance NC II,26,Male,Elementary Graduate,Underemployed,Electrical Repair,Construction,Experienced Worker,Graduate
Pacol,Computer Systems Servicing NC II,19,Female,Junior High,Wage Employed,Computer Literacy,ICT,Career Shifter,Dropout
Poblacion,Driving NC II,40,Male,Junior High,Underemployed,Driving,Business,New Entrant,Graduate
Malingin,Cookery NC II,22,Male,Elementary Graduate,Unemployed,Cooking,Hospitality,Returning Learner,Graduate
Taloc,Bread and Pastry NC II,45,Male,Senior High,Underemployed,Baking,Hospitality,New Entrant,Dropout
Mailum,Cookery NC II,44,Male,College Undergraduate,Self-employed,Cooking,Hospitality,New Entrant,Dropout
Atipuluan,Shielded Metal Arc Welding NC I,18,Female,Junior High,Wage Employed,Baking,Hospitality,Career Shifter,Graduate
Sagasa,Driving NC II,27,Female,Senior High,Wage Employed,Baking,Hospitality,Career Shifter,Dropout
Napoles,Shielded Metal Arc Welding NC I,34,Male,Senior High,Unemployed,Driving,Transportation,New Entrant,Graduate
Calumangan,Bread and Pastry NC II,28,Male,Senior High,Wage Employed,Baking,Hospitality,Experienced Worker,Graduate
Abuanan,Electrical Installation and Maintenance NC II,35,Female,College Undergraduate,Self-employed,Electrical Repair,Construction,Experienced Worker,Graduate
Abuanan,Computer Systems Servicing NC II,39,Female,College Undergraduate,Underemployed,Computer Literacy,ICT,Experienced Worker,Graduate
Malingin,Shielded Metal Arc Welding NC I,21,Male,Senior High,Wage Employed,Welding,Construction,Returning Learner,Dropout
Bacong,Electrical Installation and Maintenance NC II,28,Male,Junior High,Underemployed,Electrical Repair,Construction,Returning Learner,Graduate
Napoles,Shielded Metal Arc Welding NC I,26,Male,Junior High,Unemployed,Masonry,Construction,New Entrant,Graduate
Binubuhan,Cookery NC II,29,Male,Elementary Graduate,Unemployed,Cooking,Hospitality,Career Shifter,Dropout
Balingasag,Computer Systems Servicing NC II,31,Female,College Graduate,Underemployed,Computer Literacy,ICT,Returning Learner,Graduate
Calumangan,Electrical Installation and Maintenance NC II,23,Male,Senior High,Unemployed,Electrical Repair,Construction,Experienced Worker,Graduate
Atipuluan,Carpentry NC II,38,Male,College Undergraduate,Self-employed,Carpentry,Construction,Experienced Worker,Graduate
Caridad,Electrical Installation and Maintenance NC II,36,Male,Senior High,Wage Employed,Electrical Repair,Construction,Experienced Worker,Dropout
Binubuhan,Driving NC II,31,Male,Elementary Graduate,Unemployed,Electrical Repair,Construction,Career Shifter,Graduate
Balingasag,Bread and Pastry NC II,27,Male,College Undergraduate,Underemployed,Baking,Hospitality,Experienced Worker,Graduate
Abuanan,Bread and Pastry NC II,29,Female,Senior High,Unemployed,Baking,Hospitality,New Entrant,Graduate
Balingasag,Cookery NC II,19,Female,Junior High,Wage Employed,Cooking,Hospitality,Experienced Worker,Graduate
Napoles,Electrical Installation and Maintenance NC II,31,Male,Senior High,Wage Employed,Electrical Repair,Construction,Career Shifter,Graduate
Napoles,Driving NC II,48,Male,College Graduate,Self-employed,Driving,Transportation,Experienced Worker,Graduate
Bacong,Electrical Installation and Maintenance NC II,31,Male,Junior High,Unemployed,Electrical Repair,Construction,New Entrant,Graduate
Calumangan,Computer Systems Servicing NC II,39,Female,College Undergraduate,Self-employed,Computer Literacy,ICT,Returning Learner,Graduate
Napoles,Driving NC II,48,Male,College Graduate,Underemployed,Driving,Transportation,Returning Learner,Dropout
Dulao,Masonry NC II,45,Male,College Graduate,Wage Employed,Masonry,Construction,Returning Learner,Graduate
Abuanan,Computer Systems Servicing NC II,40,Male,Senior High,Underemployed,Computer Literacy,Agriculture,Experienced Worker,Graduate
Caridad,Driving NC II,39,Male,Senior High,Wage Employed,Driving,Transportation,Experienced Worker,Graduate
Calumangan,Bread and Pastry NC II,34,Female,Junior High,Underemployed,Baking,Hospitality,Experienced Worker,Graduate
Abuanan,Electrical Installation and Maintenance NC II,44,Male,Senior High,Wage Employed,Electrical Repair,Construction,Returning Learner,Graduate
Lag-asan,Shielded Metal Arc Welding NC I,34,Male,College Undergraduate,Underemployed,Welding,Construction,Experienced Worker,Graduate
Lag-asan,Cookery NC II,43,Female,College Undergraduate,Wage Employed,Cooking,Hospitality,New Entrant,Graduate
Calumangan,Electrical Installation and Maintenance NC II,41,Male,College Graduate,Self-employed,Electrical Repair,Business,Returning Learner,Graduate
Dulao,Shielded Metal Arc Welding NC I,36,Male,Junior High,Underemployed,Welding,Construction,New Entrant,Graduate
Balingasag,Electrical Installation and Maintenance NC II,22,Male,Senior High,Underemployed,Electrical Repair,Construction,Experienced Worker,Graduate
Poblacion,Masonry NC II,31,Male,College Undergraduate,Wage Employed,Masonry,Construction,Career Shifter,Graduate
Ilijan,Cookery NC II,22,Female,Senior High,Self-employed,Cooking,Hospitality,Returning Learner,Graduate
Tabunan,Bread and Pastry NC II,32,Female,Senior High,Underemployed,Baking,Hospitality,Returning Learner,Graduate
Lag-asan,Driving NC II,40,Female,Junior High,Wage Employed,Driving,Transportation,Experienced Worker,Graduate
Dulao,Cookery NC II,28,Male,Junior High,Underemployed,Cooking,Hospitality,New Entrant,Graduate
Ma-ao,Driving NC II,39,Male,Junior High,Unemployed,Driving,Transportation,Career Shifter,Graduate
Bagroy,Bread and Pastry NC II,26,Male,Junior High,Unemployed,Baking,Hospitality,New Entrant,Dropout
Busay,Driving NC II,26,Male,Elementary Graduate,Unemployed,Baking,Hospitality,Career Shifter,Graduate
Abuanan,Driving NC II,29,Male,Junior High,Unemployed,Driving,Transportation,New Entrant,Graduate
Napoles,Masonry NC II,31,Male,Elementary Graduate,Underemployed,Masonry,Construction,New Entrant,Graduate
Tabunan,Bread and Pastry NC II,33,Male,College Graduate,Unemployed,Masonry,Construction,New Entrant,Dropout
Busay,Carpentry NC II,40,Male,Junior High,Underemployed,Carpentry,Construction,New Entrant,Graduate
Dulao,Bread and Pastry NC II,22,Female,Junior High,Unemployed,Cooking,Hospitality,Career Shifter,Graduate
Calumangan,Electrical Installation and Maintenance NC II,29,Male,Junior High,Self-employed,Electrical Repair,Construction,Experienced Worker,Dropout
Calumangan,Shielded Metal Arc Welding NC I,27,Male,Senior High,Underemployed,Welding,Construction,Career Shifter,Graduate
Atipuluan,Computer Systems Servicing NC II,45,Male,College Graduate,Unemployed,Computer Literacy,ICT,New Entrant,Graduate
Poblacion,Electrical Installation and Maintenance NC II,32,Male,Senior High,Unemployed,Electrical Repair,Construction,Experienced Worker,Graduate
Calumangan,Computer Systems Servicing NC II,21,Male,College Undergraduate,Underemployed,Computer Literacy,ICT,Returning Learner,Graduate
Abuanan,Carpentry NC II,30,Male,Senior High,Underemployed,Carpentry,Construction,Returning Learner,Graduate
Dulao,Carpentry NC II,32,Female,Senior High,Underemployed,Carpentry,Construction,Career Shifter,Graduate
Taloc,Driving NC II,19,Female,College Undergraduate,Self-employed,Driving,Transportation,Experienced Worker,Graduate
Bagroy,Shielded Metal Arc Welding NC I,32,Female,Junior High,Unemployed,Welding,Construction,Career Shifter,Dropout
Abuanan,Masonry NC II,23,Female,Elementary Graduate,Unemployed,Masonry,Construction,New Entrant,Dropout
Napoles,Bread and Pastry NC II,34,Female,Junior High,Unemployed,Baking,Hospitality,Returning Learner,Graduate
Abuanan,Electrical Installation and Maintenance NC II,25,Male,College Undergraduate,Wage Employed,Electrical Repair,Construction,Experienced Worker,Graduate
Poblacion,Computer Systems Servicing NC II,38,Female,Senior High,Self-employed,Computer Literacy,ICT,Returning Learner,Graduate
Abuanan,Bread and Pastry NC II,42,Female,Senior High,Unemployed,Cooking,Hospitality,Career Shifter,Graduate
Lag-asan,Electrical Installation and Maintenance NC II,18,Male,Junior High,Self-employed,Electrical Repair,Construction,Returning Learner,Graduate
Lag-asan,Carpentry NC II,26,Male,Elementary Graduate,Unemployed,Carpentry,Transportation,Experienced Worker,Graduate
Alianza,Cookery NC II,22,Male,College Undergraduate,Underemployed,Cooking,Hospitality,New Entrant,Graduate
Bacong,Masonry NC II,39,Male,College Undergraduate,Unemployed,Masonry,Construction,Experienced Worker,Graduate
Alianza,Electrical Installation and Maintenance NC II,29,Male,Junior High,Underemployed,Electrical Repair,Construction,Returning Learner,Graduate
Pacol,Driving NC II,20,Male,College Undergraduate,Self-employed,Driving,Transportation,Returning Learner,Dropout
Napoles,Electrical Installation and Maintenance NC II,33,Male,Senior High,Self-employed,Electrical Repair,Construction,Career Shifter,Graduate
Alianza,Cookery NC II,30,Male,College Undergraduate,Self-employed,Cooking,Hospitality,New Entrant,Graduate
Mailum,Computer Systems Servicing NC II,29,Female,Senior High,Wage Employed,Computer Literacy,ICT,Experienced Worker,Graduate
Sagasa,Carpentry NC II,33,Male,Junior High,Self-employed,Carpentry,Construction,Returning Learner,Graduate
Alianza,Shielded Metal Arc Welding NC I,22,Female,Elementary Graduate,Unemployed,Welding,Construction,Career Shifter,Dropout
Malingin,Driving NC II,19,Female,College Undergraduate,Wage Employed,Electrical Repair,Construction,Returning Learner,Dropout
Taloc,Cookery NC II,36,Female,College Undergraduate,Self-employed,Cooking,Hospitality,Experienced Worker,Graduate
Atipuluan,Bread and Pastry NC II,39,Male,Junior High,Unemployed,Baking,Hospitality,Returning Learner,Graduate
Calumangan,Masonry NC II,34,Male,Junior High,Underemployed,Carpentry,Construction,Experienced Worker,Graduate
Balingasag,Shielded Metal Arc Welding NC I,33,Male,Junior High,Underemployed,Welding,Construction,Returning Learner,Dropout
Balingasag,Shielded Metal Arc Welding NC I,19,Male,Junior High,Unemployed,Welding,Construction,Career Shifter,Dropout
Ilijan,Computer Systems Servicing NC II,39,Female,Junior High,Wage Employed,Computer Literacy,ICT,Returning Learner,Dropout
Malingin,Masonry NC II,27,Female,College Undergraduate,Underemployed,Masonry,ICT,Experienced Worker,Graduate
Calumangan,Computer Systems Servicing NC II,27,Female,College Undergraduate,Wage Employed,Computer Literacy,ICT,Career Shifter,Graduate
Calumangan,Bread and Pastry NC II,28,Male,Junior High,Underemployed,Baking,Hospitality,New Entrant,Graduate
Taloc,Masonry NC II,19,Female,Senior High,Underemployed,Masonry,Construction,Returning Learner,Graduate
Taloc,Computer Systems Servicing NC II,27,Female,College Graduate,Self-employed,Computer Literacy,ICT,Career Shifter,Graduate
Atipuluan,Bread and Pastry NC II,19,Female,Junior High,Underemployed,Baking,Hospitality,New Entrant,Graduate
Ma-ao,Shielded Metal Arc Welding NC I,31,Male,Junior High,Unemployed,Welding,Construction,New Entrant,Dropout
Lag-asan,Masonry NC II,23,Male,Senior High,Underemployed,Masonry,Construction,Experienced Worker,Graduate
Lag-asan,Computer Systems Servicing NC II,37,Male,College Undergraduate,Self-employed,Computer Literacy,ICT,Experienced Worker,Graduate
Dulao,Computer Systems Servicing NC II,50,Female,College Graduate,Wage Employed,Computer Literacy,ICT,New Entrant,Graduate
Poblacion,Computer Systems Servicing NC II,27,Female,College Graduate,Underemployed,Computer Literacy,ICT,New Entrant,Graduate
Abuanan,Computer Systems Servicing NC II,41,Male,College Undergraduate,Underemployed,Computer Literacy,ICT,New Entrant,Graduate
Balingasag,Electrical Installation and Maintenance NC II,34,Male,Senior High,Self-employed,Electrical Repair,Construction,Returning Learner,Graduate
Caridad,Computer Systems Servicing NC II,25,Male,College Undergraduate,Wage Employed,Computer Literacy,ICT,Returning Learner,Graduate
Taloc,Electrical Installation and Maintenance NC II,30,Male,Junior High,Unemployed,Electrical Repair,Transportation,New Entrant,Dropout
Napoles,Driving NC II,28,Male,College Undergraduate,Self-employed,Driving,Transportation,Experienced Worker,Graduate
Calumangan,Masonry NC II,18,Male,Senior High,Wage Employed,Masonry,Construction,Experienced Worker,Graduate
Dulao,Shielded Metal Arc Welding NC I,22,Male,Junior High,Unemployed,Welding,Construction,Career Shifter,Dropout
Taloc,Driving NC II,21,Male,College Undergraduate,Unemployed,Driving,Transportation,New Entrant,Graduate
Bagroy,Computer Systems Servicing NC II,27,Male,Elementary Graduate,Self-employed,Computer Literacy,Hospitality,Experienced Worker,Graduate
Sagasa,Driving NC II,21,Male,Senior High,Underemployed,Driving,Transportation,New Entrant,Graduate
Taloc,Shielded Metal Arc Welding NC I,20,Male,Junior High,Unemployed,Welding,Construction,New Entrant,Graduate
Lag-asan,Shielded Metal Arc Welding NC I,41,Male,Senior High,Self-employed,Carpentry,Construction,Career Shifter,Dropout
Atipuluan,Masonry NC II,21,Male,Elementary Graduate,Underemployed,Masonry,Agriculture,New Entrant,Graduate
Bacong,Shielded Metal Arc Welding NC I,33,Male,Senior High,Self-employed,Welding,Construction,Experienced Worker,Graduate
Busay,Computer Systems Servicing NC II,28,Female,Senior High,Wage Employed,Computer Literacy,ICT,Experienced Worker,Graduate
Atipuluan,Carpentry NC II,43,Female,Senior High,Wage Employed,Carpentry,Transportation,Experienced Worker,Graduate
Malingin,Bread and Pastry NC II,36,Male,Senior High,Unemployed,Computer Literacy,ICT,New Entrant,Graduate
Ma-ao,Masonry NC II,21,Male,Elementary Graduate,Underemployed,Masonry,Construction,New Entrant,Dropout
Bacong,Masonry NC II,34,Female,Elementary Graduate,Unemployed,Masonry,Construction,Returning Learner,Graduate
Napoles,Bread and Pastry NC II,21,Male,Junior High,Unemployed,Baking,Hospitality,Career Shifter,Graduate
Calumangan,Driving NC II,27,Male,Junior High,Unemployed,Driving,Transportation,Experienced Worker,Graduate
Dulao,Carpentry NC II,23,Female,Elementary Graduate,Unemployed,Carpentry,Construction,Returning Learner,Graduate
Taloc,Driving NC II,26,Male,Senior High,Unemployed,Driving,Transportation,Returning Learner,Dropout
Ilijan,Bread and Pastry NC II,21,Female,Junior High,Self-employed,Baking,Hospitality,Experienced Worker,Dropout
Atipuluan,Computer Systems Servicing NC II,28,Male,College Undergraduate,Unemployed,Computer Literacy,ICT,Returning Learner,Dropout
Ilijan,Shielded Metal Arc Welding NC I,23,Female,Elementary Graduate,Unemployed,Welding,Construction,New Entrant,Graduate
Atipuluan,Computer Systems Servicing NC II,38,Male,College Graduate,Unemployed,Electrical Repair,Construction,New Entrant,Graduate
Poblacion,Carpentry NC II,24,Male,Senior High,Wage Employed,Carpentry,Construction,Returning Learner,Graduate
Napoles,Masonry NC II,33,Male,Junior High,Unemployed,Masonry,Construction,Experienced Worker,Graduate
Busay,Carpentry NC II,27,Female,Elementary Graduate,Unemployed,Carpentry,Agriculture,New Entrant,Graduate
Atipuluan,Cookery NC II,43,Male,Senior High,Self-employed,Cooking,Hospitality,Returning Learner,Graduate
Binubuhan,Computer Systems Servicing NC II,44,Female,College Graduate,Wage Employed,Computer Literacy,ICT,New Entrant,Graduate
Ma-ao,Driving NC II,31,Male,Senior High,Wage Employed,Driving,Transportation,Career Shifter,Dropout
Atipuluan,Masonry NC II,23,Male,Elementary Graduate,Underemployed,Masonry,Construction,New Entrant,Graduate
Taloc,Bread and Pastry NC II,32,Female,College Undergraduate,Wage Employed,Baking,Hospitality,Experienced Worker,Dropout
Binubuhan,Computer Systems Servicing NC II,38,Male,Junior High,Underemployed,Computer Literacy,ICT,New Entrant,Dropout
Balingasag,Bread and Pastry NC II,40,Female,College Undergraduate,Wage Employed,Baking,Hospitality,Experienced Worker,Graduate
Caridad,Shielded Metal Arc Welding NC I,22,Male,College Graduate,Unemployed,Welding,Construction,New Entrant,Dropout
Napoles,Electrical Installation and Maintenance NC II,30,Male,Junior High,Underemployed,Electrical Repair,Construction,New Entrant,Graduate
Taloc,Driving NC II,36,Male,Elementary Graduate,Underemployed,Driving,Transportation,Returning Learner,Dropout
Napoles,Shielded Metal Arc Welding NC I,29,Male,College Undergraduate,Wage Employed,Welding,Construction,New Entrant,Dropout
Caridad,Shielded Metal Arc Welding NC I,39,Male,Senior High,Unemployed,Welding,Construction,New Entrant,Dropout
Binubuhan,Cookery NC II,45,Male,Senior High,Self-employed,Cooking,Hospitality,Experienced Worker,Graduate
Balingasag,Masonry NC II,25,Male,Senior High,Underemployed,Masonry,Construction,Career Shifter,Graduate
Atipuluan,Bread and Pastry NC II,19,Male,Junior High,Self-employed,Baking,Hospitality,Experienced Worker,Dropout
Alianza,Bread and Pastry NC II,34,Male,Junior High,Underemployed,Baking,Hospitality,Returning Learner,Graduate
Atipuluan,Driving NC II,47,Male,College Undergraduate,Wage Employed,Driving,Transportation,New Entrant,Graduate
Abuanan,Shielded Metal Arc Welding NC I,45,Male,College Undergraduate,Underemployed,Welding,Construction,New Entrant,Graduate
Sagasa,Bread and Pastry NC II,32,Male,College Graduate,Self-employed,Baking,Hospitality,Experienced Worker,Graduate
Malingin,Electrical Installation and Maintenance NC II,45,Female,College Undergraduate,Self-employed,Electrical Repair,Construction,Experienced Worker,Graduate
Atipuluan,Carpentry NC II,19,Male,Senior High,Underemployed,Carpentry,Construction,Returning Learner,Graduate
Caridad,Cookery NC II,31,Male,Senior High,Unemployed,Cooking,Hospitality,Returning Learner,Graduate
Ma-ao,Bread and Pastry NC II,18,Female,Junior High,Underemployed,Baking,Hospitality,New Entrant,Graduate
Atipuluan,Computer Systems Servicing NC II,22,Male,College Undergraduate,Underemployed,Computer Literacy,ICT,Returning Learner,Graduate
Poblacion,Cookery NC II,21,Female,Junior High,Unemployed,Cooking,Hospitality,New Entrant,Dropout
Calumangan,Electrical Installation and Maintenance NC II,22,Male,Elementary Graduate,Underemployed,Computer Literacy,ICT,New Entrant,Graduate
Malingin,Driving NC II,20,Male,Junior High,Self-employed,Driving,Transportation,New Entrant,Dropout
Malingin,Driving NC II,33,Male,Elementary Graduate,Self-employed,Driving,Transportation,Returning Learner,Dropout
Bagroy,Bread and Pastry NC II,35,Female,Senior High,Underemployed,Baking,Hospitality,Career Shifter,Graduate
Calumangan,Shielded Metal Arc Welding NC I,29,Male,Junior High,Unemployed,Welding,Construction,New Entrant,Graduate
Dulao,Driving NC II,25,Male,Junior High,Self-employed,Driving,Business,Experienced Worker,Graduate
Poblacion,Driving NC II,25,Male,Senior High,Self-employed,Driving,Transportation,Returning Learner,Graduate
Calumangan,Computer Systems Servicing NC II,42,Male,College Graduate,Underemployed,Computer Literacy,ICT,Returning Learner,Graduate
Poblacion,Driving NC II,33,Male,College Undergraduate,Wage Employed,Driving,Transportation,Returning Learner,Graduate
Sagasa,Bread and Pastry NC II,19,Male,Junior High,Unemployed,Baking,Hospitality,Experienced Worker,Graduate
Balingasag,Carpentry NC II,39,Male,Elementary Graduate,Unemployed,Carpentry,Construction,Returning Learner,Graduate
Alianza,Computer Systems Servicing NC II,55,Female,College Graduate,Unemployed,Computer Literacy,ICT,Returning Learner,Graduate
Dulao,Masonry NC II,47,Male,College Undergraduate,Wage Employed,Masonry,Construction,Career Shifter,Dropout
Malingin,Computer Systems Servicing NC II,42,Male,Senior High,Underemployed,Cooking,Hospitality,Career Shifter,Dropout
Poblacion,Cookery NC II,34,Female,College Undergraduate,Underemployed,Cooking,Hospitality,New Entrant,Graduate
Abuanan,Driving NC II,20,Male,Junior High,Underemployed,Driving,Transportation,New Entrant,Graduate
Ilijan,Bread and Pastry NC II,26,Female,Elementary Graduate,Unemployed,Baking,Hospitality,New Entrant,Graduate
Ma-ao,Driving NC II,28,Male,Senior High,Underemployed,Driving,Transportation,New Entrant,Graduate
Lag-asan,Carpentry NC II,43,Male,College Undergraduate,Wage Employed,Electrical Repair,Construction,Experienced Worker,Graduate
Alianza,Computer Systems Servicing NC II,19,Female,Senior High,Self-employed,Computer Literacy,ICT,Returning Learner,Graduate
Mailum,Electrical Installation and Maintenance NC II,36,Male,Elementary Graduate,Self-employed,Electrical Repair,Construction,Experienced Worker,Dropout
Lag-asan,Cookery NC II,25,Female,College Graduate,Underemployed,Cooking,Hospitality,Returning Learner,Dropout
Atipuluan,Bread and Pastry NC II,22,Female,College Undergraduate,Unemployed,Baking,Hospitality,New Entrant,Graduate
Bacong,Driving NC II,27,Male,College Undergraduate,Wage Employed,Driving,ICT,New Entrant,Graduate
Taloc,Shielded Metal Arc Welding NC I,28,Male,Elementary Graduate,Underemployed,Welding,Construction,New Entrant,Graduate
Alianza,Bread and Pastry NC II,21,Male,Senior High,Self-employed,Baking,Hospitality,Career Shifter,Graduate
Abuanan,Carpentry NC II,19,Male,Junior High,Underemployed,Carpentry,Construction,New Entrant,Graduate
Poblacion,Shielded Metal Arc Welding NC I,38,Female,Junior High,Wage Employed,Welding,Construction,Experienced Worker,Graduate
Ma-ao,Masonry NC II,31,Male,Junior High,Unemployed,Masonry,Construction,Returning Learner,Dropout
Bacong,Shielded Metal Arc Welding NC I,35,Male,Junior High,Underemployed,Welding,Construction,Career Shifter,Graduate
Taloc,Electrical Installation and Maintenance NC II,41,Male,Senior High,Unemployed,Electrical Repair,Construction,New Entrant,Graduate
Lag-asan,Masonry NC II,34,Male,College Graduate,Wage Employed,Masonry,Construction,Experienced Worker,Graduate
Atipuluan,Carpentry NC II,32,Male,College Graduate,Self-employed,Computer Literacy,ICT,Career Shifter,Dropout
Calumangan,Cookery NC II,38,Male,Senior High,Self-employed,Cooking,Hospitality,New Entrant,Graduate
Malingin,Electrical Installation and Maintenance NC II,33,Male,Senior High,Self-employed,Electrical Repair,Construction,Experienced Worker,Graduate
Lag-asan,Carpentry NC II,19,Male,Senior High,Underemployed,Carpentry,Construction,New Entrant,Graduate
Tabunan,Driving NC II,32,Male,Senior High,Self-employed,Driving,Transportation,Experienced Worker,Graduate
Calumangan,Bread and Pastry NC II,27,Male,Senior High,Self-employed,Baking,Hospitality,Experienced Worker,Graduate
Abuanan,Cookery NC II,30,Male,College Undergraduate,Self-employed,Cooking,Construction,Returning Learner,Graduate
Malingin,Cookery NC II,38,Female,College Graduate,Wage Employed,Cooking,Hospitality,Experienced Worker,Graduate
Sagasa,Computer Systems Servicing NC II,21,Female,Senior High,Underemployed,Computer Literacy,ICT,Experienced Worker,Graduate
Taloc,Shielded Metal Arc Welding NC I,25,Male,Elementary Graduate,Underemployed,Welding,Construction,Returning Learner,Dropout
Atipuluan,Computer Systems Servicing NC II,26,Female,College Undergraduate,Wage Employed,Computer Literacy,ICT,Experienced Worker,Graduate
Bacong,Computer Systems Servicing NC II,40,Female,Junior High,Unemployed,Computer Literacy,ICT,Returning Learner,Graduate
Calumangan,Electrical Installation and Maintenance NC II,27,Male,Elementary Graduate,Underemployed,Masonry,Construction,Returning Learner,Dropout
Taloc,Cookery NC II,18,Female,Elementary Graduate,Unemployed,Cooking,Hospitality,Returning Learner,Graduate
Bagroy,Driving NC II,40,Male,Junior High,Self-employed,Driving,Transportation,Returning Learner,Dropout
Lag-asan,Driving NC II,25,Male,Senior High,Unemployed,Driving,Transportation,Career Shifter,Dropout
Balingasag,Driving NC II,19,Male,Junior High,Underemployed,Driving,Transportation,Returning Learner,Graduate
Balingasag,Computer Systems Servicing NC II,32,Female,Junior High,Wage Employed,Computer Literacy,ICT,Experienced Worker,Graduate
Atipuluan,Masonry NC II,51,Male,College Graduate,Wage Employed,Masonry,Construction,Returning Learner,Graduate
Dulao,Bread and Pastry NC II,29,Female,Senior High,Wage Employed,Baking,Hospitality,Experienced Worker,Graduate
Calumangan,Carpentry NC II,40,Male,Junior High,Wage Employed,Electrical Repair,Construction,Experienced Worker,Graduate
Malingin,Driving NC II,29,Male,Elementary Graduate,Unemployed,Driving,Transportation,New Entrant,Graduate
Atipuluan,Masonry NC II,36,Female,Junior High,Underemployed,Masonry,Agriculture,New Entrant,Graduate
Bagroy,Carpentry NC II,33,Female,Senior High,Underemployed,Carpentry,Construction,Career Shifter,Graduate
Abuanan,Computer Systems Servicing NC II,32,Female,Senior High,Self-employed,Computer Literacy,ICT,Returning Learner,Graduate
Caridad,Masonry NC II,22,Male,Senior High,Underemployed,Masonry,Construction,Returning Learner,Graduate
Abuanan,Bread and Pastry NC II,30,Female,College Undergraduate,Unemployed,Baking,Hospitality,Returning Learner,Graduate
Balingasag,Carpentry NC II,48,Male,College Undergraduate,Unemployed,Carpentry,Construction,Returning Learner,Graduate
Sagasa,Cookery NC II,18,Male,Senior High,Underemployed,Cooking,Hospitality,Returning Learner,Graduate
Ma-ao,Electrical Installation and Maintenance NC II,23,Female,Senior High,Unemployed,Electrical Repair,Construction,Experienced Worker,Graduate
Atipuluan,Cookery NC II,34,Male,Junior High,Underemployed,Cooking,Hospitality,New Entrant,Graduate
Dulao,Shielded Metal Arc Welding NC I,27,Male,Senior High,Unemployed,Driving,Transportation,Returning Learner,Graduate
Atipuluan,Carpentry NC II,28,Male,Junior High,Underemployed,Carpentry,Construction,Experienced Worker,Graduate
Caridad,Cookery NC II,39,Female,Junior High,Unemployed,Cooking,Hospitality,New Entrant,Dropout
Atipuluan,Driving NC II,45,Male,Senior High,Underemployed,Carpentry,Construction,New Entrant,Graduate
Taloc,Driving NC II,19,Male,Junior High,Unemployed,Driving,Transportation,Career Shifter,Dropout
Tabunan,Carpentry NC II,30,Male,College Undergraduate,Unemployed,Carpentry,Construction,Returning Learner,Graduate
Ilijan,Cookery NC II,31,Female,Junior High,Underemployed,Cooking,Hospitality,New Entrant,Graduate
Atipuluan,Masonry NC II,20,Female,Senior High,Unemployed,Masonry,Construction,New Entrant,Graduate
Bagroy,Carpentry NC II,26,Female,Junior High,Wage Employed,Carpentry,Construction,Career Shifter,Graduate
Poblacion,Carpentry NC II,20,Male,Junior High,Unemployed,Carpentry,Construction,Career Shifter,Graduate
Malingin,Bread and Pastry NC II,42,Male,Junior High,Self-employed,Baking,Hospitality,Career Shifter,Dropout
Sagasa,Bread and Pastry NC II,30,Female,College Undergraduate,Self-employed,Baking,Hospitality,Experienced Worker,Graduate
Poblacion,Shielded Metal Arc Welding NC I,36,Male,Junior High,Underemployed,Electrical Repair,Construction,Career Shifter,Dropout
Atipuluan,Electrical Installation and Maintenance NC II,47,Female,College Undergraduate,Unemployed,Electrical Repair,Transportation,Career Shifter,Dropout
Atipuluan,Carpentry NC II,26,Male,College Undergraduate,Unemployed,Welding,ICT,Career Shifter,Graduate
Abuanan,Masonry NC II,37,Female,Senior High,Wage Employed,Masonry,Construction,Experienced Worker,Graduate
Taloc,Driving NC II,26,Female,Junior High,Unemployed,Driving,Transportation,New Entrant,Graduate
Atipuluan,Cookery NC II,39,Male,Elementary Graduate,Unemployed,Electrical Repair,Construction,Career Shifter,Dropout
Atipuluan,Driving NC II,33,Female,College Graduate,Self-employed,Masonry,Construction,Returning Learner,Graduate
Caridad,Electrical Installation and Maintenance NC II,34,Male,Senior High,Unemployed,Electrical Repair,Construction,New Entrant,Graduate
Malingin,Shielded Metal Arc Welding NC I,25,Male,Junior High,Unemployed,Welding,Construction,New Entrant,Dropout
Bacong,Masonry NC II,20,Male,Senior High,Unemployed,Masonry,Construction,New Entrant,Dropout
Napoles,Masonry NC II,28,Male,Elementary Graduate,Unemployed,Masonry,Construction,New Entrant,Graduate
Ma-ao,Bread and Pastry NC II,34,Female,Senior High,Self-employed,Baking,Hospitality,Returning Learner,Graduate
Binubuhan,Carpentry NC II,32,Male,Senior High,Self-employed,Carpentry,Construction,Experienced Worker,Graduate
Lag-asan,Masonry NC II,45,Male,College Undergraduate,Underemployed,Masonry,Construction,New Entrant,Graduate
Calumangan,Electrical Installation and Maintenance NC II,33,Male,Elementary Graduate,Self-employed,Electrical Repair,Construction,Experienced Worker,Dropout
Calumangan,Carpentry NC II,28,Female,Junior High,Underemployed,Carpentry,Construction,New Entrant,Graduate
Balingasag,Computer Systems Servicing NC II,36,Female,College Undergraduate,Wage Employed,Computer Literacy,ICT,Experienced Worker,Graduate
Dulao,Driving NC II,31,Male,Senior High,Underemployed,Driving,Transportation,Experienced Worker,Graduate
Poblacion,Driving NC II,38,Male,Junior High,Underemployed,Driving,Transportation,Career Shifter,Graduate
Poblacion,Electrical Installation and Maintenance NC II,24,Male,College Graduate,Wage Employed,Electrical Repair,Construction,New Entrant,Graduate
Atipuluan,Bread and Pastry NC II,25,Male,Junior High,Self-employed,Baking,Hospitality,New Entrant,Graduate
Abuanan,Electrical Installation and Maintenance NC II,29,Male,College Undergraduate,Underemployed,Electrical Repair,ICT,New Entrant,Graduate
Lag-asan,Bread and Pastry NC II,32,Male,Senior High,Unemployed,Baking,Hospitality,New Entrant,Graduate
Dulao,Computer Systems Servicing NC II,34,Female,Senior High,Underemployed,Computer Literacy,ICT,Experienced Worker,Graduate
Atipuluan,Computer Systems Servicing NC II,37,Male,College Graduate,Unemployed,Computer Literacy,ICT,Experienced Worker,Graduate
Ma-ao,Computer Systems Servicing NC II,38,Male,Senior High,Underemployed,Computer Literacy,ICT,New Entrant,Dropout
Busay,Shielded Metal Arc Welding NC I,49,Male,College Graduate,Underemployed,Welding,Construction,Experienced Worker,Dropout
Lag-asan,Carpentry NC II,39,Female,Senior High,Self-employed,Carpentry,Construction,Experienced Worker,Graduate
Bagroy,Electrical Installation and Maintenance NC II,41,Male,Senior High,Unemployed,Electrical Repair,Construction,Career Shifter,Graduate
Ma-ao,Cookery NC II,37,Male,Elementary Graduate,Underemployed,Cooking,Hospitality,Returning Learner,Dropout
Lag-asan,Shielded Metal Arc Welding NC I,39,Male,Senior High,Unemployed,Welding,Construction,New Entrant,Graduate
Malingin,Electrical Installation and Maintenance NC II,41,Male,Junior High,Self-employed,Electrical Repair,Construction,Experienced Worker,Graduate
Mailum,Computer Systems Servicing NC II,32,Male,College Undergraduate,Underemployed,Computer Literacy,ICT,Returning Learner,Graduate
Atipuluan,Computer Systems Servicing NC II,28,Male,Elementary Graduate,Unemployed,Welding,Construction,New Entrant,Dropout
Poblacion,Cookery NC II,45,Female,College Undergraduate,Wage Employed,Cooking,Hospitality,Returning Learner,Graduate
Poblacion,Driving NC II,39,Male,College Graduate,Wage Employed,Driving,Transportation,Returning Learner,Graduate
Atipuluan,Electrical Installation and Maintenance NC II,47,Male,College Undergraduate,Wage Employed,Electrical Repair,Construction,Returning Learner,Graduate
Lag-asan,Cookery NC II,32,Female,Senior High,Self-employed,Cooking,Hospitality,Returning Learner,Graduate
Alianza,Shielded Metal Arc Welding NC I,38,Male,Elementary Graduate,Underemployed,Welding,Construction,New Entrant,Graduate
Atipuluan,Carpentry NC II,28,Male,Junior High,Unemployed,Carpentry,Construction,Experienced Worker,Graduate
Sagasa,Bread and Pastry NC II,36,Female,Senior High,Self-employed,Baking,Hospitality,Returning Learner,Graduate
Abuanan,Computer Systems Servicing NC II,28,Male,College Graduate,Wage Employed,Computer Literacy,Construction,New Entrant,Graduate
Atipuluan,Computer Systems Servicing NC II,38,Male,College Undergraduate,Underemployed,Baking,Hospitality,Career Shifter,Graduate
Lag-asan,Carpentry NC II,23,Male,College Undergraduate,Self-employed,Carpentry,Construction,Returning Learner,Graduate
Calumangan,Cookery NC II,36,Male,Junior High,Underemployed,Cooking,Hospitality,New Entrant,Graduate
Binubuhan,Driving NC II,23,Female,Senior High,Wage Employed,Driving,Business,Experienced Worker,Dropout
Taloc,Shielded Metal Arc Welding NC I,44,Male,Senior High,Self-employed,Welding,Construction,Experienced Worker,Dropout
Taloc,Computer Systems Servicing NC II,31,Male,Senior High,Self-employed,Computer Literacy,ICT,Experienced Worker,Graduate
Malingin,Cookery NC II,32,Male,Senior High,Wage Employed,Driving,Transportation,New Entrant,Graduate
Calumangan,Cookery NC II,28,Male,Elementary Graduate,Self-employed,Cooking,Hospitality,Experienced Worker,Graduate
Atipuluan,Masonry NC II,39,Male,Junior High,Self-employed,Masonry,Hospitality,Returning Learner,Graduate
Dulao,Electrical Installation and Maintenance NC II,30,Male,Junior High,Unemployed,Electrical Repair,Construction,New Entrant,Graduate
Napoles,Computer Systems Servicing NC II,25,Male,College Undergraduate,Underemployed,Computer Literacy,ICT,New Entrant,Graduate
Taloc,Shielded Metal Arc Welding NC I,45,Male,College Undergraduate,Underemployed,Welding,Construction,New Entrant,Dropout
Pacol,Computer Systems Servicing NC II,21,Female,College Undergraduate,Unemployed,Computer Literacy,ICT,New Entrant,Dropout
Mailum,Carpentry NC II,36,Male,Elementary Graduate,Unemployed,Carpentry,Construction,Career Shifter,Graduate
Malingin,Shielded Metal Arc Welding NC I,28,Male,Elementary Graduate,Unemployed,Welding,Construction,Returning Learner,Graduate
Lag-asan,Computer Systems Servicing NC II,28,Male,Senior High,Wage Employed,Computer Literacy,Construction,Returning Learner,Graduate
Calumangan,Masonry NC II,33,Male,Junior High,Unemployed,Masonry,Construction,New Entrant,Graduate
Abuanan,Carpentry NC II,21,Male,College Undergraduate,Self-employed,Carpentry,Construction,Experienced Worker,Graduate
Napoles,Cookery NC II,39,Female,Junior High,Unemployed,Cooking,Hospitality,New Entrant,Graduate
Balingasag,Cookery NC II,30,Female,College Graduate,Self-employed,Cooking,Hospitality,Experienced Worker,Graduate
Alianza,Shielded Metal Arc Welding NC I,35,Female,Senior High,Unemployed,Welding,Construction,Returning Learner,Graduate
Pacol,Carpentry NC II,30,Male,Senior High,Underemployed,Carpentry,Agriculture,New Entrant,Graduate
Caridad,Bread and Pastry NC II,27,Female,Junior High,Underemployed,Baking,Hospitality,New Entrant,Graduate
Caridad,Computer Systems Servicing NC II,44,Female,College Undergraduate,Self-employed,Computer Literacy,ICT,Experienced Worker,Graduate
Atipuluan,Carpentry NC II,29,Male,College Undergraduate,Wage Employed,Carpentry,Construction,New Entrant,Graduate
Bacong,Computer Systems Servicing NC II,32,Female,College Graduate,Underemployed,Computer Literacy,ICT,Career Shifter,Graduate
Lag-asan,Bread and Pastry NC II,31,Female,Senior High,Underemployed,Baking,Hospitality,New Entrant,Graduate
Sagasa,Computer Systems Servicing NC II,45,Female,Senior High,Wage Employed,Computer Literacy,ICT,Experienced Worker,Dropout
Taloc,Shielded Metal Arc Welding NC I,23,Male,Junior High,Wage Employed,Welding,Construction,Experienced Worker,Dropout
Atipuluan,Cookery NC II,38,Female,College Undergraduate,Wage Employed,Cooking,Hospitality,Experienced Worker,Graduate
Caridad,Masonry NC II,26,Male,College Undergraduate,Unemployed,Carpentry,Construction,Career Shifter,Graduate
Atipuluan,Cookery NC II,20,Male,Senior High,Unemployed,Cooking,Hospitality,Returning Learner,Graduate
Atipuluan,Driving NC II,44,Male,College Undergraduate,Wage Employed,Driving,Transportation,Returning Learner,Graduate
Abuanan,Carpentry NC II,23,Male,College Undergraduate,Self-employed,Electrical Repair,ICT,Career Shifter,Graduate
Poblacion,Bread and Pastry NC II,21,Female,College Undergraduate,Self-employed,Baking,Hospitality,Experienced Worker,Graduate
Poblacion,Carpentry NC II,23,Male,Junior High,Underemployed,Carpentry,Construction,New Entrant,Graduate
Bacong,Driving NC II,36,Male,Senior High,Unemployed,Driving,Agriculture,New Entrant,Graduate
Caridad,Shielded Metal Arc Welding NC I,45,Male,Senior High,Unemployed,Welding,Construction,Career Shifter,Graduate
Malingin,Driving NC II,45,Male,Senior High,Underemployed,Driving,Transportation,Experienced Worker,Graduate
Busay,Computer Systems Servicing NC II,38,Male,Senior High,Underemployed,Computer Literacy,ICT,Career Shifter,Dropout
Calumangan,Bread and Pastry NC II,19,Female,Elementary Graduate,Self-employed,Baking,Hospitality,Experienced Worker,Dropout
Pacol,Cookery NC II,36,Male,Senior High,Self-employed,Cooking,Hospitality,Experienced Worker,Graduate
Abuanan,Shielded Metal Arc Welding NC I,27,Male,College Undergraduate,Self-employed,Welding,Construction,Experienced Worker,Graduate
Pacol,Computer Systems Servicing NC II,24,Male,College Graduate,Self-employed,Computer Literacy,ICT,Experienced Worker,Graduate
Taloc,Masonry NC II,32,Female,College Graduate,Underemployed,Masonry,Construction,Returning Learner,Graduate
Pacol,Cookery NC II,33,Male,College Undergraduate,Unemployed,Cooking,Hospitality,Experienced Worker,Graduate
Abuanan,Masonry NC II,42,Male,Junior High,Self-employed,Masonry,Construction,Experienced Worker,Graduate
Abuanan,Cookery NC II,35,Male,College Graduate,Unemployed,Cooking,Business,New Entrant,Graduate
Poblacion,Masonry NC II,32,Male,Senior High,Unemployed,Electrical Repair,Construction,Career Shifter,Graduate
Dulao,Bread and Pastry NC II,33,Female,Junior High,Unemployed,Baking,Hospitality,New Entrant,Graduate
Poblacion,Cookery NC II,26,Male,Senior High,Unemployed,Cooking,Hospitality,Experienced Worker,Graduate
Dulao,Computer Systems Servicing NC II,33,Female,College Undergraduate,Underemployed,Computer Literacy,Agriculture,New Entrant,Graduate
Dulao,Carpentry NC II,23,Male,Junior High,Unemployed,Masonry,Construction,Career Shifter,Graduate
Busay,Electrical Installation and Maintenance NC II,23,Male,Junior High,Unemployed,Electrical Repair,Transportation,New Entrant,Graduate
Alianza,Shielded Metal Arc Welding NC I,20,Male,Junior High,Unemployed,Welding,Construction,Returning Learner,Graduate
Balingasag,Electrical Installation and Maintenance NC II,24,Male,Junior High,Underemployed,Electrical Repair,Construction,New Entrant,Dropout
Malingin,Cookery NC II,26,Male,College Undergraduate,Wage Employed,Computer Literacy,ICT,New Entrant,Dropout
Abuanan,Electrical Installation and Maintenance NC II,43,Male,Senior High,Unemployed,Electrical Repair,Construction,Returning Learner,Graduate
Poblacion,Electrical Installation and Maintenance NC II,20,Male,College Undergraduate,Self-employed,Electrical Repair,Construction,Returning Learner,Graduate
Lag-asan,Cookery NC II,22,Male,Junior High,Self-employed,Cooking,Hospitality,Returning Learner,Graduate
Atipuluan,Driving NC II,32,Male,Junior High,Unemployed,Driving,Transportation,New Entrant,Graduate
Abuanan,Masonry NC II,34,Male,Elementary Graduate,Underemployed,Masonry,Construction,New Entrant,Graduate
Caridad,Carpentry NC II,24,Male,Junior High,Self-employed,Carpentry,Construction,Returning Learner,Graduate
Busay,Shielded Metal Arc Welding NC I,25,Male,Senior High,Self-employed,Welding,Construction,Experienced Worker,Graduate
Caridad,Electrical Installation and Maintenance NC II,39,Male,Junior High,Unemployed,Electrical Repair,Construction,Returning Learner,Graduate
Pacol,Carpentry NC II,41,Male,Senior High,Underemployed,Carpentry,Construction,Returning Learner,Graduate
Malingin,Bread and Pastry NC II,27,Male,Elementary Graduate,Self-employed,Baking,Hospitality,Career Shifter,Dropout
Poblacion,Cookery NC II,41,Male,College Undergraduate,Self-employed,Cooking,Hospitality,Experienced Worker,Graduate
Atipuluan,Driving NC II,23,Male,Elementary Graduate,Unemployed,Driving,Transportation,Returning Learner,Graduate
Tabunan,Bread and Pastry NC II,40,Female,Senior High,Unemployed,Baking,Hospitality,Career Shifter,Dropout
Lag-asan,Computer Systems Servicing NC II,27,Female,College Undergraduate,Underemployed,Computer Literacy,ICT,New Entrant,Graduate
Calumangan,Computer Systems Servicing NC II,38,Female,Junior High,Unemployed,Computer Literacy,Transportation,New Entrant,Graduate
Busay,Cookery NC II,33,Male,Elementary Graduate,Unemployed,Cooking,Hospitality,New Entrant,Graduate
Taloc,Bread and Pastry NC II,41,Female,Junior High,Unemployed,Baking,Hospitality,New Entrant,Dropout
Bacong,Driving NC II,46,Male,College Undergraduate,Underemployed,Driving,Transportation,Returning Learner,Graduate
Lag-asan,Driving NC II,36,Male,Senior High,Underemployed,Driving,Transportation,Experienced Worker,Graduate
Balingasag,Carpentry NC II,20,Male,Senior High,Underemployed,Carpentry,Construction,Returning Learner,Graduate
Taloc,Computer Systems Servicing NC II,46,Male,College Graduate,Underemployed,Computer Literacy,ICT,New Entrant,Graduate
Mailum,Shielded Metal Arc Welding NC I,41,Male,Senior High,Unemployed,Welding,Construction,New Entrant,Graduate
Ma-ao,Masonry NC II,47,Male,College Undergraduate,Wage Employed,Masonry,Construction,Returning Learner,Dropout
Dulao,Carpentry NC II,20,Female,Junior High,Unemployed,Carpentry,Construction,New Entrant,Graduate
Napoles,Cookery NC II,20,Female,Senior High,Wage Employed,Cooking,Hospitality,Experienced Worker,Graduate
Poblacion,Driving NC II,44,Female,College Undergraduate,Wage Employed,Driving,Transportation,New Entrant,Dropout
Alianza,Cookery NC II,40,Male,Elementary Graduate,Unemployed,Cooking,Hospitality,New Entrant,Graduate
Bagroy,Masonry NC II,32,Male,Elementary Graduate,Underemployed,Masonry,Construction,New Entrant,Graduate
Poblacion,Masonry NC II,25,Male,Senior High,Self-employed,Cooking,Hospitality,Career Shifter,Dropout
Dulao,Carpentry NC II,28,Male,Junior High,Underemployed,Carpentry,Construction,Returning Learner,Graduate
Calumangan,Computer Systems Servicing NC II,40,Male,Junior High,Self-employed,Computer Literacy,ICT,Returning Learner,Graduate
Lag-asan,Carpentry NC II,24,Male,Elementary Graduate,Self-employed,Carpentry,Construction,Experienced Worker,Graduate
Pacol,Cookery NC II,21,Female,Senior High,Self-employed,Cooking,Hospitality,Returning Learner,Graduate
Atipuluan,Cookery NC II,22,Female,Junior High,Unemployed,Cooking,Hospitality,Career Shifter,Graduate
Bacong,Driving NC II,39,Male,Junior High,Unemployed,Driving,Transportation,Experienced Worker,Graduate
Calumangan,Electrical Installation and Maintenance NC II,23,Male,Junior High,Unemployed,Electrical Repair,Hospitality,New Entrant,Dropout
Lag-asan,Computer Systems Servicing NC II,34,Female,Senior High,Underemployed,Cooking,Hospitality,New Entrant,Graduate
Balingasag,Computer Systems Servicing NC II,51,Female,College Graduate,Self-employed,Computer Literacy,ICT,Experienced Worker,Graduate
Busay,Driving NC II,33,Female,Senior High,Wage Employed,Driving,Transportation,Experienced Worker,Graduate
Ma-ao,Computer Systems Servicing NC II,29,Female,College Undergraduate,Self-employed,Computer Literacy,ICT,Experienced Worker,Graduate
Bagroy,Cookery NC II,46,Female,College Undergraduate,Unemployed,Cooking,Hospitality,Experienced Worker,Dropout
Bacong,Masonry NC II,43,Male,Senior High,Underemployed,Masonry,Construction,Returning Learner,Graduate
Napoles,Driving NC II,29,Male,College Undergraduate,Wage Employed,Driving,Transportation,Experienced Worker,Graduate
Lag-asan,Cookery NC II,41,Female,Senior High,Unemployed,Cooking,Construction,Career Shifter,Graduate
Caridad,Computer Systems Servicing NC II,30,Male,Junior High,Self-employed,Computer Literacy,ICT,Experienced Worker,Graduate
Taloc,Computer Systems Servicing NC II,30,Male,College Undergraduate,Self-employed,Computer Literacy,ICT,Experienced Worker,Graduate
Atipuluan,Electrical Installation and Maintenance NC II,23,Male,Senior High,Underemployed,Driving,Transportation,Returning Learner,Dropout
Busay,Bread and Pastry NC II,37,Female,Senior High,Self-employed,Baking,Hospitality,Experienced Worker,Dropout
Taloc,Driving NC II,35,Male,College Undergraduate,Self-employed,Driving,Transportation,Experienced Worker,Graduate
Alianza,Bread and Pastry NC II,18,Male,Senior High,Underemployed,Baking,Hospitality,Career Shifter,Graduate
Calumangan,Computer Systems Servicing NC II,31,Male,Senior High,Unemployed,Masonry,Construction,Experienced Worker,Dropout
Dulao,Carpentry NC II,32,Male,Junior High,Self-employed,Carpentry,Construction,Experienced Worker,Graduate
Bacong,Cookery NC II,45,Male,Senior High,Unemployed,Cooking,Hospitality,New Entrant,Dropout
Pacol,Driving NC II,25,Male,Junior High,Unemployed,Cooking,Hospitality,New Entrant,Dropout
Abuanan,Shielded Metal Arc Welding NC I,41,Female,Senior High,Unemployed,Welding,Construction,New Entrant,Dropout
Lag-asan,Cookery NC II,43,Male,Senior High,Unemployed,Welding,Construction,Career Shifter,Graduate
Caridad,Computer Systems Servicing NC II,34,Female,College Undergraduate,Unemployed,Computer Literacy,ICT,New Entrant,Dropout
Busay,Carpentry NC II,22,Male,Elementary Graduate,Unemployed,Carpentry,Construction,Career Shifter,Dropout
Calumangan,Cookery NC II,23,Female,Senior High,Unemployed,Cooking,Transportation,Returning Learner,Graduate
Pacol,Electrical Installation and Maintenance NC II,23,Male,Junior High,Self-employed,Electrical Repair,Construction,Experienced Worker,Graduate
Mailum,Masonry NC II,27,Male,Elementary Graduate,Underemployed,Masonry,Construction,New Entrant,Graduate
Alianza,Computer Systems Servicing NC II,44,Female,Senior High,Underemployed,Computer Literacy,ICT,Returning Learner,Graduate
Lag-asan,Computer Systems Servicing NC II,26,Female,College Graduate,Wage Employed,Computer Literacy,ICT,Experienced Worker,Graduate
Mailum,Driving NC II,33,Female,Junior High,Unemployed,Driving,Transportation,Career Shifter,Dropout
Calumangan,Carpentry NC II,30,Male,Senior High,Self-employed,Carpentry,Construction,Experienced Worker,Graduate
Caridad,Bread and Pastry NC II,30,Male,College Graduate,Unemployed,Baking,Hospitality,Experienced Worker,Graduate
Caridad,Shielded Metal Arc Welding NC I,25,Male,Senior High,Self-employed,Welding,Construction,New Entrant,Graduate
Atipuluan,Carpentry NC II,23,Male,College Undergraduate,Wage Employed,Carpentry,Construction,Returning Learner,Graduate
Lag-asan,Carpentry NC II,34,Male,Senior High,Underemployed,Carpentry,Construction,Returning Learner,Graduate
Abuanan,Masonry NC II,29,Male,Junior High,Wage Employed,Masonry,Construction,Experienced Worker,Graduate
Dulao,Masonry NC II,44,Male,Senior High,Unemployed,Masonry,Construction,Returning Learner,Dropout
Taloc,Driving NC II,41,Male,Junior High,Underemployed,Driving,Transportation,New Entrant,Graduate
Balingasag,Driving NC II,25,Male,Senior High,Wage Employed,Driving,Transportation,Experienced Worker,Dropout
Atipuluan,Computer Systems Servicing NC II,20,Male,Junior High,Underemployed,Computer Literacy,Construction,New Entrant,Graduate
Caridad,Driving NC II,40,Female,Senior High,Wage Employed,Driving,Transportation,Returning Learner,Graduate
Dulao,Masonry NC II,27,Male,College Graduate,Underemployed,Masonry,Construction,Career Shifter,Graduate
Abuanan,Shielded Metal Arc Welding NC I,23,Male,Junior High,Self-employed,Welding,Construction,Experienced Worker,Graduate
Poblacion,Computer Systems Servicing NC II,37,Male,College Undergraduate,Underemployed,Computer Literacy,ICT,New Entrant,Graduate
Ilijan,Driving NC II,55,Male,College Graduate,Self-employed,Electrical Repair,Construction,Career Shifter,Dropout
Poblacion,Electrical Installation and Maintenance NC II,38,Male,Senior High,Unemployed,Electrical Repair,Construction,Returning Learner,Graduate
Bacong,Computer Systems Servicing NC II,27,Male,Senior High,Underemployed,Computer Literacy,ICT,Experienced Worker,Graduate
Atipuluan,Shielded Metal Arc Welding NC I,40,Male,Senior High,Unemployed,Welding,Construction,Experienced Worker,Dropout
Atipuluan,Electrical Installation and Maintenance NC II,21,Male,College Undergraduate,Unemployed,Electrical Repair,Construction,Returning Learner,Graduate
Poblacion,Bread and Pastry NC II,42,Male,College Undergraduate,Wage Employed,Baking,Agriculture,Experienced Worker,Dropout
Ilijan,Shielded Metal Arc Welding NC I,20,Male,Junior High,Underemployed,Welding,Construction,New Entrant,Dropout
Dulao,Cookery NC II,31,Female,College Undergraduate,Self-employed,Cooking,Hospitality,Experienced Worker,Graduate
Pacol,Masonry NC II,28,Male,Elementary Graduate,Unemployed,Masonry,Construction,New Entrant,Graduate
Atipuluan,Shielded Metal Arc Welding NC I,18,Male,Elementary Graduate,Underemployed,Welding,Construction,New Entrant,Graduate
Bacong,Bread and Pastry NC II,28,Female,Senior High,Underemployed,Baking,Hospitality,Experienced Worker,Dropout
Balingasag,Shielded Metal Arc Welding NC I,34,Male,Senior High,Unemployed,Carpentry,Business,Career Shifter,Dropout
Abuanan,Electrical Installation and Maintenance NC II,44,Male,College Undergraduate,Wage Employed,Electrical Repair,Construction,Experienced Worker,Graduate
Ma-ao,Masonry NC II,48,Male,College Undergraduate,Unemployed,Masonry,Construction,New Entrant,Graduate
Calumangan,Carpentry NC II,29,Male,Elementary Graduate,Unemployed,Carpentry,Agriculture,Career Shifter,Graduate
Busay,Bread and Pastry NC II,37,Male,College Undergraduate,Self-employed,Baking,Hospitality,Returning Learner,Graduate
Napoles,Electrical Installation and Maintenance NC II,26,Male,Junior High,Underemployed,Electrical Repair,Construction,New Entrant,Dropout
Pacol,Computer Systems Servicing NC II,45,Female,Senior High,Wage Employed,Computer Literacy,ICT,Experienced Worker,Dropout
Binubuhan,Masonry NC II,19,Male,Senior High,Self-employed,Masonry,Construction,Returning Learner,Graduate
Balingasag,Computer Systems Servicing NC II,37,Female,College Undergraduate,Unemployed,Computer Literacy,ICT,Career Shifter,Dropout
Malingin,Bread and Pastry NC II,32,Male,Senior High,Underemployed,Carpentry,Construction,Career Shifter,Graduate
Balingasag,Electrical Installation and Maintenance NC II,22,Male,College Graduate,Self-employed,Baking,Hospitality,Career Shifter,Dropout
Atipuluan,Shielded Metal Arc Welding NC I,18,Male,Senior High,Underemployed,Welding,Construction,Returning Learner,Graduate
Bagroy,Carpentry NC II,25,Male,Senior High,Self-employed,Carpentry,Construction,Experienced Worker,Graduate
Busay,Computer Systems Servicing NC II,19,Female,College Undergraduate,Wage Employed,Computer Literacy,ICT,Experienced Worker,Dropout
Calumangan,Computer Systems Servicing NC II,42,Female,College Graduate,Self-employed,Computer Literacy,ICT,Experienced Worker,Graduate
Bacong,Cookery NC II,28,Female,Junior High,Self-employed,Cooking,Hospitality,Experienced Worker,Graduate
Dulao,Shielded Metal Arc Welding NC I,34,Male,Elementary Graduate,Underemployed,Welding,Construction,New Entrant,Dropout
Balingasag,Driving NC II,31,Male,Senior High,Wage Employed,Driving,Transportation,Experienced Worker,Graduate
Dulao,Shielded Metal Arc Welding NC I,42,Female,Senior High,Wage Employed,Cooking,Hospitality,Career Shifter,Graduate
Malingin,Cookery NC II,48,Male,College Undergraduate,Unemployed,Electrical Repair,Transportation,Career Shifter,Graduate
Balingasag,Carpentry NC II,27,Male,Elementary Graduate,Underemployed,Carpentry,Construction,New Entrant,Graduate
Ma-ao,Masonry NC II,36,Male,Senior High,Unemployed,Welding,Construction,Career Shifter,Graduate
Abuanan,Driving NC II,39,Male,College Undergraduate,Wage Employed,Driving,Transportation,Experienced Worker,Graduate
Abuanan,Driving NC II,22,Male,College Graduate,Underemployed,Driving,ICT,New Entrant,Graduate
Poblacion,Bread and Pastry NC II,42,Male,College Undergraduate,Wage Employed,Baking,Hospitality,Returning Learner,Graduate
Napoles,Shielded Metal Arc Welding NC I,38,Male,Junior High,Underemployed,Welding,Construction,New Entrant,Dropout
Napoles,Computer Systems Servicing NC II,18,Male,Elementary Graduate,Self-employed,Computer Literacy,Construction,Returning Learner,Dropout
Calumangan,Bread and Pastry NC II,34,Female,Junior High,Unemployed,Baking,Hospitality,New Entrant,Graduate
Caridad,Masonry NC II,18,Male,Elementary Graduate,Unemployed,Masonry,Construction,Career Shifter,Graduate
Abuanan,Cookery NC II,21,Female,Junior High,Underemployed,Cooking,Hospitality,Career Shifter,Graduate
Ma-ao,Electrical Installation and Maintenance NC II,20,Male,Junior High,Underemployed,Masonry,Construction,Experienced Worker,Dropout
Ma-ao,Masonry NC II,22,Male,Elementary Graduate,Unemployed,Masonry,Construction,Experienced Worker,Graduate
Ma-ao,Computer Systems Servicing NC II,18,Male,Junior High,Unemployed,Computer Literacy,ICT,New Entrant,Dropout
Calumangan,Carpentry NC II,39,Female,Senior High,Unemployed,Carpentry,Construction,New Entrant,Graduate
Tabunan,Cookery NC II,26,Male,Elementary Graduate,Underemployed,Cooking,Hospitality,New Entrant,Dropout
Lag-asan,Carpentry NC II,27,Male,Elementary Graduate,Wage Employed,Carpentry,Construction,Career Shifter,Graduate
Abuanan,Electrical Installation and Maintenance NC II,20,Male,College Undergraduate,Wage Employed,Electrical Repair,Construction,New Entrant,Graduate
Abuanan,Driving NC II,25,Male,Junior High,Self-employed,Driving,Transportation,Experienced Worker,Graduate
Taloc,Shielded Metal Arc Welding NC I,46,Female,College Undergraduate,Underemployed,Welding,ICT,Returning Learner,Dropout
Dulao,Masonry NC II,40,Male,Senior High,Unemployed,Masonry,Transportation,Experienced Worker,Graduate
Sagasa,Cookery NC II,25,Male,College Undergraduate,Underemployed,Cooking,Hospitality,Experienced Worker,Graduate
Napoles,Bread and Pastry NC II,32,Female,Senior High,Self-employed,Baking,Hospitality,Experienced Worker,Graduate
Tabunan,Shielded Metal Arc Welding NC I,35,Male,Junior High,Underemployed,Welding,Construction,Career Shifter,Graduate
Abuanan,Computer Systems Servicing NC II,22,Female,College Undergraduate,Self-employed,Computer Literacy,ICT,Returning Learner,Graduate
Caridad,Driving NC II,48,Male,College Graduate,Wage Employed,Driving,Transportation,Experienced Worker,Graduate
Atipuluan,Carpentry NC II,35,Male,Elementary Graduate,Unemployed,Carpentry,Construction,Career Shifter,Dropout
Taloc,Cookery NC II,23,Male,Senior High,Self-employed,Cooking,Hospitality,Career Shifter,Graduate
Ma-ao,Driving NC II,18,Female,Senior High,Self-employed,Driving,Transportation,Returning Learner,Dropout
Atipuluan,Bread and Pastry NC II,26,Female,Senior High,Unemployed,Baking,Hospitality,New Entrant,Dropout
Bacong,Computer Systems Servicing NC II,42,Male,Junior High,Unemployed,Computer Literacy,ICT,New Entrant,Graduate
Taloc,Cookery NC II,28,Male,Senior High,Unemployed,Cooking,Hospitality,Experienced Worker,Graduate
Mailum,Masonry NC II,34,Male,Junior High,Unemployed,Masonry,Construction,New Entrant,Graduate
Atipuluan,Electrical Installation and Maintenance NC II,35,Male,Junior High,Underemployed,Electrical Repair,Agriculture,New Entrant,Graduate
Lag-asan,Carpentry NC II,25,Male,College Undergraduate,Underemployed,Carpentry,Construction,New Entrant,Graduate
Taloc,Masonry NC II,39,Male,Junior High,Wage Employed,Masonry,Construction,Experienced Worker,Graduate
Atipuluan,Electrical Installation and Maintenance NC II,22,Male,Junior High,Unemployed,Electrical Repair,Agriculture,New Entrant,Dropout
Caridad,Carpentry NC II,39,Male,Elementary Graduate,Underemployed,Carpentry,Construction,Returning Learner,Graduate
Taloc,Driving NC II,19,Male,Senior High,Wage Employed,Driving,Transportation,Experienced Worker,Graduate
Caridad,Carpentry NC II,22,Male,Senior High,Self-employed,Carpentry,Construction,Experienced Worker,Graduate
Poblacion,Electrical Installation and Maintenance NC II,30,Male,Junior High,Wage Employed,Electrical Repair,Construction,New Entrant,Graduate
Malingin,Masonry NC II,42,Female,Senior High,Unemployed,Cooking,Hospitality,Career Shifter,Dropout
Poblacion,Electrical Installation and Maintenance NC II,32,Male,Junior High,Underemployed,Electrical Repair,Construction,Returning Learner,Graduate
Ma-ao,Masonry NC II,27,Male,Elementary Graduate,Unemployed,Masonry,Construction,Experienced Worker,Graduate
Bacong,Masonry NC II,45,Male,College Undergraduate,Self-employed,Masonry,Construction,Experienced Worker,Graduate
Tabunan,Driving NC II,30,Male,College Undergraduate,Wage Employed,Driving,Transportation,Experienced Worker,Graduate
Calumangan,Electrical Installation and Maintenance NC II,29,Male,Elementary Graduate,Underemployed,Electrical Repair,Agriculture,New Entrant,Dropout
Mailum,Shielded Metal Arc Welding NC I,35,Male,Junior High,Unemployed,Welding,Construction,Experienced Worker,Dropout
Malingin,Electrical Installation and Maintenance NC II,43,Male,Senior High,Underemployed,Carpentry,Construction,New Entrant,Dropout
Napoles,Bread and Pastry NC II,23,Female,Senior High,Wage Employed,Baking,Hospitality,Returning Learner,Graduate
Balingasag,Shielded Metal Arc Welding NC I,36,Male,College Undergraduate,Unemployed,Welding,Construction,Career Shifter,Graduate
Bacong,Bread and Pastry NC II,26,Male,College Undergraduate,Underemployed,Baking,Hospitality,New Entrant,Graduate
Bacong,Bread and Pastry NC II,42,Female,Senior High,Wage Employed,Baking,Hospitality,Experienced Worker,Graduate
Calumangan,Masonry NC II,27,Male,Senior High,Underemployed,Masonry,Construction,Experienced Worker,Dropout
Ilijan,Shielded Metal Arc Welding NC I,36,Male,Junior High,Unemployed,Welding,Construction,New Entrant,Dropout
Malingin,Carpentry NC II,21,Male,Junior High,Underemployed,Welding,Construction,Career Shifter,Graduate
Abuanan,Shielded Metal Arc Welding NC I,44,Male,Senior High,Underemployed,Welding,Construction,Returning Learner,Dropout
Alianza,Shielded Metal Arc Welding NC I,34,Male,College Undergraduate,Self-employed,Computer Literacy,ICT,Career Shifter,Dropout
Calumangan,Computer Systems Servicing NC II,52,Male,College Graduate,Underemployed,Computer Literacy,ICT,Returning Learner,Graduate
Caridad,Cookery NC II,40,Female,Junior High,Self-employed,Cooking,Hospitality,Career Shifter,Graduate
Alianza,Carpentry NC II,30,Female,Senior High,Unemployed,Carpentry,Construction,Returning Learner,Graduate
Taloc,Cookery NC II,18,Female,Junior High,Unemployed,Cooking,Hospitality,Returning Learner,Graduate
Dulao,Bread and Pastry NC II,39,Male,Elementary Graduate,Underemployed,Baking,Hospitality,Returning Learner,Graduate
Atipuluan,Bread and Pastry NC II,40,Female,Senior High,Self-employed,Baking,Hospitality,Career Shifter,Graduate
Caridad,Carpentry NC II,42,Male,College Undergraduate,Self-employed,Carpentry,Construction,Experienced Worker,Graduate
Poblacion,Computer Systems Servicing NC II,34,Female,College Undergraduate,Underemployed,Computer Literacy,ICT,Career Shifter,Graduate
Ma-ao,Driving NC II,42,Female,Senior High,Wage Employed,Driving,Transportation,Experienced Worker,Graduate
Pacol,Driving NC II,23,Male,Junior High,Unemployed,Driving,Transportation,Returning Learner,Graduate
Atipuluan,Bread and Pastry NC II,42,Male,College Undergraduate,Underemployed,Welding,Construction,Experienced Worker,Graduate
Calumangan,Shielded Metal Arc Welding NC I,37,Male,Senior High,Self-employed,Welding,Construction,Career Shifter,Graduate
Poblacion,Computer Systems Servicing NC II,32,Male,Senior High,Unemployed,Computer Literacy,ICT,Returning Learner,Graduate
Binubuhan,Shielded Metal Arc Welding NC I,30,Male,Junior High,Unemployed,Welding,Construction,Career Shifter,Dropout
Binubuhan,Masonry NC II,28,Male,Senior High,Self-employed,Masonry,Construction,Returning Learner,Dropout
Poblacion,Electrical Installation and Maintenance NC II,44,Male,College Undergraduate,Underemployed,Electrical Repair,Construction,Returning Learner,Graduate
Alianza,Carpentry NC II,23,Male,Junior High,Underemployed,Carpentry,Construction,New Entrant,Dropout
Abuanan,Computer Systems Servicing NC II,50,Male,College Graduate,Underemployed,Computer Literacy,ICT,Career Shifter,Graduate
Ma-ao,Shielded Metal Arc Welding NC I,21,Male,Elementary Graduate,Underemployed,Welding,Construction,New Entrant,Dropout
Alianza,Masonry NC II,36,Male,Senior High,Wage Employed,Masonry,Construction,New Entrant,Graduate
Dulao,Cookery NC II,29,Female,Junior High,Unemployed,Cooking,Hospitality,Returning Learner,Graduate
Ma-ao,Bread and Pastry NC II,30,Male,Junior High,Unemployed,Baking,Hospitality,New Entrant,Dropout
Taloc,Masonry NC II,42,Male,College Undergraduate,Self-employed,Masonry,Construction,Experienced Worker,Graduate
Lag-asan,Electrical Installation and Maintenance NC II,20,Male,College Undergraduate,Unemployed,Electrical Repair,Construction,New Entrant,Dropout
Calumangan,Driving NC II,41,Male,Junior High,Unemployed,Driving,Transportation,Returning Learner,Graduate
Ma-ao,Bread and Pastry NC II,33,Female,Senior High,Unemployed,Baking,Hospitality,Experienced Worker,Graduate
Bagroy,Cookery NC II,31,Female,Junior High,Unemployed,Cooking,Hospitality,Career Shifter,Graduate
Lag-asan,Shielded Metal Arc Welding NC I,39,Female,Junior High,Underemployed,Welding,Construction,New Entrant,Dropout
Busay,Driving NC II,31,Male,College Graduate,Underemployed,Driving,Transportation,Experienced Worker,Graduate
Taloc,Electrical Installation and Maintenance NC II,42,Male,Senior High,Unemployed,Electrical Repair,Construction,Returning Learner,Dropout
Caridad,Computer Systems Servicing NC II,24,Female,College Graduate,Underemployed,Computer Literacy,ICT,New Entrant,Dropout
Taloc,Carpentry NC II,32,Male,Junior High,Wage Employed,Carpentry,Construction,Experienced Worker,Graduate
Mailum,Shielded Metal Arc Welding NC I,18,Male,Senior High,Wage Employed,Welding,Construction,Returning Learner,Graduate
Mailum,Carpentry NC II,34,Male,Senior High,Underemployed,Carpentry,Construction,New Entrant,Dropout
Taloc,Carpentry NC II,42,Male,College Undergraduate,Self-employed,Carpentry,Construction,Experienced Worker,Graduate
Alianza,Driving NC II,33,Male,Senior High,Unemployed,Driving,Transportation,Returning Learner,Graduate
Taloc,Carpentry NC II,31,Male,Elementary Graduate,Underemployed,Carpentry,Construction,New Entrant,Dropout
Balingasag,Electrical Installation and Maintenance NC II,25,Male,Senior High,Wage Employed,Electrical Repair,Construction,Returning Learner,Graduate
Calumangan,Cookery NC II,40,Female,Junior High,Self-employed,Cooking,Hospitality,Experienced Worker,Graduate
Balingasag,Shielded Metal Arc Welding NC I,38,Male,Senior High,Underemployed,Welding,Construction,Experienced Worker,Dropout
Lag-asan,Computer Systems Servicing NC II,26,Female,College Graduate,Self-employed,Computer Literacy,ICT,Returning Learner,Graduate
Napoles,Cookery NC II,33,Female,College Graduate,Self-employed,Cooking,Hospitality,Experienced Worker,Graduate
Bagroy,Electrical Installation and Maintenance NC II,29,Male,Senior High,Unemployed,Electrical Repair,Construction,New Entrant,Graduate
Taloc,Driving NC II,23,Male,Junior High,Unemployed,Driving,Transportation,New Entrant,Graduate
Dulao,Driving NC II,36,Male,Junior High,Underemployed,Driving,Construction,Experienced Worker,Graduate
Taloc,Bread and Pastry NC II,25,Female,Junior High,Self-employed,Baking,Hospitality,Experienced Worker,Graduate
Atipuluan,Bread and Pastry NC II,43,Male,College Undergraduate,Wage Employed,Welding,Construction,Experienced Worker,Graduate
Napoles,Carpentry NC II,23,Male,Senior High,Wage Employed,Carpentry,Construction,Experienced Worker,Graduate
Atipuluan,Electrical Installation and Maintenance NC II,40,Male,Junior High,Underemployed,Electrical Repair,Hospitality,New Entrant,Graduate
Malingin,Carpentry NC II,32,Male,College Undergraduate,Unemployed,Carpentry,Construction,New Entrant,Dropout
Abuanan,Shielded Metal Arc Welding NC I,34,Male,Junior High,Self-employed,Welding,Construction,Career Shifter,Graduate
Dulao,Cookery NC II,19,Male,Junior High,Underemployed,Cooking,Hospitality,Returning Learner,Dropout
Alianza,Bread and Pastry NC II,38,Male,Junior High,Self-employed,Baking,Hospitality,Returning Learner,Graduate
Abuanan,Carpentry NC II,34,Male,Junior High,Unemployed,Carpentry,Hospitality,Returning Learner,Dropout
Balingasag,Shielded Metal Arc Welding NC I,27,Male,Senior High,Underemployed,Welding,Hospitality,New Entrant,Dropout
Napoles,Shielded Metal Arc Welding NC I,40,Male,Senior High,Wage Employed,Welding,Construction,Career Shifter,Graduate
Ma-ao,Carpentry NC II,42,Male,Junior High,Wage Employed,Carpentry,Construction,Experienced Worker,Graduate
Taloc,Computer Systems Servicing NC II,47,Female,College Undergraduate,Unemployed,Computer Literacy,ICT,Career Shifter,Dropout
Ma-ao,Electrical Installation and Maintenance NC II,29,Male,Elementary Graduate,Underemployed,Electrical Repair,Construction,Career Shifter,Dropout
Abuanan,Carpentry NC II,27,Male,College Undergraduate,Wage Employed,Carpentry,Construction,Returning Learner,Graduate
Poblacion,Computer Systems Servicing NC II,41,Female,Senior High,Wage Employed,Baking,Construction,Career Shifter,Dropout
Calumangan,Driving NC II,34,Male,Junior High,Self-employed,Driving,Transportation,Experienced Worker,Graduate
Napoles,Carpentry NC II,40,Male,College Graduate,Underemployed,Computer Literacy,ICT,Career Shifter,Graduate
Dulao,Bread and Pastry NC II,22,Male,Elementary Graduate,Unemployed,Baking,Hospitality,Career Shifter,Graduate
Mailum,Driving NC II,26,Male,Junior High,Underemployed,Driving,Transportation,New Entrant,Graduate
Atipuluan,Electrical Installation and Maintenance NC II,29,Male,College Undergraduate,Underemployed,Electrical Repair,Construction,New Entrant,Graduate
Caridad,Electrical Installation and Maintenance NC II,26,Male,College Undergraduate,Self-employed,Electrical Repair,Construction,Returning Learner,Dropout
Bagroy,Shielded Metal Arc Welding NC I,21,Male,Junior High,Wage Employed,Welding,Construction,Experienced Worker,Dropout
Taloc,Masonry NC II,32,Male,Junior High,Self-employed,Masonry,Construction,Experienced Worker,Graduate
Dulao,Cookery NC II,24,Male,Elementary Graduate,Unemployed,Cooking,Hospitality,Returning Learner,Graduate
Balingasag,Computer Systems Servicing NC II,19,Male,Senior High,Self-employed,Computer Literacy,ICT,New Entrant,Dropout
Ma-ao,Electrical Installation and Maintenance NC II,18,Male,Senior High,Self-employed,Electrical Repair,Agriculture,Returning Learner,Graduate
Busay,Bread and Pastry NC II,42,Female,Senior High,Unemployed,Baking,Hospitality,New Entrant,Graduate
Tabunan,Shielded Metal Arc Welding NC I,25,Male,Senior High,Underemployed,Welding,Construction,New Entrant,Dropout
Ma-ao,Shielded Metal Arc Welding NC I,31,Male,Junior High,Self-employed,Welding,Construction,Career Shifter,Graduate
Calumangan,Shielded Metal Arc Welding NC I,19,Male,Senior High,Self-employed,Welding,Construction,Returning Learner,Graduate
Atipuluan,Carpentry NC II,33,Male,College Undergraduate,Wage Employed,Carpentry,Construction,Experienced Worker,Graduate
Balingasag,Bread and Pastry NC II,24,Male,Senior High,Underemployed,Baking,Hospitality,Career Shifter,Graduate
Lag-asan,Computer Systems Servicing NC II,26,Female,Senior High,Unemployed,Computer Literacy,ICT,Returning Learner,Graduate
Abuanan,Cookery NC II,27,Female,Senior High,Underemployed,Cooking,Hospitality,Returning Learner,Graduate
Caridad,Bread and Pastry NC II,36,Male,College Undergraduate,Underemployed,Baking,Hospitality,Experienced Worker,Graduate
Malingin,Electrical Installation and Maintenance NC II,40,Female,Senior High,Self-employed,Electrical Repair,Construction,Returning Learner,Graduate
Alianza,Electrical Installation and Maintenance NC II,40,Female,Senior High,Unemployed,Electrical Repair,Construction,Experienced Worker,Graduate
Atipuluan,Computer Systems Servicing NC II,29,Female,College Undergraduate,Unemployed,Computer Literacy,ICT,Returning Learner,Graduate
Caridad,Shielded Metal Arc Welding NC I,38,Male,Junior High,Wage Employed,Welding,Construction,Returning Learner,Graduate
Mailum,Masonry NC II,25,Female,Junior High,Wage Employed,Masonry,Construction,Experienced Worker,Dropout
Malingin,Computer Systems Servicing NC II,35,Female,Elementary Graduate,Unemployed,Computer Literacy,ICT,Career Shifter,Graduate
Sagasa,Computer Systems Servicing NC II,49,Male,College Graduate,Self-employed,Computer Literacy,ICT,Experienced Worker,Graduate
Busay,Masonry NC II,37,Female,Elementary Graduate,Underemployed,Masonry,Construction,Returning Learner,Dropout
Caridad,Masonry NC II,35,Male,Elementary Graduate,Unemployed,Masonry,Construction,New Entrant,Dropout
Abuanan,Computer Systems Servicing NC II,33,Female,College Graduate,Wage Employed,Computer Literacy,ICT,Experienced Worker,Graduate
Napoles,Cookery NC II,31,Female,College Undergraduate,Wage Employed,Cooking,Hospitality,Returning Learner,Graduate
Mailum,Cookery NC II,40,Female,Senior High,Unemployed,Cooking,ICT,New Entrant,Graduate
Atipuluan,Electrical Installation and Maintenance NC II,47,Male,College Graduate,Underemployed,Electrical Repair,Construction,Experienced Worker,Graduate
Lag-asan,Masonry NC II,36,Male,Senior High,Unemployed,Masonry,Construction,Experienced Worker,Graduate
Alianza,Electrical Installation and Maintenance NC II,31,Male,Senior High,Underemployed,Electrical Repair,Construction,Returning Learner,Graduate
Calumangan,Bread and Pastry NC II,42,Female,Senior High,Self-employed,Baking,Hospitality,New Entrant,Graduate
Atipuluan,Cookery NC II,18,Female,Junior High,Unemployed,Cooking,Hospitality,New Entrant,Graduate
Caridad,Bread and Pastry NC II,36,Male,Junior High,Wage Employed,Baking,Hospitality,Experienced Worker,Graduate
Taloc,Driving NC II,33,Male,Junior High,Underemployed,Driving,Transportation,Career Shifter,Dropout
Abuanan,Cookery NC II,34,Male,Senior High,Unemployed,Cooking,Hospitality,New Entrant,Dropout
Poblacion,Bread and Pastry NC II,45,Male,College Graduate,Unemployed,Baking,Hospitality,Career Shifter,Graduate
Calumangan,Shielded Metal Arc Welding NC I,35,Male,Elementary Graduate,Underemployed,Welding,Construction,Career Shifter,Dropout
Atipuluan,Shielded Metal Arc Welding NC I,41,Male,Junior High,Unemployed,Welding,Construction,Returning Learner,Dropout
Atipuluan,Carpentry NC II,31,Male,College Undergraduate,Self-employed,Carpentry,Construction,Experienced Worker,Graduate
Taloc,Electrical Installation and Maintenance NC II,36,Female,Elementary Graduate,Unemployed,Electrical Repair,Construction,New Entrant,Graduate
Bacong,Electrical Installation and Maintenance NC II,38,Male,Senior High,Underemployed,Electrical Repair,Construction,New Entrant,Dropout
Abuanan,Driving NC II,46,Male,College Undergraduate,Underemployed,Driving,ICT,Career Shifter,Graduate
Alianza,Electrical Installation and Maintenance NC II,29,Male,Senior High,Self-employed,Electrical Repair,Construction,New Entrant,Graduate
Binubuhan,Shielded Metal Arc Welding NC I,29,Female,Junior High,Underemployed,Welding,Construction,New Entrant,Dropout
Abuanan,Electrical Installation and Maintenance NC II,40,Male,Junior High,Underemployed,Electrical Repair,Construction,New Entrant,Graduate
Napoles,Electrical Installation and Maintenance NC II,30,Male,Elementary Graduate,Self-employed,Electrical Repair,Construction,Returning Learner,Graduate
Lag-asan,Masonry NC II,36,Male,Senior High,Self-employed,Masonry,Construction,Returning Learner,Graduate
Atipuluan,Bread and Pastry NC II,24,Female,College Undergraduate,Underemployed,Baking,Hospitality,Returning Learner,Graduate
Dulao,Cookery NC II,34,Female,Elementary Graduate,Wage Employed,Cooking,Construction,Returning Learner,Graduate
Poblacion,Masonry NC II,29,Male,Junior High,Underemployed,Masonry,Construction,Returning Learner,Graduate
Caridad,Computer Systems Servicing NC II,49,Male,College Graduate,Self-employed,Computer Literacy,ICT,Experienced Worker,Graduate
Malingin,Masonry NC II,30,Female,College Undergraduate,Wage Employed,Masonry,Construction,Experienced Worker,Graduate
Bacong,Cookery NC II,32,Female,College Undergraduate,Wage Employed,Cooking,Hospitality,Career Shifter,Graduate
Alianza,Electrical Installation and Maintenance NC II,32,Male,Elementary Graduate,Unemployed,Electrical Repair,Construction,Career Shifter,Graduate
Malingin,Driving NC II,34,Male,Senior High,Self-employed,Driving,Transportation,Career Shifter,Graduate
Taloc,Computer Systems Servicing NC II,36,Male,College Undergraduate,Wage Employed,Computer Literacy,ICT,Returning Learner,Graduate
Poblacion,Cookery NC II,38,Female,College Undergraduate,Underemployed,Cooking,Hospitality,Career Shifter,Graduate
Taloc,Masonry NC II,30,Male,Elementary Graduate,Wage Employed,Masonry,Construction,Experienced Worker,Graduate
Taloc,Computer Systems Servicing NC II,41,Female,Senior High,Unemployed,Computer Literacy,ICT,Career Shifter,Graduate
Calumangan,Driving NC II,23,Male,Elementary Graduate,Unemployed,Driving,Transportation,Returning Learner,Graduate
Poblacion,Bread and Pastry NC II,28,Female,Junior High,Unemployed,Baking,Hospitality,Experienced Worker,Graduate
Lag-asan,Computer Systems Servicing NC II,38,Female,College Undergraduate,Underemployed,Computer Literacy,ICT,Experienced Worker,Graduate
Taloc,Masonry NC II,31,Male,Junior High,Unemployed,Masonry,Construction,Returning Learner,Dropout
Sagasa,Masonry NC II,46,Male,College Graduate,Underemployed,Masonry,ICT,New Entrant,Graduate
Dulao,Computer Systems Servicing NC II,29,Female,Senior High,Self-employed,Computer Literacy,ICT,Experienced Worker,Graduate
Ma-ao,Masonry NC II,48,Male,College Undergraduate,Wage Employed,Masonry,Construction,New Entrant,Graduate
Napoles,Bread and Pastry NC II,38,Female,Junior High,Unemployed,Baking,Hospitality,New Entrant,Graduate
Dulao,Carpentry NC II,20,Female,Elementary Graduate,Self-employed,Carpentry,Construction,Returning Learner,Dropout
Calumangan,Computer Systems Servicing NC II,41,Male,Senior High,Underemployed,Computer Literacy,ICT,Experienced Worker,Graduate
Malingin,Driving NC II,26,Male,College Undergraduate,Self-employed,Driving,ICT,Returning Learner,Graduate
Balingasag,Masonry NC II,30,Female,College Graduate,Wage Employed,Masonry,Construction,Returning Learner,Graduate
Mailum,Bread and Pastry NC II,31,Female,Elementary Graduate,Underemployed,Baking,Hospitality,New Entrant,Dropout
Atipuluan,Shielded Metal Arc Welding NC I,23,Male,College Graduate,Underemployed,Welding,Construction,Career Shifter,Graduate
Atipuluan,Shielded Metal Arc Welding NC I,42,Male,Junior High,Underemployed,Welding,Construction,Returning Learner,Graduate
Bagroy,Bread and Pastry NC II,31,Female,Senior High,Wage Employed,Baking,Hospitality,Returning Learner,Graduate
Atipuluan,Shielded Metal Arc Welding NC I,18,Male,Junior High,Unemployed,Welding,Construction,Returning Learner,Dropout
Dulao,Computer Systems Servicing NC II,29,Male,Junior High,Unemployed,Computer Literacy,Hospitality,New Entrant,Graduate
Taloc,Driving NC II,27,Male,College Graduate,Underemployed,Driving,Transportation,Returning Learner,Graduate
Atipuluan,Driving NC II,30,Male,Junior High,Unemployed,Driving,Transportation,New Entrant,Graduate
Poblacion,Computer Systems Servicing NC II,44,Female,Senior High,Unemployed,Computer Literacy,Agriculture,New Entrant,Dropout
Lag-asan,Cookery NC II,20,Male,College Undergraduate,Underemployed,Cooking,Hospitality,Returning Learner,Graduate
Calumangan,Shielded Metal Arc Welding NC I,30,Male,Elementary Graduate,Unemployed,Welding,Construction,Returning Learner,Graduate
Dulao,Electrical Installation and Maintenance NC II,29,Male,Elementary Graduate,Wage Employed,Electrical Repair,Agriculture,Experienced Worker,Graduate
Bacong,Computer Systems Servicing NC II,35,Male,Senior High,Unemployed,Carpentry,Construction,Career Shifter,Dropout
Calumangan,Driving NC II,42,Male,Junior High,Self-employed,Driving,Transportation,Experienced Worker,Dropout
Napoles,Computer Systems Servicing NC II,32,Male,College Undergraduate,Unemployed,Computer Literacy,ICT,Returning Learner,Dropout
Dulao,Masonry NC II,31,Male,Junior High,Wage Employed,Masonry,Construction,Returning Learner,Dropout
Taloc,Bread and Pastry NC II,30,Female,Junior High,Unemployed,Baking,Hospitality,New Entrant,Dropout
Napoles,Carpentry NC II,18,Male,Elementary Graduate,Unemployed,Carpentry,Construction,Career Shifter,Dropout
Tabunan,Carpentry NC II,28,Male,Senior High,Underemployed,Carpentry,Construction,Experienced Worker,Graduate
Bacong,Shielded Metal Arc Welding NC I,28,Male,Junior High,Unemployed,Masonry,Construction,Career Shifter,Dropout
Calumangan,Bread and Pastry NC II,27,Female,Elementary Graduate,Unemployed,Baking,Hospitality,New Entrant,Graduate
Sagasa,Electrical Installation and Maintenance NC II,21,Male,Junior High,Underemployed,Electrical Repair,Construction,Returning Learner,Graduate
Balingasag,Computer Systems Servicing NC II,41,Female,College Undergraduate,Underemployed,Computer Literacy,ICT,Returning Learner,Graduate
Poblacion,Cookery NC II,35,Male,Senior High,Wage Employed,Cooking,Hospitality,Experienced Worker,Graduate
Taloc,Driving NC II,28,Male,College Undergraduate,Wage Employed,Driving,Business,Experienced Worker,Graduate
Pacol,Electrical Installation and Maintenance NC II,43,Male,Senior High,Self-employed,Electrical Repair,Construction,Experienced Worker,Graduate
Lag-asan,Bread and Pastry NC II,22,Female,College Undergraduate,Unemployed,Baking,Hospitality,Returning Learner,Graduate
Balingasag,Electrical Installation and Maintenance NC II,38,Male,Elementary Graduate,Unemployed,Electrical Repair,Construction,Career Shifter,Dropout
Caridad,Carpentry NC II,26,Male,Elementary Graduate,Underemployed,Carpentry,Construction,Returning Learner,Dropout
Dulao,Computer Systems Servicing NC II,48,Female,College Graduate,Underemployed,Computer Literacy,ICT,Returning Learner,Graduate
Abuanan,Cookery NC II,34,Male,Junior High,Underemployed,Cooking,Hospitality,New Entrant,Graduate
Poblacion,Masonry NC II,28,Male,College Graduate,Unemployed,Masonry,Construction,New Entrant,Graduate
Dulao,Computer Systems Servicing NC II,26,Male,Junior High,Unemployed,Carpentry,Construction,Experienced Worker,Graduate
Abuanan,Shielded Metal Arc Welding NC I,36,Male,Senior High,Unemployed,Carpentry,Construction,Career Shifter,Dropout
Abuanan,Electrical Installation and Maintenance NC II,36,Female,Junior High,Self-employed,Electrical Repair,Construction,Experienced Worker,Graduate
Napoles,Shielded Metal Arc Welding NC I,25,Male,Junior High,Underemployed,Welding,Construction,New Entrant,Graduate
Calumangan,Masonry NC II,26,Male,Elementary Graduate,Self-employed,Driving,Transportation,New Entrant,Graduate
Busay,Computer Systems Servicing NC II,27,Female,College Undergraduate,Self-employed,Computer Literacy,ICT,Career Shifter,Dropout
Dulao,Shielded Metal Arc Welding NC I,29,Male,Elementary Graduate,Unemployed,Welding,Construction,Returning Learner,Dropout
Ma-ao,Cookery NC II,37,Female,Junior High,Unemployed,Cooking,Hospitality,Career Shifter,Graduate
Bacong,Electrical Installation and Maintenance NC II,41,Male,Junior High,Wage Employed,Electrical Repair,Construction,New Entrant,Dropout
Alianza,Cookery NC II,26,Male,Junior High,Unemployed,Cooking,Hospitality,Career Shifter,Graduate
Abuanan,Shielded Metal Arc Welding NC I,30,Male,Senior High,Unemployed,Welding,Construction,New Entrant,Dropout
Taloc,Masonry NC II,20,Male,Elementary Graduate,Unemployed,Baking,Hospitality,New Entrant,Dropout
Binubuhan,Electrical Installation and Maintenance NC II,29,Male,Elementary Graduate,Unemployed,Electrical Repair,Construction,Returning Learner,Dropout
Dulao,Computer Systems Servicing NC II,33,Male,Senior High,Unemployed,Computer Literacy,ICT,New Entrant,Graduate
Lag-asan,Shielded Metal Arc Welding NC I,41,Male,Junior High,Wage Employed,Welding,Construction,Experienced Worker,Graduate
Calumangan,Bread and Pastry NC II,32,Female,Junior High,Underemployed,Baking,Hospitality,Career Shifter,Graduate
Dulao,Masonry NC II,32,Male,Senior High,Unemployed,Masonry,Construction,Returning Learner,Graduate
Caridad,Driving NC II,31,Male,Senior High,Underemployed,Driving,Transportation,Returning Learner,Graduate
Mailum,Electrical Installation and Maintenance NC II,37,Female,Junior High,Underemployed,Electrical Repair,Construction,New Entrant,Dropout
Atipuluan,Shielded Metal Arc Welding NC I,24,Male,Senior High,Underemployed,Welding,Construction,New Entrant,Graduate
Malingin,Electrical Installation and Maintenance NC II,24,Male,Junior High,Unemployed,Electrical Repair,Construction,Returning Learner,Graduate
Abuanan,Computer Systems Servicing NC II,28,Female,College Graduate,Self-employed,Computer Literacy,ICT,Experienced Worker,Graduate
Poblacion,Bread and Pastry NC II,34,Male,Elementary Graduate,Unemployed,Baking,Hospitality,Returning Learner,Graduate
Tabunan,Shielded Metal Arc Welding NC I,36,Male,Elementary Graduate,Self-employed,Driving,Transportation,Returning Learner,Graduate
Atipuluan,Electrical Installation and Maintenance NC II,42,Male,Senior High,Self-employed,Electrical Repair,Construction,Experienced Worker,Graduate
Atipuluan,Driving NC II,23,Male,Junior High,Wage Employed,Carpentry,Construction,Career Shifter,Dropout
Napoles,Masonry NC II,35,Female,Senior High,Self-employed,Masonry,Construction,Experienced Worker,Dropout
Taloc,Shielded Metal Arc Welding NC I,22,Male,Senior High,Wage Employed,Welding,Construction,Experienced Worker,Graduate
Balingasag,Carpentry NC II,30,Male,College Graduate,Wage Employed,Carpentry,Construction,New Entrant,Graduate
Napoles,Masonry NC II,48,Female,College Graduate,Self-employed,Masonry,Construction,Experienced Worker,Graduate
Taloc,Cookery NC II,27,Female,Junior High,Unemployed,Cooking,Hospitality,Experienced Worker,Graduate
Atipuluan,Masonry NC II,24,Male,Senior High,Unemployed,Masonry,ICT,Returning Learner,Dropout
Poblacion,Cookery NC II,19,Female,Senior High,Unemployed,Cooking,Hospitality,Returning Learner,Dropout
Sagasa,Carpentry NC II,40,Male,Junior High,Underemployed,Carpentry,Construction,Returning Learner,Graduate
Atipuluan,Carpentry NC II,35,Male,College Graduate,Wage Employed,Carpentry,Construction,Returning Learner,Graduate
Atipuluan,Electrical Installation and Maintenance NC II,25,Male,Junior High,Self-employed,Electrical Repair,Construction,Career Shifter,Dropout
Calumangan,Driving NC II,27,Male,Junior High,Underemployed,Driving,Transportation,New Entrant,Graduate
Poblacion,Electrical Installation and Maintenance NC II,31,Male,Elementary Graduate,Unemployed,Electrical Repair,Construction,New Entrant,Dropout
Dulao,Carpentry NC II,26,Male,Elementary Graduate,Underemployed,Carpentry,Construction,New Entrant,Graduate
Calumangan,Cookery NC II,36,Female,Junior High,Unemployed,Cooking,Hospitality,New Entrant,Graduate
Abuanan,Carpentry NC II,22,Male,College Graduate,Underemployed,Welding,Construction,Career Shifter,Graduate
Malingin,Shielded Metal Arc Welding NC I,30,Male,Senior High,Underemployed,Welding,Construction,Career Shifter,Dropout
Mailum,Driving NC II,30,Male,Junior High,Unemployed,Driving,Agriculture,Returning Learner,Graduate
Taloc,Computer Systems Servicing NC II,30,Male,Junior High,Unemployed,Computer Literacy,ICT,New Entrant,Dropout
Sagasa,Electrical Installation and Maintenance NC II,27,Female,Junior High,Self-employed,Baking,Agriculture,Experienced Worker,Graduate
Balingasag,Cookery NC II,40,Female,Senior High,Underemployed,Cooking,Hospitality,Experienced Worker,Graduate
Balingasag,Electrical Installation and Maintenance NC II,25,Male,Senior High,Self-employed,Electrical Repair,Construction,Experienced Worker,Graduate
Taloc,Computer Systems Servicing NC II,23,Female,Junior High,Unemployed,Computer Literacy,ICT,New Entrant,Graduate
Taloc,Computer Systems Servicing NC II,45,Female,College Graduate,Unemployed,Computer Literacy,ICT,Returning Learner,Graduate
Alianza,Masonry NC II,34,Female,College Undergraduate,Self-employed,Masonry,ICT,Returning Learner,Graduate
Ma-ao,Shielded Metal Arc Welding NC I,34,Male,Junior High,Unemployed,Welding,Construction,Experienced Worker,Dropout
Busay,Driving NC II,25,Male,Junior High,Underemployed,Driving,Transportation,Experienced Worker,Graduate
Ilijan,Cookery NC II,43,Female,Senior High,Underemployed,Cooking,Hospitality,Career Shifter,Dropout
Ilijan,Carpentry NC II,45,Female,College Undergraduate,Underemployed,Carpentry,Construction,New Entrant,Dropout
Binubuhan,Shielded Metal Arc Welding NC I,20,Male,College Undergraduate,Underemployed,Welding,Construction,Returning Learner,Dropout
Atipuluan,Cookery NC II,20,Female,Senior High,Unemployed,Cooking,Hospitality,New Entrant,Graduate
Tabunan,Cookery NC II,39,Male,Junior High,Self-employed,Cooking,Hospitality,Returning Learner,Graduate
Calumangan,Cookery NC II,31,Female,Junior High,Unemployed,Cooking,Hospitality,New Entrant,Graduate
Alianza,Electrical Installation and Maintenance NC II,30,Male,Senior High,Underemployed,Electrical Repair,Construction,Experienced Worker,Dropout
Napoles,Driving NC II,43,Male,College Undergraduate,Self-employed,Driving,Agriculture,Experienced Worker,Graduate
Mailum,Cookery NC II,39,Female,Junior High,Self-employed,Cooking,Hospitality,Experienced Worker,Graduate
Pacol,Bread and Pastry NC II,27,Female,Junior High,Self-employed,Baking,Hospitality,Experienced Worker,Graduate
Binubuhan,Shielded Metal Arc Welding NC I,27,Female,College Undergraduate,Self-employed,Computer Literacy,Business,Career Shifter,Graduate
Bagroy,Carpentry NC II,31,Male,Elementary Graduate,Unemployed,Carpentry,Construction,New Entrant,Dropout
Poblacion,Cookery NC II,24,Female,Senior High,Self-employed,Cooking,Hospitality,Career Shifter,Graduate
Binubuhan,Shielded Metal Arc Welding NC I,21,Male,Elementary Graduate,Unemployed,Welding,Construction,New Entrant,Dropout
Bacong,Shielded Metal Arc Welding NC I,28,Male,Junior High,Underemployed,Welding,Construction,New Entrant,Graduate
Ma-ao,Masonry NC II,26,Male,Elementary Graduate,Unemployed,Masonry,Construction,New Entrant,Dropout
Atipuluan,Computer Systems Servicing NC II,33,Male,Senior High,Wage Employed,Computer Literacy,ICT,Experienced Worker,Graduate
Poblacion,Shielded Metal Arc Welding NC I,26,Male,College Undergraduate,Underemployed,Welding,Construction,Experienced Worker,Graduate
Ma-ao,Computer Systems Servicing NC II,41,Male,Senior High,Underemployed,Computer Literacy,Transportation,Returning Learner,Dropout
Napoles,Shielded Metal Arc Welding NC I,28,Male,Senior High,Unemployed,Welding,Transportation,Returning Learner,Graduate
Bacong,Carpentry NC II,22,Male,Junior High,Underemployed,Carpentry,Construction,New Entrant,Graduate
Atipuluan,Driving NC II,38,Male,Senior High,Unemployed,Driving,Transportation,Returning Learner,Graduate
Poblacion,Shielded Metal Arc Welding NC I,24,Male,College Undergraduate,Wage Employed,Welding,Construction,Experienced Worker,Graduate
Bacong,Masonry NC II,24,Male,Elementary Graduate,Unemployed,Masonry,Construction,New Entrant,Dropout
Ma-ao,Carpentry NC II,23,Male,Elementary Graduate,Unemployed,Carpentry,Construction,Experienced Worker,Graduate
Taloc,Carpentry NC II,29,Female,Elementary Graduate,Unemployed,Carpentry,Construction,Career Shifter,Graduate
Atipuluan,Masonry NC II,40,Male,Senior High,Unemployed,Carpentry,ICT,Career Shifter,Graduate
Calumangan,Shielded Metal Arc Welding NC I,27,Male,Elementary Graduate,Underemployed,Welding,Construction,New Entrant,Graduate
Poblacion,Masonry NC II,20,Male,Junior High,Underemployed,Masonry,Construction,Returning Learner,Graduate
Poblacion,Electrical Installation and Maintenance NC II,28,Male,Elementary Graduate,Self-employed,Electrical Repair,Construction,New Entrant,Graduate
Busay,Electrical Installation and Maintenance NC II,33,Male,Elementary Graduate,Underemployed,Electrical Repair,Construction,Career Shifter,Dropout
Atipuluan,Computer Systems Servicing NC II,31,Male,College Graduate,Wage Employed,Computer Literacy,ICT,Experienced Worker,Graduate
Taloc,Shielded Metal Arc Welding NC I,21,Male,Senior High,Underemployed,Welding,Construction,Career Shifter,Graduate
Alianza,Shielded Metal Arc Welding NC I,23,Male,Elementary Graduate,Underemployed,Cooking,Hospitality,Career Shifter,Dropout
Sagasa,Electrical Installation and Maintenance NC II,22,Male,Elementary Graduate,Unemployed,Electrical Repair,Construction,New Entrant,Dropout
Abuanan,Cookery NC II,46,Male,College Undergraduate,Unemployed,Cooking,Hospitality,New Entrant,Graduate
Malingin,Masonry NC II,34,Female,Senior High,Unemployed,Masonry,Construction,Returning Learner,Graduate
Dulao,Carpentry NC II,33,Male,College Graduate,Self-employed,Carpentry,Construction,Returning Learner,Graduate
Bacong,Electrical Installation and Maintenance NC II,32,Female,Junior High,Unemployed,Electrical Repair,Hospitality,New Entrant,Dropout
Dulao,Electrical Installation and Maintenance NC II,38,Male,Senior High,Self-employed,Electrical Repair,Construction,Returning Learner,Graduate
Abuanan,Bread and Pastry NC II,41,Male,College Graduate,Self-employed,Baking,ICT,Experienced Worker,Graduate
Bagroy,Shielded Metal Arc Welding NC I,34,Male,Elementary Graduate,Unemployed,Driving,Transportation,Returning Learner,Dropout
Napoles,Cookery NC II,36,Male,Junior High,Self-employed,Cooking,Hospitality,Experienced Worker,Dropout
Poblacion,Driving NC II,35,Male,Junior High,Underemployed,Driving,Transportation,Experienced Worker,Graduate
Pacol,Shielded Metal Arc Welding NC I,45,Male,Senior High,Unemployed,Baking,Hospitality,Career Shifter,Dropout
Calumangan,Cookery NC II,39,Male,Junior High,Underemployed,Cooking,Hospitality,New Entrant,Dropout
Abuanan,Masonry NC II,36,Male,Elementary Graduate,Wage Employed,Masonry,Construction,Returning Learner,Graduate
Atipuluan,Carpentry NC II,37,Female,Senior High,Unemployed,Baking,Hospitality,Career Shifter,Dropout
Atipuluan,Masonry NC II,47,Male,College Undergraduate,Wage Employed,Masonry,Hospitality,Experienced Worker,Dropout
Taloc,Bread and Pastry NC II,32,Male,Junior High,Self-employed,Baking,Hospitality,Experienced Worker,Graduate
Napoles,Driving NC II,43,Male,College Undergraduate,Underemployed,Driving,Transportation,New Entrant,Graduate
Alianza,Cookery NC II,38,Male,College Undergraduate,Unemployed,Cooking,Hospitality,New Entrant,Graduate
Mailum,Driving NC II,23,Female,College Graduate,Underemployed,Driving,ICT,New Entrant,Dropout
Balingasag,Driving NC II,46,Male,College Undergraduate,Wage Employed,Driving,Transportation,New Entrant,Graduate
Pacol,Computer Systems Servicing NC II,27,Female,College Graduate,Unemployed,Computer Literacy,ICT,New Entrant,Dropout
Poblacion,Shielded Metal Arc Welding NC I,40,Female,Junior High,Wage Employed,Computer Literacy,ICT,Career Shifter,Dropout
Lag-asan,Masonry NC II,28,Male,Junior High,Underemployed,Masonry,Construction,Returning Learner,Graduate
Binubuhan,Cookery NC II,19,Female,Junior High,Unemployed,Cooking,Hospitality,Returning Learner,Graduate
Bacong,Masonry NC II,27,Female,Senior High,Unemployed,Cooking,Hospitality,Career Shifter,Graduate
Poblacion,Driving NC II,31,Male,College Undergraduate,Wage Employed,Computer Literacy,ICT,Career Shifter,Dropout
Ma-ao,Computer Systems Servicing NC II,27,Female,Junior High,Unemployed,Computer Literacy,Transportation,New Entrant,Graduate
Taloc,Cookery NC II,20,Male,Elementary Graduate,Underemployed,Cooking,Agriculture,New Entrant,Dropout
Abuanan,Electrical Installation and Maintenance NC II,21,Male,Junior High,Underemployed,Electrical Repair,Construction,New Entrant,Graduate
Atipuluan,Bread and Pastry NC II,40,Female,College Undergraduate,Wage Employed,Computer Literacy,ICT,Career Shifter,Graduate
Bagroy,Driving NC II,21,Male,Elementary Graduate,Self-employed,Driving,Transportation,Returning Learner,Dropout
Malingin,Bread and Pastry NC II,29,Female,Junior High,Unemployed,Baking,Hospitality,New Entrant,Graduate
Atipuluan,Computer Systems Servicing NC II,35,Male,College Undergraduate,Unemployed,Computer Literacy,ICT,New Entrant,Graduate
Sagasa,Masonry NC II,43,Male,Senior High,Underemployed,Masonry,Construction,Experienced Worker,Dropout
Lag-asan,Shielded Metal Arc Welding NC I,32,Male,College Graduate,Self-employed,Welding,Construction,Experienced Worker,Graduate
Mailum,Cookery NC II,36,Male,Senior High,Unemployed,Cooking,Hospitality,New Entrant,Graduate
Alianza,Carpentry NC II,43,Male,Senior High,Unemployed,Carpentry,Construction,Returning Learner,Graduate
Pacol,Electrical Installation and Maintenance NC II,39,Male,Elementary Graduate,Underemployed,Electrical Repair,Agriculture,Career Shifter,Dropout
Atipuluan,Masonry NC II,45,Male,Senior High,Underemployed,Masonry,Construction,New Entrant,Graduate
Dulao,Cookery NC II,32,Female,Junior High,Underemployed,Cooking,Hospitality,Returning Learner,Graduate
Poblacion,Masonry NC II,45,Male,College Undergraduate,Self-employed,Masonry,Construction,Experienced Worker,Graduate
Bacong,Cookery NC II,35,Male,College Undergraduate,Unemployed,Cooking,Hospitality,Returning Learner,Graduate
Balingasag,Cookery NC II,41,Male,Junior High,Self-employed,Cooking,Hospitality,Returning Learner,Dropout
Calumangan,Shielded Metal Arc Welding NC I,21,Male,Junior High,Underemployed,Welding,Construction,New Entrant,Graduate
Bagroy,Shielded Metal Arc Welding NC I,30,Male,College Undergraduate,Wage Employed,Driving,Transportation,Career Shifter,Dropout
Poblacion,Electrical Installation and Maintenance NC II,28,Male,Junior High,Underemployed,Electrical Repair,Construction,New Entrant,Graduate
Calumangan,Driving NC II,28,Male,Senior High,Unemployed,Driving,Transportation,Returning Learner,Graduate
Ma-ao,Electrical Installation and Maintenance NC II,23,Male,Junior High,Unemployed,Electrical Repair,Construction,Experienced Worker,Graduate
Mailum,Driving NC II,48,Male,College Undergraduate,Self-employed,Driving,Transportation,Experienced Worker,Graduate
Caridad,Bread and Pastry NC II,19,Male,Junior High,Underemployed,Baking,Hospitality,Returning Learner,Dropout
Bagroy,Electrical Installation and Maintenance NC II,25,Male,Junior High,Underemployed,Electrical Repair,Construction,New Entrant,Dropout
Poblacion,Shielded Metal Arc Welding NC I,24,Male,College Undergraduate,Self-employed,Welding,Construction,Returning Learner,Dropout
Ma-ao,Computer Systems Servicing NC II,21,Female,Elementary Graduate,Unemployed,Computer Literacy,Agriculture,New Entrant,Dropout
Tabunan,Carpentry NC II,27,Male,Junior High,Underemployed,Carpentry,Construction,New Entrant,Graduate
Atipuluan,Shielded Metal Arc Welding NC I,38,Male,College Undergraduate,Self-employed,Welding,Business,Experienced Worker,Graduate
Poblacion,Carpentry NC II,33,Male,Junior High,Unemployed,Carpentry,Transportation,New Entrant,Graduate
Atipuluan,Electrical Installation and Maintenance NC II,42,Male,Senior High,Underemployed,Electrical Repair,Construction,New Entrant,Dropout
Taloc,Electrical Installation and Maintenance NC II,18,Male,Junior High,Unemployed,Electrical Repair,Construction,New Entrant,Dropout
Balingasag,Computer Systems Servicing NC II,19,Male,Senior High,Wage Employed,Masonry,Construction,Experienced Worker,Graduate
Napoles,Driving NC II,21,Female,Elementary Graduate,Underemployed,Driving,Transportation,Returning Learner,Graduate
Atipuluan,Bread and Pastry NC II,30,Male,Senior High,Unemployed,Baking,Hospitality,Returning Learner,Graduate
Atipuluan,Bread and Pastry NC II,41,Female,Senior High,Self-employed,Baking,Hospitality,New Entrant,Graduate
Tabunan,Computer Systems Servicing NC II,52,Male,College Graduate,Self-employed,Computer Literacy,ICT,Experienced Worker,Graduate
Malingin,Cookery NC II,34,Male,College Undergraduate,Unemployed,Cooking,Hospitality,Experienced Worker,Graduate
Calumangan,Computer Systems Servicing NC II,24,Female,Elementary Graduate,Unemployed,Baking,Hospitality,Career Shifter,Dropout
Lag-asan,Electrical Installation and Maintenance NC II,32,Male,Elementary Graduate,Unemployed,Electrical Repair,Construction,Experienced Worker,Graduate
Malingin,Carpentry NC II,45,Male,College Undergraduate,Underemployed,Carpentry,Construction,Returning Learner,Graduate
Bagroy,Driving NC II,35,Male,Junior High,Underemployed,Driving,Transportation,Returning Learner,Graduate
Poblacion,Carpentry NC II,30,Male,Junior High,Self-employed,Carpentry,Construction,New Entrant,Graduate
Pacol,Cookery NC II,40,Female,Senior High,Underemployed,Carpentry,Construction,Career Shifter,Graduate
Poblacion,Masonry NC II,23,Male,Elementary Graduate,Unemployed,Masonry,Construction,New Entrant,Dropout
Lag-asan,Carpentry NC II,24,Female,Senior High,Underemployed,Carpentry,Construction,Returning Learner,Graduate
Abuanan,Computer Systems Servicing NC II,20,Male,Senior High,Wage Employed,Computer Literacy,ICT,Experienced Worker,Graduate
Pacol,Shielded Metal Arc Welding NC I,32,Male,Senior High,Underemployed,Welding,Construction,Career Shifter,Dropout
Mailum,Cookery NC II,32,Female,Junior High,Wage Employed,Cooking,Hospitality,Experienced Worker,Dropout
Calumangan,Cookery NC II,26,Male,College Graduate,Self-employed,Welding,ICT,Experienced Worker,Graduate
Abuanan,Electrical Installation and Maintenance NC II,31,Male,Senior High,Wage Employed,Electrical Repair,Construction,Experienced Worker,Graduate
Bagroy,Masonry NC II,27,Male,College Undergraduate,Self-employed,Masonry,Business,Experienced Worker,Graduate
Lag-asan,Cookery NC II,19,Male,Senior High,Underemployed,Carpentry,Construction,Career Shifter,Graduate
Poblacion,Cookery NC II,38,Female,Elementary Graduate,Wage Employed,Cooking,Hospitality,New Entrant,Graduate
Taloc,Electrical Installation and Maintenance NC II,42,Male,Senior High,Wage Employed,Electrical Repair,Construction,Experienced Worker,Graduate
Poblacion,Computer Systems Servicing NC II,34,Female,College Undergraduate,Self-employed,Computer Literacy,ICT,Experienced Worker,Graduate
Atipuluan,Carpentry NC II,40,Male,Elementary Graduate,Underemployed,Carpentry,Transportation,Career Shifter,Dropout
Malingin,Computer Systems Servicing NC II,53,Male,College Graduate,Self-employed,Computer Literacy,ICT,Returning Learner,Graduate
Napoles,Electrical Installation and Maintenance NC II,36,Male,Junior High,Wage Employed,Electrical Repair,Construction,Returning Learner,Graduate
Busay,Cookery NC II,28,Male,Junior High,Self-employed,Cooking,Hospitality,Experienced Worker,Graduate
Abuanan,Computer Systems Servicing NC II,31,Female,College Graduate,Unemployed,Computer Literacy,ICT,Returning Learner,Graduate
Dulao,Cookery NC II,39,Female,Senior High,Underemployed,Cooking,ICT,Returning Learner,Graduate
Atipuluan,Masonry NC II,26,Male,Junior High,Unemployed,Masonry,Construction,Returning Learner,Graduate
Abuanan,Bread and Pastry NC II,38,Female,Elementary Graduate,Unemployed,Baking,Agriculture,New Entrant,Graduate
Lag-asan,Carpentry NC II,51,Male,College Graduate,Self-employed,Carpentry,Construction,Returning Learner,Graduate
Lag-asan,Cookery NC II,18,Female,Senior High,Unemployed,Cooking,Hospitality,Experienced Worker,Graduate
Malingin,Cookery NC II,33,Female,Senior High,Unemployed,Cooking,Hospitality,New Entrant,Graduate
Balingasag,Driving NC II,31,Male,Junior High,Unemployed,Carpentry,Construction,New Entrant,Graduate
Abuanan,Electrical Installation and Maintenance NC II,24,Male,Junior High,Unemployed,Electrical Repair,Construction,Returning Learner,Dropout
Abuanan,Bread and Pastry NC II,24,Female,Junior High,Underemployed,Baking,Hospitality,Career Shifter,Dropout
Lag-asan,Shielded Metal Arc Welding NC I,19,Male,Senior High,Self-employed,Welding,Construction,Returning Learner,Graduate
Lag-asan,Carpentry NC II,35,Male,Elementary Graduate,Underemployed,Carpentry,Construction,New Entrant,Dropout
Balingasag,Carpentry NC II,35,Male,Junior High,Self-employed,Carpentry,Construction,Experienced Worker,Graduate
Alianza,Electrical Installation and Maintenance NC II,38,Male,Senior High,Underemployed,Electrical Repair,Construction,New Entrant,Graduate
Busay,Driving NC II,30,Male,Junior High,Unemployed,Driving,Transportation,New Entrant,Graduate
Caridad,Bread and Pastry NC II,47,Male,College Graduate,Self-employed,Baking,Hospitality,Returning Learner,Graduate
Mailum,Bread and Pastry NC II,22,Male,Junior High,Underemployed,Baking,Hospitality,Returning Learner,Graduate
Tabunan,Computer Systems Servicing NC II,26,Male,Junior High,Unemployed,Computer Literacy,ICT,Returning Learner,Dropout
Binubuhan,Electrical Installation and Maintenance NC II,21,Male,Elementary Graduate,Underemployed,Electrical Repair,Construction,Returning Learner,Graduate
Tabunan,Driving NC II,28,Male,Junior High,Underemployed,Driving,Transportation,New Entrant,Dropout
Ilijan,Bread and Pastry NC II,42,Female,Junior High,Wage Employed,Baking,Hospitality,Experienced Worker,Graduate
Ma-ao,Electrical Installation and Maintenance NC II,38,Male,Junior High,Self-employed,Electrical Repair,Transportation,Experienced Worker,Graduate
Bagroy,Shielded Metal Arc Welding NC I,37,Female,Senior High,Underemployed,Welding,Construction,Returning Learner,Dropout
Pacol,Electrical Installation and Maintenance NC II,23,Female,Elementary Graduate,Underemployed,Electrical Repair,Agriculture,New Entrant,Graduate
Mailum,Cookery NC II,21,Male,Junior High,Self-employed,Cooking,Business,Experienced Worker,Dropout
Busay,Computer Systems Servicing NC II,40,Male,College Graduate,Wage Employed,Computer Literacy,ICT,Experienced Worker,Graduate
Abuanan,Bread and Pastry NC II,18,Female,Senior High,Underemployed,Baking,Construction,New Entrant,Graduate
Poblacion,Electrical Installation and Maintenance NC II,20,Male,Senior High,Underemployed,Electrical Repair,Construction,Returning Learner,Graduate
Alianza,Driving NC II,37,Male,Senior High,Wage Employed,Driving,Transportation,Experienced Worker,Graduate
Lag-asan,Masonry NC II,41,Female,College Undergraduate,Self-employed,Masonry,ICT,Experienced Worker,Graduate
Binubuhan,Driving NC II,44,Male,Senior High,Unemployed,Driving,Transportation,Experienced Worker,Graduate
Taloc,Masonry NC II,26,Male,Junior High,Wage Employed,Masonry,Construction,Experienced Worker,Graduate
Atipuluan,Masonry NC II,31,Female,College Undergraduate,Wage Employed,Masonry,Construction,Experienced Worker,Graduate
Ma-ao,Carpentry NC II,24,Male,Elementary Graduate,Unemployed,Carpentry,Construction,New Entrant,Graduate
Alianza,Masonry NC II,28,Female,College Undergraduate,Underemployed,Masonry,Construction,Returning Learner,Graduate
Taloc,Shielded Metal Arc Welding NC I,41,Female,College Undergraduate,Unemployed,Welding,Construction,Career Shifter,Graduate
Sagasa,Cookery NC II,27,Male,Junior High,Wage Employed,Masonry,Construction,Career Shifter,Dropout
Mailum,Masonry NC II,25,Female,Elementary Graduate,Underemployed,Masonry,Construction,Career Shifter,Graduate
Poblacion,Bread and Pastry NC II,38,Male,Senior High,Unemployed,Baking,Hospitality,New Entrant,Graduate
Poblacion,Computer Systems Servicing NC II,27,Female,Senior High,Underemployed,Baking,Hospitality,Returning Learner,Dropout
Binubuhan,Carpentry NC II,23,Male,Elementary Graduate,Unemployed,Carpentry,Agriculture,New Entrant,Dropout
Taloc,Carpentry NC II,55,Male,College Graduate,Self-employed,Carpentry,Construction,Returning Learner,Graduate
Ilijan,Bread and Pastry NC II,36,Female,Junior High,Underemployed,Baking,Agriculture,New Entrant,Dropout
Bacong,Driving NC II,38,Female,Senior High,Unemployed,Carpentry,Construction,New Entrant,Dropout
Bagroy,Carpentry NC II,20,Female,Senior High,Self-employed,Carpentry,Construction,Experienced Worker,Graduate
Poblacion,Carpentry NC II,35,Male,College Undergraduate,Wage Employed,Carpentry,Construction,New Entrant,Graduate
Poblacion,Shielded Metal Arc Welding NC I,34,Female,Elementary Graduate,Unemployed,Welding,Construction,New Entrant,Dropout
Alianza,Masonry NC II,32,Female,Elementary Graduate,Underemployed,Masonry,Construction,New Entrant,Graduate
Poblacion,Cookery NC II,45,Female,Senior High,Unemployed,Cooking,Hospitality,Experienced Worker,Graduate
Dulao,Carpentry NC II,35,Male,Elementary Graduate,Unemployed,Carpentry,Construction,New Entrant,Dropout
Balingasag,Carpentry NC II,23,Male,Elementary Graduate,Unemployed,Carpentry,Construction,New Entrant,Dropout
Caridad,Carpentry NC II,38,Male,Senior High,Unemployed,Carpentry,Construction,Returning Learner,Graduate
Lag-asan,Shielded Metal Arc Welding NC I,32,Male,Senior High,Self-employed,Welding,Construction,Career Shifter,Graduate
Balingasag,Driving NC II,34,Male,Junior High,Self-employed,Driving,Transportation,Experienced Worker,Dropout
Poblacion,Electrical Installation and Maintenance NC II,32,Male,Elementary Graduate,Unemployed,Electrical Repair,Construction,New Entrant,Dropout
Ilijan,Cookery NC II,39,Male,College Graduate,Wage Employed,Cooking,Hospitality,Experienced Worker,Graduate
Abuanan,Driving NC II,46,Male,College Undergraduate,Underemployed,Driving,Transportation,Returning Learner,Graduate
Dulao,Electrical Installation and Maintenance NC II,26,Female,Senior High,Wage Employed,Electrical Repair,Construction,Returning Learner,Graduate
Calumangan,Carpentry NC II,39,Male,Junior High,Underemployed,Carpentry,Construction,New Entrant,Graduate
Lag-asan,Computer Systems Servicing NC II,31,Female,College Undergraduate,Wage Employed,Computer Literacy,ICT,Experienced Worker,Graduate
Bacong,Driving NC II,19,Male,Junior High,Underemployed,Driving,Transportation,New Entrant,Graduate
Malingin,Cookery NC II,31,Male,Elementary Graduate,Unemployed,Cooking,Hospitality,Returning Learner,Dropout
Bacong,Electrical Installation and Maintenance NC II,22,Male,Junior High,Unemployed,Electrical Repair,Construction,Career Shifter,Graduate
Dulao,Carpentry NC II,45,Male,College Graduate,Wage Employed,Carpentry,Construction,Experienced Worker,Graduate
Poblacion,Driving NC II,42,Male,Senior High,Underemployed,Driving,Transportation,Returning Learner,Graduate
Bacong,Cookery NC II,45,Female,Senior High,Unemployed,Cooking,Hospitality,New Entrant,Dropout
Napoles,Carpentry NC II,18,Male,Junior High,Self-employed,Carpentry,Construction,Experienced Worker,Graduate
Ma-ao,Masonry NC II,19,Male,Junior High,Underemployed,Masonry,Construction,New Entrant,Dropout
Lag-asan,Carpentry NC II,38,Male,Elementary Graduate,Self-employed,Carpentry,Construction,New Entrant,Graduate
Alianza,Bread and Pastry NC II,32,Male,Junior High,Underemployed,Baking,Hospitality,Career Shifter,Graduate
Malingin,Driving NC II,47,Female,College Undergraduate,Underemployed,Baking,Hospitality,New Entrant,Graduate
Dulao,Shielded Metal Arc Welding NC I,40,Female,College Undergraduate,Self-employed,Welding,Hospitality,Experienced Worker,Graduate
Poblacion,Cookery NC II,26,Female,Junior High,Underemployed,Cooking,Hospitality,Career Shifter,Graduate
Malingin,Carpentry NC II,28,Female,Elementary Graduate,Unemployed,Carpentry,Construction,New Entrant,Dropout
Alianza,Driving NC II,29,Male,Junior High,Underemployed,Computer Literacy,Transportation,New Entrant,Dropout
Sagasa,Masonry NC II,28,Male,Junior High,Underemployed,Masonry,Construction,Returning Learner,Graduate
Pacol,Shielded Metal Arc Welding NC I,23,Male,Elementary Graduate,Underemployed,Welding,Construction,New Entrant,Dropout
Taloc,Driving NC II,22,Male,Senior High,Wage Employed,Driving,Business,Experienced Worker,Graduate
Lag-asan,Electrical Installation and Maintenance NC II,41,Male,College Graduate,Self-employed,Electrical Repair,Construction,Experienced Worker,Graduate
Binubuhan,Carpentry NC II,33,Female,Elementary Graduate,Unemployed,Carpentry,Construction,New Entrant,Dropout
Malingin,Shielded Metal Arc Welding NC I,34,Male,Elementary Graduate,Underemployed,Welding,Construction,Career Shifter,Graduate
Ma-ao,Carpentry NC II,37,Male,Elementary Graduate,Unemployed,Carpentry,Construction,Returning Learner,Graduate
Atipuluan,Masonry NC II,21,Male,Junior High,Unemployed,Masonry,Construction,New Entrant,Graduate
Balingasag,Masonry NC II,18,Male,Senior High,Unemployed,Masonry,Construction,New Entrant,Graduate
Napoles,Computer Systems Servicing NC II,30,Female,College Undergraduate,Self-employed,Computer Literacy,ICT,Experienced Worker,Graduate
Abuanan,Electrical Installation and Maintenance NC II,32,Male,Senior High,Self-employed,Electrical Repair,Construction,Experienced Worker,Graduate
Bagroy,Bread and Pastry NC II,25,Female,Senior High,Self-employed,Baking,Hospitality,Experienced Worker,Graduate
Alianza,Computer Systems Servicing NC II,21,Male,Junior High,Underemployed,Computer Literacy,Agriculture,Returning Learner,Graduate
Abuanan,Cookery NC II,20,Female,Senior High,Self-employed,Cooking,Hospitality,Experienced Worker,Graduate
Napoles,Masonry NC II,29,Female,Junior High,Underemployed,Masonry,Construction,New Entrant,Dropout
Sagasa,Shielded Metal Arc Welding NC I,32,Male,Junior High,Unemployed,Welding,Construction,Experienced Worker,Dropout
Tabunan,Driving NC II,42,Male,Junior High,Unemployed,Driving,Transportation,Returning Learner,Graduate
Calumangan,Carpentry NC II,38,Female,College Undergraduate,Self-employed,Carpentry,Construction,Experienced Worker,Graduate
Abuanan,Driving NC II,30,Male,Junior High,Self-employed,Driving,Transportation,Experienced Worker,Graduate
Balingasag,Computer Systems Servicing NC II,54,Female,College Graduate,Wage Employed,Computer Literacy,ICT,Experienced Worker,Graduate
Napoles,Masonry NC II,29,Male,Junior High,Unemployed,Masonry,Construction,Returning Learner,Graduate
Abuanan,Driving NC II,22,Male,College Undergraduate,Unemployed,Driving,Transportation,New Entrant,Graduate
Ilijan,Cookery NC II,40,Female,College Undergraduate,Self-employed,Cooking,Hospitality,Experienced Worker,Graduate
Busay,Driving NC II,29,Male,Senior High,Unemployed,Driving,Transportation,New Entrant,Dropout
Ma-ao,Electrical Installation and Maintenance NC II,36,Male,Junior High,Underemployed,Electrical Repair,Construction,Career Shifter,Dropout
Busay,Electrical Installation and Maintenance NC II,28,Male,Junior High,Underemployed,Electrical Repair,Construction,Career Shifter,Graduate
Alianza,Cookery NC II,30,Female,Senior High,Unemployed,Carpentry,Construction,Career Shifter,Dropout
Calumangan,Masonry NC II,28,Male,College Undergraduate,Unemployed,Masonry,Construction,Experienced Worker,Graduate
Atipuluan,Driving NC II,29,Male,Senior High,Underemployed,Driving,Transportation,New Entrant,Graduate
Dulao,Bread and Pastry NC II,21,Female,Junior High,Unemployed,Baking,Hospitality,Returning Learner,Graduate
Bacong,Electrical Installation and Maintenance NC II,28,Female,Junior High,Underemployed,Electrical Repair,Construction,Returning Learner,Dropout
Malingin,Carpentry NC II,36,Female,Junior High,Unemployed,Carpentry,Construction,Returning Learner,Graduate
Calumangan,Shielded Metal Arc Welding NC I,31,Male,Elementary Graduate,Underemployed,Driving,Transportation,Career Shifter,Dropout
Balingasag,Cookery NC II,18,Male,Junior High,Unemployed,Cooking,Hospitality,New Entrant,Graduate
Calumangan,Driving NC II,29,Male,Senior High,Wage Employed,Driving,Transportation,Career Shifter,Graduate
Taloc,Carpentry NC II,28,Male,Senior High,Underemployed,Carpentry,Construction,New Entrant,Graduate
Poblacion,Cookery NC II,40,Female,Senior High,Unemployed,Cooking,Hospitality,New Entrant,Graduate
Bagroy,Electrical Installation and Maintenance NC II,36,Male,Elementary Graduate,Underemployed,Electrical Repair,Construction,New Entrant,Graduate
Malingin,Computer Systems Servicing NC II,42,Male,College Undergraduate,Wage Employed,Computer Literacy,ICT,Experienced Worker,Graduate
Malingin,Driving NC II,38,Male,Senior High,Self-employed,Driving,Transportation,Experienced Worker,Graduate
Taloc,Electrical Installation and Maintenance NC II,18,Male,Junior High,Self-employed,Electrical Repair,Construction,Returning Learner,Dropout
Abuanan,Masonry NC II,31,Male,Senior High,Wage Employed,Masonry,Construction,Experienced Worker,Graduate
Ma-ao,Carpentry NC II,30,Male,Elementary Graduate,Unemployed,Carpentry,Hospitality,Returning Learner,Graduate
Bagroy,Carpentry NC II,36,Male,Senior High,Self-employed,Carpentry,Hospitality,Returning Learner,Graduate
Taloc,Bread and Pastry NC II,37,Female,Junior High,Unemployed,Baking,Hospitality,New Entrant,Graduate
Bacong,Electrical Installation and Maintenance NC II,19,Male,College Undergraduate,Underemployed,Electrical Repair,Construction,Experienced Worker,Graduate
Lag-asan,Carpentry NC II,35,Male,College Graduate,Wage Employed,Carpentry,Construction,Returning Learner,Dropout
Pacol,Masonry NC II,33,Female,College Graduate,Unemployed,Masonry,Construction,New Entrant,Dropout
Sagasa,Masonry NC II,36,Female,Senior High,Self-employed,Masonry,Construction,Experienced Worker,Dropout
Atipuluan,Electrical Installation and Maintenance NC II,21,Male,College Undergraduate,Wage Employed,Electrical Repair,Construction,Experienced Worker,Graduate
Pacol,Driving NC II,27,Male,Elementary Graduate,Unemployed,Driving,Transportation,New Entrant,Dropout
Alianza,Electrical Installation and Maintenance NC II,43,Male,Senior High,Underemployed,Electrical Repair,Construction,Returning Learner,Graduate
Abuanan,Electrical Installation and Maintenance NC II,37,Male,College Graduate,Self-employed,Electrical Repair,Construction,Experienced Worker,Graduate
Abuanan,Shielded Metal Arc Welding NC I,25,Male,Junior High,Unemployed,Welding,Construction,Returning Learner,Graduate
Lag-asan,Driving NC II,42,Male,Senior High,Underemployed,Carpentry,Construction,Returning Learner,Graduate
Abuanan,Electrical Installation and Maintenance NC II,20,Female,Junior High,Underemployed,Electrical Repair,Construction,Returning Learner,Dropout
Bacong,Shielded Metal Arc Welding NC I,34,Female,Junior High,Unemployed,Welding,Construction,New Entrant,Dropout
Alianza,Electrical Installation and Maintenance NC II,21,Male,College Undergraduate,Underemployed,Electrical Repair,Construction,Returning Learner,Dropout
Taloc,Cookery NC II,19,Female,College Undergraduate,Self-employed,Cooking,Hospitality,New Entrant,Graduate
Ilijan,Computer Systems Servicing NC II,39,Male,Senior High,Underemployed,Computer Literacy,ICT,New Entrant,Dropout
Calumangan,Shielded Metal Arc Welding NC I,18,Male,Junior High,Unemployed,Welding,Construction,New Entrant,Graduate
Poblacion,Electrical Installation and Maintenance NC II,33,Male,College Graduate,Self-employed,Electrical Repair,ICT,Returning Learner,Graduate
Bacong,Carpentry NC II,29,Female,Junior High,Underemployed,Carpentry,Construction,Experienced Worker,Graduate
Balingasag,Cookery NC II,25,Male,College Undergraduate,Underemployed,Masonry,Construction,New Entrant,Graduate
Abuanan,Driving NC II,27,Female,Senior High,Unemployed,Driving,Transportation,New Entrant,Graduate
Atipuluan,Shielded Metal Arc Welding NC I,35,Male,Senior High,Underemployed,Welding,Construction,New Entrant,Graduate
Poblacion,Cookery NC II,21,Male,Junior High,Unemployed,Cooking,Hospitality,New Entrant,Dropout
Atipuluan,Masonry NC II,47,Female,College Undergraduate,Self-employed,Masonry,Construction,Experienced Worker,Graduate
Malingin,Masonry NC II,23,Male,College Undergraduate,Unemployed,Masonry,Construction,Experienced Worker,Graduate
Atipuluan,Carpentry NC II,37,Female,College Undergraduate,Underemployed,Welding,Construction,Career Shifter,Graduate
Napoles,Carpentry NC II,45,Male,Senior High,Self-employed,Carpentry,Construction,Returning Learner,Graduate
Poblacion,Driving NC II,39,Male,Elementary Graduate,Unemployed,Driving,Transportation,New Entrant,Graduate
Pacol,Masonry NC II,19,Male,College Undergraduate,Wage Employed,Masonry,Construction,New Entrant,Graduate
Alianza,Electrical Installation and Maintenance NC II,29,Male,Junior High,Underemployed,Electrical Repair,Construction,New Entrant,Dropout
Taloc,Electrical Installation and Maintenance NC II,45,Female,College Graduate,Unemployed,Electrical Repair,Construction,New Entrant,Graduate
Bagroy,Shielded Metal Arc Welding NC I,27,Female,Elementary Graduate,Underemployed,Welding,Construction,New Entrant,Dropout
Malingin,Electrical Installation and Maintenance NC II,20,Male,Junior High,Underemployed,Electrical Repair,Construction,New Entrant,Dropout
Dulao,Shielded Metal Arc Welding NC I,35,Male,Senior High,Wage Employed,Cooking,Hospitality,Career Shifter,Graduate
Abuanan,Electrical Installation and Maintenance NC II,28,Male,Junior High,Self-employed,Electrical Repair,Construction,Returning Learner,Dropout
Malingin,Carpentry NC II,38,Male,Senior High,Underemployed,Carpentry,Construction,New Entrant,Dropout
Abuanan,Masonry NC II,26,Male,Senior High,Unemployed,Masonry,Construction,Experienced Worker,Graduate
Napoles,Shielded Metal Arc Welding NC I,30,Male,Junior High,Underemployed,Welding,Construction,Returning Learner,Graduate
Ma-ao,Bread and Pastry NC II,45,Female,Senior High,Unemployed,Baking,Hospitality,Returning Learner,Graduate
Abuanan,Carpentry NC II,40,Male,Elementary Graduate,Unemployed,Carpentry,Construction,New Entrant,Dropout
Ma-ao,Driving NC II,37,Female,Junior High,Unemployed,Cooking,Hospitality,Experienced Worker,Dropout
Busay,Driving NC II,24,Male,College Undergraduate,Self-employed,Computer Literacy,ICT,New Entrant,Dropout
Tabunan,Electrical Installation and Maintenance NC II,18,Male,Senior High,Underemployed,Electrical Repair,Construction,New Entrant,Dropout
Busay,Bread and Pastry NC II,34,Male,Elementary Graduate,Underemployed,Baking,Hospitality,Experienced Worker,Graduate
Lag-asan,Electrical Installation and Maintenance NC II,24,Male,Junior High,Self-employed,Electrical Repair,Construction,New Entrant,Dropout
Calumangan,Carpentry NC II,20,Male,Elementary Graduate,Unemployed,Carpentry,Construction,New Entrant,Dropout
Poblacion,Computer Systems Servicing NC II,34,Female,College Undergraduate,Wage Employed,Computer Literacy,ICT,Experienced Worker,Graduate
Dulao,Electrical Installation and Maintenance NC II,20,Male,Junior High,Wage Employed,Electrical Repair,Construction,New Entrant,Graduate
Calumangan,Masonry NC II,30,Male,Senior High,Underemployed,Masonry,Construction,Experienced Worker,Graduate
Poblacion,Cookery NC II,32,Male,Senior High,Unemployed,Cooking,Hospitality,New Entrant,Graduate
Atipuluan,Bread and Pastry NC II,35,Female,Junior High,Self-employed,Baking,Hospitality,New Entrant,Graduate
Atipuluan,Shielded Metal Arc Welding NC I,20,Male,Junior High,Self-employed,Electrical Repair,Construction,New Entrant,Graduate
Balingasag,Bread and Pastry NC II,29,Female,College Undergraduate,Self-employed,Cooking,Hospitality,Career Shifter,Graduate
Abuanan,Carpentry NC II,27,Male,College Graduate,Wage Employed,Masonry,Construction,Career Shifter,Graduate
Binubuhan,Computer Systems Servicing NC II,32,Female,Senior High,Unemployed,Computer Literacy,Business,New Entrant,Dropout
Poblacion,Shielded Metal Arc Welding NC I,31,Male,Junior High,Underemployed,Welding,Construction,Career Shifter,Dropout
Tabunan,Computer Systems Servicing NC II,41,Male,College Undergraduate,Unemployed,Computer Literacy,ICT,Returning Learner,Graduate
Poblacion,Computer Systems Servicing NC II,19,Female,Junior High,Underemployed,Computer Literacy,ICT,Returning Learner,Dropout
Sagasa,Cookery NC II,19,Male,Junior High,Underemployed,Cooking,Hospitality,Experienced Worker,Dropout
Ma-ao,Bread and Pastry NC II,28,Female,Senior High,Wage Employed,Baking,Hospitality,Returning Learner,Graduate
Atipuluan,Masonry NC II,29,Male,Elementary Graduate,Underemployed,Masonry,Construction,New Entrant,Graduate
Napoles,Cookery NC II,39,Male,Senior High,Unemployed,Electrical Repair,Transportation,Career Shifter,Graduate
Lag-asan,Masonry NC II,43,Male,Senior High,Wage Employed,Masonry,Construction,Returning Learner,Graduate
Busay,Computer Systems Servicing NC II,27,Female,Senior High,Self-employed,Computer Literacy,ICT,New Entrant,Graduate
Abuanan,Cookery NC II,29,Female,Senior High,Underemployed,Cooking,Hospitality,Returning Learner,Graduate
Poblacion,Shielded Metal Arc Welding NC I,32,Female,Junior High,Unemployed,Welding,Construction,New Entrant,Dropout
Napoles,Bread and Pastry NC II,26,Female,Junior High,Self-employed,Baking,Hospitality,New Entrant,Graduate
Alianza,Shielded Metal Arc Welding NC I,37,Male,Senior High,Underemployed,Welding,Construction,New Entrant,Graduate
Pacol,Shielded Metal Arc Welding NC I,22,Female,Elementary Graduate,Unemployed,Welding,Construction,New Entrant,Dropout
Napoles,Carpentry NC II,25,Male,Junior High,Underemployed,Carpentry,Construction,New Entrant,Graduate
Atipuluan,Electrical Installation and Maintenance NC II,48,Male,College Undergraduate,Self-employed,Electrical Repair,Construction,Experienced Worker,Graduate
Atipuluan,Electrical Installation and Maintenance NC II,19,Male,Senior High,Unemployed,Electrical Repair,Construction,Returning Learner,Dropout
Mailum,Shielded Metal Arc Welding NC I,38,Male,College Graduate,Self-employed,Welding,Construction,Experienced Worker,Graduate
Atipuluan,Cookery NC II,25,Male,College Graduate,Wage Employed,Carpentry,Construction,Career Shifter,Graduate
Alianza,Carpentry NC II,33,Male,Senior High,Underemployed,Carpentry,Construction,Returning Learner,Graduate
Balingasag,Computer Systems Servicing NC II,27,Female,College Graduate,Wage Employed,Computer Literacy,ICT,Experienced Worker,Dropout
Dulao,Driving NC II,19,Male,Junior High,Unemployed,Driving,Transportation,New Entrant,Dropout
Bacong,Computer Systems Servicing NC II,35,Male,College Graduate,Self-employed,Computer Literacy,ICT,Returning Learner,Graduate
Taloc,Computer Systems Servicing NC II,29,Male,Junior High,Underemployed,Welding,Construction,Career Shifter,Dropout
Malingin,Driving NC II,33,Male,Junior High,Wage Employed,Driving,Transportation,Experienced Worker,Graduate
Taloc,Masonry NC II,39,Female,College Undergraduate,Wage Employed,Computer Literacy,ICT,Career Shifter,Dropout
Ilijan,Masonry NC II,23,Male,Senior High,Unemployed,Masonry,Construction,New Entrant,Graduate
Balingasag,Computer Systems Servicing NC II,42,Female,College Graduate,Underemployed,Computer Literacy,ICT,New Entrant,Graduate
Sagasa,Shielded Metal Arc Welding NC I,35,Male,Junior High,Underemployed,Welding,Construction,New Entrant,Dropout
Ma-ao,Masonry NC II,19,Female,Elementary Graduate,Underemployed,Masonry,Construction,New Entrant,Graduate
Taloc,Carpentry NC II,27,Female,Senior High,Wage Employed,Baking,Hospitality,New Entrant,Graduate
Calumangan,Carpentry NC II,21,Male,Senior High,Wage Employed,Carpentry,Construction,Experienced Worker,Graduate
Tabunan,Shielded Metal Arc Welding NC I,27,Male,Senior High,Wage Employed,Masonry,Construction,New Entrant,Graduate
Taloc,Driving NC II,31,Male,Senior High,Unemployed,Driving,Transportation,Returning Learner,Graduate
Abuanan,Shielded Metal Arc Welding NC I,37,Male,Junior High,Underemployed,Welding,Construction,Experienced Worker,Graduate
Napoles,Bread and Pastry NC II,26,Male,Junior High,Unemployed,Baking,Hospitality,New Entrant,Graduate
Alianza,Cookery NC II,21,Female,Junior High,Unemployed,Welding,Construction,Career Shifter,Dropout
Lag-asan,Cookery NC II,37,Male,College Undergraduate,Self-employed,Cooking,Hospitality,Experienced Worker,Graduate
Dulao,Shielded Metal Arc Welding NC I,36,Male,Senior High,Self-employed,Welding,ICT,Returning Learner,Graduate
Lag-asan,Electrical Installation and Maintenance NC II,32,Male,Senior High,Self-employed,Electrical Repair,Construction,Experienced Worker,Graduate
Poblacion,Driving NC II,21,Male,Senior High,Unemployed,Driving,ICT,Experienced Worker,Graduate
Abuanan,Cookery NC II,50,Female,College Graduate,Wage Employed,Cooking,Hospitality,Experienced Worker,Graduate
Malingin,Bread and Pastry NC II,30,Male,College Undergraduate,Underemployed,Baking,Hospitality,Returning Learner,Graduate
Busay,Bread and Pastry NC II,23,Male,Junior High,Unemployed,Driving,Transportation,Career Shifter,Dropout
Poblacion,Masonry NC II,19,Male,Senior High,Unemployed,Masonry,Construction,Returning Learner,Graduate
Dulao,Shielded Metal Arc Welding NC I,19,Female,Senior High,Unemployed,Driving,Transportation,New Entrant,Graduate
Poblacion,Computer Systems Servicing NC II,33,Male,College Graduate,Underemployed,Welding,Construction,New Entrant,Graduate
Calumangan,Computer Systems Servicing NC II,42,Female,Senior High,Unemployed,Computer Literacy,ICT,Experienced Worker,Graduate
Napoles,Shielded Metal Arc Welding NC I,37,Male,College Undergraduate,Wage Employed,Welding,Construction,Experienced Worker,Dropout
Lag-asan,Cookery NC II,25,Female,Junior High,Self-employed,Cooking,Hospitality,Experienced Worker,Graduate
Lag-asan,Carpentry NC II,31,Male,Senior High,Self-employed,Carpentry,Construction,Experienced Worker,Graduate
Binubuhan,Carpentry NC II,42,Male,Junior High,Self-employed,Carpentry,Construction,Returning Learner,Graduate
Busay,Shielded Metal Arc Welding NC I,23,Male,Junior High,Unemployed,Welding,Construction,New Entrant,Graduate
Poblacion,Bread and Pastry NC II,31,Female,College Undergraduate,Underemployed,Baking,Business,Returning Learner,Graduate
Mailum,Carpentry NC II,18,Male,Senior High,Unemployed,Carpentry,Construction,New Entrant,Dropout
Taloc,Masonry NC II,25,Male,Senior High,Self-employed,Masonry,Construction,Experienced Worker,Graduate
Napoles,Driving NC II,23,Male,Elementary Graduate,Wage Employed,Driving,Transportation,Returning Learner,Graduate
Lag-asan,Masonry NC II,35,Male,College Undergraduate,Underemployed,Masonry,Construction,New Entrant,Dropout
Atipuluan,Carpentry NC II,20,Male,Junior High,Self-employed,Carpentry,Construction,Returning Learner,Graduate
Malingin,Electrical Installation and Maintenance NC II,21,Male,College Undergraduate,Wage Employed,Electrical Repair,Business,Experienced Worker,Graduate
Mailum,Computer Systems Servicing NC II,26,Female,Senior High,Wage Employed,Computer Literacy,ICT,Experienced Worker,Dropout
Tabunan,Bread and Pastry NC II,32,Female,Junior High,Unemployed,Baking,Hospitality,New Entrant,Graduate
Ma-ao,Masonry NC II,43,Male,Senior High,Wage Employed,Masonry,Construction,Returning Learner,Graduate
Taloc,Shielded Metal Arc Welding NC I,39,Male,College Undergraduate,Wage Employed,Welding,Construction,Experienced Worker,Graduate
Bagroy,Cookery NC II,35,Female,Senior High,Unemployed,Cooking,Hospitality,New Entrant,Dropout
Taloc,Shielded Metal Arc Welding NC I,43,Male,College Undergraduate,Underemployed,Welding,Construction,Experienced Worker,Graduate
Atipuluan,Carpentry NC II,40,Male,Junior High,Underemployed,Carpentry,Construction,Experienced Worker,Graduate
Taloc,Masonry NC II,28,Male,College Undergraduate,Self-employed,Masonry,Construction,New Entrant,Dropout
Atipuluan,Masonry NC II,23,Male,Senior High,Unemployed,Masonry,Construction,Experienced Worker,Graduate
Poblacion,Cookery NC II,36,Female,Junior High,Self-employed,Cooking,Hospitality,New Entrant,Dropout
Malingin,Shielded Metal Arc Welding NC I,36,Male,Junior High,Self-employed,Welding,Construction,Experienced Worker,Dropout
Mailum,Carpentry NC II,37,Female,Senior High,Underemployed,Welding,Construction,New Entrant,Graduate
Pacol,Computer Systems Servicing NC II,36,Female,Elementary Graduate,Unemployed,Computer Literacy,Agriculture,Experienced Worker,Graduate
Calumangan,Shielded Metal Arc Welding NC I,22,Male,Senior High,Underemployed,Welding,Construction,New Entrant,Dropout
Ma-ao,Masonry NC II,29,Male,Senior High,Wage Employed,Masonry,Construction,Experienced Worker,Graduate
Dulao,Bread and Pastry NC II,39,Male,Junior High,Underemployed,Baking,Hospitality,New Entrant,Graduate
Poblacion,Driving NC II,27,Male,Junior High,Underemployed,Driving,Transportation,Returning Learner,Graduate
Poblacion,Carpentry NC II,46,Male,College Undergraduate,Unemployed,Carpentry,Construction,New Entrant,Dropout
Taloc,Carpentry NC II,37,Male,Senior High,Unemployed,Carpentry,Construction,Returning Learner,Graduate
Lag-asan,Bread and Pastry NC II,32,Female,Senior High,Self-employed,Baking,Hospitality,Experienced Worker,Graduate
Lag-asan,Electrical Installation and Maintenance NC II,19,Male,College Undergraduate,Self-employed,Electrical Repair,Construction,Experienced Worker,Graduate
Abuanan,Shielded Metal Arc Welding NC I,41,Male,Junior High,Underemployed,Welding,Construction,Returning Learner,Dropout
Pacol,Shielded Metal Arc Welding NC I,21,Male,Junior High,Unemployed,Welding,Construction,New Entrant,Dropout
Atipuluan,Computer Systems Servicing NC II,22,Male,College Undergraduate,Wage Employed,Computer Literacy,ICT,New Entrant,Graduate
Bagroy,Bread and Pastry NC II,40,Female,Elementary Graduate,Underemployed,Baking,Hospitality,New Entrant,Dropout
Caridad,Cookery NC II,33,Male,College Undergraduate,Underemployed,Cooking,Hospitality,Returning Learner,Graduate
Calumangan,Computer Systems Servicing NC II,25,Male,Senior High,Unemployed,Computer Literacy,ICT,New Entrant,Graduate
Taloc,Carpentry NC II,29,Male,Elementary Graduate,Underemployed,Carpentry,Construction,Career Shifter,Graduate
Atipuluan,Carpentry NC II,36,Male,Junior High,Unemployed,Carpentry,Construction,Returning Learner,Graduate
Pacol,Bread and Pastry NC II,31,Female,Senior High,Underemployed,Baking,Hospitality,New Entrant,Graduate
Mailum,Masonry NC II,35,Male,Elementary Graduate,Self-employed,Electrical Repair,Construction,Returning Learner,Graduate
Lag-asan,Masonry NC II,37,Male,College Undergraduate,Underemployed,Masonry,Construction,New Entrant,Graduate
Taloc,Computer Systems Servicing NC II,47,Male,College Graduate,Unemployed,Computer Literacy,ICT,Returning Learner,Graduate
Taloc,Masonry NC II,19,Male,Elementary Graduate,Unemployed,Masonry,Construction,Career Shifter,Graduate
Poblacion,Computer Systems Servicing NC II,23,Female,College Undergraduate,Self-employed,Computer Literacy,ICT,Experienced Worker,Graduate
Abuanan,Shielded Metal Arc Welding NC I,34,Male,College Undergraduate,Self-employed,Masonry,Construction,Career Shifter,Graduate
Abuanan,Masonry NC II,32,Male,Junior High,Unemployed,Masonry,Construction,Experienced Worker,Dropout
Poblacion,Computer Systems Servicing NC II,23,Female,College Graduate,Self-employed,Computer Literacy,ICT,Experienced Worker,Graduate
Poblacion,Shielded Metal Arc Welding NC I,24,Male,Junior High,Underemployed,Welding,Construction,Returning Learner,Graduate
Balingasag,Driving NC II,41,Male,College Graduate,Unemployed,Driving,Transportation,Experienced Worker,Graduate
Abuanan,Driving NC II,32,Male,Junior High,Underemployed,Driving,Agriculture,Career Shifter,Graduate
Taloc,Bread and Pastry NC II,25,Female,Senior High,Unemployed,Baking,Hospitality,New Entrant,Graduate
Taloc,Computer Systems Servicing NC II,31,Female,College Undergraduate,Wage Employed,Computer Literacy,ICT,Experienced Worker,Graduate
Napoles,Carpentry NC II,43,Male,Senior High,Wage Employed,Carpentry,Construction,Experienced Worker,Graduate
Balingasag,Electrical Installation and Maintenance NC II,19,Male,Senior High,Unemployed,Cooking,Hospitality,New Entrant,Dropout
Bacong,Driving NC II,39,Male,Senior High,Underemployed,Driving,Transportation,Experienced Worker,Graduate
Bagroy,Computer Systems Servicing NC II,37,Male,Senior High,Self-employed,Computer Literacy,ICT,Experienced Worker,Graduate
Abuanan,Shielded Metal Arc Welding NC I,21,Male,Senior High,Wage Employed,Baking,Hospitality,New Entrant,Graduate
Caridad,Shielded Metal Arc Welding NC I,38,Male,Junior High,Self-employed,Welding,Construction,Experienced Worker,Dropout
Pacol,Electrical Installation and Maintenance NC II,28,Male,Senior High,Underemployed,Electrical Repair,Construction,Experienced Worker,Graduate
Abuanan,Cookery NC II,20,Female,Junior High,Wage Employed,Cooking,Hospitality,New Entrant,Graduate
Atipuluan,Masonry NC II,27,Male,Senior High,Self-employed,Masonry,Construction,Experienced Worker,Graduate
Poblacion,Shielded Metal Arc Welding NC I,31,Male,Senior High,Underemployed,Welding,Construction,New Entrant,Graduate
Mailum,Computer Systems Servicing NC II,25,Male,College Graduate,Wage Employed,Computer Literacy,ICT,Returning Learner,Graduate
Pacol,Carpentry NC II,45,Male,Senior High,Underemployed,Carpentry,Construction,Experienced Worker,Graduate
Atipuluan,Driving NC II,28,Female,Senior High,Underemployed,Driving,Transportation,New Entrant,Graduate
Lag-asan,Bread and Pastry NC II,35,Male,Junior High,Self-employed,Baking,Hospitality,Experienced Worker,Graduate
Poblacion,Shielded Metal Arc Welding NC I,34,Male,Senior High,Wage Employed,Welding,Construction,Returning Learner,Graduate
Bagroy,Bread and Pastry NC II,20,Female,Junior High,Unemployed,Baking,Hospitality,Returning Learner,Graduate
Caridad,Masonry NC II,28,Male,Senior High,Unemployed,Masonry,Construction,Returning Learner,Graduate
Abuanan,Driving NC II,29,Male,Elementary Graduate,Underemployed,Carpentry,Construction,Career Shifter,Dropout
Abuanan,Bread and Pastry NC II,42,Male,Senior High,Underemployed,Baking,Hospitality,New Entrant,Dropout
Malingin,Masonry NC II,23,Male,Senior High,Unemployed,Masonry,Construction,Experienced Worker,Graduate
Napoles,Electrical Installation and Maintenance NC II,28,Male,Senior High,Wage Employed,Driving,Transportation,New Entrant,Dropout
Atipuluan,Computer Systems Servicing NC II,23,Female,Junior High,Self-employed,Computer Literacy,ICT,Experienced Worker,Graduate
Caridad,Electrical Installation and Maintenance NC II,45,Male,College Undergraduate,Unemployed,Electrical Repair,Construction,Returning Learner,Graduate
Taloc,Electrical Installation and Maintenance NC II,25,Male,Elementary Graduate,Self-employed,Electrical Repair,Construction,Returning Learner,Dropout
Atipuluan,Cookery NC II,32,Female,Junior High,Unemployed,Cooking,Transportation,Returning Learner,Graduate
Tabunan,Shielded Metal Arc Welding NC I,26,Male,College Undergraduate,Unemployed,Driving,Transportation,New Entrant,Graduate
Bagroy,Masonry NC II,42,Male,Junior High,Underemployed,Masonry,Construction,New Entrant,Dropout
Alianza,Shielded Metal Arc Welding NC I,39,Male,Junior High,Underemployed,Welding,Construction,Career Shifter,Dropout
Poblacion,Bread and Pastry NC II,30,Female,College Undergraduate,Underemployed,Baking,Transportation,Experienced Worker,Graduate
Napoles,Electrical Installation and Maintenance NC II,22,Male,Junior High,Underemployed,Electrical Repair,ICT,New Entrant,Dropout
Busay,Driving NC II,26,Female,Senior High,Unemployed,Driving,Transportation,New Entrant,Dropout
Atipuluan,Bread and Pastry NC II,26,Female,Senior High,Wage Employed,Baking,Hospitality,Experienced Worker,Graduate
Napoles,Cookery NC II,23,Female,Junior High,Unemployed,Cooking,Hospitality,New Entrant,Graduate
Busay,Masonry NC II,22,Female,Elementary Graduate,Underemployed,Masonry,Agriculture,New Entrant,Dropout
Mailum,Carpentry NC II,36,Male,College Graduate,Self-employed,Carpentry,Construction,Experienced Worker,Graduate
Abuanan,Carpentry NC II,24,Male,Elementary Graduate,Self-employed,Welding,Construction,Career Shifter,Dropout
Poblacion,Electrical Installation and Maintenance NC II,25,Male,College Graduate,Unemployed,Electrical Repair,Construction,Returning Learner,Graduate
Pacol,Driving NC II,23,Male,College Graduate,Self-employed,Driving,Transportation,Experienced Worker,Graduate
Atipuluan,Carpentry NC II,38,Female,College Graduate,Self-employed,Carpentry,Construction,Experienced Worker,Graduate
Poblacion,Carpentry NC II,34,Male,Senior High,Wage Employed,Carpentry,Construction,Returning Learner,Graduate
Abuanan,Computer Systems Servicing NC II,33,Male,Senior High,Self-employed,Cooking,Hospitality,Experienced Worker,Graduate
Poblacion,Cookery NC II,39,Male,College Undergraduate,Self-employed,Cooking,Hospitality,Experienced Worker,Graduate
Bacong,Carpentry NC II,26,Male,College Undergraduate,Unemployed,Carpentry,Construction,Returning Learner,Graduate
Bacong,Electrical Installation and Maintenance NC II,45,Female,College Undergraduate,Unemployed,Electrical Repair,Construction,Experienced Worker,Graduate
Caridad,Masonry NC II,47,Male,College Graduate,Self-employed,Masonry,Construction,Experienced Worker,Graduate
Poblacion,Computer Systems Servicing NC II,45,Male,College Undergraduate,Self-employed,Computer Literacy,ICT,Experienced Worker,Graduate
Poblacion,Cookery NC II,29,Female,Senior High,Underemployed,Cooking,Hospitality,Experienced Worker,Graduate
Ma-ao,Driving NC II,33,Female,Senior High,Underemployed,Electrical Repair,Construction,Career Shifter,Dropout
Atipuluan,Bread and Pastry NC II,23,Male,Senior High,Self-employed,Baking,Hospitality,Career Shifter,Graduate
Bagroy,Masonry NC II,38,Female,Elementary Graduate,Unemployed,Masonry,Construction,New Entrant,Dropout
Dulao,Carpentry NC II,27,Male,Elementary Graduate,Underemployed,Carpentry,Construction,Career Shifter,Graduate
Mailum,Shielded Metal Arc Welding NC I,32,Male,Senior High,Underemployed,Welding,Construction,Returning Learner,Graduate
Napoles,Driving NC II,31,Female,Elementary Graduate,Wage Employed,Driving,Transportation,New Entrant,Graduate
Balingasag,Driving NC II,32,Male,Junior High,Unemployed,Driving,Transportation,Experienced Worker,Graduate
Dulao,Carpentry NC II,25,Male,Senior High,Underemployed,Carpentry,Construction,Returning Learner,Graduate
Dulao,Computer Systems Servicing NC II,33,Female,College Undergraduate,Self-employed,Computer Literacy,ICT,Career Shifter,Graduate
Ma-ao,Shielded Metal Arc Welding NC I,36,Male,Elementary Graduate,Underemployed,Welding,Construction,New Entrant,Dropout
Poblacion,Shielded Metal Arc Welding NC I,18,Male,Elementary Graduate,Underemployed,Welding,Construction,Returning Learner,Graduate
Bacong,Shielded Metal Arc Welding NC I,29,Male,Elementary Graduate,Underemployed,Welding,Construction,Career Shifter,Dropout
Sagasa,Shielded Metal Arc Welding NC I,33,Female,Senior High,Self-employed,Welding,Construction,Experienced Worker,Dropout
Taloc,Shielded Metal Arc Welding NC I,39,Male,Junior High,Underemployed,Welding,Construction,Career Shifter,Graduate
Malingin,Computer Systems Servicing NC II,23,Male,College Graduate,Underemployed,Electrical Repair,Construction,New Entrant,Dropout
Abuanan,Shielded Metal Arc Welding NC I,24,Male,Elementary Graduate,Underemployed,Welding,Construction,Experienced Worker,Graduate
Balingasag,Cookery NC II,24,Female,Senior High,Self-employed,Cooking,Hospitality,Experienced Worker,Graduate
Caridad,Driving NC II,25,Male,Elementary Graduate,Wage Employed,Driving,Transportation,Experienced Worker,Dropout
Atipuluan,Shielded Metal Arc Welding NC I,28,Male,College Undergraduate,Underemployed,Welding,Construction,Returning Learner,Graduate
Lag-asan,Masonry NC II,33,Male,Senior High,Underemployed,Masonry,Construction,Experienced Worker,Graduate
Napoles,Computer Systems Servicing NC II,27,Female,Senior High,Underemployed,Computer Literacy,ICT,New Entrant,Dropout
Taloc,Carpentry NC II,35,Male,College Undergraduate,Self-employed,Carpentry,Construction,Returning Learner,Dropout
Napoles,Carpentry NC II,37,Male,Senior High,Self-employed,Carpentry,Construction,New Entrant,Graduate
Binubuhan,Carpentry NC II,37,Male,Elementary Graduate,Unemployed,Carpentry,Construction,Career Shifter,Dropout
Abuanan,Shielded Metal Arc Welding NC I,22,Male,Senior High,Self-employed,Masonry,Hospitality,Career Shifter,Graduate
Calumangan,Shielded Metal Arc Welding NC I,26,Male,Senior High,Wage Employed,Welding,Hospitality,Returning Learner,Dropout
Calumangan,Carpentry NC II,25,Male,Senior High,Unemployed,Carpentry,Construction,Returning Learner,Graduate
Dulao,Bread and Pastry NC II,43,Female,Senior High,Wage Employed,Baking,Hospitality,Experienced Worker,Graduate
Ma-ao,Electrical Installation and Maintenance NC II,29,Male,Elementary Graduate,Underemployed,Electrical Repair,Construction,New Entrant,Dropout
Caridad,Computer Systems Servicing NC II,37,Male,College Undergraduate,Wage Employed,Computer Literacy,ICT,Experienced Worker,Graduate
Alianza,Carpentry NC II,23,Male,Elementary Graduate,Unemployed,Carpentry,Construction,New Entrant,Dropout
Sagasa,Computer Systems Servicing NC II,21,Male,Junior High,Unemployed,Computer Literacy,ICT,New Entrant,Graduate
Tabunan,Driving NC II,28,Male,Junior High,Underemployed,Driving,Transportation,Career Shifter,Graduate
Bacong,Shielded Metal Arc Welding NC I,48,Male,College Undergraduate,Self-employed,Welding,Construction,Returning Learner,Graduate
Ma-ao,Driving NC II,45,Male,Senior High,Self-employed,Driving,Transportation,New Entrant,Graduate
Malingin,Computer Systems Servicing NC II,38,Female,College Graduate,Self-employed,Computer Literacy,Business,Experienced Worker,Graduate
Balingasag,Carpentry NC II,28,Male,Senior High,Wage Employed,Carpentry,Construction,Career Shifter,Graduate
Poblacion,Cookery NC II,34,Female,Elementary Graduate,Underemployed,Cooking,Hospitality,Returning Learner,Graduate
Balingasag,Bread and Pastry NC II,33,Male,Junior High,Underemployed,Baking,Hospitality,Career Shifter,Graduate
Bacong,Cookery NC II,35,Female,Junior High,Unemployed,Cooking,Hospitality,Career Shifter,Graduate
Abuanan,Bread and Pastry NC II,23,Female,Senior High,Self-employed,Baking,Hospitality,Experienced Worker,Graduate
Mailum,Cookery NC II,39,Male,Junior High,Self-employed,Cooking,Hospitality,Experienced Worker,Graduate
Alianza,Electrical Installation and Maintenance NC II,36,Male,College Undergraduate,Self-employed,Electrical Repair,Construction,Experienced Worker,Graduate
Atipuluan,Masonry NC II,38,Male,Junior High,Self-employed,Masonry,Construction,Experienced Worker,Graduate
Bacong,Computer Systems Servicing NC II,29,Female,Senior High,Wage Employed,Computer Literacy,ICT,New Entrant,Graduate
Calumangan,Driving NC II,38,Male,Senior High,Self-employed,Driving,Transportation,Returning Learner,Graduate
Abuanan,Masonry NC II,18,Male,Junior High,Unemployed,Masonry,Construction,New Entrant,Graduate
Lag-asan,Masonry NC II,27,Male,Junior High,Wage Employed,Masonry,Business,Experienced Worker,Graduate
Alianza,Shielded Metal Arc Welding NC I,42,Male,College Undergraduate,Wage Employed,Welding,Construction,Experienced Worker,Graduate
Binubuhan,Bread and Pastry NC II,43,Female,Senior High,Underemployed,Cooking,Hospitality,New Entrant,Dropout
Napoles,Computer Systems Servicing NC II,30,Female,Junior High,Self-employed,Cooking,Hospitality,New Entrant,Graduate
Tabunan,Shielded Metal Arc Welding NC I,29,Male,Junior High,Underemployed,Welding,Construction,New Entrant,Dropout
Calumangan,Electrical Installation and Maintenance NC II,31,Male,College Graduate,Self-employed,Electrical Repair,Construction,Returning Learner,Graduate
Mailum,Driving NC II,40,Male,Junior High,Unemployed,Driving,Transportation,New Entrant,Dropout
Poblacion,Cookery NC II,45,Female,Senior High,Underemployed,Cooking,Hospitality,Experienced Worker,Graduate
Alianza,Shielded Metal Arc Welding NC I,29,Male,Senior High,Wage Employed,Welding,Construction,Returning Learner,Graduate
Alianza,Driving NC II,29,Male,Junior High,Underemployed,Driving,Transportation,New Entrant,Graduate
Abuanan,Computer Systems Servicing NC II,25,Male,College Graduate,Unemployed,Computer Literacy,ICT,New Entrant,Graduate
Dulao,Cookery NC II,40,Male,Junior High,Unemployed,Cooking,Hospitality,New Entrant,Graduate
Lag-asan,Cookery NC II,40,Male,College Undergraduate,Self-employed,Electrical Repair,Construction,Career Shifter,Graduate
Tabunan,Carpentry NC II,33,Female,College Graduate,Underemployed,Carpentry,Construction,Experienced Worker,Graduate
Ilijan,Computer Systems Servicing NC II,46,Female,College Graduate,Self-employed,Computer Literacy,ICT,Experienced Worker,Dropout
Malingin,Computer Systems Servicing NC II,46,Female,College Undergraduate,Underemployed,Computer Literacy,ICT,New Entrant,Graduate
Poblacion,Computer Systems Servicing NC II,28,Female,College Undergraduate,Self-employed,Computer Literacy,ICT,Returning Learner,Graduate
Napoles,Shielded Metal Arc Welding NC I,21,Male,Junior High,Unemployed,Welding,Construction,New Entrant,Graduate
Alianza,Carpentry NC II,38,Male,Junior High,Wage Employed,Carpentry,Construction,Experienced Worker,Graduate
Taloc,Cookery NC II,29,Female,Elementary Graduate,Underemployed,Cooking,Hospitality,New Entrant,Graduate
Dulao,Cookery NC II,37,Male,Junior High,Unemployed,Cooking,Hospitality,New Entrant,Dropout
Calumangan,Cookery NC II,41,Male,College Undergraduate,Underemployed,Cooking,Hospitality,New Entrant,Graduate
Taloc,Electrical Installation and Maintenance NC II,38,Male,College Undergraduate,Underemployed,Electrical Repair,Construction,New Entrant,Graduate
Caridad,Masonry NC II,27,Male,Junior High,Wage Employed,Masonry,Construction,Experienced Worker,Dropout
Dulao,Bread and Pastry NC II,34,Male,Junior High,Underemployed,Baking,Business,Career Shifter,Graduate
Ilijan,Computer Systems Servicing NC II,32,Female,College Undergraduate,Wage Employed,Computer Literacy,ICT,Experienced Worker,Graduate
Caridad,Electrical Installation and Maintenance NC II,39,Male,Senior High,Unemployed,Electrical Repair,Construction,Career Shifter,Graduate
Balingasag,Electrical Installation and Maintenance NC II,27,Female,Elementary Graduate,Underemployed,Electrical Repair,Construction,Returning Learner,Graduate
Ilijan,Carpentry NC II,23,Male,Elementary Graduate,Unemployed,Carpentry,Construction,New Entrant,Graduate
Dulao,Carpentry NC II,36,Female,Elementary Graduate,Unemployed,Carpentry,Construction,New Entrant,Dropout
Malingin,Driving NC II,40,Male,Senior High,Self-employed,Driving,Transportation,Career Shifter,Graduate
Balingasag,Bread and Pastry NC II,51,Male,College Graduate,Underemployed,Electrical Repair,Construction,Career Shifter,Graduate
Malingin,Masonry NC II,22,Male,Senior High,Self-employed,Masonry,Construction,Experienced Worker,Graduate
Ilijan,Bread and Pastry NC II,33,Female,Junior High,Underemployed,Baking,Agriculture,Career Shifter,Graduate
Atipuluan,Driving NC II,30,Male,Senior High,Self-employed,Welding,Construction,New Entrant,Graduate
Bacong,Masonry NC II,41,Male,Senior High,Underemployed,Masonry,Construction,New Entrant,Dropout
Ilijan,Bread and Pastry NC II,39,Female,Junior High,Underemployed,Baking,Hospitality,New Entrant,Graduate
Pacol,Electrical Installation and Maintenance NC II,42,Male,Junior High,Underemployed,Electrical Repair,Construction,Returning Learner,Graduate
Lag-asan,Carpentry NC II,48,Male,College Undergraduate,Unemployed,Carpentry,Construction,Experienced Worker,Graduate
Malingin,Driving NC II,29,Male,Junior High,Unemployed,Driving,Transportation,Experienced Worker,Graduate
Balingasag,Shielded Metal Arc Welding NC I,35,Male,Junior High,Unemployed,Welding,Agriculture,Experienced Worker,Graduate
Atipuluan,Computer Systems Servicing NC II,35,Male,College Undergraduate,Wage Employed,Computer Literacy,ICT,Returning Learner,Graduate
Bacong,Electrical Installation and Maintenance NC II,29,Male,Junior High,Unemployed,Electrical Repair,Construction,New Entrant,Dropout
Ma-ao,Electrical Installation and Maintenance NC II,47,Male,College Graduate,Unemployed,Electrical Repair,Transportation,New Entrant,Dropout
Poblacion,Computer Systems Servicing NC II,19,Female,College Undergraduate,Unemployed,Computer Literacy,ICT,Returning Learner,Dropout
Balingasag,Computer Systems Servicing NC II,30,Female,Junior High,Unemployed,Computer Literacy,ICT,Returning Learner,Graduate
Bacong,Electrical Installation and Maintenance NC II,23,Male,Senior High,Underemployed,Electrical Repair,Construction,New Entrant,Graduate
Atipuluan,Cookery NC II,46,Female,College Undergraduate,Underemployed,Cooking,Hospitality,Experienced Worker,Graduate
Atipuluan,Masonry NC II,40,Male,Senior High,Underemployed,Masonry,Construction,New Entrant,Dropout
Dulao,Cookery NC II,42,Female,Junior High,Underemployed,Cooking,Hospitality,New Entrant,Dropout
Alianza,Driving NC II,28,Male,College Undergraduate,Self-employed,Driving,Transportation,Experienced Worker,Graduate
Malingin,Carpentry NC II,35,Male,Junior High,Underemployed,Cooking,Hospitality,Career Shifter,Dropout
Balingasag,Shielded Metal Arc Welding NC I,25,Male,Elementary Graduate,Unemployed,Welding,Construction,Returning Learner,Dropout
Abuanan,Driving NC II,34,Male,Senior High,Self-employed,Driving,Transportation,Returning Learner,Graduate
Lag-asan,Driving NC II,32,Male,Elementary Graduate,Self-employed,Driving,Transportation,Experienced Worker,Graduate
Busay,Cookery NC II,25,Male,Senior High,Underemployed,Cooking,Hospitality,New Entrant,Graduate
Calumangan,Bread and Pastry NC II,23,Female,Junior High,Self-employed,Baking,Hospitality,Experienced Worker,Graduate
Malingin,Carpentry NC II,36,Male,Elementary Graduate,Underemployed,Carpentry,Construction,New Entrant,Graduate
Dulao,Shielded Metal Arc Welding NC I,31,Male,Junior High,Unemployed,Welding,Construction,New Entrant,Graduate
Abuanan,Masonry NC II,48,Male,College Undergraduate,Self-employed,Masonry,Construction,Returning Learner,Graduate
Bacong,Cookery NC II,28,Male,College Undergraduate,Unemployed,Cooking,Hospitality,Experienced Worker,Graduate
Pacol,Cookery NC II,37,Male,College Undergraduate,Self-employed,Cooking,ICT,Experienced Worker,Graduate
Calumangan,Cookery NC II,45,Male,Senior High,Self-employed,Cooking,Hospitality,Experienced Worker,Graduate
Busay,Shielded Metal Arc Welding NC I,21,Male,Junior High,Underemployed,Welding,Construction,New Entrant,Dropout
Ma-ao,Shielded Metal Arc Welding NC I,38,Female,Elementary Graduate,Unemployed,Welding,Construction,New Entrant,Dropout
Pacol,Electrical Installation and Maintenance NC II,26,Male,Elementary Graduate,Underemployed,Electrical Repair,Construction,New Entrant,Dropout
Poblacion,Shielded Metal Arc Welding NC I,41,Male,Junior High,Unemployed,Welding,Construction,New Entrant,Graduate
Poblacion,Carpentry NC II,27,Male,Junior High,Unemployed,Carpentry,Construction,New Entrant,Graduate
Bacong,Computer Systems Servicing NC II,38,Female,Senior High,Unemployed,Computer Literacy,Transportation,Experienced Worker,Graduate
Alianza,Carpentry NC II,39,Male,Junior High,Wage Employed,Carpentry,Construction,Experienced Worker,Graduate
Alianza,Computer Systems Servicing NC II,44,Male,College Undergraduate,Wage Employed,Computer Literacy,ICT,Returning Learner,Graduate
Pacol,Computer Systems Servicing NC II,32,Female,College Undergraduate,Self-employed,Computer Literacy,ICT,Experienced Worker,Graduate
Dulao,Electrical Installation and Maintenance NC II,47,Male,College Graduate,Underemployed,Electrical Repair,Construction,New Entrant,Graduate
Ma-ao,Bread and Pastry NC II,23,Female,College Undergraduate,Unemployed,Baking,Hospitality,New Entrant,Dropout
Pacol,Bread and Pastry NC II,39,Male,Senior High,Underemployed,Baking,Construction,Experienced Worker,Dropout
Atipuluan,Cookery NC II,19,Male,Senior High,Self-employed,Cooking,Hospitality,Experienced Worker,Graduate
Taloc,Bread and Pastry NC II,20,Male,Elementary Graduate,Unemployed,Baking,Hospitality,New Entrant,Dropout
Abuanan,Electrical Installation and Maintenance NC II,19,Male,Senior High,Unemployed,Electrical Repair,Construction,Returning Learner,Graduate
Lag-asan,Bread and Pastry NC II,39,Male,Senior High,Unemployed,Baking,Hospitality,Returning Learner,Graduate
Poblacion,Computer Systems Servicing NC II,43,Female,College Undergraduate,Underemployed,Cooking,Hospitality,Career Shifter,Graduate
Sagasa,Cookery NC II,18,Female,Junior High,Underemployed,Cooking,Hospitality,Returning Learner,Dropout
Alianza,Computer Systems Servicing NC II,27,Female,Elementary Graduate,Underemployed,Electrical Repair,Construction,Career Shifter,Graduate
Napoles,Bread and Pastry NC II,22,Female,Senior High,Underemployed,Baking,Hospitality,Returning Learner,Graduate
Lag-asan,Shielded Metal Arc Welding NC I,41,Male,Senior High,Underemployed,Driving,Transportation,Career Shifter,Graduate
Taloc,Cookery NC II,21,Female,Senior High,Underemployed,Cooking,Hospitality,New Entrant,Dropout
Balingasag,Cookery NC II,19,Male,Senior High,Unemployed,Cooking,Hospitality,New Entrant,Dropout
Dulao,Cookery NC II,23,Male,Senior High,Self-employed,Cooking,Hospitality,Experienced Worker,Graduate
Atipuluan,Computer Systems Servicing NC II,48,Female,College Graduate,Self-employed,Computer Literacy,ICT,Experienced Worker,Graduate
Caridad,Carpentry NC II,33,Male,Senior High,Self-employed,Carpentry,Construction,New Entrant,Graduate
Poblacion,Bread and Pastry NC II,33,Female,College Graduate,Wage Employed,Baking,Hospitality,Experienced Worker,Graduate
Pacol,Cookery NC II,25,Male,Senior High,Self-employed,Cooking,Hospitality,Experienced Worker,Graduate
Poblacion,Driving NC II,45,Male,Senior High,Underemployed,Driving,Transportation,New Entrant,Graduate
Ma-ao,Bread and Pastry NC II,40,Male,Elementary Graduate,Underemployed,Electrical Repair,Construction,New Entrant,Graduate
Caridad,Electrical Installation and Maintenance NC II,21,Male,College Undergraduate,Underemployed,Electrical Repair,Construction,Returning Learner,Dropout
Bacong,Electrical Installation and Maintenance NC II,22,Male,Elementary Graduate,Self-employed,Electrical Repair,Construction,Experienced Worker,Graduate
Atipuluan,Driving NC II,26,Male,Junior High,Underemployed,Driving,Transportation,Career Shifter,Graduate
Poblacion,Electrical Installation and Maintenance NC II,26,Male,Elementary Graduate,Underemployed,Electrical Repair,Construction,Returning Learner,Graduate
Calumangan,Masonry NC II,18,Male,Junior High,Unemployed,Masonry,Construction,Career Shifter,Graduate
Poblacion,Masonry NC II,25,Male,Elementary Graduate,Self-employed,Masonry,Construction,Returning Learner,Dropout
Calumangan,Bread and Pastry NC II,45,Male,College Undergraduate,Underemployed,Baking,Hospitality,Returning Learner,Graduate
Calumangan,Driving NC II,22,Male,Senior High,Underemployed,Driving,Transportation,Experienced Worker,Graduate
Tabunan,Masonry NC II,20,Female,Junior High,Unemployed,Masonry,Construction,New Entrant,Dropout
Alianza,Masonry NC II,33,Male,Elementary Graduate,Wage Employed,Masonry,Construction,Experienced Worker,Graduate
Poblacion,Masonry NC II,38,Female,Senior High,Unemployed,Masonry,Construction,New Entrant,Graduate
Taloc,Driving NC II,38,Male,Senior High,Underemployed,Driving,Transportation,New Entrant,Dropout
Poblacion,Masonry NC II,54,Male,College Graduate,Wage Employed,Masonry,Business,Experienced Worker,Dropout
Taloc,Carpentry NC II,42,Male,Junior High,Self-employed,Carpentry,Construction,Experienced Worker,Graduate
Poblacion,Computer Systems Servicing NC II,20,Female,College Undergraduate,Wage Employed,Cooking,Hospitality,Career Shifter,Graduate
Bacong,Cookery NC II,33,Female,Elementary Graduate,Unemployed,Cooking,Hospitality,Returning Learner,Graduate
Ma-ao,Cookery NC II,21,Male,Elementary Graduate,Unemployed,Cooking,Hospitality,New Entrant,Graduate
Poblacion,Shielded Metal Arc Welding NC I,46,Male,College Undergraduate,Underemployed,Welding,Construction,Experienced Worker,Graduate
Calumangan,Shielded Metal Arc Welding NC I,40,Male,Senior High,Unemployed,Welding,Construction,Experienced Worker,Graduate
Busay,Driving NC II,29,Female,Junior High,Underemployed,Driving,Transportation,New Entrant,Graduate
Atipuluan,Electrical Installation and Maintenance NC II,33,Male,Senior High,Self-employed,Electrical Repair,Construction,Returning Learner,Graduate
Poblacion,Cookery NC II,36,Female,College Undergraduate,Self-employed,Cooking,Hospitality,Experienced Worker,Graduate
Bacong,Computer Systems Servicing NC II,42,Male,Senior High,Underemployed,Electrical Repair,Construction,New Entrant,Dropout
Napoles,Computer Systems Servicing NC II,30,Female,Senior High,Underemployed,Computer Literacy,ICT,New Entrant,Graduate
Tabunan,Computer Systems Servicing NC II,28,Female,College Undergraduate,Wage Employed,Computer Literacy,ICT,Returning Learner,Graduate
Alianza,Bread and Pastry NC II,32,Female,College Undergraduate,Underemployed,Baking,Hospitality,New Entrant,Graduate
Ma-ao,Driving NC II,39,Male,College Undergraduate,Self-employed,Driving,Transportation,Returning Learner,Graduate
Balingasag,Shielded Metal Arc Welding NC I,26,Male,Junior High,Underemployed,Baking,Hospitality,New Entrant,Dropout
Bagroy,Shielded Metal Arc Welding NC I,20,Male,Senior High,Self-employed,Welding,Construction,Experienced Worker,Graduate
Napoles,Carpentry NC II,45,Male,Senior High,Self-employed,Carpentry,Construction,Returning Learner,Graduate
Atipuluan,Electrical Installation and Maintenance NC II,33,Male,College Undergraduate,Underemployed,Electrical Repair,Construction,Experienced Worker,Graduate
Lag-asan,Carpentry NC II,40,Male,Senior High,Underemployed,Carpentry,Construction,New Entrant,Graduate
Bacong,Shielded Metal Arc Welding NC I,30,Male,Senior High,Underemployed,Welding,Construction,Returning Learner,Graduate
Malingin,Driving NC II,18,Male,Junior High,Underemployed,Driving,Transportation,Experienced Worker,Graduate
Abuanan,Carpentry NC II,34,Male,Junior High,Underemployed,Carpentry,Construction,Returning Learner,Graduate
Taloc,Carpentry NC II,26,Male,Senior High,Self-employed,Carpentry,Construction,New Entrant,Graduate
Lag-asan,Computer Systems Servicing NC II,24,Male,Senior High,Unemployed,Computer Literacy,ICT,Experienced Worker,Graduate
Sagasa,Carpentry NC II,55,Male,College Graduate,Wage Employed,Carpentry,Construction,Experienced Worker,Graduate
Taloc,Computer Systems Servicing NC II,20,Female,Senior High,Underemployed,Computer Literacy,ICT,Returning Learner,Graduate
Calumangan,Carpentry NC II,40,Male,Junior High,Self-employed,Carpentry,Construction,Experienced Worker,Graduate
Poblacion,Computer Systems Servicing NC II,25,Female,Senior High,Wage Employed,Computer Literacy,ICT,New Entrant,Graduate
Bacong,Bread and Pastry NC II,34,Female,Senior High,Self-employed,Baking,Hospitality,Returning Learner,Graduate
Abuanan,Shielded Metal Arc Welding NC I,32,Male,Senior High,Unemployed,Welding,Construction,New Entrant,Graduate
Abuanan,Electrical Installation and Maintenance NC II,19,Male,Senior High,Self-employed,Electrical Repair,Construction,Experienced Worker,Graduate
Balingasag,Cookery NC II,48,Male,College Undergraduate,Underemployed,Cooking,Hospitality,Returning Learner,Graduate
Caridad,Shielded Metal Arc Welding NC I,26,Male,Senior High,Unemployed,Welding,Construction,New Entrant,Graduate
Mailum,Driving NC II,31,Male,Senior High,Underemployed,Electrical Repair,Construction,New Entrant,Dropout
Malingin,Electrical Installation and Maintenance NC II,35,Male,Elementary Graduate,Unemployed,Electrical Repair,Construction,New Entrant,Graduate
Calumangan,Computer Systems Servicing NC II,45,Female,Senior High,Underemployed,Computer Literacy,ICT,New Entrant,Graduate
Atipuluan,Cookery NC II,36,Female,Senior High,Wage Employed,Cooking,Business,Experienced Worker,Graduate
Atipuluan,Electrical Installation and Maintenance NC II,50,Male,College Graduate,Underemployed,Electrical Repair,Construction,Returning Learner,Dropout
Calumangan,Carpentry NC II,42,Male,Senior High,Wage Employed,Carpentry,Construction,Experienced Worker,Graduate
Calumangan,Computer Systems Servicing NC II,29,Male,Elementary Graduate,Unemployed,Welding,Construction,New Entrant,Dropout
Balingasag,Masonry NC II,29,Male,Senior High,Underemployed,Masonry,Construction,New Entrant,Dropout
Poblacion,Electrical Installation and Maintenance NC II,26,Male,College Undergraduate,Unemployed,Electrical Repair,Construction,New Entrant,Graduate
Atipuluan,Shielded Metal Arc Welding NC I,26,Male,Elementary Graduate,Self-employed,Welding,Construction,Experienced Worker,Dropout
Calumangan,Carpentry NC II,42,Male,Senior High,Self-employed,Carpentry,Construction,Career Shifter,Graduate
Napoles,Shielded Metal Arc Welding NC I,19,Male,Junior High,Self-employed,Welding,Construction,Experienced Worker,Graduate
Busay,Bread and Pastry NC II,40,Female,Elementary Graduate,Unemployed,Baking,Hospitality,New Entrant,Dropout
Malingin,Bread and Pastry NC II,40,Female,Junior High,Underemployed,Baking,Hospitality,New Entrant,Graduate
Bagroy,Masonry NC II,40,Male,Junior High,Unemployed,Electrical Repair,Construction,New Entrant,Dropout
Tabunan,Masonry NC II,30,Male,Senior High,Self-employed,Masonry,Construction,New Entrant,Graduate
Alianza,Carpentry NC II,35,Male,Senior High,Unemployed,Carpentry,Construction,Returning Learner,Dropout
Abuanan,Driving NC II,24,Male,Senior High,Self-employed,Driving,Transportation,Experienced Worker,Graduate
Pacol,Shielded Metal Arc Welding NC I,20,Male,Elementary Graduate,Wage Employed,Welding,Construction,New Entrant,Graduate
Taloc,Electrical Installation and Maintenance NC II,37,Male,Elementary Graduate,Underemployed,Electrical Repair,Construction,Returning Learner,Graduate
Pacol,Carpentry NC II,23,Male,Elementary Graduate,Underemployed,Carpentry,Construction,Returning Learner,Graduate
Atipuluan,Computer Systems Servicing NC II,19,Female,Junior High,Underemployed,Computer Literacy,ICT,New Entrant,Dropout
Abuanan,Computer Systems Servicing NC II,45,Male,College Graduate,Wage Employed,Computer Literacy,ICT,Experienced Worker,Graduate
Abuanan,Masonry NC II,25,Male,Senior High,Self-employed,Masonry,Transportation,Experienced Worker,Graduate
Abuanan,Computer Systems Servicing NC II,47,Female,College Undergraduate,Self-employed,Computer Literacy,ICT,Experienced Worker,Graduate
Atipuluan,Shielded Metal Arc Welding NC I,33,Male,College Undergraduate,Unemployed,Cooking,Hospitality,Career Shifter,Graduate
Taloc,Shielded Metal Arc Welding NC I,30,Female,Senior High,Self-employed,Welding,Construction,Experienced Worker,Graduate
Atipuluan,Carpentry NC II,45,Male,College Graduate,Underemployed,Carpentry,Construction,Experienced Worker,Graduate
Pacol,Bread and Pastry NC II,30,Female,Senior High,Underemployed,Baking,Construction,Experienced Worker,Graduate
Lag-asan,Masonry NC II,34,Male,College Undergraduate,Wage Employed,Masonry,Construction,Experienced Worker,Graduate
Poblacion,Carpentry NC II,20,Female,Junior High,Unemployed,Carpentry,Construction,Career Shifter,Graduate
Lag-asan,Carpentry NC II,34,Male,Junior High,Underemployed,Carpentry,Construction,Career Shifter,Dropout
Taloc,Carpentry NC II,41,Male,Senior High,Self-employed,Carpentry,Construction,Returning Learner,Dropout
Poblacion,Carpentry NC II,43,Male,College Undergraduate,Unemployed,Carpentry,Construction,New Entrant,Graduate
Ma-ao,Electrical Installation and Maintenance NC II,37,Female,Junior High,Unemployed,Electrical Repair,Construction,Career Shifter,Graduate
Ma-ao,Computer Systems Servicing NC II,19,Female,Senior High,Self-employed,Computer Literacy,ICT,Returning Learner,Graduate
Busay,Cookery NC II,21,Female,Junior High,Self-employed,Cooking,Hospitality,Experienced Worker,Graduate
Pacol,Masonry NC II,24,Male,College Graduate,Unemployed,Masonry,Construction,Career Shifter,Dropout
Sagasa,Shielded Metal Arc Welding NC I,20,Male,Senior High,Wage Employed,Welding,Construction,Career Shifter,Graduate
Bacong,Carpentry NC II,28,Male,Elementary Graduate,Unemployed,Carpentry,Business,Returning Learner,Dropout
Dulao,Cookery NC II,25,Male,College Undergraduate,Unemployed,Cooking,Hospitality,Returning Learner,Graduate
Calumangan,Bread and Pastry NC II,43,Male,College Graduate,Wage Employed,Baking,Hospitality,Returning Learner,Graduate
Abuanan,Cookery NC II,25,Male,College Graduate,Self-employed,Cooking,Hospitality,Experienced Worker,Graduate
Poblacion,Shielded Metal Arc Welding NC I,44,Male,Senior High,Wage Employed,Welding,Construction,Returning Learner,Graduate
Atipuluan,Carpentry NC II,32,Male,College Undergraduate,Unemployed,Carpentry,Construction,New Entrant,Graduate
Balingasag,Driving NC II,27,Male,Junior High,Underemployed,Driving,Transportation,New Entrant,Graduate
Mailum,Shielded Metal Arc Welding NC I,36,Male,Senior High,Underemployed,Welding,Construction,Career Shifter,Dropout
Balingasag,Electrical Installation and Maintenance NC II,42,Male,Senior High,Underemployed,Electrical Repair,Construction,Returning Learner,Graduate
Lag-asan,Driving NC II,35,Male,Junior High,Wage Employed,Driving,Transportation,Returning Learner,Dropout
Calumangan,Computer Systems Servicing NC II,22,Female,College Undergraduate,Underemployed,Computer Literacy,ICT,Returning Learner,Graduate
Caridad,Cookery NC II,39,Male,Elementary Graduate,Underemployed,Cooking,Hospitality,New Entrant,Graduate
Alianza,Bread and Pastry NC II,36,Female,Senior High,Self-employed,Baking,Hospitality,Experienced Worker,Graduate
Calumangan,Shielded Metal Arc Welding NC I,34,Female,Junior High,Unemployed,Welding,Construction,New Entrant,Graduate
Mailum,Masonry NC II,31,Male,College Graduate,Self-employed,Masonry,Construction,Experienced Worker,Dropout
Alianza,Masonry NC II,39,Male,College Undergraduate,Underemployed,Masonry,Construction,Returning Learner,Graduate
Caridad,Electrical Installation and Maintenance NC II,22,Male,Senior High,Self-employed,Driving,Agriculture,Experienced Worker,Dropout
Taloc,Shielded Metal Arc Welding NC I,34,Male,Elementary Graduate,Unemployed,Welding,Construction,Returning Learner,Dropout
Atipuluan,Cookery NC II,28,Female,Senior High,Underemployed,Cooking,Hospitality,New Entrant,Graduate
Caridad,Cookery NC II,28,Male,College Graduate,Wage Employed,Welding,ICT,New Entrant,Graduate
Caridad,Shielded Metal Arc Welding NC I,40,Male,College Undergraduate,Wage Employed,Welding,Construction,Experienced Worker,Graduate
Caridad,Carpentry NC II,22,Male,Senior High,Underemployed,Carpentry,Construction,Experienced Worker,Graduate
Pacol,Masonry NC II,21,Male,Junior High,Underemployed,Masonry,Hospitality,Returning Learner,Graduate
Ma-ao,Masonry NC II,40,Female,Senior High,Underemployed,Cooking,Hospitality,Career Shifter,Graduate
Malingin,Driving NC II,40,Male,Junior High,Self-employed,Driving,Hospitality,Experienced Worker,Dropout
Bagroy,Computer Systems Servicing NC II,21,Female,Senior High,Self-employed,Cooking,Hospitality,New Entrant,Dropout
Mailum,Shielded Metal Arc Welding NC I,41,Male,Senior High,Underemployed,Welding,Construction,Career Shifter,Graduate
Dulao,Cookery NC II,34,Female,Elementary Graduate,Unemployed,Cooking,Hospitality,New Entrant,Graduate
Alianza,Computer Systems Servicing NC II,38,Male,Senior High,Unemployed,Computer Literacy,ICT,New Entrant,Dropout
Poblacion,Electrical Installation and Maintenance NC II,31,Male,Senior High,Self-employed,Electrical Repair,Construction,Experienced Worker,Graduate
Calumangan,Electrical Installation and Maintenance NC II,19,Male,Senior High,Wage Employed,Baking,Hospitality,Career Shifter,Graduate
Ilijan,Computer Systems Servicing NC II,27,Female,College Graduate,Underemployed,Computer Literacy,ICT,New Entrant,Graduate
Lag-asan,Computer Systems Servicing NC II,42,Male,College Graduate,Wage Employed,Computer Literacy,ICT,Experienced Worker,Graduate
Abuanan,Computer Systems Servicing NC II,36,Male,Senior High,Self-employed,Computer Literacy,ICT,Returning Learner,Graduate
Abuanan,Cookery NC II,38,Male,Senior High,Self-employed,Cooking,Hospitality,Returning Learner,Graduate
Lag-asan,Computer Systems Servicing NC II,27,Female,Elementary Graduate,Unemployed,Computer Literacy,ICT,Experienced Worker,Dropout
Abuanan,Cookery NC II,19,Male,College Undergraduate,Self-employed,Computer Literacy,ICT,Career Shifter,Graduate
Lag-asan,Computer Systems Servicing NC II,39,Male,Junior High,Underemployed,Computer Literacy,Construction,Experienced Worker,Graduate
Alianza,Masonry NC II,30,Male,College Graduate,Wage Employed,Masonry,Construction,Returning Learner,Graduate
Taloc,Driving NC II,33,Male,College Graduate,Unemployed,Driving,Transportation,Returning Learner,Graduate
Malingin,Cookery NC II,37,Male,Elementary Graduate,Underemployed,Cooking,Agriculture,New Entrant,Dropout
Caridad,Bread and Pastry NC II,21,Male,Elementary Graduate,Unemployed,Baking,Hospitality,New Entrant,Graduate
Alianza,Electrical Installation and Maintenance NC II,44,Male,Senior High,Underemployed,Electrical Repair,Construction,Returning Learner,Dropout
Poblacion,Computer Systems Servicing NC II,25,Male,Junior High,Underemployed,Computer Literacy,ICT,New Entrant,Graduate
Ma-ao,Bread and Pastry NC II,39,Female,Junior High,Self-employed,Baking,Hospitality,Returning Learner,Dropout
Taloc,Carpentry NC II,43,Female,College Graduate,Underemployed,Carpentry,Construction,Experienced Worker,Graduate
Calumangan,Driving NC II,28,Male,Elementary Graduate,Underemployed,Driving,Transportation,Experienced Worker,Graduate
Poblacion,Carpentry NC II,28,Male,Senior High,Wage Employed,Carpentry,Construction,Experienced Worker,Dropout
Caridad,Shielded Metal Arc Welding NC I,35,Male,Elementary Graduate,Underemployed,Welding,Construction,Career Shifter,Dropout
Poblacion,Shielded Metal Arc Welding NC I,26,Male,Senior High,Self-employed,Welding,Agriculture,Experienced Worker,Graduate
Atipuluan,Masonry NC II,35,Male,College Graduate,Self-employed,Masonry,Construction,Experienced Worker,Graduate
Lag-asan,Electrical Installation and Maintenance NC II,20,Male,Senior High,Unemployed,Electrical Repair,Construction,Returning Learner,Dropout
Caridad,Shielded Metal Arc Welding NC I,34,Male,Senior High,Unemployed,Welding,Construction,New Entrant,Graduate
Busay,Shielded Metal Arc Welding NC I,43,Female,Senior High,Unemployed,Welding,Construction,New Entrant,Dropout
Balingasag,Computer Systems Servicing NC II,39,Female,College Undergraduate,Wage Employed,Computer Literacy,ICT,Experienced Worker,Graduate
Calumangan,Electrical Installation and Maintenance NC II,32,Male,Elementary Graduate,Underemployed,Electrical Repair,Construction,Career Shifter,Dropout
Taloc,Cookery NC II,21,Male,Senior High,Wage Employed,Driving,Construction,Career Shifter,Graduate
Atipuluan,Shielded Metal Arc Welding NC I,26,Male,Junior High,Underemployed,Welding,Construction,New Entrant,Dropout
Busay,Bread and Pastry NC II,29,Female,Junior High,Underemployed,Baking,Hospitality,New Entrant,Dropout
Lag-asan,Bread and Pastry NC II,41,Female,Junior High,Unemployed,Baking,Hospitality,New Entrant,Graduate
Poblacion,Cookery NC II,30,Female,Junior High,Underemployed,Cooking,Hospitality,Returning Learner,Dropout
Tabunan,Cookery NC II,25,Female,Senior High,Unemployed,Cooking,Hospitality,New Entrant,Graduate
Atipuluan,Shielded Metal Arc Welding NC I,44,Female,College Undergraduate,Wage Employed,Baking,Hospitality,Career Shifter,Graduate
Pacol,Cookery NC II,42,Male,Junior High,Underemployed,Cooking,Hospitality,Experienced Worker,Graduate
Lag-asan,Computer Systems Servicing NC II,41,Male,Senior High,Underemployed,Computer Literacy,ICT,Experienced Worker,Graduate
Alianza,Cookery NC II,44,Female,College Undergraduate,Underemployed,Cooking,Hospitality,New Entrant,Graduate
Ma-ao,Cookery NC II,36,Male,Senior High,Unemployed,Cooking,Hospitality,Career Shifter,Graduate
Balingasag,Carpentry NC II,23,Male,Elementary Graduate,Unemployed,Carpentry,Construction,New Entrant,Graduate
Lag-asan,Cookery NC II,35,Female,Junior High,Unemployed,Cooking,Hospitality,Returning Learner,Dropout
Tabunan,Driving NC II,35,Male,Junior High,Unemployed,Driving,Transportation,New Entrant,Dropout
Taloc,Driving NC II,34,Male,Junior High,Wage Employed,Driving,Transportation,Experienced Worker,Graduate
Poblacion,Bread and Pastry NC II,35,Female,College Graduate,Wage Employed,Baking,Hospitality,Experienced Worker,Dropout
Abuanan,Carpentry NC II,31,Male,College Undergraduate,Unemployed,Carpentry,Construction,Returning Learner,Graduate
Napoles,Masonry NC II,40,Male,Senior High,Underemployed,Masonry,Construction,New Entrant,Dropout
Balingasag,Shielded Metal Arc Welding NC I,33,Male,Senior High,Unemployed,Welding,Construction,New Entrant,Dropout
Alianza,Cookery NC II,40,Female,College Undergraduate,Underemployed,Cooking,Hospitality,New Entrant,Dropout
Bagroy,Shielded Metal Arc Welding NC I,41,Male,Senior High,Underemployed,Welding,Construction,Experienced Worker,Graduate
Calumangan,Cookery NC II,18,Female,Elementary Graduate,Unemployed,Cooking,Hospitality,New Entrant,Dropout
Abuanan,Driving NC II,42,Male,Senior High,Self-employed,Driving,Transportation,Career Shifter,Graduate
Lag-asan,Electrical Installation and Maintenance NC II,30,Male,Senior High,Unemployed,Electrical Repair,Construction,New Entrant,Graduate
Bagroy,Shielded Metal Arc Welding NC I,28,Male,Senior High,Unemployed,Welding,Hospitality,New Entrant,Dropout
Caridad,Bread and Pastry NC II,22,Female,Senior High,Underemployed,Baking,Transportation,Experienced Worker,Graduate
Balingasag,Electrical Installation and Maintenance NC II,31,Male,College Undergraduate,Unemployed,Masonry,Construction,Career Shifter,Dropout
Abuanan,Shielded Metal Arc Welding NC I,35,Female,College Undergraduate,Unemployed,Welding,Construction,Experienced Worker,Graduate
Poblacion,Masonry NC II,41,Male,Senior High,Unemployed,Masonry,Construction,New Entrant,Graduate
Taloc,Shielded Metal Arc Welding NC I,34,Male,Senior High,Unemployed,Welding,Construction,Returning Learner,Graduate
Sagasa,Carpentry NC II,43,Male,Senior High,Underemployed,Carpentry,Construction,Career Shifter,Graduate
Atipuluan,Carpentry NC II,36,Male,College Undergraduate,Wage Employed,Carpentry,Construction,New Entrant,Graduate
Abuanan,Electrical Installation and Maintenance NC II,37,Female,College Undergraduate,Underemployed,Baking,Hospitality,Career Shifter,Graduate
Taloc,Shielded Metal Arc Welding NC I,33,Male,Junior High,Unemployed,Welding,Construction,Career Shifter,Graduate
Atipuluan,Shielded Metal Arc Welding NC I,24,Male,Junior High,Wage Employed,Welding,Construction,Experienced Worker,Graduate
Atipuluan,Shielded Metal Arc Welding NC I,31,Female,Senior High,Wage Employed,Driving,Transportation,New Entrant,Graduate
Ma-ao,Cookery NC II,41,Male,Junior High,Unemployed,Electrical Repair,Construction,Career Shifter,Graduate
Lag-asan,Electrical Installation and Maintenance NC II,25,Male,Senior High,Unemployed,Electrical Repair,Construction,Experienced Worker,Graduate
Calumangan,Bread and Pastry NC II,42,Female,College Graduate,Wage Employed,Baking,Hospitality,Experienced Worker,Graduate
Napoles,Electrical Installation and Maintenance NC II,20,Male,Junior High,Unemployed,Electrical Repair,Construction,New Entrant,Dropout
Mailum,Electrical Installation and Maintenance NC II,44,Male,Senior High,Wage Employed,Electrical Repair,Construction,Experienced Worker,Graduate
Atipuluan,Carpentry NC II,28,Female,Elementary Graduate,Self-employed,Carpentry,Business,Returning Learner,Graduate
Pacol,Driving NC II,22,Male,Senior High,Underemployed,Driving,Transportation,Returning Learner,Graduate
Napoles,Masonry NC II,19,Male,Senior High,Unemployed,Masonry,Construction,Career Shifter,Graduate
Caridad,Electrical Installation and Maintenance NC II,41,Female,Senior High,Unemployed,Electrical Repair,Construction,Returning Learner,Graduate
Bacong,Driving NC II,31,Male,Junior High,Wage Employed,Driving,Transportation,Experienced Worker,Graduate
Abuanan,Carpentry NC II,39,Male,Junior High,Self-employed,Carpentry,Construction,Experienced Worker,Graduate
Poblacion,Computer Systems Servicing NC II,46,Female,College Undergraduate,Wage Employed,Computer Literacy,ICT,Experienced Worker,Graduate
Calumangan,Carpentry NC II,45,Male,Senior High,Underemployed,Carpentry,Construction,New Entrant,Dropout
Abuanan,Shielded Metal Arc Welding NC I,23,Female,College Graduate,Wage Employed,Welding,Construction,Experienced Worker,Graduate
Calumangan,Cookery NC II,35,Female,Senior High,Underemployed,Cooking,Hospitality,Returning Learner,Graduate
Abuanan,Cookery NC II,35,Female,College Graduate,Wage Employed,Cooking,Hospitality,Experienced Worker,Graduate
Alianza,Computer Systems Servicing NC II,38,Male,Elementary Graduate,Underemployed,Computer Literacy,ICT,Career Shifter,Graduate
Binubuhan,Bread and Pastry NC II,26,Male,Senior High,Unemployed,Baking,Hospitality,New Entrant,Dropout
Bacong,Driving NC II,36,Female,Junior High,Underemployed,Driving,Transportation,Returning Learner,Graduate
Taloc,Masonry NC II,43,Male,College Undergraduate,Self-employed,Masonry,Construction,Experienced Worker,Graduate
Binubuhan,Driving NC II,36,Male,Senior High,Underemployed,Computer Literacy,ICT,Career Shifter,Graduate
Sagasa,Masonry NC II,28,Male,Junior High,Underemployed,Masonry,Construction,New Entrant,Dropout
Taloc,Electrical Installation and Maintenance NC II,22,Male,College Undergraduate,Self-employed,Electrical Repair,Construction,Experienced Worker,Graduate
Atipuluan,Shielded Metal Arc Welding NC I,33,Male,Elementary Graduate,Unemployed,Welding,Construction,New Entrant,Graduate
Poblacion,Masonry NC II,21,Male,Senior High,Underemployed,Masonry,Construction,Returning Learner,Graduate
Lag-asan,Cookery NC II,31,Female,Junior High,Wage Employed,Cooking,Hospitality,Experienced Worker,Graduate
Abuanan,Carpentry NC II,35,Female,Junior High,Self-employed,Carpentry,Hospitality,Returning Learner,Graduate
Caridad,Masonry NC II,21,Male,Senior High,Wage Employed,Masonry,Construction,Experienced Worker,Graduate
Atipuluan,Cookery NC II,21,Female,Senior High,Unemployed,Cooking,Hospitality,New Entrant,Graduate
Bagroy,Driving NC II,30,Male,Elementary Graduate,Unemployed,Driving,Transportation,New Entrant,Dropout
Ma-ao,Shielded Metal Arc Welding NC I,19,Male,Junior High,Underemployed,Welding,Construction,New Entrant,Dropout
Pacol,Bread and Pastry NC II,24,Female,Junior High,Underemployed,Baking,Hospitality,New Entrant,Graduate
Mailum,Carpentry NC II,35,Male,Junior High,Wage Employed,Carpentry,Construction,Returning Learner,Dropout
Abuanan,Masonry NC II,30,Male,Senior High,Unemployed,Masonry,Construction,Returning Learner,Graduate
Balingasag,Shielded Metal Arc Welding NC I,30,Male,Elementary Graduate,Unemployed,Welding,Construction,New Entrant,Graduate
Ma-ao,Driving NC II,28,Male,Elementary Graduate,Unemployed,Driving,Transportation,New Entrant,Graduate
Balingasag,Cookery NC II,22,Male,Senior High,Self-employed,Cooking,Hospitality,Experienced Worker,Graduate
Ma-ao,Masonry NC II,38,Male,Junior High,Unemployed,Masonry,Construction,New Entrant,Graduate
Ma-ao,Masonry NC II,48,Male,College Undergraduate,Self-employed,Masonry,Transportation,Experienced Worker,Graduate
Mailum,Cookery NC II,35,Male,Senior High,Wage Employed,Cooking,Hospitality,Experienced Worker,Graduate
Lag-asan,Driving NC II,33,Female,College Undergraduate,Wage Employed,Driving,Transportation,Returning Learner,Graduate
Atipuluan,Carpentry NC II,33,Male,College Undergraduate,Self-employed,Carpentry,Construction,Returning Learner,Graduate
Ma-ao,Cookery NC II,42,Male,Junior High,Underemployed,Carpentry,Construction,Returning Learner,Dropout
Lag-asan,Carpentry NC II,21,Male,Senior High,Self-employed,Carpentry,Construction,Experienced Worker,Graduate
Pacol,Carpentry NC II,44,Male,Senior High,Unemployed,Carpentry,Construction,Experienced Worker,Graduate
Poblacion,Bread and Pastry NC II,39,Male,Senior High,Unemployed,Baking,Business,Returning Learner,Graduate
Poblacion,Computer Systems Servicing NC II,23,Female,College Graduate,Wage Employed,Computer Literacy,ICT,Returning Learner,Graduate
Balingasag,Shielded Metal Arc Welding NC I,30,Male,Junior High,Unemployed,Welding,Construction,New Entrant,Dropout
Malingin,Electrical Installation and Maintenance NC II,29,Male,College Undergraduate,Unemployed,Electrical Repair,Construction,Career Shifter,Graduate
Lag-asan,Computer Systems Servicing NC II,43,Female,Senior High,Underemployed,Baking,Hospitality,New Entrant,Dropout
Alianza,Shielded Metal Arc Welding NC I,40,Female,College Graduate,Self-employed,Welding,ICT,Experienced Worker,Graduate
Calumangan,Driving NC II,48,Male,College Undergraduate,Wage Employed,Driving,Transportation,Returning Learner,Dropout
Caridad,Driving NC II,22,Male,College Undergraduate,Unemployed,Driving,Transportation,Returning Learner,Graduate
Taloc,Cookery NC II,34,Male,Senior High,Underemployed,Cooking,Hospitality,Returning Learner,Graduate
Dulao,Shielded Metal Arc Welding NC I,19,Male,Junior High,Wage Employed,Welding,Construction,New Entrant,Dropout
Napoles,Driving NC II,22,Male,Elementary Graduate,Underemployed,Driving,Transportation,Returning Learner,Graduate
Bacong,Computer Systems Servicing NC II,21,Male,College Undergraduate,Self-employed,Computer Literacy,ICT,Experienced Worker,Dropout
Calumangan,Bread and Pastry NC II,27,Male,Junior High,Unemployed,Baking,Hospitality,Returning Learner,Graduate
Caridad,Driving NC II,20,Male,Junior High,Unemployed,Driving,Transportation,New Entrant,Graduate
Alianza,Shielded Metal Arc Welding NC I,30,Male,Junior High,Underemployed,Welding,Construction,Returning Learner,Graduate
Sagasa,Electrical Installation and Maintenance NC II,25,Male,Elementary Graduate,Underemployed,Electrical Repair,Agriculture,New Entrant,Dropout
Ilijan,Computer Systems Servicing NC II,23,Female,Senior High,Underemployed,Computer Literacy,ICT,Returning Learner,Graduate
Bacong,Shielded Metal Arc Welding NC I,41,Male,Junior High,Underemployed,Welding,Construction,New Entrant,Dropout
Abuanan,Shielded Metal Arc Welding NC I,28,Male,College Undergraduate,Underemployed,Welding,Construction,New Entrant,Dropout
Calumangan,Bread and Pastry NC II,36,Male,College Undergraduate,Unemployed,Baking,Hospitality,Returning Learner,Dropout
Alianza,Bread and Pastry NC II,22,Female,Senior High,Self-employed,Baking,Hospitality,Experienced Worker,Graduate
Bacong,Driving NC II,21,Male,Senior High,Self-employed,Driving,Construction,Experienced Worker,Graduate
Dulao,Cookery NC II,37,Female,Elementary Graduate,Unemployed,Cooking,Hospitality,Career Shifter,Graduate
Balingasag,Driving NC II,42,Male,Senior High,Underemployed,Driving,Transportation,Experienced Worker,Graduate
Pacol,Computer Systems Servicing NC II,31,Male,Senior High,Unemployed,Baking,Hospitality,New Entrant,Graduate
Busay,Carpentry NC II,40,Male,Senior High,Unemployed,Carpentry,Construction,New Entrant,Dropout
Balingasag,Carpentry NC II,41,Male,Junior High,Unemployed,Carpentry,Construction,Returning Learner,Graduate
Pacol,Computer Systems Servicing NC II,50,Female,College Graduate,Unemployed,Computer Literacy,ICT,Experienced Worker,Graduate
Malingin,Driving NC II,54,Male,College Graduate,Unemployed,Driving,Transportation,Returning Learner,Graduate
Calumangan,Carpentry NC II,18,Male,Elementary Graduate,Underemployed,Carpentry,Construction,Returning Learner,Dropout
Sagasa,Cookery NC II,28,Female,Junior High,Wage Employed,Cooking,Hospitality,Experienced Worker,Graduate
Lag-asan,Bread and Pastry NC II,23,Female,Junior High,Unemployed,Baking,Hospitality,New Entrant,Graduate
Bacong,Cookery NC II,18,Male,Senior High,Unemployed,Cooking,ICT,Returning Learner,Graduate
Caridad,Electrical Installation and Maintenance NC II,22,Male,Elementary Graduate,Unemployed,Electrical Repair,Construction,New Entrant,Dropout
Bacong,Bread and Pastry NC II,42,Male,Senior High,Underemployed,Baking,Hospitality,New Entrant,Graduate
Napoles,Shielded Metal Arc Welding NC I,22,Female,Junior High,Wage Employed,Welding,Construction,Experienced Worker,Graduate
Pacol,Driving NC II,20,Male,Junior High,Underemployed,Driving,Transportation,New Entrant,Dropout
Sagasa,Computer Systems Servicing NC II,29,Male,College Undergraduate,Unemployed,Computer Literacy,ICT,Career Shifter,Dropout
Atipuluan,Masonry NC II,37,Female,Elementary Graduate,Underemployed,Masonry,Construction,New Entrant,Graduate
Atipuluan,Computer Systems Servicing NC II,52,Female,College Graduate,Wage Employed,Computer Literacy,ICT,Experienced Worker,Dropout
Napoles,Cookery NC II,25,Male,Senior High,Unemployed,Cooking,Hospitality,New Entrant,Graduate
Bacong,Bread and Pastry NC II,19,Female,Junior High,Unemployed,Baking,Transportation,New Entrant,Dropout
Pacol,Masonry NC II,38,Female,Junior High,Underemployed,Masonry,Construction,New Entrant,Dropout
Balingasag,Carpentry NC II,44,Male,College Graduate,Unemployed,Carpentry,Construction,New Entrant,Graduate
Caridad,Bread and Pastry NC II,24,Female,College Undergraduate,Unemployed,Baking,Hospitality,Career Shifter,Graduate
Lag-asan,Cookery NC II,29,Female,Senior High,Underemployed,Cooking,Hospitality,New Entrant,Graduate
Bacong,Masonry NC II,32,Male,Elementary Graduate,Wage Employed,Masonry,Construction,Returning Learner,Graduate
Busay,Driving NC II,25,Male,College Undergraduate,Self-employed,Driving,Business,New Entrant,Graduate
Dulao,Electrical Installation and Maintenance NC II,29,Male,Junior High,Wage Employed,Electrical Repair,Construction,Experienced Worker,Dropout
Calumangan,Shielded Metal Arc Welding NC I,32,Male,College Undergraduate,Unemployed,Welding,Construction,Returning Learner,Dropout
Taloc,Shielded Metal Arc Welding NC I,34,Male,Junior High,Unemployed,Welding,Construction,New Entrant,Graduate
Poblacion,Shielded Metal Arc Welding NC I,45,Male,Senior High,Self-employed,Welding,Construction,Career Shifter,Dropout
Taloc,Cookery NC II,47,Female,College Undergraduate,Wage Employed,Cooking,Hospitality,Experienced Worker,Graduate
Taloc,Bread and Pastry NC II,40,Female,Junior High,Unemployed,Baking,Hospitality,Returning Learner,Graduate
Tabunan,Masonry NC II,39,Male,Junior High,Underemployed,Masonry,Construction,Returning Learner,Graduate
Pacol,Bread and Pastry NC II,24,Female,Junior High,Unemployed,Baking,Hospitality,New Entrant,Graduate
Bacong,Carpentry NC II,34,Male,Elementary Graduate,Unemployed,Carpentry,Construction,Returning Learner,Graduate
Pacol,Carpentry NC II,25,Male,College Undergraduate,Wage Employed,Carpentry,Construction,Experienced Worker,Graduate
Ma-ao,Driving NC II,40,Male,Senior High,Self-employed,Driving,ICT,Experienced Worker,Graduate
Dulao,Driving NC II,21,Male,Senior High,Unemployed,Driving,Transportation,New Entrant,Graduate
Abuanan,Electrical Installation and Maintenance NC II,38,Male,Senior High,Self-employed,Electrical Repair,Construction,Experienced Worker,Graduate
Malingin,Carpentry NC II,25,Female,Elementary Graduate,Self-employed,Carpentry,Construction,Returning Learner,Graduate
Calumangan,Computer Systems Servicing NC II,28,Female,Junior High,Unemployed,Computer Literacy,ICT,Returning Learner,Graduate
Ma-ao,Cookery NC II,31,Female,Senior High,Underemployed,Cooking,Hospitality,Experienced Worker,Graduate
Bacong,Computer Systems Servicing NC II,35,Female,Senior High,Self-employed,Computer Literacy,ICT,Career Shifter,Graduate
Abuanan,Carpentry NC II,22,Female,Junior High,Unemployed,Carpentry,Construction,Career Shifter,Graduate
Calumangan,Electrical Installation and Maintenance NC II,24,Male,Junior High,Unemployed,Electrical Repair,Construction,Career Shifter,Graduate
Malingin,Bread and Pastry NC II,37,Female,Senior High,Underemployed,Baking,Hospitality,Career Shifter,Dropout
Tabunan,Computer Systems Servicing NC II,27,Male,Senior High,Wage Employed,Masonry,Construction,New Entrant,Dropout
Balingasag,Shielded Metal Arc Welding NC I,27,Male,Junior High,Unemployed,Welding,Construction,New Entrant,Dropout
Poblacion,Carpentry NC II,44,Male,Senior High,Underemployed,Carpentry,Construction,New Entrant,Graduate
Poblacion,Computer Systems Servicing NC II,32,Female,College Undergraduate,Self-employed,Computer Literacy,ICT,Experienced Worker,Graduate
Ma-ao,Shielded Metal Arc Welding NC I,35,Male,Elementary Graduate,Underemployed,Welding,Construction,New Entrant,Graduate
Bagroy,Driving NC II,33,Female,Senior High,Wage Employed,Driving,Transportation,Experienced Worker,Graduate
Sagasa,Cookery NC II,26,Female,Junior High,Underemployed,Cooking,Hospitality,Returning Learner,Graduate
Calumangan,Driving NC II,27,Male,College Undergraduate,Unemployed,Driving,Transportation,New Entrant,Graduate
Mailum,Driving NC II,26,Male,Elementary Graduate,Underemployed,Driving,Construction,New Entrant,Dropout
Atipuluan,Driving NC II,20,Male,Senior High,Underemployed,Driving,Transportation,New Entrant,Dropout
Poblacion,Shielded Metal Arc Welding NC I,37,Male,Senior High,Wage Employed,Welding,Construction,Returning Learner,Graduate
Sagasa,Bread and Pastry NC II,55,Female,College Graduate,Self-employed,Baking,Hospitality,Returning Learner,Graduate
Caridad,Masonry NC II,20,Male,Junior High,Unemployed,Masonry,Construction,New Entrant,Dropout
Malingin,Driving NC II,40,Male,Senior High,Unemployed,Driving,Transportation,Returning Learner,Graduate
Abuanan,Masonry NC II,40,Female,Senior High,Self-employed,Cooking,Hospitality,Career Shifter,Dropout
Poblacion,Computer Systems Servicing NC II,42,Female,College Graduate,Unemployed,Computer Literacy,ICT,New Entrant,Graduate
Atipuluan,Masonry NC II,26,Male,Junior High,Underemployed,Masonry,Transportation,Experienced Worker,Graduate
Sagasa,Bread and Pastry NC II,45,Male,College Undergraduate,Unemployed,Baking,Hospitality,Experienced Worker,Graduate
Abuanan,Shielded Metal Arc Welding NC I,27,Male,Junior High,Unemployed,Welding,Construction,New Entrant,Graduate
Ma-ao,Carpentry NC II,36,Male,Junior High,Unemployed,Carpentry,Construction,Experienced Worker,Graduate
Abuanan,Driving NC II,32,Female,College Undergraduate,Unemployed,Driving,Transportation,Career Shifter,Graduate
Lag-asan,Cookery NC II,24,Male,College Undergraduate,Underemployed,Cooking,Hospitality,New Entrant,Graduate
Atipuluan,Cookery NC II,45,Male,College Undergraduate,Underemployed,Cooking,Hospitality,New Entrant,Graduate
Malingin,Carpentry NC II,19,Female,Junior High,Unemployed,Carpentry,Construction,Career Shifter,Graduate
Taloc,Computer Systems Servicing NC II,30,Male,College Graduate,Wage Employed,Computer Literacy,ICT,Experienced Worker,Graduate
Bagroy,Cookery NC II,29,Female,Elementary Graduate,Underemployed,Computer Literacy,Agriculture,Returning Learner,Graduate
Malingin,Driving NC II,38,Male,Senior High,Self-employed,Driving,Transportation,Experienced Worker,Graduate
Lag-asan,Driving NC II,23,Male,Senior High,Underemployed,Driving,Transportation,Returning Learner,Graduate
Abuanan,Carpentry NC II,20,Male,Senior High,Wage Employed,Carpentry,Construction,Returning Learner,Dropout
Pacol,Bread and Pastry NC II,18,Female,Junior High,Unemployed,Baking,Construction,New Entrant,Graduate
Lag-asan,Shielded Metal Arc Welding NC I,24,Male,College Undergraduate,Self-employed,Welding,Construction,New Entrant,Graduate
Balingasag,Electrical Installation and Maintenance NC II,31,Male,Junior High,Self-employed,Electrical Repair,Construction,Experienced Worker,Graduate
Bacong,Electrical Installation and Maintenance NC II,27,Male,Junior High,Self-employed,Electrical Repair,Construction,Career Shifter,Graduate
Mailum,Computer Systems Servicing NC II,31,Female,Senior High,Underemployed,Computer Literacy,ICT,New Entrant,Dropout
Alianza,Masonry NC II,22,Male,Elementary Graduate,Self-employed,Masonry,Construction,Returning Learner,Graduate
Balingasag,Electrical Installation and Maintenance NC II,35,Male,Junior High,Underemployed,Electrical Repair,Construction,New Entrant,Graduate
Bacong,Driving NC II,46,Male,College Undergraduate,Self-employed,Driving,Transportation,Experienced Worker,Graduate
Sagasa,Cookery NC II,36,Male,Junior High,Unemployed,Cooking,Hospitality,New Entrant,Graduate
Malingin,Shielded Metal Arc Welding NC I,20,Male,Elementary Graduate,Unemployed,Welding,Construction,Returning Learner,Graduate
Bagroy,Carpentry NC II,34,Male,Junior High,Underemployed,Carpentry,Transportation,New Entrant,Dropout
Pacol,Driving NC II,42,Male,College Graduate,Self-employed,Driving,Transportation,Returning Learner,Graduate
Bacong,Masonry NC II,27,Female,Senior High,Unemployed,Masonry,Construction,Returning Learner,Graduate
Poblacion,Electrical Installation and Maintenance NC II,30,Male,Senior High,Unemployed,Electrical Repair,Construction,Returning Learner,Graduate
Alianza,Computer Systems Servicing NC II,49,Female,College Graduate,Underemployed,Computer Literacy,ICT,Career Shifter,Dropout
Atipuluan,Cookery NC II,39,Male,Junior High,Underemployed,Electrical Repair,Construction,Returning Learner,Graduate
Abuanan,Electrical Installation and Maintenance NC II,27,Male,Elementary Graduate,Self-employed,Electrical Repair,Construction,Experienced Worker,Graduate
Napoles,Masonry NC II,18,Male,Junior High,Unemployed,Masonry,Construction,Returning Learner,Dropout
Ma-ao,Electrical Installation and Maintenance NC II,45,Male,Senior High,Self-employed,Electrical Repair,Construction,Experienced Worker,Graduate
Ma-ao,Cookery NC II,20,Female,Senior High,Self-employed,Cooking,Hospitality,New Entrant,Graduate
Ilijan,Masonry NC II,20,Male,Elementary Graduate,Underemployed,Masonry,Construction,New Entrant,Dropout
Dulao,Cookery NC II,42,Male,Senior High,Self-employed,Cooking,Hospitality,New Entrant,Graduate
Poblacion,Carpentry NC II,34,Female,College Undergraduate,Unemployed,Cooking,Hospitality,Career Shifter,Graduate
Taloc,Electrical Installation and Maintenance NC II,38,Male,Elementary Graduate,Underemployed,Carpentry,Construction,Career Shifter,Dropout
Abuanan,Computer Systems Servicing NC II,18,Female,Senior High,Underemployed,Computer Literacy,ICT,Returning Learner,Dropout
Ma-ao,Electrical Installation and Maintenance NC II,39,Male,Senior High,Unemployed,Carpentry,Transportation,Career Shifter,Dropout
Poblacion,Shielded Metal Arc Welding NC I,34,Female,College Undergraduate,Self-employed,Cooking,Hospitality,Career Shifter,Graduate
Abuanan,Bread and Pastry NC II,37,Female,Junior High,Self-employed,Baking,Hospitality,Experienced Worker,Graduate
Abuanan,Bread and Pastry NC II,41,Male,Junior High,Self-employed,Driving,Transportation,Career Shifter,Graduate
Calumangan,Masonry NC II,27,Male,Senior High,Wage Employed,Masonry,Construction,Experienced Worker,Graduate
Sagasa,Driving NC II,21,Male,Senior High,Underemployed,Driving,Transportation,New Entrant,Graduate
Ilijan,Masonry NC II,21,Male,Senior High,Unemployed,Masonry,Construction,Experienced Worker,Graduate
Malingin,Electrical Installation and Maintenance NC II,28,Male,Elementary Graduate,Unemployed,Electrical Repair,Construction,New Entrant,Graduate
Pacol,Computer Systems Servicing NC II,34,Male,Elementary Graduate,Unemployed,Driving,Transportation,New Entrant,Dropout
Bacong,Computer Systems Servicing NC II,30,Male,College Graduate,Self-employed,Driving,Transportation,Career Shifter,Graduate
Atipuluan,Shielded Metal Arc Welding NC I,39,Female,Junior High,Wage Employed,Welding,Construction,Experienced Worker,Graduate
Taloc,Shielded Metal Arc Welding NC I,34,Male,Senior High,Underemployed,Welding,Construction,Returning Learner,Graduate
Ma-ao,Computer Systems Servicing NC II,22,Female,College Graduate,Self-employed,Computer Literacy,ICT,New Entrant,Graduate
Poblacion,Electrical Installation and Maintenance NC II,30,Male,Senior High,Unemployed,Electrical Repair,Construction,Experienced Worker,Graduate
Taloc,Computer Systems Servicing NC II,38,Male,Elementary Graduate,Self-employed,Masonry,Construction,New Entrant,Graduate
Mailum,Cookery NC II,42,Male,College Graduate,Wage Employed,Cooking,Hospitality,Career Shifter,Dropout
Alianza,Electrical Installation and Maintenance NC II,21,Male,Junior High,Underemployed,Electrical Repair,Construction,Career Shifter,Dropout
Abuanan,Bread and Pastry NC II,23,Female,Junior High,Underemployed,Baking,Hospitality,Career Shifter,Graduate
Abuanan,Electrical Installation and Maintenance NC II,26,Male,Junior High,Wage Employed,Electrical Repair,Construction,Experienced Worker,Graduate
Dulao,Computer Systems Servicing NC II,28,Female,Elementary Graduate,Underemployed,Computer Literacy,ICT,Returning Learner,Graduate
Pacol,Shielded Metal Arc Welding NC I,28,Male,Senior High,Unemployed,Welding,Construction,Career Shifter,Dropout
Balingasag,Driving NC II,37,Male,College Graduate,Wage Employed,Driving,Transportation,Career Shifter,Graduate
Atipuluan,Carpentry NC II,37,Female,Senior High,Self-employed,Carpentry,Construction,Returning Learner,Graduate
Malingin,Shielded Metal Arc Welding NC I,43,Female,Senior High,Underemployed,Welding,Construction,Experienced Worker,Graduate
Poblacion,Bread and Pastry NC II,20,Male,Junior High,Self-employed,Baking,Hospitality,Returning Learner,Graduate
Poblacion,Driving NC II,34,Male,Senior High,Self-employed,Driving,Transportation,Experienced Worker,Graduate
Poblacion,Bread and Pastry NC II,41,Male,Senior High,Unemployed,Baking,Hospitality,New Entrant,Graduate
Poblacion,Bread and Pastry NC II,32,Male,Senior High,Unemployed,Baking,Hospitality,Returning Learner,Graduate
Abuanan,Electrical Installation and Maintenance NC II,18,Male,Junior High,Unemployed,Electrical Repair,Transportation,Career Shifter,Graduate
Poblacion,Bread and Pastry NC II,30,Female,Senior High,Unemployed,Baking,Hospitality,New Entrant,Graduate
Bacong,Masonry NC II,23,Female,Junior High,Unemployed,Masonry,Construction,Career Shifter,Graduate
Atipuluan,Carpentry NC II,37,Male,Junior High,Unemployed,Welding,Hospitality,Returning Learner,Dropout
Mailum,Computer Systems Servicing NC II,28,Male,College Undergraduate,Wage Employed,Computer Literacy,ICT,Returning Learner,Graduate
Taloc,Driving NC II,34,Male,Senior High,Wage Employed,Driving,Transportation,New Entrant,Graduate
Tabunan,Cookery NC II,37,Male,Senior High,Unemployed,Cooking,Hospitality,Career Shifter,Dropout
Balingasag,Computer Systems Servicing NC II,28,Male,Senior High,Underemployed,Computer Literacy,ICT,Experienced Worker,Graduate
Calumangan,Electrical Installation and Maintenance NC II,35,Female,Junior High,Wage Employed,Electrical Repair,Construction,Experienced Worker,Graduate
Ma-ao,Computer Systems Servicing NC II,18,Male,Elementary Graduate,Unemployed,Computer Literacy,Business,New Entrant,Dropout
Bacong,Cookery NC II,26,Female,Junior High,Unemployed,Cooking,Hospitality,Returning Learner,Dropout
Poblacion,Computer Systems Servicing NC II,49,Male,College Graduate,Wage Employed,Computer Literacy,ICT,New Entrant,Graduate
Napoles,Electrical Installation and Maintenance NC II,38,Female,Senior High,Self-employed,Electrical Repair,Construction,Returning Learner,Graduate
Sagasa,Masonry NC II,24,Male,Junior High,Underemployed,Masonry,Construction,Career Shifter,Dropout
Atipuluan,Bread and Pastry NC II,19,Female,Junior High,Self-employed,Baking,Hospitality,Career Shifter,Dropout
Abuanan,Carpentry NC II,31,Male,Senior High,Unemployed,Carpentry,Construction,New Entrant,Graduate
Atipuluan,Computer Systems Servicing NC II,47,Female,College Undergraduate,Wage Employed,Computer Literacy,ICT,Experienced Worker,Graduate
Atipuluan,Driving NC II,39,Male,Elementary Graduate,Underemployed,Driving,Transportation,Experienced Worker,Graduate
Malingin,Computer Systems Servicing NC II,42,Female,College Undergraduate,Underemployed,Computer Literacy,ICT,New Entrant,Graduate
Lag-asan,Shielded Metal Arc Welding NC I,38,Male,Senior High,Underemployed,Welding,Construction,New Entrant,Graduate
Alianza,Shielded Metal Arc Welding NC I,33,Male,Senior High,Self-employed,Welding,Construction,Experienced Worker,Graduate
Taloc,Bread and Pastry NC II,19,Male,Elementary Graduate,Wage Employed,Baking,Hospitality,Experienced Worker,Graduate
Caridad,Shielded Metal Arc Welding NC I,55,Male,College Graduate,Underemployed,Welding,Construction,Experienced Worker,Graduate
Taloc,Electrical Installation and Maintenance NC II,38,Male,Senior High,Unemployed,Electrical Repair,Hospitality,New Entrant,Dropout
Abuanan,Shielded Metal Arc Welding NC I,18,Male,Junior High,Underemployed,Welding,Construction,Career Shifter,Graduate
Abuanan,Shielded Metal Arc Welding NC I,40,Male,College Undergraduate,Self-employed,Welding,Construction,New Entrant,Graduate
Atipuluan,Driving NC II,32,Male,Senior High,Self-employed,Driving,Transportation,Returning Learner,Graduate
Caridad,Driving NC II,27,Male,Senior High,Unemployed,Driving,Transportation,Experienced Worker,Graduate
Ilijan,Shielded Metal Arc Welding NC I,31,Male,Junior High,Unemployed,Welding,Construction,Career Shifter,Dropout
Tabunan,Carpentry NC II,45,Male,Senior High,Unemployed,Masonry,Construction,Returning Learner,Dropout
Atipuluan,Computer Systems Servicing NC II,25,Female,College Graduate,Wage Employed,Computer Literacy,ICT,Career Shifter,Graduate
Busay,Computer Systems Servicing NC II,46,Female,College Graduate,Wage Employed,Computer Literacy,ICT,Experienced Worker,Dropout
Caridad,Carpentry NC II,41,Male,Junior High,Unemployed,Carpentry,Construction,New Entrant,Dropout
Calumangan,Electrical Installation and Maintenance NC II,39,Male,Senior High,Underemployed,Electrical Repair,Construction,New Entrant,Graduate
Dulao,Masonry NC II,18,Female,Elementary Graduate,Unemployed,Masonry,Construction,Returning Learner,Dropout
Poblacion,Carpentry NC II,40,Male,Junior High,Underemployed,Masonry,Construction,New Entrant,Graduate
Abuanan,Cookery NC II,37,Female,Junior High,Self-employed,Cooking,Hospitality,New Entrant,Graduate
Taloc,Cookery NC II,31,Male,Junior High,Unemployed,Cooking,Hospitality,New Entrant,Graduate
Dulao,Shielded Metal Arc Welding NC I,27,Male,Senior High,Unemployed,Welding,Construction,New Entrant,Graduate
Dulao,Bread and Pastry NC II,49,Female,College Graduate,Self-employed,Baking,Hospitality,Returning Learner,Graduate
Calumangan,Electrical Installation and Maintenance NC II,28,Female,Junior High,Unemployed,Cooking,Hospitality,Experienced Worker,Dropout
Alianza,Carpentry NC II,33,Male,Junior High,Unemployed,Carpentry,Construction,New Entrant,Graduate
Dulao,Bread and Pastry NC II,30,Female,Junior High,Unemployed,Baking,Hospitality,New Entrant,Graduate
Abuanan,Computer Systems Servicing NC II,42,Male,College Undergraduate,Self-employed,Computer Literacy,ICT,Experienced Worker,Graduate
Balingasag,Bread and Pastry NC II,45,Male,Senior High,Unemployed,Baking,Agriculture,Returning Learner,Graduate
Lag-asan,Shielded Metal Arc Welding NC I,21,Male,Elementary Graduate,Underemployed,Welding,Construction,Career Shifter,Dropout
Atipuluan,Driving NC II,28,Male,Senior High,Unemployed,Driving,Transportation,Career Shifter,Dropout
Lag-asan,Cookery NC II,42,Male,Senior High,Underemployed,Cooking,Hospitality,New Entrant,Graduate
Alianza,Computer Systems Servicing NC II,53,Female,College Graduate,Underemployed,Computer Literacy,ICT,New Entrant,Dropout
Poblacion,Computer Systems Servicing NC II,37,Female,College Graduate,Self-employed,Computer Literacy,ICT,New Entrant,Graduate
Taloc,Electrical Installation and Maintenance NC II,37,Female,Elementary Graduate,Wage Employed,Electrical Repair,Construction,Experienced Worker,Graduate
Taloc,Bread and Pastry NC II,46,Female,College Undergraduate,Wage Employed,Baking,Agriculture,Returning Learner,Graduate
Taloc,Electrical Installation and Maintenance NC II,42,Female,College Undergraduate,Self-employed,Electrical Repair,Construction,Returning Learner,Graduate
Napoles,Driving NC II,19,Female,Junior High,Wage Employed,Driving,Transportation,Experienced Worker,Dropout
Lag-asan,Masonry NC II,39,Male,Junior High,Underemployed,Masonry,Construction,Career Shifter,Graduate
Pacol,Bread and Pastry NC II,30,Female,Junior High,Underemployed,Baking,Hospitality,New Entrant,Graduate
Bagroy,Masonry NC II,38,Male,Junior High,Underemployed,Masonry,Construction,Returning Learner,Graduate
Lag-asan,Electrical Installation and Maintenance NC II,32,Male,Junior High,Self-employed,Electrical Repair,Construction,Experienced Worker,Graduate
Tabunan,Cookery NC II,45,Male,Senior High,Underemployed,Cooking,Hospitality,Career Shifter,Dropout
Busay,Bread and Pastry NC II,36,Male,College Undergraduate,Self-employed,Baking,Hospitality,Career Shifter,Dropout
Pacol,Bread and Pastry NC II,34,Male,Junior High,Unemployed,Baking,Hospitality,Returning Learner,Graduate
Bacong,Masonry NC II,43,Male,College Graduate,Unemployed,Masonry,Construction,New Entrant,Graduate
Lag-asan,Masonry NC II,31,Female,Senior High,Unemployed,Baking,Hospitality,Career Shifter,Dropout
Atipuluan,Bread and Pastry NC II,40,Male,Junior High,Unemployed,Baking,Hospitality,Career Shifter,Graduate
Caridad,Driving NC II,32,Male,College Graduate,Self-employed,Driving,Transportation,Returning Learner,Graduate
Malingin,Bread and Pastry NC II,42,Female,Junior High,Unemployed,Baking,Hospitality,New Entrant,Graduate
Abuanan,Shielded Metal Arc Welding NC I,20,Female,Elementary Graduate,Unemployed,Welding,Construction,Returning Learner,Dropout
Abuanan,Shielded Metal Arc Welding NC I,27,Male,Elementary Graduate,Underemployed,Welding,Construction,Career Shifter,Graduate
Napoles,Electrical Installation and Maintenance NC II,19,Male,Senior High,Wage Employed,Electrical Repair,Construction,Returning Learner,Graduate
Poblacion,Cookery NC II,32,Female,Senior High,Wage Employed,Cooking,Hospitality,Experienced Worker,Graduate
Tabunan,Electrical Installation and Maintenance NC II,22,Male,Senior High,Self-employed,Electrical Repair,Construction,Experienced Worker,Graduate
Abuanan,Masonry NC II,42,Male,Junior High,Self-employed,Masonry,Construction,New Entrant,Graduate
Binubuhan,Electrical Installation and Maintenance NC II,37,Male,Senior High,Wage Employed,Electrical Repair,Construction,Experienced Worker,Graduate
Abuanan,Driving NC II,47,Male,College Undergraduate,Unemployed,Driving,Transportation,New Entrant,Graduate
Binubuhan,Shielded Metal Arc Welding NC I,45,Male,Senior High,Underemployed,Welding,Construction,New Entrant,Dropout
Poblacion,Driving NC II,30,Male,Senior High,Self-employed,Driving,Transportation,Experienced Worker,Graduate
Poblacion,Carpentry NC II,31,Male,Elementary Graduate,Underemployed,Carpentry,Construction,Career Shifter,Dropout
Taloc,Computer Systems Servicing NC II,21,Male,Senior High,Wage Employed,Computer Literacy,ICT,Experienced Worker,Graduate
Ilijan,Electrical Installation and Maintenance NC II,41,Male,Senior High,Unemployed,Electrical Repair,Construction,Returning Learner,Dropout
Calumangan,Cookery NC II,23,Male,Junior High,Underemployed,Cooking,Hospitality,New Entrant,Graduate
Dulao,Electrical Installation and Maintenance NC II,34,Male,Senior High,Unemployed,Electrical Repair,Hospitality,New Entrant,Dropout
Ilijan,Carpentry NC II,39,Male,Junior High,Underemployed,Carpentry,Construction,Returning Learner,Dropout
Pacol,Electrical Installation and Maintenance NC II,24,Male,Elementary Graduate,Underemployed,Electrical Repair,Construction,New Entrant,Dropout
Abuanan,Carpentry NC II,24,Male,Junior High,Underemployed,Carpentry,Construction,New Entrant,Dropout
Ma-ao,Masonry NC II,30,Female,Junior High,Underemployed,Masonry,Construction,New Entrant,Dropout
Atipuluan,Driving NC II,23,Male,Senior High,Underemployed,Driving,Transportation,Returning Learner,Graduate
Poblacion,Bread and Pastry NC II,43,Female,College Undergraduate,Underemployed,Baking,Hospitality,New Entrant,Graduate
Taloc,Shielded Metal Arc Welding NC I,39,Female,Senior High,Unemployed,Welding,Construction,Returning Learner,Graduate
Alianza,Carpentry NC II,34,Male,Junior High,Self-employed,Carpentry,Construction,Career Shifter,Graduate
Abuanan,Computer Systems Servicing NC II,29,Female,College Graduate,Self-employed,Computer Literacy,ICT,Returning Learner,Graduate
Bacong,Carpentry NC II,39,Male,College Undergraduate,Wage Employed,Carpentry,Construction,Returning Learner,Graduate
Atipuluan,Bread and Pastry NC II,35,Male,Junior High,Underemployed,Baking,Hospitality,New Entrant,Graduate
Dulao,Computer Systems Servicing NC II,28,Female,College Graduate,Underemployed,Computer Literacy,ICT,New Entrant,Graduate
Atipuluan,Cookery NC II,26,Female,College Undergraduate,Wage Employed,Cooking,Hospitality,Career Shifter,Graduate
Bacong,Bread and Pastry NC II,37,Female,Senior High,Unemployed,Baking,Hospitality,Returning Learner,Dropout
Binubuhan,Bread and Pastry NC II,30,Female,Junior High,Unemployed,Baking,Hospitality,Experienced Worker,Graduate
Alianza,Carpentry NC II,41,Female,Junior High,Underemployed,Carpentry,Construction,Career Shifter,Graduate
Taloc,Carpentry NC II,20,Female,Junior High,Underemployed,Carpentry,Construction,New Entrant,Dropout
Taloc,Driving NC II,19,Male,Elementary Graduate,Unemployed,Driving,Transportation,Returning Learner,Graduate
Alianza,Bread and Pastry NC II,22,Female,Senior High,Underemployed,Baking,Hospitality,Returning Learner,Graduate
Atipuluan,Computer Systems Servicing NC II,48,Female,College Graduate,Self-employed,Computer Literacy,ICT,Experienced Worker,Graduate
Lag-asan,Carpentry NC II,45,Male,Senior High,Unemployed,Carpentry,Construction,Returning Learner,Graduate
Abuanan,Carpentry NC II,39,Male,Senior High,Underemployed,Carpentry,Construction,Experienced Worker,Graduate
Caridad,Computer Systems Servicing NC II,37,Female,College Undergraduate,Wage Employed,Computer Literacy,ICT,Experienced Worker,Graduate
Caridad,Bread and Pastry NC II,41,Female,College Undergraduate,Unemployed,Baking,Hospitality,New Entrant,Dropout
Bacong,Computer Systems Servicing NC II,30,Female,College Undergraduate,Wage Employed,Computer Literacy,ICT,Experienced Worker,Graduate
Ma-ao,Bread and Pastry NC II,19,Female,Junior High,Unemployed,Baking,Hospitality,Returning Learner,Dropout
Alianza,Carpentry NC II,30,Male,Junior High,Self-employed,Carpentry,Construction,Experienced Worker,Dropout
Binubuhan,Computer Systems Servicing NC II,41,Female,Senior High,Self-employed,Baking,Hospitality,Returning Learner,Dropout
Ma-ao,Driving NC II,26,Female,College Undergraduate,Wage Employed,Driving,Transportation,Returning Learner,Dropout
Abuanan,Computer Systems Servicing NC II,49,Male,College Graduate,Wage Employed,Computer Literacy,ICT,Experienced Worker,Dropout
Poblacion,Cookery NC II,39,Male,Senior High,Wage Employed,Computer Literacy,ICT,Experienced Worker,Graduate
Tabunan,Computer Systems Servicing NC II,22,Female,Junior High,Unemployed,Computer Literacy,ICT,New Entrant,Dropout
Taloc,Bread and Pastry NC II,27,Female,Elementary Graduate,Wage Employed,Baking,Business,Experienced Worker,Graduate
Malingin,Masonry NC II,24,Female,Junior High,Underemployed,Masonry,Construction,New Entrant,Graduate
Taloc,Computer Systems Servicing NC II,43,Female,College Undergraduate,Wage Employed,Computer Literacy,ICT,Returning Learner,Graduate
Poblacion,Carpentry NC II,43,Male,Senior High,Self-employed,Carpentry,Construction,New Entrant,Graduate
Caridad,Electrical Installation and Maintenance NC II,36,Male,College Graduate,Underemployed,Masonry,Construction,Career Shifter,Graduate
Abuanan,Carpentry NC II,36,Male,Junior High,Underemployed,Carpentry,Construction,New Entrant,Dropout
Atipuluan,Electrical Installation and Maintenance NC II,29,Male,Senior High,Underemployed,Electrical Repair,Construction,New Entrant,Graduate
Binubuhan,Shielded Metal Arc Welding NC I,41,Male,Junior High,Unemployed,Welding,Construction,Career Shifter,Dropout
Taloc,Computer Systems Servicing NC II,46,Male,College Undergraduate,Self-employed,Computer Literacy,ICT,Experienced Worker,Graduate
Taloc,Driving NC II,45,Female,Senior High,Unemployed,Driving,Transportation,Experienced Worker,Graduate
Dulao,Computer Systems Servicing NC II,25,Female,College Graduate,Wage Employed,Computer Literacy,ICT,Experienced Worker,Graduate
Alianza,Computer Systems Servicing NC II,30,Male,College Graduate,Underemployed,Computer Literacy,ICT,Career Shifter,Graduate
Taloc,Computer Systems Servicing NC II,18,Female,Senior High,Wage Employed,Computer Literacy,ICT,Returning Learner,Dropout
Bagroy,Shielded Metal Arc Welding NC I,24,Male,Junior High,Self-employed,Welding,Construction,Experienced Worker,Dropout
Atipuluan,Cookery NC II,36,Male,Senior High,Underemployed,Cooking,Hospitality,New Entrant,Graduate
Tabunan,Cookery NC II,18,Male,Junior High,Wage Employed,Cooking,Hospitality,Experienced Worker,Graduate
Busay,Masonry NC II,20,Male,Senior High,Underemployed,Computer Literacy,ICT,Career Shifter,Dropout
Poblacion,Carpentry NC II,38,Female,Senior High,Unemployed,Carpentry,Construction,New Entrant,Graduate
Bagroy,Bread and Pastry NC II,29,Male,Senior High,Wage Employed,Baking,Hospitality,Experienced Worker,Graduate
Malingin,Cookery NC II,34,Female,Senior High,Wage Employed,Cooking,Hospitality,Returning Learner,Graduate
Taloc,Carpentry NC II,41,Male,Junior High,Underemployed,Carpentry,Construction,New Entrant,Graduate
Poblacion,Shielded Metal Arc Welding NC I,42,Male,Senior High,Wage Employed,Welding,Construction,Experienced Worker,Graduate
Taloc,Driving NC II,40,Male,Senior High,Self-employed,Driving,Transportation,Career Shifter,Graduate
Abuanan,Shielded Metal Arc Welding NC I,39,Male,College Graduate,Underemployed,Welding,Construction,Experienced Worker,Graduate
Lag-asan,Masonry NC II,38,Female,Senior High,Self-employed,Masonry,Construction,New Entrant,Dropout
Lag-asan,Carpentry NC II,20,Male,Senior High,Underemployed,Carpentry,Construction,Experienced Worker,Graduate
Balingasag,Electrical Installation and Maintenance NC II,28,Male,Junior High,Unemployed,Electrical Repair,Construction,New Entrant,Dropout
Caridad,Bread and Pastry NC II,29,Male,Junior High,Underemployed,Baking,Hospitality,New Entrant,Graduate
Lag-asan,Driving NC II,32,Male,College Undergraduate,Self-employed,Driving,Transportation,Experienced Worker,Dropout
Dulao,Computer Systems Servicing NC II,32,Male,College Graduate,Wage Employed,Computer Literacy,ICT,Experienced Worker,Graduate
Dulao,Cookery NC II,38,Female,Senior High,Unemployed,Cooking,Hospitality,Returning Learner,Graduate
Taloc,Electrical Installation and Maintenance NC II,33,Male,Senior High,Unemployed,Electrical Repair,Construction,New Entrant,Dropout
Napoles,Bread and Pastry NC II,42,Female,College Undergraduate,Unemployed,Baking,Hospitality,Experienced Worker,Graduate
Caridad,Electrical Installation and Maintenance NC II,39,Female,Junior High,Underemployed,Electrical Repair,Construction,Experienced Worker,Dropout
Lag-asan,Bread and Pastry NC II,33,Female,Senior High,Self-employed,Baking,Hospitality,Experienced Worker,Graduate
Lag-asan,Electrical Installation and Maintenance NC II,41,Male,Junior High,Underemployed,Electrical Repair,Construction,New Entrant,Graduate
Napoles,Bread and Pastry NC II,22,Male,Senior High,Underemployed,Electrical Repair,Construction,Career Shifter,Graduate
Lag-asan,Computer Systems Servicing NC II,32,Male,College Undergraduate,Self-employed,Computer Literacy,ICT,Experienced Worker,Graduate
Poblacion,Carpentry NC II,39,Male,Senior High,Wage Employed,Carpentry,Construction,Returning Learner,Graduate
Lag-asan,Bread and Pastry NC II,21,Male,Senior High,Underemployed,Baking,Hospitality,New Entrant,Graduate
Taloc,Shielded Metal Arc Welding NC I,52,Male,College Graduate,Wage Employed,Welding,Construction,Experienced Worker,Graduate
Dulao,Cookery NC II,20,Female,Senior High,Unemployed,Cooking,Hospitality,New Entrant,Graduate
Taloc,Shielded Metal Arc Welding NC I,29,Male,Junior High,Unemployed,Welding,Construction,Returning Learner,Dropout
Balingasag,Masonry NC II,45,Male,Senior High,Unemployed,Masonry,Construction,Returning Learner,Graduate
Poblacion,Masonry NC II,30,Male,Junior High,Self-employed,Electrical Repair,Construction,Career Shifter,Graduate
Calumangan,Bread and Pastry NC II,33,Male,College Undergraduate,Wage Employed,Baking,Hospitality,Returning Learner,Graduate
Taloc,Cookery NC II,44,Male,College Graduate,Wage Employed,Computer Literacy,ICT,New Entrant,Graduate
Dulao,Electrical Installation and Maintenance NC II,44,Male,Senior High,Unemployed,Electrical Repair,Construction,Experienced Worker,Graduate
Mailum,Bread and Pastry NC II,29,Female,College Undergraduate,Wage Employed,Baking,Hospitality,New Entrant,Graduate
Alianza,Driving NC II,22,Male,Junior High,Unemployed,Driving,Agriculture,Career Shifter,Dropout
Balingasag,Shielded Metal Arc Welding NC I,34,Male,College Graduate,Self-employed,Masonry,Construction,Returning Learner,Graduate
Alianza,Computer Systems Servicing NC II,31,Male,College Undergraduate,Self-employed,Computer Literacy,ICT,Returning Learner,Graduate
Bacong,Carpentry NC II,38,Male,Elementary Graduate,Unemployed,Carpentry,Construction,New Entrant,Dropout
Lag-asan,Electrical Installation and Maintenance NC II,31,Male,Elementary Graduate,Unemployed,Electrical Repair,Construction,New Entrant,Dropout
Malingin,Shielded Metal Arc Welding NC I,31,Male,Senior High,Underemployed,Welding,Construction,Experienced Worker,Graduate
Atipuluan,Bread and Pastry NC II,24,Female,Junior High,Wage Employed,Baking,Hospitality,Returning Learner,Graduate
Lag-asan,Driving NC II,26,Female,Senior High,Self-employed,Driving,Transportation,Experienced Worker,Graduate
Bacong,Carpentry NC II,43,Male,Senior High,Wage Employed,Carpentry,Construction,New Entrant,Graduate
Mailum,Bread and Pastry NC II,19,Female,Junior High,Self-employed,Baking,Hospitality,Returning Learner,Graduate
Abuanan,Cookery NC II,30,Male,College Undergraduate,Underemployed,Cooking,Hospitality,Returning Learner,Graduate
Lag-asan,Cookery NC II,40,Male,College Undergraduate,Underemployed,Cooking,Hospitality,New Entrant,Graduate
Lag-asan,Masonry NC II,24,Male,Junior High,Underemployed,Masonry,Construction,New Entrant,Graduate
Tabunan,Bread and Pastry NC II,42,Female,Senior High,Underemployed,Baking,Hospitality,Career Shifter,Graduate
Calumangan,Shielded Metal Arc Welding NC I,49,Female,College Graduate,Wage Employed,Welding,Construction,Returning Learner,Graduate
Ma-ao,Shielded Metal Arc Welding NC I,33,Male,Junior High,Wage Employed,Welding,Construction,Experienced Worker,Graduate
Dulao,Carpentry NC II,40,Male,Senior High,Wage Employed,Welding,Construction,New Entrant,Dropout
Abuanan,Cookery NC II,35,Female,Senior High,Underemployed,Cooking,Hospitality,New Entrant,Graduate
Abuanan,Bread and Pastry NC II,22,Female,Junior High,Wage Employed,Baking,Hospitality,Experienced Worker,Graduate
Calumangan,Shielded Metal Arc Welding NC I,50,Female,College Graduate,Self-employed,Computer Literacy,ICT,New Entrant,Dropout
Malingin,Driving NC II,24,Male,College Undergraduate,Self-employed,Driving,Transportation,Experienced Worker,Graduate
Atipuluan,Shielded Metal Arc Welding NC I,19,Male,Senior High,Self-employed,Welding,Construction,Returning Learner,Dropout
Napoles,Shielded Metal Arc Welding NC I,24,Male,Junior High,Unemployed,Baking,Hospitality,Career Shifter,Graduate
Balingasag,Carpentry NC II,23,Male,Junior High,Underemployed,Carpentry,Construction,New Entrant,Graduate
Atipuluan,Carpentry NC II,35,Male,College Undergraduate,Underemployed,Carpentry,Transportation,New Entrant,Graduate
Poblacion,Shielded Metal Arc Welding NC I,35,Male,College Graduate,Self-employed,Welding,Construction,Career Shifter,Dropout
Mailum,Cookery NC II,39,Female,Junior High,Self-employed,Cooking,Hospitality,Experienced Worker,Graduate
Ilijan,Cookery NC II,21,Female,Senior High,Unemployed,Cooking,Construction,Career Shifter,Dropout
Taloc,Bread and Pastry NC II,33,Female,Senior High,Underemployed,Baking,Hospitality,Returning Learner,Graduate
Bacong,Carpentry NC II,45,Male,College Undergraduate,Underemployed,Carpentry,Construction,Experienced Worker,Graduate
Abuanan,Driving NC II,41,Male,College Undergraduate,Self-employed,Baking,Hospitality,Returning Learner,Graduate
Bacong,Carpentry NC II,28,Male,Elementary Graduate,Unemployed,Carpentry,Construction,New Entrant,Dropout
Binubuhan,Shielded Metal Arc Welding NC I,19,Male,Junior High,Underemployed,Welding,Construction,Returning Learner,Dropout
Malingin,Masonry NC II,41,Male,College Graduate,Underemployed,Masonry,Construction,Career Shifter,Graduate
Lag-asan,Computer Systems Servicing NC II,48,Female,College Undergraduate,Wage Employed,Computer Literacy,ICT,Experienced Worker,Graduate
Ilijan,Cookery NC II,19,Male,Junior High,Underemployed,Cooking,Hospitality,Career Shifter,Dropout
Pacol,Bread and Pastry NC II,18,Male,Senior High,Underemployed,Masonry,Construction,Career Shifter,Graduate
Alianza,Shielded Metal Arc Welding NC I,37,Male,Senior High,Underemployed,Welding,Construction,Career Shifter,Dropout
Atipuluan,Driving NC II,26,Male,Junior High,Unemployed,Driving,Transportation,Returning Learner,Graduate
Atipuluan,Computer Systems Servicing NC II,27,Male,College Undergraduate,Underemployed,Computer Literacy,ICT,Returning Learner,Graduate
Lag-asan,Shielded Metal Arc Welding NC I,47,Male,College Graduate,Underemployed,Welding,Construction,New Entrant,Graduate
Calumangan,Electrical Installation and Maintenance NC II,35,Male,Senior High,Unemployed,Electrical Repair,Construction,New Entrant,Graduate
Malingin,Electrical Installation and Maintenance NC II,36,Male,College Undergraduate,Wage Employed,Electrical Repair,Construction,New Entrant,Graduate
Poblacion,Electrical Installation and Maintenance NC II,29,Female,Junior High,Underemployed,Electrical Repair,Construction,New Entrant,Dropout
Balingasag,Cookery NC II,22,Male,Senior High,Unemployed,Cooking,Hospitality,New Entrant,Graduate
Dulao,Carpentry NC II,29,Male,Senior High,Self-employed,Carpentry,Business,Experienced Worker,Graduate
Calumangan,Bread and Pastry NC II,24,Female,Senior High,Underemployed,Carpentry,Construction,Career Shifter,Dropout
Napoles,Electrical Installation and Maintenance NC II,48,Female,College Undergraduate,Self-employed,Electrical Repair,Construction,Experienced Worker,Graduate
Abuanan,Carpentry NC II,27,Male,Junior High,Self-employed,Carpentry,Construction,Experienced Worker,Graduate
Abuanan,Computer Systems Servicing NC II,24,Female,Senior High,Underemployed,Computer Literacy,ICT,Experienced Worker,Graduate
Poblacion,Electrical Installation and Maintenance NC II,34,Male,College Undergraduate,Underemployed,Electrical Repair,Construction,Returning Learner,Graduate
Busay,Masonry NC II,22,Female,Senior High,Self-employed,Baking,Hospitality,Returning Learner,Dropout
Ma-ao,Masonry NC II,37,Male,Elementary Graduate,Unemployed,Masonry,Construction,Returning Learner,Dropout
Taloc,Driving NC II,33,Male,College Graduate,Wage Employed,Driving,Transportation,Returning Learner,Graduate
Caridad,Computer Systems Servicing NC II,44,Male,College Undergraduate,Unemployed,Computer Literacy,ICT,New Entrant,Graduate
Lag-asan,Driving NC II,47,Male,College Graduate,Wage Employed,Driving,Agriculture,Experienced Worker,Graduate
Atipuluan,Bread and Pastry NC II,47,Male,College Graduate,Wage Employed,Computer Literacy,ICT,Returning Learner,Graduate
Lag-asan,Carpentry NC II,42,Female,College Graduate,Wage Employed,Carpentry,Agriculture,Experienced Worker,Graduate
Dulao,Driving NC II,33,Male,Junior High,Unemployed,Driving,Transportation,Experienced Worker,Graduate
Dulao,Bread and Pastry NC II,37,Male,Senior High,Underemployed,Welding,Construction,New Entrant,Dropout
Dulao,Electrical Installation and Maintenance NC II,33,Female,Elementary Graduate,Underemployed,Baking,Business,New Entrant,Graduate
Bagroy,Shielded Metal Arc Welding NC I,21,Female,Senior High,Unemployed,Computer Literacy,ICT,New Entrant,Dropout
Dulao,Masonry NC II,34,Female,Junior High,Self-employed,Masonry,Construction,New Entrant,Dropout
Calumangan,Computer Systems Servicing NC II,48,Female,College Undergraduate,Self-employed,Computer Literacy,ICT,Experienced Worker,Graduate
Balingasag,Bread and Pastry NC II,34,Male,Senior High,Wage Employed,Baking,Hospitality,New Entrant,Graduate
Ma-ao,Cookery NC II,26,Female,College Undergraduate,Unemployed,Cooking,Hospitality,Experienced Worker,Graduate
Ma-ao,Shielded Metal Arc Welding NC I,18,Male,Senior High,Unemployed,Welding,Construction,Returning Learner,Dropout
Tabunan,Shielded Metal Arc Welding NC I,21,Male,Elementary Graduate,Underemployed,Welding,Construction,New Entrant,Dropout
Mailum,Cookery NC II,42,Female,College Undergraduate,Self-employed,Cooking,Hospitality,Experienced Worker,Graduate
Bacong,Bread and Pastry NC II,53,Female,College Graduate,Unemployed,Computer Literacy,ICT,Returning Learner,Graduate
Ma-ao,Carpentry NC II,35,Male,Junior High,Wage Employed,Carpentry,Construction,Experienced Worker,Graduate
Napoles,Computer Systems Servicing NC II,44,Female,Senior High,Self-employed,Computer Literacy,ICT,Experienced Worker,Graduate
Caridad,Electrical Installation and Maintenance NC II,22,Male,Senior High,Wage Employed,Electrical Repair,Construction,Experienced Worker,Graduate
Alianza,Driving NC II,36,Male,Junior High,Underemployed,Driving,Transportation,New Entrant,Graduate
Bagroy,Cookery NC II,38,Male,Junior High,Unemployed,Masonry,Construction,Career Shifter,Graduate
Abuanan,Bread and Pastry NC II,25,Female,Elementary Graduate,Underemployed,Welding,Construction,Career Shifter,Graduate
Poblacion,Carpentry NC II,27,Male,Senior High,Wage Employed,Carpentry,Construction,New Entrant,Graduate
Ma-ao,Masonry NC II,35,Male,College Undergraduate,Self-employed,Masonry,Construction,Career Shifter,Graduate
Binubuhan,Electrical Installation and Maintenance NC II,31,Male,Junior High,Wage Employed,Electrical Repair,Construction,Experienced Worker,Graduate
Pacol,Electrical Installation and Maintenance NC II,26,Male,College Undergraduate,Wage Employed,Electrical Repair,Construction,Experienced Worker,Graduate
Poblacion,Driving NC II,33,Male,Senior High,Underemployed,Driving,Transportation,New Entrant,Graduate
Pacol,Masonry NC II,35,Male,Junior High,Self-employed,Masonry,Construction,Experienced Worker,Graduate
Atipuluan,Bread and Pastry NC II,32,Male,College Undergraduate,Self-employed,Carpentry,Construction,New Entrant,Graduate
Abuanan,Bread and Pastry NC II,20,Male,College Undergraduate,Self-employed,Baking,Hospitality,New Entrant,Graduate
Sagasa,Masonry NC II,21,Male,Elementary Graduate,Underemployed,Masonry,Construction,Returning Learner,Dropout
Ma-ao,Cookery NC II,28,Male,Elementary Graduate,Unemployed,Cooking,Construction,Returning Learner,Graduate
Abuanan,Masonry NC II,40,Male,Junior High,Self-employed,Masonry,Construction,Experienced Worker,Graduate
Taloc,Electrical Installation and Maintenance NC II,23,Male,Senior High,Unemployed,Electrical Repair,Construction,Career Shifter,Dropout
Lag-asan,Carpentry NC II,34,Female,College Graduate,Self-employed,Carpentry,Construction,Experienced Worker,Graduate
Alianza,Bread and Pastry NC II,22,Female,College Graduate,Self-employed,Carpentry,Business,New Entrant,Graduate
Dulao,Driving NC II,24,Male,College Undergraduate,Unemployed,Driving,Transportation,Career Shifter,Graduate
Pacol,Masonry NC II,36,Male,Junior High,Underemployed,Welding,Construction,New Entrant,Dropout
Atipuluan,Masonry NC II,48,Male,College Graduate,Self-employed,Masonry,Hospitality,Returning Learner,Graduate
Lag-asan,Cookery NC II,38,Female,Senior High,Underemployed,Cooking,Hospitality,New Entrant,Graduate
Bagroy,Bread and Pastry NC II,26,Male,Junior High,Underemployed,Cooking,Hospitality,Career Shifter,Dropout
Alianza,Bread and Pastry NC II,27,Male,Junior High,Unemployed,Baking,Transportation,Experienced Worker,Dropout
Dulao,Masonry NC II,26,Male,Senior High,Underemployed,Masonry,Construction,New Entrant,Graduate
Binubuhan,Carpentry NC II,24,Male,Elementary Graduate,Unemployed,Carpentry,Construction,New Entrant,Graduate
Ilijan,Masonry NC II,33,Male,Elementary Graduate,Wage Employed,Cooking,Hospitality,Career Shifter,Graduate
Busay,Cookery NC II,34,Male,Junior High,Wage Employed,Cooking,Hospitality,Experienced Worker,Graduate
Abuanan,Masonry NC II,26,Male,Senior High,Unemployed,Masonry,Construction,Career Shifter,Graduate
Ma-ao,Shielded Metal Arc Welding NC I,24,Female,College Undergraduate,Unemployed,Computer Literacy,ICT,Career Shifter,Dropout
Taloc,Driving NC II,32,Male,Senior High,Unemployed,Driving,Transportation,Returning Learner,Graduate
Abuanan,Cookery NC II,39,Female,Senior High,Unemployed,Cooking,Hospitality,New Entrant,Graduate
Napoles,Electrical Installation and Maintenance NC II,31,Male,Junior High,Unemployed,Electrical Repair,Construction,Returning Learner,Graduate
Balingasag,Carpentry NC II,37,Male,College Graduate,Unemployed,Carpentry,Construction,Experienced Worker,Graduate
Bacong,Shielded Metal Arc Welding NC I,39,Male,Junior High,Underemployed,Welding,Construction,Returning Learner,Graduate
Ilijan,Electrical Installation and Maintenance NC II,38,Female,College Undergraduate,Self-employed,Electrical Repair,Construction,New Entrant,Dropout
Atipuluan,Electrical Installation and Maintenance NC II,36,Male,Senior High,Underemployed,Electrical Repair,Construction,Experienced Worker,Graduate
Poblacion,Cookery NC II,27,Male,Elementary Graduate,Unemployed,Cooking,Hospitality,Experienced Worker,Graduate
Alianza,Cookery NC II,31,Male,College Graduate,Underemployed,Cooking,ICT,Returning Learner,Graduate
Alianza,Electrical Installation and Maintenance NC II,32,Male,Junior High,Unemployed,Electrical Repair,Construction,Returning Learner,Graduate
Atipuluan,Bread and Pastry NC II,26,Male,Senior High,Unemployed,Masonry,Construction,New Entrant,Graduate
Taloc,Driving NC II,39,Female,Senior High,Wage Employed,Driving,Transportation,New Entrant,Graduate
Caridad,Computer Systems Servicing NC II,39,Male,Senior High,Self-employed,Computer Literacy,ICT,Returning Learner,Graduate
Balingasag,Computer Systems Servicing NC II,20,Female,Senior High,Unemployed,Computer Literacy,ICT,New Entrant,Graduate
Balingasag,Bread and Pastry NC II,35,Male,Senior High,Underemployed,Baking,Hospitality,Returning Learner,Graduate
Poblacion,Carpentry NC II,41,Female,Junior High,Underemployed,Carpentry,Construction,Experienced Worker,Graduate
Ma-ao,Carpentry NC II,25,Female,Junior High,Unemployed,Carpentry,Construction,New Entrant,Dropout
Dulao,Cookery NC II,18,Female,Senior High,Wage Employed,Cooking,Hospitality,Experienced Worker,Graduate
Alianza,Masonry NC II,40,Male,College Undergraduate,Self-employed,Masonry,Construction,Experienced Worker,Graduate
Poblacion,Carpentry NC II,29,Female,Elementary Graduate,Unemployed,Carpentry,Construction,Experienced Worker,Graduate
Taloc,Bread and Pastry NC II,25,Female,Junior High,Underemployed,Baking,Hospitality,Career Shifter,Graduate
Alianza,Computer Systems Servicing NC II,42,Male,College Undergraduate,Self-employed,Computer Literacy,ICT,New Entrant,Graduate
Lag-asan,Masonry NC II,24,Male,Junior High,Underemployed,Masonry,Construction,Experienced Worker,Graduate
Poblacion,Masonry NC II,38,Male,Junior High,Wage Employed,Masonry,Construction,New Entrant,Graduate
Ma-ao,Driving NC II,36,Male,Senior High,Underemployed,Driving,Transportation,New Entrant,Graduate
Caridad,Computer Systems Servicing NC II,26,Male,College Graduate,Self-employed,Computer Literacy,ICT,Career Shifter,Graduate
Bacong,Electrical Installation and Maintenance NC II,28,Female,Elementary Graduate,Wage Employed,Baking,Hospitality,Career Shifter,Graduate
Atipuluan,Computer Systems Servicing NC II,25,Male,Senior High,Unemployed,Computer Literacy,ICT,Career Shifter,Graduate
Calumangan,Bread and Pastry NC II,18,Female,Elementary Graduate,Self-employed,Baking,Hospitality,Experienced Worker,Graduate
Atipuluan,Driving NC II,21,Male,Senior High,Unemployed,Driving,Transportation,Returning Learner,Graduate
Caridad,Cookery NC II,22,Male,Senior High,Wage Employed,Cooking,Hospitality,Experienced Worker,Dropout
Atipuluan,Electrical Installation and Maintenance NC II,48,Male,College Graduate,Unemployed,Electrical Repair,Construction,Returning Learner,Graduate
Taloc,Electrical Installation and Maintenance NC II,27,Male,Senior High,Wage Employed,Electrical Repair,Construction,Experienced Worker,Graduate
Napoles,Masonry NC II,38,Female,Senior High,Unemployed,Masonry,Agriculture,Returning Learner,Graduate
Balingasag,Shielded Metal Arc Welding NC I,40,Male,Senior High,Underemployed,Welding,Construction,New Entrant,Graduate
Atipuluan,Carpentry NC II,29,Male,Junior High,Underemployed,Carpentry,Construction,New Entrant,Graduate
Dulao,Driving NC II,30,Male,Junior High,Underemployed,Driving,Transportation,Experienced Worker,Graduate
Lag-asan,Driving NC II,24,Male,Junior High,Underemployed,Driving,Transportation,Returning Learner,Graduate
Ilijan,Electrical Installation and Maintenance NC II,33,Female,College Graduate,Unemployed,Cooking,Hospitality,Returning Learner,Dropout
Ilijan,Electrical Installation and Maintenance NC II,39,Male,Junior High,Unemployed,Electrical Repair,Construction,New Entrant,Dropout
Sagasa,Computer Systems Servicing NC II,27,Female,Junior High,Underemployed,Computer Literacy,ICT,New Entrant,Dropout
Taloc,Computer Systems Servicing NC II,22,Female,College Undergraduate,Underemployed,Computer Literacy,Business,New Entrant,Graduate
Lag-asan,Cookery NC II,38,Male,Senior High,Self-employed,Cooking,Hospitality,Returning Learner,Graduate
Ma-ao,Carpentry NC II,31,Male,Senior High,Self-employed,Carpentry,Construction,New Entrant,Dropout
Abuanan,Cookery NC II,19,Female,Senior High,Unemployed,Cooking,Hospitality,Career Shifter,Graduate
Taloc,Electrical Installation and Maintenance NC II,30,Female,Elementary Graduate,Unemployed,Electrical Repair,Construction,New Entrant,Graduate
Alianza,Shielded Metal Arc Welding NC I,24,Female,Junior High,Self-employed,Welding,Construction,Experienced Worker,Graduate
Abuanan,Driving NC II,24,Male,Junior High,Unemployed,Driving,Transportation,New Entrant,Graduate
Abuanan,Computer Systems Servicing NC II,28,Female,Senior High,Wage Employed,Computer Literacy,Transportation,Experienced Worker,Graduate
Atipuluan,Shielded Metal Arc Welding NC I,24,Male,Senior High,Self-employed,Welding,Construction,Returning Learner,Dropout
Dulao,Electrical Installation and Maintenance NC II,37,Male,Elementary Graduate,Wage Employed,Electrical Repair,Construction,Experienced Worker,Graduate
Poblacion,Computer Systems Servicing NC II,51,Female,College Graduate,Wage Employed,Computer Literacy,ICT,Experienced Worker,Graduate
Taloc,Carpentry NC II,27,Male,Senior High,Underemployed,Carpentry,Construction,Returning Learner,Graduate
Napoles,Driving NC II,18,Male,Junior High,Wage Employed,Driving,Transportation,Experienced Worker,Graduate
Poblacion,Carpentry NC II,34,Female,Junior High,Wage Employed,Carpentry,Construction,Career Shifter,Graduate
Dulao,Driving NC II,20,Male,Elementary Graduate,Wage Employed,Driving,Transportation,Experienced Worker,Graduate
Abuanan,Driving NC II,36,Male,Senior High,Underemployed,Driving,Transportation,Returning Learner,Graduate
Poblacion,Bread and Pastry NC II,22,Male,Senior High,Underemployed,Baking,Hospitality,Returning Learner,Graduate
Taloc,Computer Systems Servicing NC II,23,Male,Senior High,Self-employed,Computer Literacy,ICT,Experienced Worker,Graduate
Dulao,Driving NC II,24,Male,Junior High,Self-employed,Driving,Transportation,Career Shifter,Graduate
Calumangan,Computer Systems Servicing NC II,33,Female,College Undergraduate,Self-employed,Computer Literacy,ICT,New Entrant,Graduate
Lag-asan,Cookery NC II,36,Male,College Graduate,Wage Employed,Welding,Construction,New Entrant,Graduate
Atipuluan,Carpentry NC II,35,Male,Senior High,Self-employed,Carpentry,Construction,Experienced Worker,Graduate
Tabunan,Computer Systems Servicing NC II,39,Male,College Graduate,Wage Employed,Computer Literacy,ICT,Experienced Worker,Graduate
Alianza,Cookery NC II,34,Female,Elementary Graduate,Underemployed,Cooking,Hospitality,Returning Learner,Graduate
Poblacion,Masonry NC II,19,Male,College Undergraduate,Underemployed,Masonry,Construction,Returning Learner,Graduate
Dulao,Masonry NC II,27,Male,Elementary Graduate,Underemployed,Masonry,Construction,Returning Learner,Graduate
Pacol,Driving NC II,21,Male,Junior High,Unemployed,Driving,Transportation,Career Shifter,Dropout
Ma-ao,Electrical Installation and Maintenance NC II,43,Male,Senior High,Underemployed,Electrical Repair,Construction,Returning Learner,Dropout
Tabunan,Masonry NC II,40,Male,Senior High,Unemployed,Masonry,Construction,New Entrant,Dropout
Atipuluan,Computer Systems Servicing NC II,33,Female,College Graduate,Wage Employed,Computer Literacy,ICT,Experienced Worker,Graduate
Calumangan,Cookery NC II,25,Female,Senior High,Underemployed,Cooking,Hospitality,Returning Learner,Graduate
Bagroy,Driving NC II,41,Female,Junior High,Underemployed,Driving,Transportation,Returning Learner,Graduate
Ilijan,Cookery NC II,41,Male,Junior High,Underemployed,Cooking,Hospitality,Returning Learner,Graduate
Taloc,Shielded Metal Arc Welding NC I,48,Male,College Graduate,Wage Employed,Welding,Construction,Returning Learner,Graduate
Abuanan,Driving NC II,24,Female,College Graduate,Self-employed,Driving,Transportation,Experienced Worker,Graduate
Atipuluan,Driving NC II,25,Male,Senior High,Unemployed,Driving,Transportation,New Entrant,Dropout
Poblacion,Driving NC II,46,Male,College Undergraduate,Self-employed,Masonry,Construction,Career Shifter,Graduate
Dulao,Computer Systems Servicing NC II,29,Female,College Graduate,Underemployed,Computer Literacy,ICT,New Entrant,Graduate
Taloc,Computer Systems Servicing NC II,51,Female,College Graduate,Self-employed,Computer Literacy,ICT,Returning Learner,Graduate
Sagasa,Bread and Pastry NC II,41,Male,College Graduate,Wage Employed,Baking,Hospitality,Experienced Worker,Graduate
Ilijan,Bread and Pastry NC II,40,Male,Elementary Graduate,Self-employed,Baking,Hospitality,Experienced Worker,Dropout
Busay,Shielded Metal Arc Welding NC I,41,Male,Senior High,Self-employed,Welding,Construction,New Entrant,Graduate
Taloc,Carpentry NC II,37,Female,Elementary Graduate,Unemployed,Carpentry,Construction,New Entrant,Graduate
Dulao,Cookery NC II,32,Female,Senior High,Self-employed,Cooking,Hospitality,Experienced Worker,Graduate
Pacol,Cookery NC II,22,Female,Senior High,Wage Employed,Cooking,Hospitality,Returning Learner,Graduate
Dulao,Bread and Pastry NC II,22,Male,Elementary Graduate,Underemployed,Baking,Hospitality,New Entrant,Graduate
Balingasag,Cookery NC II,31,Male,Junior High,Underemployed,Cooking,Hospitality,New Entrant,Graduate
Alianza,Cookery NC II,30,Female,Elementary Graduate,Unemployed,Cooking,Hospitality,Returning Learner,Graduate
Pacol,Masonry NC II,20,Male,Senior High,Self-employed,Masonry,Construction,Experienced Worker,Dropout
Alianza,Carpentry NC II,44,Male,College Graduate,Unemployed,Carpentry,Construction,Returning Learner,Graduate
Poblacion,Carpentry NC II,24,Male,Senior High,Wage Employed,Carpentry,Construction,Career Shifter,Graduate
Pacol,Bread and Pastry NC II,31,Female,College Undergraduate,Self-employed,Baking,Business,Returning Learner,Graduate
Alianza,Shielded Metal Arc Welding NC I,22,Male,College Undergraduate,Underemployed,Welding,Construction,New Entrant,Graduate
Abuanan,Carpentry NC II,43,Female,Senior High,Unemployed,Carpentry,Construction,Career Shifter,Graduate
Bagroy,Cookery NC II,27,Male,Senior High,Underemployed,Carpentry,Construction,Returning Learner,Graduate
Atipuluan,Cookery NC II,39,Male,College Undergraduate,Self-employed,Masonry,Construction,Career Shifter,Graduate
Binubuhan,Masonry NC II,21,Male,Junior High,Unemployed,Masonry,Construction,Returning Learner,Dropout
Bacong,Computer Systems Servicing NC II,36,Male,College Undergraduate,Wage Employed,Computer Literacy,ICT,Returning Learner,Graduate
Abuanan,Cookery NC II,43,Female,Senior High,Unemployed,Cooking,Hospitality,Returning Learner,Graduate
Mailum,Shielded Metal Arc Welding NC I,22,Male,Junior High,Wage Employed,Welding,Construction,Returning Learner,Dropout
Abuanan,Shielded Metal Arc Welding NC I,24,Male,Elementary Graduate,Underemployed,Welding,Construction,New Entrant,Graduate
Bacong,Carpentry NC II,44,Male,Senior High,Unemployed,Carpentry,Construction,Career Shifter,Dropout
Abuanan,Electrical Installation and Maintenance NC II,29,Male,Senior High,Self-employed,Electrical Repair,Construction,Returning Learner,Graduate
Malingin,Computer Systems Servicing NC II,22,Male,College Undergraduate,Underemployed,Computer Literacy,ICT,Returning Learner,Graduate
Atipuluan,Driving NC II,42,Female,Senior High,Self-employed,Driving,Transportation,Experienced Worker,Dropout
Sagasa,Electrical Installation and Maintenance NC II,33,Male,Elementary Graduate,Unemployed,Electrical Repair,Construction,Returning Learner,Dropout
Abuanan,Bread and Pastry NC II,33,Male,Junior High,Self-employed,Driving,Transportation,Career Shifter,Graduate
Lag-asan,Bread and Pastry NC II,27,Female,Senior High,Underemployed,Baking,Hospitality,Experienced Worker,Graduate
Calumangan,Masonry NC II,18,Male,Senior High,Self-employed,Masonry,Construction,New Entrant,Graduate
Atipuluan,Electrical Installation and Maintenance NC II,36,Male,Senior High,Wage Employed,Electrical Repair,Construction,New Entrant,Graduate
Pacol,Driving NC II,39,Male,Junior High,Unemployed,Driving,Transportation,Career Shifter,Dropout
Napoles,Carpentry NC II,40,Male,Senior High,Self-employed,Carpentry,Construction,Experienced Worker,Graduate
Dulao,Driving NC II,29,Female,Junior High,Self-employed,Driving,Transportation,Returning Learner,Graduate
Atipuluan,Driving NC II,19,Female,Junior High,Underemployed,Driving,Transportation,Returning Learner,Graduate
Lag-asan,Carpentry NC II,42,Male,Senior High,Self-employed,Carpentry,Construction,Experienced Worker,Graduate
Sagasa,Driving NC II,35,Male,Junior High,Underemployed,Driving,Transportation,Career Shifter,Graduate
Tabunan,Bread and Pastry NC II,36,Male,Junior High,Unemployed,Baking,Hospitality,Career Shifter,Dropout
Mailum,Electrical Installation and Maintenance NC II,40,Male,Junior High,Underemployed,Electrical Repair,Construction,New Entrant,Dropout
Ma-ao,Driving NC II,28,Male,Junior High,Underemployed,Driving,Transportation,Experienced Worker,Graduate
Calumangan,Shielded Metal Arc Welding NC I,28,Male,Senior High,Wage Employed,Welding,Construction,New Entrant,Graduate
Atipuluan,Shielded Metal Arc Welding NC I,27,Male,College Undergraduate,Wage Employed,Welding,Construction,Experienced Worker,Graduate
Alianza,Bread and Pastry NC II,33,Female,College Undergraduate,Underemployed,Baking,Hospitality,Experienced Worker,Graduate
Balingasag,Shielded Metal Arc Welding NC I,35,Male,College Graduate,Unemployed,Electrical Repair,Construction,Career Shifter,Graduate
Balingasag,Electrical Installation and Maintenance NC II,47,Male,College Undergraduate,Underemployed,Electrical Repair,Construction,New Entrant,Graduate
Alianza,Bread and Pastry NC II,34,Female,College Undergraduate,Unemployed,Baking,Hospitality,Experienced Worker,Graduate
Dulao,Bread and Pastry NC II,45,Male,College Undergraduate,Wage Employed,Baking,Transportation,Returning Learner,Graduate
Taloc,Bread and Pastry NC II,28,Male,College Undergraduate,Wage Employed,Baking,Business,Returning Learner,Graduate
Busay,Carpentry NC II,33,Male,Senior High,Self-employed,Carpentry,Construction,Returning Learner,Dropout
Abuanan,Masonry NC II,31,Male,Junior High,Unemployed,Masonry,Construction,Career Shifter,Dropout
Poblacion,Computer Systems Servicing NC II,33,Male,College Undergraduate,Wage Employed,Masonry,Construction,Career Shifter,Graduate
Abuanan,Carpentry NC II,30,Male,Senior High,Wage Employed,Welding,Construction,Career Shifter,Graduate
Bacong,Bread and Pastry NC II,37,Male,Senior High,Unemployed,Masonry,ICT,Returning Learner,Graduate
Poblacion,Masonry NC II,27,Male,College Graduate,Wage Employed,Masonry,Construction,Career Shifter,Graduate
Taloc,Computer Systems Servicing NC II,21,Female,College Undergraduate,Unemployed,Computer Literacy,ICT,New Entrant,Graduate
Mailum,Driving NC II,27,Male,Elementary Graduate,Unemployed,Driving,Agriculture,Career Shifter,Graduate
Atipuluan,Bread and Pastry NC II,42,Female,Senior High,Self-employed,Baking,Hospitality,Returning Learner,Graduate
Taloc,Bread and Pastry NC II,27,Female,Senior High,Unemployed,Baking,Hospitality,New Entrant,Graduate
Sagasa,Computer Systems Servicing NC II,21,Male,College Undergraduate,Wage Employed,Computer Literacy,ICT,Experienced Worker,Graduate
Atipuluan,Cookery NC II,42,Male,Junior High,Self-employed,Cooking,Hospitality,Experienced Worker,Graduate
Ma-ao,Shielded Metal Arc Welding NC I,31,Female,Elementary Graduate,Unemployed,Baking,Hospitality,New Entrant,Dropout
Lag-asan,Cookery NC II,43,Male,College Undergraduate,Underemployed,Computer Literacy,ICT,Returning Learner,Graduate
Sagasa,Carpentry NC II,30,Male,Elementary Graduate,Underemployed,Carpentry,Construction,Career Shifter,Graduate
Binubuhan,Bread and Pastry NC II,42,Female,Junior High,Wage Employed,Cooking,Hospitality,New Entrant,Dropout
Lag-asan,Bread and Pastry NC II,19,Female,Senior High,Underemployed,Carpentry,Construction,Career Shifter,Graduate
Atipuluan,Masonry NC II,30,Male,Senior High,Wage Employed,Masonry,Construction,Returning Learner,Graduate
Tabunan,Carpentry NC II,37,Male,Senior High,Self-employed,Carpentry,Construction,Experienced Worker,Graduate
Abuanan,Masonry NC II,23,Female,Senior High,Underemployed,Masonry,Construction,Experienced Worker,Graduate
Atipuluan,Driving NC II,36,Male,Senior High,Unemployed,Driving,Transportation,Returning Learner,Graduate
Caridad,Carpentry NC II,45,Male,Senior High,Underemployed,Carpentry,Construction,New Entrant,Dropout
Balingasag,Cookery NC II,29,Female,Senior High,Unemployed,Cooking,Hospitality,Experienced Worker,Graduate
Calumangan,Bread and Pastry NC II,27,Male,College Undergraduate,Self-employed,Baking,Hospitality,Career Shifter,Graduate
Napoles,Cookery NC II,35,Female,Senior High,Wage Employed,Cooking,Hospitality,Returning Learner,Graduate
Poblacion,Shielded Metal Arc Welding NC I,30,Male,Senior High,Wage Employed,Welding,Construction,Experienced Worker,Graduate
Atipuluan,Carpentry NC II,39,Male,Elementary Graduate,Wage Employed,Carpentry,Construction,Experienced Worker,Graduate
Ilijan,Bread and Pastry NC II,24,Female,Senior High,Wage Employed,Baking,Hospitality,New Entrant,Dropout
Taloc,Shielded Metal Arc Welding NC I,34,Male,Senior High,Wage Employed,Welding,Construction,Career Shifter,Graduate
Calumangan,Masonry NC II,27,Male,Elementary Graduate,Unemployed,Masonry,Construction,New Entrant,Graduate
Calumangan,Computer Systems Servicing NC II,25,Male,College Undergraduate,Wage Employed,Computer Literacy,ICT,Returning Learner,Graduate
Lag-asan,Electrical Installation and Maintenance NC II,36,Female,Senior High,Unemployed,Electrical Repair,Construction,New Entrant,Dropout
Pacol,Shielded Metal Arc Welding NC I,23,Male,College Undergraduate,Self-employed,Welding,Construction,Returning Learner,Graduate
Alianza,Cookery NC II,41,Female,College Undergraduate,Self-employed,Cooking,Hospitality,Experienced Worker,Graduate
Atipuluan,Electrical Installation and Maintenance NC II,33,Male,Junior High,Unemployed,Electrical Repair,Construction,New Entrant,Dropout
Abuanan,Cookery NC II,26,Female,College Undergraduate,Unemployed,Cooking,Hospitality,Experienced Worker,Graduate
Pacol,Electrical Installation and Maintenance NC II,34,Female,Senior High,Unemployed,Electrical Repair,Construction,Returning Learner,Graduate
Atipuluan,Driving NC II,38,Male,Senior High,Underemployed,Driving,Transportation,Returning Learner,Graduate
Atipuluan,Computer Systems Servicing NC II,34,Male,College Undergraduate,Wage Employed,Computer Literacy,ICT,Returning Learner,Dropout
Poblacion,Computer Systems Servicing NC II,30,Female,College Graduate,Unemployed,Computer Literacy,ICT,Experienced Worker,Graduate
Malingin,Electrical Installation and Maintenance NC II,39,Male,Elementary Graduate,Underemployed,Electrical Repair,Construction,New Entrant,Graduate
Poblacion,Bread and Pastry NC II,39,Female,College Undergraduate,Underemployed,Baking,Hospitality,New Entrant,Graduate
Abuanan,Cookery NC II,30,Female,Junior High,Unemployed,Cooking,Hospitality,New Entrant,Dropout
Ma-ao,Computer Systems Servicing NC II,30,Male,College Undergraduate,Underemployed,Computer Literacy,ICT,Experienced Worker,Graduate
Bagroy,Carpentry NC II,40,Male,Junior High,Underemployed,Carpentry,Transportation,New Entrant,Graduate
Malingin,Cookery NC II,34,Male,Senior High,Underemployed,Cooking,Hospitality,New Entrant,Graduate
Balingasag,Shielded Metal Arc Welding NC I,31,Male,Senior High,Self-employed,Welding,Hospitality,Experienced Worker,Graduate
Malingin,Shielded Metal Arc Welding NC I,39,Male,Elementary Graduate,Underemployed,Welding,Construction,New Entrant,Graduate
Mailum,Driving NC II,43,Female,College Undergraduate,Wage Employed,Driving,Transportation,Returning Learner,Dropout
Bacong,Driving NC II,38,Male,Senior High,Self-employed,Driving,Transportation,Experienced Worker,Dropout
Bacong,Cookery NC II,25,Female,Senior High,Unemployed,Cooking,Hospitality,New Entrant,Graduate
Abuanan,Shielded Metal Arc Welding NC I,38,Male,Senior High,Unemployed,Welding,Construction,New Entrant,Dropout
Binubuhan,Shielded Metal Arc Welding NC I,39,Male,College Undergraduate,Unemployed,Welding,Construction,New Entrant,Dropout
Taloc,Cookery NC II,55,Male,College Graduate,Wage Employed,Cooking,Hospitality,Returning Learner,Graduate
Atipuluan,Computer Systems Servicing NC II,28,Male,Junior High,Underemployed,Welding,Construction,Career Shifter,Graduate
Taloc,Carpentry NC II,43,Male,College Undergraduate,Self-employed,Computer Literacy,Agriculture,New Entrant,Graduate
Poblacion,Driving NC II,26,Female,Senior High,Underemployed,Cooking,Hospitality,Career Shifter,Dropout
Ilijan,Masonry NC II,21,Male,Junior High,Underemployed,Masonry,Transportation,New Entrant,Dropout
Balingasag,Computer Systems Servicing NC II,31,Male,College Undergraduate,Unemployed,Computer Literacy,ICT,Career Shifter,Dropout
Lag-asan,Masonry NC II,27,Male,Senior High,Wage Employed,Masonry,Construction,Experienced Worker,Graduate
Tabunan,Shielded Metal Arc Welding NC I,40,Female,Junior High,Underemployed,Cooking,Hospitality,Experienced Worker,Dropout
Atipuluan,Carpentry NC II,18,Male,Junior High,Unemployed,Carpentry,Construction,Career Shifter,Graduate
Poblacion,Computer Systems Servicing NC II,49,Female,College Graduate,Self-employed,Computer Literacy,ICT,Experienced Worker,Graduate
Taloc,Cookery NC II,43,Male,Senior High,Underemployed,Cooking,Hospitality,New Entrant,Graduate
Ma-ao,Masonry NC II,40,Male,Senior High,Underemployed,Masonry,Construction,Returning Learner,Graduate
Abuanan,Computer Systems Servicing NC II,37,Female,College Graduate,Wage Employed,Computer Literacy,ICT,New Entrant,Dropout
Abuanan,Bread and Pastry NC II,33,Male,Junior High,Unemployed,Baking,Hospitality,Career Shifter,Dropout
Tabunan,Driving NC II,32,Male,Senior High,Underemployed,Driving,Transportation,Experienced Worker,Graduate
Bacong,Masonry NC II,28,Male,Senior High,Self-employed,Masonry,Construction,Experienced Worker,Graduate
Alianza,Shielded Metal Arc Welding NC I,21,Female,Elementary Graduate,Underemployed,Welding,Construction,Career Shifter,Dropout
Calumangan,Masonry NC II,40,Male,Junior High,Underemployed,Masonry,Construction,New Entrant,Graduate
Alianza,Bread and Pastry NC II,20,Female,Elementary Graduate,Unemployed,Baking,Hospitality,New Entrant,Dropout
Dulao,Electrical Installation and Maintenance NC II,30,Male,Elementary Graduate,Unemployed,Electrical Repair,Construction,Returning Learner,Dropout
Poblacion,Electrical Installation and Maintenance NC II,36,Female,Senior High,Self-employed,Electrical Repair,Construction,Experienced Worker,Graduate
Lag-asan,Electrical Installation and Maintenance NC II,29,Male,College Graduate,Wage Employed,Electrical Repair,Construction,Experienced Worker,Graduate
Bacong,Electrical Installation and Maintenance NC II,39,Male,Elementary Graduate,Wage Employed,Electrical Repair,Construction,New Entrant,Graduate
Taloc,Computer Systems Servicing NC II,45,Male,College Undergraduate,Self-employed,Computer Literacy,ICT,Experienced Worker,Dropout
Balingasag,Masonry NC II,21,Male,College Undergraduate,Wage Employed,Masonry,Construction,Experienced Worker,Graduate
Poblacion,Carpentry NC II,37,Male,Senior High,Self-employed,Carpentry,Construction,Experienced Worker,Graduate
Napoles,Driving NC II,37,Male,Junior High,Unemployed,Driving,Transportation,New Entrant,Dropout
Poblacion,Carpentry NC II,35,Male,College Undergraduate,Underemployed,Carpentry,Construction,Career Shifter,Graduate
Ilijan,Cookery NC II,18,Female,Elementary Graduate,Self-employed,Cooking,Hospitality,Career Shifter,Dropout
Napoles,Bread and Pastry NC II,19,Female,Junior High,Wage Employed,Baking,Hospitality,New Entrant,Graduate
Poblacion,Electrical Installation and Maintenance NC II,32,Male,Elementary Graduate,Unemployed,Electrical Repair,Construction,Experienced Worker,Dropout
Ma-ao,Bread and Pastry NC II,28,Male,Senior High,Unemployed,Baking,Hospitality,New Entrant,Dropout
Pacol,Driving NC II,48,Female,College Undergraduate,Self-employed,Driving,Transportation,Experienced Worker,Graduate
Napoles,Cookery NC II,29,Male,Elementary Graduate,Unemployed,Cooking,Hospitality,New Entrant,Graduate
Taloc,Shielded Metal Arc Welding NC I,35,Male,Senior High,Unemployed,Welding,Construction,Returning Learner,Graduate
Abuanan,Bread and Pastry NC II,29,Female,College Undergraduate,Unemployed,Baking,Hospitality,New Entrant,Graduate
Alianza,Driving NC II,35,Male,Senior High,Underemployed,Driving,Transportation,Career Shifter,Graduate
Poblacion,Shielded Metal Arc Welding NC I,40,Male,Junior High,Unemployed,Welding,Construction,Returning Learner,Dropout
Busay,Shielded Metal Arc Welding NC I,31,Male,Junior High,Unemployed,Welding,Construction,New Entrant,Dropout
Pacol,Cookery NC II,29,Male,College Graduate,Underemployed,Cooking,Hospitality,Career Shifter,Graduate
Balingasag,Electrical Installation and Maintenance NC II,22,Male,Senior High,Underemployed,Electrical Repair,Construction,Career Shifter,Graduate
Ilijan,Carpentry NC II,41,Male,Senior High,Underemployed,Carpentry,Construction,Experienced Worker,Dropout
Balingasag,Cookery NC II,20,Female,Junior High,Unemployed,Cooking,Hospitality,New Entrant,Dropout
Bacong,Carpentry NC II,35,Male,College Graduate,Unemployed,Carpentry,Construction,Returning Learner,Graduate
Bacong,Bread and Pastry NC II,21,Female,College Undergraduate,Wage Employed,Baking,Hospitality,Returning Learner,Graduate
Mailum,Bread and Pastry NC II,19,Male,Junior High,Unemployed,Cooking,Business,Career Shifter,Dropout
Lag-asan,Computer Systems Servicing NC II,20,Male,Senior High,Self-employed,Computer Literacy,ICT,Experienced Worker,Graduate
Balingasag,Carpentry NC II,26,Male,College Undergraduate,Wage Employed,Carpentry,Construction,New Entrant,Graduate
Poblacion,Computer Systems Servicing NC II,23,Female,College Graduate,Self-employed,Computer Literacy,ICT,Returning Learner,Graduate
Ma-ao,Shielded Metal Arc Welding NC I,36,Male,Junior High,Unemployed,Welding,Construction,Returning Learner,Graduate
Napoles,Computer Systems Servicing NC II,25,Female,Junior High,Unemployed,Computer Literacy,Business,New Entrant,Dropout
Caridad,Bread and Pastry NC II,32,Male,Elementary Graduate,Unemployed,Electrical Repair,Construction,Experienced Worker,Graduate
Abuanan,Bread and Pastry NC II,26,Female,Junior High,Self-employed,Baking,Hospitality,New Entrant,Graduate
Dulao,Masonry NC II,27,Male,Junior High,Self-employed,Masonry,Construction,Experienced Worker,Graduate
Atipuluan,Shielded Metal Arc Welding NC I,30,Male,Junior High,Unemployed,Welding,Construction,New Entrant,Graduate
Malingin,Cookery NC II,39,Female,Junior High,Self-employed,Cooking,Hospitality,Career Shifter,Graduate
Pacol,Computer Systems Servicing NC II,28,Male,Junior High,Wage Employed,Computer Literacy,ICT,New Entrant,Graduate
Ma-ao,Cookery NC II,19,Male,Junior High,Underemployed,Cooking,Hospitality,Experienced Worker,Graduate
Poblacion,Electrical Installation and Maintenance NC II,19,Male,Junior High,Unemployed,Electrical Repair,Construction,New Entrant,Dropout
Atipuluan,Cookery NC II,25,Female,College Undergraduate,Wage Employed,Cooking,Hospitality,Experienced Worker,Graduate
Napoles,Cookery NC II,32,Female,Elementary Graduate,Unemployed,Cooking,Hospitality,New Entrant,Graduate
Sagasa,Computer Systems Servicing NC II,21,Female,College Undergraduate,Self-employed,Computer Literacy,ICT,Experienced Worker,Graduate
Dulao,Carpentry NC II,40,Male,Senior High,Wage Employed,Carpentry,Construction,Career Shifter,Graduate
Tabunan,Bread and Pastry NC II,26,Male,Senior High,Wage Employed,Baking,Hospitality,Experienced Worker,Graduate
Balingasag,Shielded Metal Arc Welding NC I,19,Male,Junior High,Unemployed,Welding,Construction,New Entrant,Dropout
Atipuluan,Computer Systems Servicing NC II,23,Male,College Undergraduate,Self-employed,Computer Literacy,ICT,Experienced Worker,Graduate
Caridad,Masonry NC II,19,Female,Senior High,Underemployed,Masonry,Construction,Experienced Worker,Graduate
Napoles,Masonry NC II,24,Male,College Undergraduate,Wage Employed,Masonry,Transportation,Experienced Worker,Graduate
Binubuhan,Driving NC II,19,Male,Elementary Graduate,Underemployed,Driving,Transportation,Experienced Worker,Dropout
Tabunan,Bread and Pastry NC II,27,Female,Junior High,Underemployed,Baking,Hospitality,Experienced Worker,Graduate
Bacong,Driving NC II,40,Male,College Undergraduate,Underemployed,Driving,Transportation,New Entrant,Graduate
Balingasag,Bread and Pastry NC II,21,Female,Senior High,Underemployed,Cooking,Hospitality,Career Shifter,Dropout
Atipuluan,Shielded Metal Arc Welding NC I,38,Male,Junior High,Underemployed,Welding,Construction,New Entrant,Graduate
Atipuluan,Cookery NC II,43,Female,Senior High,Self-employed,Cooking,Hospitality,Career Shifter,Graduate
Atipuluan,Driving NC II,43,Female,Senior High,Underemployed,Driving,Transportation,Experienced Worker,Graduate
Malingin,Driving NC II,30,Male,Senior High,Underemployed,Driving,Transportation,Returning Learner,Graduate
Poblacion,Driving NC II,35,Male,Senior High,Underemployed,Driving,Transportation,Experienced Worker,Graduate
Ilijan,Masonry NC II,40,Male,Junior High,Underemployed,Masonry,Construction,Career Shifter,Dropout
Dulao,Cookery NC II,23,Female,Elementary Graduate,Self-employed,Cooking,Hospitality,Experienced Worker,Graduate
Atipuluan,Computer Systems Servicing NC II,28,Female,College Graduate,Unemployed,Computer Literacy,ICT,Experienced Worker,Graduate
Atipuluan,Carpentry NC II,23,Male,College Graduate,Underemployed,Carpentry,Construction,Career Shifter,Graduate
Alianza,Computer Systems Servicing NC II,32,Male,Senior High,Underemployed,Computer Literacy,ICT,Returning Learner,Graduate
Pacol,Masonry NC II,42,Male,Junior High,Wage Employed,Masonry,Construction,Returning Learner,Dropout
Abuanan,Electrical Installation and Maintenance NC II,21,Male,Senior High,Underemployed,Electrical Repair,Construction,Returning Learner,Graduate
Poblacion,Masonry NC II,42,Male,Junior High,Self-employed,Masonry,Construction,Returning Learner,Graduate
Sagasa,Masonry NC II,32,Male,Senior High,Self-employed,Masonry,Construction,Returning Learner,Graduate
Taloc,Masonry NC II,25,Male,Junior High,Underemployed,Masonry,Construction,Career Shifter,Dropout
Binubuhan,Computer Systems Servicing NC II,39,Male,College Undergraduate,Unemployed,Computer Literacy,ICT,Experienced Worker,Dropout
Lag-asan,Carpentry NC II,22,Male,College Undergraduate,Underemployed,Carpentry,Construction,New Entrant,Graduate
Binubuhan,Shielded Metal Arc Welding NC I,39,Male,Junior High,Underemployed,Welding,Construction,New Entrant,Graduate
Poblacion,Driving NC II,22,Male,Junior High,Self-employed,Driving,Transportation,New Entrant,Graduate
Dulao,Computer Systems Servicing NC II,35,Male,College Graduate,Wage Employed,Computer Literacy,ICT,Experienced Worker,Graduate
Bagroy,Cookery NC II,21,Male,Junior High,Unemployed,Cooking,Hospitality,Returning Learner,Dropout
Lag-asan,Computer Systems Servicing NC II,32,Female,Junior High,Self-employed,Cooking,Hospitality,New Entrant,Dropout
Caridad,Masonry NC II,23,Male,Senior High,Unemployed,Masonry,Construction,New Entrant,Graduate
Caridad,Bread and Pastry NC II,41,Female,Senior High,Wage Employed,Baking,Hospitality,Returning Learner,Graduate
Alianza,Computer Systems Servicing NC II,26,Male,Senior High,Underemployed,Computer Literacy,ICT,Returning Learner,Graduate
Poblacion,Bread and Pastry NC II,27,Female,Senior High,Self-employed,Baking,Hospitality,Experienced Worker,Graduate
Binubuhan,Cookery NC II,42,Male,Junior High,Unemployed,Cooking,Hospitality,Returning Learner,Dropout
Dulao,Driving NC II,27,Male,Senior High,Wage Employed,Carpentry,Construction,Career Shifter,Graduate
Taloc,Computer Systems Servicing NC II,34,Female,College Graduate,Self-employed,Computer Literacy,ICT,Experienced Worker,Graduate
Dulao,Driving NC II,34,Male,Elementary Graduate,Unemployed,Driving,Transportation,Returning Learner,Graduate
Napoles,Driving NC II,39,Female,Senior High,Self-employed,Driving,Transportation,New Entrant,Graduate
Poblacion,Computer Systems Servicing NC II,23,Female,Senior High,Self-employed,Computer Literacy,ICT,New Entrant,Graduate
Malingin,Cookery NC II,22,Female,Senior High,Self-employed,Cooking,Hospitality,Returning Learner,Graduate
Alianza,Masonry NC II,22,Male,Junior High,Self-employed,Masonry,Construction,Experienced Worker,Graduate
Atipuluan,Masonry NC II,21,Male,Senior High,Unemployed,Masonry,Construction,New Entrant,Dropout
Balingasag,Masonry NC II,25,Male,Senior High,Wage Employed,Masonry,Construction,Experienced Worker,Graduate
Abuanan,Cookery NC II,34,Male,Senior High,Underemployed,Cooking,Hospitality,Returning Learner,Graduate
Dulao,Shielded Metal Arc Welding NC I,24,Male,Senior High,Self-employed,Welding,Construction,Experienced Worker,Graduate
Sagasa,Computer Systems Servicing NC II,33,Male,College Undergraduate,Wage Employed,Computer Literacy,ICT,Experienced Worker,Graduate
Malingin,Carpentry NC II,32,Female,Senior High,Self-employed,Carpentry,Construction,Returning Learner,Graduate
Caridad,Bread and Pastry NC II,32,Female,Senior High,Underemployed,Baking,Hospitality,Returning Learner,Graduate
Tabunan,Driving NC II,26,Male,Junior High,Wage Employed,Driving,Transportation,Experienced Worker,Graduate
Balingasag,Shielded Metal Arc Welding NC I,29,Male,Junior High,Self-employed,Welding,Agriculture,Experienced Worker,Graduate
Taloc,Computer Systems Servicing NC II,19,Female,Senior High,Wage Employed,Computer Literacy,ICT,Returning Learner,Dropout
Malingin,Bread and Pastry NC II,39,Female,Senior High,Unemployed,Baking,Hospitality,Experienced Worker,Dropout
Balingasag,Masonry NC II,28,Male,Elementary Graduate,Self-employed,Masonry,Construction,Experienced Worker,Graduate
Mailum,Masonry NC II,36,Male,College Undergraduate,Self-employed,Masonry,Construction,Career Shifter,Dropout
Ilijan,Driving NC II,30,Male,Senior High,Wage Employed,Electrical Repair,Construction,Experienced Worker,Graduate
Sagasa,Cookery NC II,35,Male,Junior High,Unemployed,Driving,Transportation,New Entrant,Dropout
Abuanan,Computer Systems Servicing NC II,37,Female,College Graduate,Underemployed,Computer Literacy,ICT,New Entrant,Graduate
Bagroy,Shielded Metal Arc Welding NC I,40,Male,Junior High,Unemployed,Welding,Agriculture,New Entrant,Graduate
Atipuluan,Cookery NC II,40,Male,Senior High,Underemployed,Cooking,Hospitality,Returning Learner,Graduate
Mailum,Electrical Installation and Maintenance NC II,34,Female,Junior High,Underemployed,Electrical Repair,Construction,Returning Learner,Dropout
Atipuluan,Electrical Installation and Maintenance NC II,39,Male,Junior High,Unemployed,Electrical Repair,Construction,New Entrant,Dropout
Napoles,Bread and Pastry NC II,29,Male,College Undergraduate,Self-employed,Baking,Hospitality,Returning Learner,Graduate
Ma-ao,Masonry NC II,18,Male,Senior High,Wage Employed,Masonry,Construction,Experienced Worker,Graduate
Ma-ao,Bread and Pastry NC II,40,Female,Elementary Graduate,Underemployed,Baking,Hospitality,Career Shifter,Dropout
Dulao,Electrical Installation and Maintenance NC II,40,Male,Elementary Graduate,Underemployed,Electrical Repair,Construction,Career Shifter,Dropout
Atipuluan,Shielded Metal Arc Welding NC I,38,Male,College Undergraduate,Underemployed,Welding,Construction,Career Shifter,Graduate
Ma-ao,Shielded Metal Arc Welding NC I,19,Male,Elementary Graduate,Unemployed,Welding,Construction,New Entrant,Dropout
Ma-ao,Masonry NC II,30,Male,Elementary Graduate,Underemployed,Masonry,Construction,Experienced Worker,Dropout
Dulao,Carpentry NC II,31,Female,Junior High,Underemployed,Carpentry,Construction,Career Shifter,Graduate
Lag-asan,Cookery NC II,32,Male,Senior High,Self-employed,Cooking,Hospitality,Experienced Worker,Graduate
Calumangan,Cookery NC II,23,Male,Senior High,Unemployed,Cooking,Hospitality,New Entrant,Graduate
Pacol,Driving NC II,24,Male,College Undergraduate,Unemployed,Driving,Transportation,New Entrant,Dropout
Calumangan,Driving NC II,21,Male,Senior High,Underemployed,Driving,Transportation,New Entrant,Graduate
Taloc,Driving NC II,36,Male,Junior High,Self-employed,Driving,Transportation,Experienced Worker,Graduate
Alianza,Masonry NC II,30,Female,Elementary Graduate,Unemployed,Masonry,Construction,New Entrant,Dropout
Lag-asan,Driving NC II,35,Female,Senior High,Self-employed,Electrical Repair,Construction,New Entrant,Graduate
Calumangan,Carpentry NC II,36,Male,Elementary Graduate,Underemployed,Carpentry,Construction,New Entrant,Dropout
Taloc,Cookery NC II,35,Male,Senior High,Wage Employed,Cooking,Hospitality,Experienced Worker,Graduate
Poblacion,Electrical Installation and Maintenance NC II,35,Male,College Undergraduate,Unemployed,Electrical Repair,Construction,New Entrant,Graduate
Calumangan,Computer Systems Servicing NC II,23,Male,Senior High,Underemployed,Computer Literacy,ICT,New Entrant,Dropout
Abuanan,Bread and Pastry NC II,38,Female,Junior High,Self-employed,Baking,Hospitality,Experienced Worker,Graduate
Balingasag,Driving NC II,53,Male,College Graduate,Self-employed,Driving,Transportation,New Entrant,Graduate
Ma-ao,Electrical Installation and Maintenance NC II,18,Male,Elementary Graduate,Unemployed,Electrical Repair,Construction,New Entrant,Dropout
Napoles,Masonry NC II,24,Male,Elementary Graduate,Unemployed,Masonry,Construction,Returning Learner,Graduate
Abuanan,Computer Systems Servicing NC II,24,Female,Elementary Graduate,Self-employed,Carpentry,Construction,New Entrant,Graduate
Malingin,Masonry NC II,27,Female,College Graduate,Wage Employed,Masonry,Construction,New Entrant,Graduate
Ma-ao,Driving NC II,23,Female,Junior High,Unemployed,Driving,Transportation,New Entrant,Graduate
Balingasag,Carpentry NC II,42,Male,Junior High,Self-employed,Electrical Repair,Construction,Career Shifter,Graduate
Alianza,Electrical Installation and Maintenance NC II,21,Female,Senior High,Self-employed,Electrical Repair,Construction,Experienced Worker,Graduate
Poblacion,Computer Systems Servicing NC II,43,Male,College Undergraduate,Self-employed,Computer Literacy,ICT,Experienced Worker,Graduate
Bacong,Shielded Metal Arc Welding NC I,24,Female,Junior High,Unemployed,Welding,Construction,New Entrant,Dropout
Lag-asan,Masonry NC II,31,Female,Senior High,Underemployed,Masonry,Construction,Experienced Worker,Graduate
Atipuluan,Cookery NC II,36,Male,Junior High,Unemployed,Cooking,Hospitality,Experienced Worker,Graduate
Lag-asan,Computer Systems Servicing NC II,31,Female,Elementary Graduate,Wage Employed,Computer Literacy,Business,Experienced Worker,Graduate
Abuanan,Driving NC II,44,Female,College Undergraduate,Underemployed,Masonry,Construction,Returning Learner,Graduate
Poblacion,Electrical Installation and Maintenance NC II,44,Female,Senior High,Unemployed,Driving,Transportation,New Entrant,Graduate
Bagroy,Driving NC II,48,Male,College Undergraduate,Self-employed,Driving,Transportation,Returning Learner,Dropout
Ma-ao,Shielded Metal Arc Welding NC I,27,Male,Junior High,Unemployed,Welding,Construction,Returning Learner,Graduate
Lag-asan,Cookery NC II,26,Male,Senior High,Underemployed,Cooking,Hospitality,Returning Learner,Graduate
Atipuluan,Carpentry NC II,28,Female,Junior High,Wage Employed,Carpentry,Construction,Experienced Worker,Graduate
Taloc,Bread and Pastry NC II,36,Male,Senior High,Self-employed,Baking,Hospitality,Career Shifter,Graduate
Calumangan,Bread and Pastry NC II,18,Female,Junior High,Unemployed,Baking,Hospitality,New Entrant,Dropout
Malingin,Computer Systems Servicing NC II,30,Female,Junior High,Underemployed,Computer Literacy,ICT,New Entrant,Dropout
Pacol,Computer Systems Servicing NC II,23,Male,College Undergraduate,Self-employed,Computer Literacy,ICT,New Entrant,Graduate
Poblacion,Bread and Pastry NC II,39,Female,Senior High,Underemployed,Baking,Hospitality,New Entrant,Dropout
Dulao,Carpentry NC II,35,Male,Junior High,Unemployed,Carpentry,Construction,Experienced Worker,Graduate
Alianza,Electrical Installation and Maintenance NC II,37,Male,Elementary Graduate,Underemployed,Electrical Repair,Construction,New Entrant,Graduate
Tabunan,Masonry NC II,42,Female,Senior High,Self-employed,Driving,Transportation,Career Shifter,Dropout
Taloc,Electrical Installation and Maintenance NC II,30,Female,College Undergraduate,Wage Employed,Electrical Repair,Transportation,Experienced Worker,Graduate
Tabunan,Masonry NC II,32,Male,College Undergraduate,Unemployed,Masonry,Construction,Returning Learner,Graduate
Taloc,Cookery NC II,27,Male,Elementary Graduate,Underemployed,Cooking,Hospitality,Returning Learner,Graduate
Atipuluan,Carpentry NC II,27,Female,Senior High,Underemployed,Carpentry,Construction,Career Shifter,Graduate
Taloc,Masonry NC II,39,Male,Senior High,Self-employed,Masonry,Construction,Experienced Worker,Graduate
Taloc,Electrical Installation and Maintenance NC II,28,Male,College Undergraduate,Wage Employed,Electrical Repair,Construction,Career Shifter,Graduate
Balingasag,Computer Systems Servicing NC II,46,Male,College Graduate,Wage Employed,Computer Literacy,Hospitality,Experienced Worker,Graduate
Bacong,Masonry NC II,36,Male,Senior High,Wage Employed,Masonry,Construction,Experienced Worker,Graduate
Taloc,Electrical Installation and Maintenance NC II,31,Male,Senior High,Self-employed,Electrical Repair,Construction,Career Shifter,Graduate
Lag-asan,Electrical Installation and Maintenance NC II,35,Male,Senior High,Self-employed,Electrical Repair,Construction,Experienced Worker,Graduate
Atipuluan,Shielded Metal Arc Welding NC I,34,Male,Senior High,Wage Employed,Welding,Construction,Returning Learner,Graduate
Ma-ao,Driving NC II,26,Male,Senior High,Unemployed,Driving,Agriculture,Returning Learner,Dropout
Abuanan,Bread and Pastry NC II,31,Male,Senior High,Underemployed,Masonry,Hospitality,Returning Learner,Graduate
Poblacion,Shielded Metal Arc Welding NC I,40,Male,Senior High,Self-employed,Welding,Construction,Experienced Worker,Dropout
Abuanan,Carpentry NC II,37,Male,Senior High,Wage Employed,Carpentry,Construction,Career Shifter,Graduate
Poblacion,Cookery NC II,29,Female,Senior High,Wage Employed,Cooking,Hospitality,Experienced Worker,Graduate
Busay,Electrical Installation and Maintenance NC II,31,Male,College Undergraduate,Unemployed,Driving,Transportation,Career Shifter,Dropout
Atipuluan,Cookery NC II,21,Male,Junior High,Underemployed,Masonry,Construction,New Entrant,Dropout
Lag-asan,Cookery NC II,21,Female,Elementary Graduate,Unemployed,Cooking,Hospitality,New Entrant,Graduate
Malingin,Computer Systems Servicing NC II,45,Male,Senior High,Wage Employed,Driving,Transportation,Career Shifter,Dropout
Atipuluan,Electrical Installation and Maintenance NC II,26,Male,College Undergraduate,Unemployed,Electrical Repair,Construction,New Entrant,Graduate
Lag-asan,Shielded Metal Arc Welding NC I,24,Male,Elementary Graduate,Underemployed,Welding,Construction,New Entrant,Dropout
Atipuluan,Shielded Metal Arc Welding NC I,40,Male,Senior High,Unemployed,Welding,Construction,Experienced Worker,Dropout
Atipuluan,Computer Systems Servicing NC II,20,Male,Elementary Graduate,Unemployed,Computer Literacy,ICT,New Entrant,Dropout
Caridad,Computer Systems Servicing NC II,19,Male,College Undergraduate,Underemployed,Computer Literacy,ICT,Experienced Worker,Graduate
Lag-asan,Masonry NC II,36,Male,Senior High,Self-employed,Welding,Construction,Career Shifter,Dropout
Poblacion,Bread and Pastry NC II,38,Female,Junior High,Underemployed,Baking,Hospitality,New Entrant,Graduate
Taloc,Electrical Installation and Maintenance NC II,28,Male,College Undergraduate,Self-employed,Electrical Repair,Hospitality,Experienced Worker,Graduate
Abuanan,Masonry NC II,39,Male,Senior High,Underemployed,Cooking,Hospitality,New Entrant,Dropout
Dulao,Electrical Installation and Maintenance NC II,39,Male,College Graduate,Self-employed,Electrical Repair,Construction,Experienced Worker,Graduate
Balingasag,Electrical Installation and Maintenance NC II,45,Male,Senior High,Underemployed,Electrical Repair,Construction,Returning Learner,Graduate
Poblacion,Driving NC II,40,Male,Junior High,Underemployed,Driving,Transportation,Career Shifter,Dropout
Mailum,Electrical Installation and Maintenance NC II,40,Female,College Undergraduate,Wage Employed,Electrical Repair,Construction,Experienced Worker,Dropout
Alianza,Cookery NC II,50,Female,College Graduate,Underemployed,Cooking,ICT,Returning Learner,Graduate
Abuanan,Computer Systems Servicing NC II,36,Male,College Graduate,Wage Employed,Computer Literacy,ICT,Returning Learner,Graduate
Ma-ao,Electrical Installation and Maintenance NC II,24,Male,Elementary Graduate,Unemployed,Electrical Repair,Construction,Experienced Worker,Dropout
Abuanan,Driving NC II,42,Female,Junior High,Underemployed,Driving,Agriculture,New Entrant,Graduate
Bacong,Computer Systems Servicing NC II,25,Male,College Graduate,Underemployed,Computer Literacy,ICT,Returning Learner,Graduate
Poblacion,Driving NC II,43,Male,College Undergraduate,Self-employed,Driving,ICT,Experienced Worker,Graduate
Napoles,Electrical Installation and Maintenance NC II,19,Male,Elementary Graduate,Underemployed,Electrical Repair,Transportation,Experienced Worker,Dropout
Taloc,Computer Systems Servicing NC II,32,Female,College Graduate,Wage Employed,Computer Literacy,ICT,Experienced Worker,Graduate
Taloc,Computer Systems Servicing NC II,27,Male,Senior High,Wage Employed,Computer Literacy,ICT,Returning Learner,Graduate
Balingasag,Cookery NC II,32,Female,Senior High,Unemployed,Cooking,Hospitality,New Entrant,Dropout
Malingin,Bread and Pastry NC II,22,Male,College Undergraduate,Underemployed,Baking,ICT,Returning Learner,Graduate
Caridad,Carpentry NC II,37,Female,Junior High,Underemployed,Baking,Hospitality,Career Shifter,Graduate
Napoles,Masonry NC II,20,Female,Senior High,Underemployed,Masonry,Construction,New Entrant,Graduate
Atipuluan,Carpentry NC II,35,Male,College Graduate,Self-employed,Carpentry,Construction,Returning Learner,Dropout
Balingasag,Masonry NC II,28,Female,College Undergraduate,Unemployed,Masonry,Construction,Returning Learner,Graduate
Ilijan,Masonry NC II,33,Male,Junior High,Underemployed,Masonry,Construction,New Entrant,Graduate
Calumangan,Masonry NC II,42,Male,Senior High,Underemployed,Masonry,Construction,Experienced Worker,Graduate
Bagroy,Driving NC II,21,Male,Junior High,Underemployed,Driving,Transportation,New Entrant,Graduate
Taloc,Cookery NC II,19,Female,Senior High,Self-employed,Cooking,Hospitality,Experienced Worker,Graduate
Dulao,Masonry NC II,21,Male,College Undergraduate,Unemployed,Masonry,Construction,Returning Learner,Graduate
Calumangan,Shielded Metal Arc Welding NC I,20,Male,Junior High,Unemployed,Welding,Construction,Career Shifter,Dropout
Alianza,Computer Systems Servicing NC II,20,Female,College Undergraduate,Self-employed,Computer Literacy,ICT,Returning Learner,Dropout
Malingin,Carpentry NC II,25,Male,Junior High,Unemployed,Carpentry,Construction,New Entrant,Graduate
Napoles,Bread and Pastry NC II,41,Female,Senior High,Underemployed,Baking,ICT,New Entrant,Graduate
Calumangan,Cookery NC II,33,Female,College Undergraduate,Self-employed,Cooking,Hospitality,New Entrant,Graduate
Atipuluan,Electrical Installation and Maintenance NC II,42,Male,Senior High,Self-employed,Electrical Repair,Construction,Experienced Worker,Graduate
Atipuluan,Electrical Installation and Maintenance NC II,20,Male,Junior High,Self-employed,Electrical Repair,Construction,Returning Learner,Graduate
Mailum,Bread and Pastry NC II,41,Female,Junior High,Unemployed,Baking,Hospitality,New Entrant,Graduate
Dulao,Masonry NC II,27,Male,Elementary Graduate,Unemployed,Masonry,Construction,New Entrant,Graduate
Atipuluan,Cookery NC II,36,Female,Senior High,Wage Employed,Cooking,Hospitality,Experienced Worker,Graduate
Balingasag,Shielded Metal Arc Welding NC I,31,Male,Senior High,Wage Employed,Electrical Repair,Construction,Returning Learner,Graduate
Napoles,Shielded Metal Arc Welding NC I,40,Male,Senior High,Unemployed,Welding,Construction,New Entrant,Dropout
Busay,Driving NC II,22,Male,Junior High,Self-employed,Driving,Transportation,New Entrant,Graduate
Dulao,Computer Systems Servicing NC II,41,Male,College Graduate,Wage Employed,Computer Literacy,ICT,Experienced Worker,Graduate
Pacol,Driving NC II,42,Male,Junior High,Unemployed,Driving,Transportation,New Entrant,Graduate
Calumangan,Bread and Pastry NC II,21,Male,Senior High,Underemployed,Baking,Hospitality,Returning Learner,Graduate
Calumangan,Cookery NC II,48,Male,College Graduate,Wage Employed,Welding,Construction,Career Shifter,Graduate
Pacol,Cookery NC II,41,Male,Senior High,Unemployed,Cooking,Hospitality,Career Shifter,Graduate
Atipuluan,Driving NC II,27,Female,Junior High,Underemployed,Driving,Transportation,New Entrant,Graduate
Dulao,Driving NC II,28,Female,Senior High,Underemployed,Driving,Transportation,Experienced Worker,Graduate
Poblacion,Driving NC II,36,Male,Senior High,Unemployed,Driving,Transportation,New Entrant,Graduate
Tabunan,Bread and Pastry NC II,40,Female,Elementary Graduate,Self-employed,Baking,Transportation,Experienced Worker,Graduate
Malingin,Electrical Installation and Maintenance NC II,24,Male,College Graduate,Unemployed,Electrical Repair,Construction,New Entrant,Graduate
Alianza,Computer Systems Servicing NC II,36,Female,College Undergraduate,Wage Employed,Computer Literacy,ICT,Returning Learner,Graduate
Taloc,Electrical Installation and Maintenance NC II,28,Male,Elementary Graduate,Unemployed,Electrical Repair,Construction,New Entrant,Dropout
Taloc,Carpentry NC II,30,Male,Junior High,Unemployed,Carpentry,Construction,Experienced Worker,Graduate
Bacong,Carpentry NC II,40,Male,Elementary Graduate,Self-employed,Carpentry,Construction,Experienced Worker,Graduate
Pacol,Bread and Pastry NC II,28,Male,Junior High,Underemployed,Baking,Hospitality,Career Shifter,Graduate
Atipuluan,Masonry NC II,30,Male,Senior High,Wage Employed,Masonry,Construction,New Entrant,Graduate
Dulao,Shielded Metal Arc Welding NC I,27,Male,Senior High,Unemployed,Cooking,Hospitality,Career Shifter,Graduate
Balingasag,Driving NC II,38,Female,College Graduate,Unemployed,Driving,Transportation,Career Shifter,Graduate
Alianza,Driving NC II,40,Male,College Undergraduate,Underemployed,Driving,Construction,Returning Learner,Graduate
Bacong,Cookery NC II,26,Male,Senior High,Unemployed,Cooking,Hospitality,Returning Learner,Graduate
Atipuluan,Computer Systems Servicing NC II,36,Male,College Undergraduate,Underemployed,Computer Literacy,ICT,New Entrant,Dropout
Atipuluan,Cookery NC II,31,Female,Junior High,Unemployed,Cooking,Hospitality,Experienced Worker,Graduate
Alianza,Carpentry NC II,42,Female,Junior High,Unemployed,Carpentry,Construction,New Entrant,Graduate
Calumangan,Masonry NC II,22,Male,Elementary Graduate,Underemployed,Masonry,Construction,New Entrant,Dropout
Ma-ao,Shielded Metal Arc Welding NC I,38,Male,Senior High,Unemployed,Welding,Construction,Returning Learner,Graduate
Atipuluan,Driving NC II,26,Female,Junior High,Underemployed,Electrical Repair,Construction,Career Shifter,Dropout
Dulao,Carpentry NC II,35,Male,Senior High,Unemployed,Carpentry,Construction,New Entrant,Graduate
Atipuluan,Cookery NC II,40,Female,College Undergraduate,Underemployed,Cooking,Hospitality,Experienced Worker,Graduate
Poblacion,Cookery NC II,45,Female,College Undergraduate,Self-employed,Cooking,Hospitality,Returning Learner,Graduate
Poblacion,Electrical Installation and Maintenance NC II,35,Male,Elementary Graduate,Underemployed,Electrical Repair,Construction,Returning Learner,Graduate
Abuanan,Carpentry NC II,18,Male,Senior High,Unemployed,Carpentry,Construction,New Entrant,Graduate
Abuanan,Shielded Metal Arc Welding NC I,24,Male,Junior High,Underemployed,Welding,Construction,New Entrant,Graduate
Pacol,Computer Systems Servicing NC II,22,Male,College Undergraduate,Wage Employed,Computer Literacy,ICT,Experienced Worker,Graduate
Napoles,Bread and Pastry NC II,22,Female,Senior High,Wage Employed,Baking,Hospitality,Experienced Worker,Graduate
Napoles,Shielded Metal Arc Welding NC I,25,Male,Senior High,Self-employed,Welding,Construction,Experienced Worker,Graduate
Poblacion,Carpentry NC II,44,Male,College Graduate,Underemployed,Carpentry,Business,Returning Learner,Graduate
Atipuluan,Driving NC II,36,Female,College Graduate,Self-employed,Computer Literacy,ICT,New Entrant,Graduate
Ma-ao,Masonry NC II,31,Male,Elementary Graduate,Underemployed,Masonry,Construction,Career Shifter,Dropout
Binubuhan,Cookery NC II,29,Male,Senior High,Unemployed,Cooking,Hospitality,Returning Learner,Dropout
Poblacion,Carpentry NC II,43,Male,Senior High,Underemployed,Carpentry,Construction,New Entrant,Graduate
Sagasa,Masonry NC II,31,Male,Elementary Graduate,Underemployed,Masonry,Construction,Returning Learner,Graduate
Pacol,Driving NC II,32,Male,College Undergraduate,Self-employed,Driving,Transportation,Experienced Worker,Graduate
Bacong,Masonry NC II,31,Male,College Undergraduate,Wage Employed,Masonry,Construction,Experienced Worker,Graduate
Dulao,Masonry NC II,28,Male,Elementary Graduate,Underemployed,Masonry,Construction,New Entrant,Dropout
Malingin,Electrical Installation and Maintenance NC II,38,Male,College Undergraduate,Self-employed,Electrical Repair,Business,Experienced Worker,Graduate
Poblacion,Electrical Installation and Maintenance NC II,29,Male,Junior High,Unemployed,Electrical Repair,Construction,Career Shifter,Dropout
Lag-asan,Bread and Pastry NC II,24,Female,Senior High,Unemployed,Baking,Hospitality,Returning Learner,Graduate
Calumangan,Carpentry NC II,28,Female,College Undergraduate,Self-employed,Carpentry,Construction,Returning Learner,Graduate
Poblacion,Electrical Installation and Maintenance NC II,40,Male,Senior High,Unemployed,Electrical Repair,Construction,Experienced Worker,Graduate
Ilijan,Masonry NC II,22,Female,Junior High,Self-employed,Masonry,Construction,Experienced Worker,Graduate
Lag-asan,Carpentry NC II,36,Male,College Undergraduate,Unemployed,Electrical Repair,Construction,Returning Learner,Graduate
Dulao,Masonry NC II,20,Male,Elementary Graduate,Self-employed,Masonry,Construction,Experienced Worker,Dropout
Ma-ao,Masonry NC II,41,Male,Junior High,Underemployed,Masonry,Construction,New Entrant,Graduate
Abuanan,Electrical Installation and Maintenance NC II,25,Male,College Undergraduate,Self-employed,Electrical Repair,Construction,Returning Learner,Graduate
Calumangan,Shielded Metal Arc Welding NC I,37,Male,Elementary Graduate,Underemployed,Computer Literacy,Business,Experienced Worker,Graduate
Atipuluan,Bread and Pastry NC II,27,Male,Junior High,Underemployed,Baking,Hospitality,Returning Learner,Graduate
Taloc,Bread and Pastry NC II,26,Female,College Undergraduate,Self-employed,Baking,Hospitality,New Entrant,Graduate
Pacol,Shielded Metal Arc Welding NC I,19,Male,Elementary Graduate,Unemployed,Welding,Construction,Returning Learner,Graduate
Lag-asan,Computer Systems Servicing NC II,54,Male,College Graduate,Self-employed,Computer Literacy,Business,Returning Learner,Graduate
Caridad,Masonry NC II,36,Male,Elementary Graduate,Self-employed,Masonry,Construction,Career Shifter,Graduate
Bacong,Shielded Metal Arc Welding NC I,36,Male,Junior High,Underemployed,Welding,Construction,Returning Learner,Graduate
Busay,Cookery NC II,18,Female,Junior High,Unemployed,Cooking,Hospitality,New Entrant,Dropout
Abuanan,Driving NC II,32,Male,Junior High,Wage Employed,Driving,Transportation,New Entrant,Graduate
Tabunan,Computer Systems Servicing NC II,26,Female,Senior High,Underemployed,Computer Literacy,ICT,New Entrant,Graduate
Lag-asan,Computer Systems Servicing NC II,33,Female,Senior High,Unemployed,Computer Literacy,Agriculture,New Entrant,Graduate
Abuanan,Shielded Metal Arc Welding NC I,37,Female,Senior High,Wage Employed,Welding,Hospitality,Experienced Worker,Graduate
Pacol,Carpentry NC II,28,Female,College Undergraduate,Self-employed,Carpentry,Construction,Experienced Worker,Graduate
Abuanan,Electrical Installation and Maintenance NC II,20,Female,College Undergraduate,Self-employed,Electrical Repair,Transportation,Returning Learner,Graduate
Napoles,Electrical Installation and Maintenance NC II,48,Male,College Graduate,Self-employed,Computer Literacy,ICT,New Entrant,Dropout
Bacong,Carpentry NC II,27,Male,Senior High,Wage Employed,Carpentry,Construction,Returning Learner,Graduate
Caridad,Bread and Pastry NC II,42,Male,College Undergraduate,Self-employed,Welding,Construction,New Entrant,Graduate
Binubuhan,Shielded Metal Arc Welding NC I,35,Male,Senior High,Unemployed,Welding,Construction,Experienced Worker,Dropout
Balingasag,Bread and Pastry NC II,37,Male,Senior High,Underemployed,Baking,Hospitality,Career Shifter,Graduate
Lag-asan,Masonry NC II,43,Male,College Graduate,Self-employed,Masonry,ICT,Experienced Worker,Graduate
Poblacion,Computer Systems Servicing NC II,55,Female,College Graduate,Underemployed,Computer Literacy,ICT,Returning Learner,Graduate
Balingasag,Bread and Pastry NC II,28,Female,College Undergraduate,Unemployed,Baking,Hospitality,New Entrant,Graduate
Napoles,Cookery NC II,33,Female,Senior High,Unemployed,Cooking,Hospitality,New Entrant,Dropout
Balingasag,Bread and Pastry NC II,27,Male,Senior High,Underemployed,Baking,Hospitality,Experienced Worker,Graduate
Taloc,Driving NC II,23,Male,Elementary Graduate,Underemployed,Driving,Transportation,New Entrant,Graduate
Abuanan,Cookery NC II,36,Male,Senior High,Self-employed,Cooking,Hospitality,Returning Learner,Graduate
Dulao,Bread and Pastry NC II,38,Female,Senior High,Self-employed,Baking,Hospitality,Experienced Worker,Graduate
Mailum,Cookery NC II,40,Female,Elementary Graduate,Underemployed,Cooking,Hospitality,Career Shifter,Dropout
Balingasag,Masonry NC II,38,Male,College Undergraduate,Underemployed,Masonry,Construction,Career Shifter,Graduate
Poblacion,Shielded Metal Arc Welding NC I,45,Male,Senior High,Unemployed,Welding,Construction,Experienced Worker,Graduate
Atipuluan,Bread and Pastry NC II,34,Female,Junior High,Unemployed,Baking,Hospitality,Career Shifter,Graduate
Taloc,Masonry NC II,36,Male,College Undergraduate,Self-employed,Masonry,Construction,Experienced Worker,Graduate
Malingin,Driving NC II,30,Male,College Undergraduate,Underemployed,Driving,Transportation,Experienced Worker,Dropout
Pacol,Carpentry NC II,27,Male,College Undergraduate,Wage Employed,Carpentry,Construction,Returning Learner,Graduate
Pacol,Cookery NC II,18,Female,Elementary Graduate,Unemployed,Cooking,Hospitality,New Entrant,Graduate
Caridad,Cookery NC II,21,Female,Elementary Graduate,Unemployed,Carpentry,Construction,Career Shifter,Graduate
Ma-ao,Shielded Metal Arc Welding NC I,42,Male,Junior High,Unemployed,Welding,Construction,Returning Learner,Dropout
Binubuhan,Bread and Pastry NC II,36,Female,College Undergraduate,Unemployed,Baking,Hospitality,Experienced Worker,Dropout
Abuanan,Driving NC II,36,Male,Senior High,Underemployed,Driving,Transportation,Experienced Worker,Graduate
Dulao,Masonry NC II,41,Male,Senior High,Unemployed,Masonry,Construction,Career Shifter,Graduate
Calumangan,Driving NC II,48,Male,College Undergraduate,Unemployed,Driving,Transportation,New Entrant,Graduate
Alianza,Shielded Metal Arc Welding NC I,36,Male,Senior High,Self-employed,Welding,Construction,Experienced Worker,Graduate
Poblacion,Shielded Metal Arc Welding NC I,39,Male,College Undergraduate,Underemployed,Welding,Construction,New Entrant,Graduate
Taloc,Electrical Installation and Maintenance NC II,22,Male,Junior High,Self-employed,Electrical Repair,Construction,Experienced Worker,Graduate
Ilijan,Computer Systems Servicing NC II,24,Male,Junior High,Self-employed,Computer Literacy,ICT,Experienced Worker,Graduate
Bacong,Masonry NC II,41,Male,College Undergraduate,Unemployed,Masonry,Construction,Returning Learner,Graduate
Atipuluan,Carpentry NC II,22,Male,Senior High,Wage Employed,Carpentry,Construction,Experienced Worker,Graduate
Dulao,Electrical Installation and Maintenance NC II,27,Male,Senior High,Underemployed,Electrical Repair,Construction,New Entrant,Dropout
Calumangan,Electrical Installation and Maintenance NC II,28,Male,College Undergraduate,Self-employed,Electrical Repair,Construction,Career Shifter,Graduate
Poblacion,Bread and Pastry NC II,28,Male,Junior High,Underemployed,Baking,Hospitality,New Entrant,Graduate
Busay,Masonry NC II,25,Female,Senior High,Unemployed,Masonry,Construction,Returning Learner,Dropout
Balingasag,Masonry NC II,48,Male,College Undergraduate,Unemployed,Masonry,Construction,New Entrant,Graduate
Balingasag,Bread and Pastry NC II,48,Male,College Undergraduate,Self-employed,Baking,Hospitality,New Entrant,Graduate
Calumangan,Cookery NC II,42,Female,Junior High,Self-employed,Cooking,Hospitality,Experienced Worker,Graduate
Atipuluan,Driving NC II,28,Male,Senior High,Unemployed,Driving,Transportation,Returning Learner,Graduate
Napoles,Cookery NC II,34,Female,Senior High,Unemployed,Cooking,Hospitality,New Entrant,Graduate
Poblacion,Computer Systems Servicing NC II,23,Female,Elementary Graduate,Underemployed,Computer Literacy,Construction,New Entrant,Graduate
Ma-ao,Masonry NC II,38,Male,Junior High,Unemployed,Driving,Transportation,Experienced Worker,Graduate
Atipuluan,Electrical Installation and Maintenance NC II,32,Male,College Undergraduate,Wage Employed,Electrical Repair,Construction,Experienced Worker,Graduate
Atipuluan,Shielded Metal Arc Welding NC I,43,Male,College Undergraduate,Underemployed,Welding,Construction,Experienced Worker,Graduate
Bacong,Cookery NC II,32,Male,Junior High,Underemployed,Cooking,Hospitality,Experienced Worker,Graduate
Calumangan,Computer Systems Servicing NC II,34,Female,College Graduate,Unemployed,Computer Literacy,ICT,Returning Learner,Graduate
Bacong,Shielded Metal Arc Welding NC I,23,Male,Senior High,Self-employed,Welding,Construction,Experienced Worker,Graduate
Calumangan,Computer Systems Servicing NC II,45,Male,College Graduate,Self-employed,Computer Literacy,ICT,Experienced Worker,Graduate
Mailum,Carpentry NC II,29,Male,Senior High,Self-employed,Carpentry,Construction,Experienced Worker,Graduate
Abuanan,Cookery NC II,34,Male,Senior High,Wage Employed,Carpentry,Construction,Career Shifter,Graduate
Pacol,Masonry NC II,30,Male,Senior High,Underemployed,Masonry,Construction,New Entrant,Dropout
Lag-asan,Computer Systems Servicing NC II,31,Male,College Graduate,Wage Employed,Computer Literacy,ICT,Experienced Worker,Graduate
Lag-asan,Bread and Pastry NC II,38,Female,College Undergraduate,Wage Employed,Baking,Hospitality,New Entrant,Graduate
Lag-asan,Driving NC II,37,Female,Senior High,Self-employed,Driving,Transportation,Experienced Worker,Graduate
Ma-ao,Computer Systems Servicing NC II,40,Female,Senior High,Underemployed,Computer Literacy,ICT,New Entrant,Graduate
Bagroy,Driving NC II,33,Male,Elementary Graduate,Self-employed,Driving,Transportation,Experienced Worker,Graduate
Abuanan,Carpentry NC II,32,Male,Senior High,Self-employed,Carpentry,Construction,New Entrant,Dropout
Napoles,Electrical Installation and Maintenance NC II,26,Male,Elementary Graduate,Unemployed,Electrical Repair,Construction,Career Shifter,Dropout
Calumangan,Electrical Installation and Maintenance NC II,22,Male,Junior High,Underemployed,Electrical Repair,Construction,New Entrant,Dropout
Atipuluan,Carpentry NC II,32,Male,Senior High,Underemployed,Carpentry,Construction,Career Shifter,Graduate
Caridad,Shielded Metal Arc Welding NC I,34,Male,College Undergraduate,Underemployed,Welding,Construction,Returning Learner,Graduate
Taloc,Electrical Installation and Maintenance NC II,22,Male,Elementary Graduate,Underemployed,Masonry,Construction,Experienced Worker,Graduate
Calumangan,Bread and Pastry NC II,43,Male,Senior High,Wage Employed,Baking,Hospitality,Returning Learner,Graduate
Lag-asan,Driving NC II,32,Male,Senior High,Self-employed,Driving,Transportation,Experienced Worker,Graduate
Malingin,Masonry NC II,38,Male,Junior High,Wage Employed,Masonry,Construction,New Entrant,Dropout
Busay,Shielded Metal Arc Welding NC I,36,Male,Senior High,Wage Employed,Welding,Agriculture,Career Shifter,Graduate
Alianza,Driving NC II,30,Male,Elementary Graduate,Unemployed,Driving,Transportation,Career Shifter,Graduate
Atipuluan,Cookery NC II,38,Female,Senior High,Underemployed,Cooking,Hospitality,New Entrant,Graduate
Dulao,Electrical Installation and Maintenance NC II,35,Male,Senior High,Underemployed,Electrical Repair,Agriculture,New Entrant,Dropout
Alianza,Masonry NC II,34,Male,Elementary Graduate,Underemployed,Masonry,Construction,Returning Learner,Graduate
Binubuhan,Bread and Pastry NC II,35,Male,Junior High,Self-employed,Baking,Agriculture,Experienced Worker,Dropout
Poblacion,Bread and Pastry NC II,20,Male,Senior High,Unemployed,Baking,Hospitality,Returning Learner,Graduate
Caridad,Computer Systems Servicing NC II,34,Male,College Undergraduate,Underemployed,Computer Literacy,ICT,New Entrant,Graduate
Ma-ao,Bread and Pastry NC II,55,Female,College Graduate,Self-employed,Baking,Hospitality,Returning Learner,Graduate
Atipuluan,Carpentry NC II,30,Male,College Undergraduate,Wage Employed,Carpentry,Construction,Career Shifter,Graduate
Calumangan,Electrical Installation and Maintenance NC II,51,Male,College Graduate,Self-employed,Electrical Repair,Construction,New Entrant,Graduate
Calumangan,Cookery NC II,29,Male,College Undergraduate,Underemployed,Cooking,Hospitality,Returning Learner,Graduate
Caridad,Electrical Installation and Maintenance NC II,40,Male,Junior High,Wage Employed,Electrical Repair,Construction,Experienced Worker,Graduate
Tabunan,Cookery NC II,33,Female,Elementary Graduate,Underemployed,Cooking,Hospitality,Experienced Worker,Graduate
Atipuluan,Cookery NC II,23,Female,College Undergraduate,Underemployed,Cooking,Hospitality,New Entrant,Graduate
Balingasag,Bread and Pastry NC II,47,Female,College Graduate,Unemployed,Baking,Hospitality,Returning Learner,Graduate
Tabunan,Cookery NC II,26,Female,Junior High,Unemployed,Cooking,Hospitality,Career Shifter,Dropout
Taloc,Computer Systems Servicing NC II,29,Female,College Undergraduate,Wage Employed,Computer Literacy,ICT,Returning Learner,Graduate
Taloc,Electrical Installation and Maintenance NC II,23,Male,College Undergraduate,Self-employed,Electrical Repair,Transportation,Returning Learner,Graduate
Alianza,Carpentry NC II,45,Male,Senior High,Self-employed,Carpentry,Construction,Experienced Worker,Graduate
Atipuluan,Masonry NC II,37,Male,Elementary Graduate,Unemployed,Masonry,Construction,Career Shifter,Graduate
Bacong,Shielded Metal Arc Welding NC I,33,Male,Senior High,Self-employed,Welding,Construction,Experienced Worker,Graduate
Calumangan,Shielded Metal Arc Welding NC I,19,Female,Junior High,Wage Employed,Welding,Construction,Experienced Worker,Graduate
Dulao,Masonry NC II,32,Male,Senior High,Self-employed,Masonry,Transportation,Experienced Worker,Graduate
Balingasag,Driving NC II,40,Male,Senior High,Self-employed,Driving,Transportation,Experienced Worker,Graduate
Atipuluan,Bread and Pastry NC II,51,Male,College Graduate,Wage Employed,Baking,Hospitality,Returning Learner,Graduate
Sagasa,Bread and Pastry NC II,38,Male,Elementary Graduate,Unemployed,Cooking,Hospitality,New Entrant,Dropout
Caridad,Driving NC II,26,Male,Senior High,Underemployed,Driving,Transportation,Career Shifter,Dropout
Binubuhan,Cookery NC II,35,Female,Junior High,Unemployed,Cooking,Hospitality,Returning Learner,Dropout
Sagasa,Computer Systems Servicing NC II,20,Male,Senior High,Underemployed,Computer Literacy,Construction,Career Shifter,Dropout
Lag-asan,Carpentry NC II,40,Male,Senior High,Underemployed,Carpentry,Construction,New Entrant,Dropout
Poblacion,Driving NC II,36,Male,Senior High,Underemployed,Driving,Transportation,Career Shifter,Graduate
Calumangan,Shielded Metal Arc Welding NC I,38,Male,Senior High,Underemployed,Welding,Construction,Experienced Worker,Graduate
Balingasag,Carpentry NC II,26,Male,Junior High,Underemployed,Carpentry,Construction,Returning Learner,Dropout
Ma-ao,Computer Systems Servicing NC II,22,Male,College Graduate,Underemployed,Computer Literacy,ICT,Experienced Worker,Graduate
Binubuhan,Driving NC II,34,Male,Junior High,Unemployed,Driving,Transportation,Returning Learner,Graduate
Malingin,Bread and Pastry NC II,24,Male,Senior High,Self-employed,Baking,Hospitality,Experienced Worker,Dropout
Calumangan,Masonry NC II,26,Male,Junior High,Unemployed,Masonry,Construction,New Entrant,Graduate
Abuanan,Carpentry NC II,30,Male,Elementary Graduate,Unemployed,Carpentry,Construction,Returning Learner,Graduate
Busay,Cookery NC II,40,Female,Junior High,Wage Employed,Cooking,Hospitality,Career Shifter,Dropout
Malingin,Computer Systems Servicing NC II,20,Female,College Undergraduate,Underemployed,Computer Literacy,ICT,Returning Learner,Dropout
Binubuhan,Electrical Installation and Maintenance NC II,42,Male,Senior High,Wage Employed,Electrical Repair,Construction,Experienced Worker,Dropout
Balingasag,Electrical Installation and Maintenance NC II,21,Male,Senior High,Unemployed,Electrical Repair,Construction,New Entrant,Dropout
Ma-ao,Masonry NC II,23,Female,Junior High,Unemployed,Masonry,Construction,Returning Learner,Dropout
Bacong,Computer Systems Servicing NC II,29,Male,Senior High,Underemployed,Computer Literacy,ICT,Experienced Worker,Graduate
Lag-asan,Masonry NC II,39,Male,College Undergraduate,Unemployed,Masonry,Construction,Experienced Worker,Graduate
Poblacion,Bread and Pastry NC II,36,Female,Junior High,Wage Employed,Baking,Hospitality,Returning Learner,Graduate
Bagroy,Computer Systems Servicing NC II,42,Male,Senior High,Unemployed,Computer Literacy,Hospitality,Returning Learner,Graduate
Lag-asan,Computer Systems Servicing NC II,23,Male,College Graduate,Self-employed,Computer Literacy,ICT,New Entrant,Graduate
Calumangan,Bread and Pastry NC II,25,Male,Senior High,Wage Employed,Carpentry,Construction,Experienced Worker,Graduate
Calumangan,Cookery NC II,27,Female,Senior High,Underemployed,Cooking,Hospitality,Experienced Worker,Graduate
Caridad,Carpentry NC II,40,Male,Senior High,Underemployed,Masonry,Construction,New Entrant,Graduate
Atipuluan,Shielded Metal Arc Welding NC I,23,Male,Junior High,Underemployed,Welding,Hospitality,New Entrant,Dropout
Abuanan,Electrical Installation and Maintenance NC II,34,Male,Elementary Graduate,Unemployed,Electrical Repair,Construction,New Entrant,Dropout
Malingin,Bread and Pastry NC II,33,Male,Junior High,Self-employed,Welding,Construction,Returning Learner,Graduate
Napoles,Shielded Metal Arc Welding NC I,21,Male,Junior High,Unemployed,Welding,Construction,Returning Learner,Dropout
Poblacion,Bread and Pastry NC II,39,Male,Senior High,Underemployed,Baking,Hospitality,New Entrant,Graduate
Poblacion,Bread and Pastry NC II,38,Male,Junior High,Underemployed,Baking,Hospitality,New Entrant,Graduate
Lag-asan,Carpentry NC II,18,Male,Senior High,Underemployed,Carpentry,Construction,New Entrant,Graduate
Mailum,Masonry NC II,37,Female,Junior High,Unemployed,Masonry,Construction,Career Shifter,Dropout
Atipuluan,Bread and Pastry NC II,21,Female,Junior High,Underemployed,Baking,Hospitality,Career Shifter,Graduate
Tabunan,Driving NC II,19,Male,Junior High,Wage Employed,Driving,Transportation,Experienced Worker,Graduate
Dulao,Computer Systems Servicing NC II,22,Male,Elementary Graduate,Self-employed,Driving,Transportation,Career Shifter,Dropout
Atipuluan,Computer Systems Servicing NC II,35,Male,College Undergraduate,Wage Employed,Computer Literacy,ICT,Experienced Worker,Graduate
Bacong,Masonry NC II,40,Male,Junior High,Unemployed,Masonry,Construction,Returning Learner,Graduate
Sagasa,Bread and Pastry NC II,37,Female,Junior High,Underemployed,Baking,Hospitality,New Entrant,Graduate
Lag-asan,Cookery NC II,31,Female,College Undergraduate,Wage Employed,Cooking,Hospitality,Experienced Worker,Graduate
Abuanan,Carpentry NC II,44,Male,College Graduate,Self-employed,Carpentry,ICT,Experienced Worker,Graduate
Bagroy,Carpentry NC II,35,Male,College Undergraduate,Wage Employed,Carpentry,Construction,Experienced Worker,Graduate
Napoles,Cookery NC II,33,Female,Senior High,Unemployed,Cooking,Hospitality,New Entrant,Graduate
Lag-asan,Computer Systems Servicing NC II,49,Male,College Graduate,Wage Employed,Computer Literacy,ICT,New Entrant,Graduate
Taloc,Bread and Pastry NC II,30,Male,Senior High,Wage Employed,Baking,Construction,Experienced Worker,Graduate
Malingin,Bread and Pastry NC II,32,Female,Junior High,Underemployed,Baking,Hospitality,New Entrant,Dropout
Bacong,Bread and Pastry NC II,42,Female,College Undergraduate,Underemployed,Baking,Hospitality,New Entrant,Graduate
Lag-asan,Shielded Metal Arc Welding NC I,21,Male,Junior High,Underemployed,Welding,Construction,Returning Learner,Graduate
Ilijan,Bread and Pastry NC II,32,Male,Elementary Graduate,Underemployed,Baking,Hospitality,Returning Learner,Graduate
Mailum,Masonry NC II,21,Male,Senior High,Self-employed,Electrical Repair,Construction,Career Shifter,Dropout
Abuanan,Cookery NC II,22,Female,Junior High,Wage Employed,Cooking,Hospitality,Experienced Worker,Graduate
Ilijan,Computer Systems Servicing NC II,29,Female,Senior High,Wage Employed,Masonry,Construction,New Entrant,Dropout
Malingin,Electrical Installation and Maintenance NC II,18,Male,Senior High,Wage Employed,Electrical Repair,Construction,Experienced Worker,Dropout
Dulao,Shielded Metal Arc Welding NC I,18,Male,Senior High,Self-employed,Welding,Construction,Career Shifter,Graduate
Abuanan,Cookery NC II,18,Female,Senior High,Underemployed,Cooking,Hospitality,Experienced Worker,Graduate
Poblacion,Electrical Installation and Maintenance NC II,24,Male,Junior High,Unemployed,Electrical Repair,Construction,Career Shifter,Graduate
Binubuhan,Bread and Pastry NC II,31,Female,Junior High,Underemployed,Baking,Hospitality,Returning Learner,Dropout
Binubuhan,Bread and Pastry NC II,43,Female,Senior High,Wage Employed,Baking,Hospitality,Returning Learner,Graduate
Taloc,Carpentry NC II,36,Male,Junior High,Underemployed,Carpentry,Construction,New Entrant,Graduate
Ilijan,Masonry NC II,29,Male,Junior High,Unemployed,Masonry,Construction,New Entrant,Graduate
Taloc,Shielded Metal Arc Welding NC I,37,Male,Senior High,Self-employed,Welding,Construction,Returning Learner,Graduate
Bagroy,Computer Systems Servicing NC II,28,Female,College Graduate,Self-employed,Computer Literacy,ICT,Returning Learner,Dropout
Binubuhan,Driving NC II,30,Male,Junior High,Unemployed,Driving,Transportation,Career Shifter,Graduate
Atipuluan,Bread and Pastry NC II,27,Male,Junior High,Self-employed,Baking,Hospitality,Experienced Worker,Graduate
Atipuluan,Bread and Pastry NC II,39,Male,College Graduate,Self-employed,Baking,Hospitality,New Entrant,Graduate
Ilijan,Cookery NC II,31,Male,Junior High,Underemployed,Cooking,Hospitality,Returning Learner,Graduate
Alianza,Computer Systems Servicing NC II,26,Female,College Graduate,Underemployed,Computer Literacy,ICT,Career Shifter,Graduate
Sagasa,Masonry NC II,27,Female,Junior High,Unemployed,Carpentry,Construction,New Entrant,Graduate
Bacong,Shielded Metal Arc Welding NC I,22,Male,College Undergraduate,Self-employed,Welding,Construction,New Entrant,Graduate
Malingin,Masonry NC II,33,Male,Elementary Graduate,Unemployed,Masonry,Construction,New Entrant,Graduate
Napoles,Driving NC II,28,Male,College Undergraduate,Underemployed,Driving,Transportation,Experienced Worker,Graduate
Poblacion,Carpentry NC II,36,Male,Senior High,Unemployed,Carpentry,Construction,New Entrant,Graduate
Bagroy,Electrical Installation and Maintenance NC II,40,Male,Senior High,Self-employed,Electrical Repair,Construction,Career Shifter,Dropout
Alianza,Masonry NC II,43,Male,Senior High,Underemployed,Masonry,Construction,Experienced Worker,Graduate
Tabunan,Carpentry NC II,42,Male,Junior High,Underemployed,Carpentry,Business,New Entrant,Dropout
Napoles,Carpentry NC II,27,Female,Junior High,Wage Employed,Carpentry,Construction,Experienced Worker,Graduate
Bagroy,Shielded Metal Arc Welding NC I,21,Female,Senior High,Unemployed,Welding,Construction,Returning Learner,Dropout
Taloc,Shielded Metal Arc Welding NC I,44,Male,Senior High,Wage Employed,Welding,Agriculture,New Entrant,Graduate
Poblacion,Cookery NC II,32,Male,College Undergraduate,Unemployed,Cooking,Hospitality,Returning Learner,Graduate
Calumangan,Electrical Installation and Maintenance NC II,25,Male,Elementary Graduate,Self-employed,Electrical Repair,Construction,New Entrant,Graduate
Binubuhan,Driving NC II,25,Male,College Undergraduate,Self-employed,Driving,Transportation,Experienced Worker,Graduate
Abuanan,Cookery NC II,32,Female,Junior High,Unemployed,Cooking,Hospitality,New Entrant,Graduate
Abuanan,Computer Systems Servicing NC II,45,Male,College Undergraduate,Self-employed,Computer Literacy,ICT,Career Shifter,Graduate
Pacol,Computer Systems Servicing NC II,39,Male,Junior High,Unemployed,Computer Literacy,Agriculture,New Entrant,Graduate
Alianza,Shielded Metal Arc Welding NC I,19,Male,Senior High,Underemployed,Welding,Construction,New Entrant,Dropout
Dulao,Carpentry NC II,22,Female,Senior High,Underemployed,Carpentry,Construction,Career Shifter,Graduate
Taloc,Electrical Installation and Maintenance NC II,38,Male,Junior High,Underemployed,Electrical Repair,Construction,New Entrant,Dropout
Abuanan,Masonry NC II,41,Female,Senior High,Unemployed,Welding,Construction,Career Shifter,Dropout
Poblacion,Carpentry NC II,38,Male,Junior High,Wage Employed,Carpentry,Construction,Career Shifter,Dropout
Tabunan,Masonry NC II,31,Male,Senior High,Underemployed,Masonry,Construction,New Entrant,Graduate
Taloc,Computer Systems Servicing NC II,35,Male,Senior High,Self-employed,Computer Literacy,ICT,Returning Learner,Graduate
Pacol,Carpentry NC II,31,Male,Elementary Graduate,Self-employed,Carpentry,Construction,Returning Learner,Graduate
Ilijan,Driving NC II,22,Male,Elementary Graduate,Underemployed,Driving,Agriculture,Career Shifter,Dropout
Balingasag,Electrical Installation and Maintenance NC II,35,Male,Junior High,Unemployed,Electrical Repair,Construction,New Entrant,Graduate
Caridad,Carpentry NC II,32,Male,Junior High,Unemployed,Carpentry,Construction,Experienced Worker,Graduate
Caridad,Computer Systems Servicing NC II,32,Female,Senior High,Self-employed,Computer Literacy,ICT,Experienced Worker,Graduate
Abuanan,Driving NC II,33,Male,College Graduate,Wage Employed,Driving,Construction,Experienced Worker,Graduate
Sagasa,Masonry NC II,28,Female,Senior High,Underemployed,Masonry,Construction,Returning Learner,Graduate
Napoles,Bread and Pastry NC II,20,Male,Elementary Graduate,Unemployed,Baking,Hospitality,Returning Learner,Dropout
Dulao,Cookery NC II,39,Female,Junior High,Unemployed,Driving,Transportation,Returning Learner,Graduate
Abuanan,Computer Systems Servicing NC II,29,Male,Senior High,Wage Employed,Driving,Transportation,New Entrant,Graduate
Atipuluan,Cookery NC II,23,Female,Senior High,Unemployed,Cooking,Hospitality,New Entrant,Graduate
Binubuhan,Shielded Metal Arc Welding NC I,21,Female,Junior High,Unemployed,Welding,Construction,Returning Learner,Dropout
Napoles,Masonry NC II,26,Male,Senior High,Underemployed,Masonry,Construction,Experienced Worker,Graduate
Pacol,Carpentry NC II,30,Male,College Graduate,Wage Employed,Carpentry,ICT,New Entrant,Graduate
Taloc,Shielded Metal Arc Welding NC I,35,Male,Junior High,Self-employed,Welding,Construction,New Entrant,Graduate
Napoles,Computer Systems Servicing NC II,30,Female,College Undergraduate,Self-employed,Computer Literacy,Hospitality,Returning Learner,Graduate
Poblacion,Bread and Pastry NC II,34,Female,Junior High,Wage Employed,Baking,Agriculture,Experienced Worker,Graduate
Balingasag,Driving NC II,22,Female,Senior High,Wage Employed,Driving,Transportation,New Entrant,Graduate
Balingasag,Cookery NC II,29,Female,College Undergraduate,Wage Employed,Cooking,Hospitality,Experienced Worker,Graduate
Tabunan,Electrical Installation and Maintenance NC II,31,Male,Senior High,Underemployed,Electrical Repair,Construction,Career Shifter,Dropout
Malingin,Bread and Pastry NC II,25,Male,Senior High,Underemployed,Electrical Repair,Construction,Career Shifter,Graduate
Poblacion,Carpentry NC II,22,Male,Senior High,Unemployed,Carpentry,Construction,New Entrant,Graduate
Abuanan,Carpentry NC II,44,Male,College Undergraduate,Self-employed,Baking,Construction,New Entrant,Graduate
Atipuluan,Cookery NC II,21,Male,College Undergraduate,Self-employed,Cooking,Hospitality,New Entrant,Graduate
Abuanan,Cookery NC II,25,Female,Senior High,Unemployed,Cooking,Hospitality,Returning Learner,Graduate
Dulao,Carpentry NC II,41,Male,Junior High,Unemployed,Carpentry,Construction,New Entrant,Graduate
Calumangan,Carpentry NC II,33,Male,Senior High,Self-employed,Carpentry,Construction,Returning Learner,Graduate
Lag-asan,Shielded Metal Arc Welding NC I,29,Male,Junior High,Underemployed,Welding,Construction,New Entrant,Dropout
Napoles,Driving NC II,25,Male,Elementary Graduate,Wage Employed,Driving,Transportation,Returning Learner,Graduate
Lag-asan,Masonry NC II,26,Male,Senior High,Unemployed,Masonry,Construction,New Entrant,Graduate
Atipuluan,Cookery NC II,28,Male,Junior High,Unemployed,Cooking,Hospitality,New Entrant,Graduate
Abuanan,Electrical Installation and Maintenance NC II,27,Male,College Undergraduate,Wage Employed,Electrical Repair,Construction,Experienced Worker,Graduate
Ma-ao,Electrical Installation and Maintenance NC II,40,Male,Senior High,Wage Employed,Electrical Repair,Construction,Returning Learner,Dropout
Ma-ao,Computer Systems Servicing NC II,54,Male,College Graduate,Wage Employed,Computer Literacy,ICT,Returning Learner,Dropout
Dulao,Computer Systems Servicing NC II,22,Male,College Undergraduate,Unemployed,Computer Literacy,ICT,Experienced Worker,Graduate
Abuanan,Electrical Installation and Maintenance NC II,34,Male,College Graduate,Self-employed,Carpentry,Construction,New Entrant,Graduate
Ilijan,Driving NC II,21,Male,Senior High,Underemployed,Driving,Transportation,New Entrant,Graduate
Lag-asan,Driving NC II,23,Female,College Graduate,Wage Employed,Computer Literacy,ICT,New Entrant,Graduate
Bagroy,Electrical Installation and Maintenance NC II,46,Female,College Undergraduate,Unemployed,Driving,Transportation,Career Shifter,Dropout
Lag-asan,Carpentry NC II,40,Female,Junior High,Unemployed,Carpentry,Construction,Returning Learner,Graduate
Mailum,Driving NC II,35,Male,Junior High,Unemployed,Driving,Transportation,Returning Learner,Graduate
Lag-asan,Bread and Pastry NC II,48,Male,College Undergraduate,Unemployed,Baking,Hospitality,Career Shifter,Graduate
Atipuluan,Driving NC II,22,Male,Junior High,Unemployed,Driving,Transportation,New Entrant,Graduate
Balingasag,Cookery NC II,34,Male,College Undergraduate,Wage Employed,Cooking,Hospitality,Experienced Worker,Graduate
Malingin,Computer Systems Servicing NC II,35,Female,Senior High,Unemployed,Computer Literacy,ICT,New Entrant,Dropout
Pacol,Shielded Metal Arc Welding NC I,25,Male,College Undergraduate,Underemployed,Welding,Construction,Experienced Worker,Graduate
Atipuluan,Electrical Installation and Maintenance NC II,45,Male,College Graduate,Self-employed,Electrical Repair,Construction,Career Shifter,Graduate
Taloc,Masonry NC II,34,Male,Senior High,Underemployed,Masonry,Construction,Returning Learner,Graduate
Bacong,Electrical Installation and Maintenance NC II,24,Male,Elementary Graduate,Underemployed,Masonry,Construction,Experienced Worker,Graduate
Poblacion,Computer Systems Servicing NC II,34,Female,College Graduate,Underemployed,Computer Literacy,ICT,Returning Learner,Graduate
Poblacion,Masonry NC II,45,Male,College Undergraduate,Self-employed,Masonry,Construction,Career Shifter,Graduate
Mailum,Carpentry NC II,19,Male,Senior High,Wage Employed,Carpentry,Agriculture,Experienced Worker,Dropout
Dulao,Computer Systems Servicing NC II,37,Male,College Graduate,Wage Employed,Computer Literacy,ICT,Experienced Worker,Graduate
Napoles,Carpentry NC II,48,Female,College Graduate,Wage Employed,Electrical Repair,Construction,Returning Learner,Graduate
Atipuluan,Carpentry NC II,36,Male,College Graduate,Underemployed,Carpentry,Construction,Experienced Worker,Graduate
Abuanan,Shielded Metal Arc Welding NC I,23,Female,Senior High,Wage Employed,Welding,Construction,Returning Learner,Graduate
Ma-ao,Electrical Installation and Maintenance NC II,20,Female,Senior High,Self-employed,Computer Literacy,Hospitality,Career Shifter,Dropout
Napoles,Shielded Metal Arc Welding NC I,19,Male,Senior High,Wage Employed,Welding,Construction,Experienced Worker,Graduate
Caridad,Carpentry NC II,38,Male,Elementary Graduate,Unemployed,Carpentry,Construction,Career Shifter,Graduate
Dulao,Masonry NC II,35,Male,College Graduate,Underemployed,Masonry,Construction,Career Shifter,Graduate
Pacol,Driving NC II,39,Male,College Undergraduate,Underemployed,Computer Literacy,ICT,Career Shifter,Dropout
Ma-ao,Driving NC II,36,Male,Elementary Graduate,Underemployed,Driving,Transportation,Career Shifter,Graduate
Abuanan,Bread and Pastry NC II,41,Female,College Graduate,Wage Employed,Computer Literacy,ICT,Career Shifter,Graduate
Alianza,Carpentry NC II,39,Male,Elementary Graduate,Unemployed,Carpentry,Construction,Career Shifter,Graduate
Balingasag,Computer Systems Servicing NC II,32,Male,College Undergraduate,Wage Employed,Computer Literacy,ICT,Experienced Worker,Graduate
Tabunan,Computer Systems Servicing NC II,28,Male,College Undergraduate,Wage Employed,Computer Literacy,ICT,Returning Learner,Dropout
Abuanan,Carpentry NC II,21,Female,Senior High,Underemployed,Baking,Hospitality,Returning Learner,Graduate
Binubuhan,Cookery NC II,31,Female,Junior High,Underemployed,Cooking,Hospitality,New Entrant,Dropout
Lag-asan,Computer Systems Servicing NC II,51,Female,College Graduate,Unemployed,Computer Literacy,ICT,New Entrant,Graduate
Tabunan,Cookery NC II,24,Male,College Undergraduate,Underemployed,Cooking,Hospitality,Career Shifter,Graduate
Abuanan,Cookery NC II,22,Female,College Undergraduate,Self-employed,Cooking,Hospitality,Experienced Worker,Graduate
Atipuluan,Masonry NC II,27,Female,Senior High,Wage Employed,Masonry,Construction,Career Shifter,Graduate
Dulao,Computer Systems Servicing NC II,41,Male,College Undergraduate,Self-employed,Computer Literacy,ICT,Career Shifter,Graduate
Poblacion,Shielded Metal Arc Welding NC I,20,Male,Elementary Graduate,Unemployed,Welding,Construction,New Entrant,Dropout
Dulao,Electrical Installation and Maintenance NC II,48,Male,College Undergraduate,Underemployed,Electrical Repair,Construction,Returning Learner,Dropout
Ma-ao,Computer Systems Servicing NC II,28,Male,College Undergraduate,Self-employed,Computer Literacy,ICT,Experienced Worker,Graduate
Atipuluan,Carpentry NC II,47,Male,College Graduate,Self-employed,Carpentry,Construction,Experienced Worker,Graduate
Abuanan,Driving NC II,20,Male,College Undergraduate,Unemployed,Driving,Transportation,Returning Learner,Graduate
Atipuluan,Carpentry NC II,29,Female,Senior High,Unemployed,Carpentry,Construction,Returning Learner,Graduate
Taloc,Masonry NC II,40,Male,Junior High,Underemployed,Masonry,Construction,New Entrant,Dropout
Taloc,Masonry NC II,38,Female,College Undergraduate,Unemployed,Baking,Hospitality,Experienced Worker,Graduate
Atipuluan,Computer Systems Servicing NC II,19,Male,College Undergraduate,Underemployed,Computer Literacy,ICT,Returning Learner,Graduate
Bacong,Shielded Metal Arc Welding NC I,19,Male,College Undergraduate,Wage Employed,Welding,Construction,Experienced Worker,Graduate
Taloc,Bread and Pastry NC II,36,Female,Senior High,Underemployed,Baking,Hospitality,Returning Learner,Graduate
Malingin,Shielded Metal Arc Welding NC I,19,Female,College Undergraduate,Wage Employed,Computer Literacy,ICT,Career Shifter,Graduate
Binubuhan,Computer Systems Servicing NC II,34,Female,College Undergraduate,Wage Employed,Computer Literacy,ICT,Career Shifter,Dropout
Napoles,Computer Systems Servicing NC II,36,Male,College Graduate,Wage Employed,Computer Literacy,ICT,Experienced Worker,Dropout
Mailum,Bread and Pastry NC II,21,Male,Junior High,Underemployed,Baking,Hospitality,Experienced Worker,Graduate
Calumangan,Bread and Pastry NC II,32,Male,Junior High,Self-employed,Baking,Hospitality,Returning Learner,Graduate
Malingin,Masonry NC II,18,Male,Junior High,Wage Employed,Masonry,Construction,Experienced Worker,Graduate
Taloc,Shielded Metal Arc Welding NC I,28,Male,Senior High,Underemployed,Welding,Construction,Returning Learner,Graduate
Dulao,Shielded Metal Arc Welding NC I,26,Male,Junior High,Unemployed,Welding,Construction,New Entrant,Dropout
Atipuluan,Carpentry NC II,34,Female,Senior High,Self-employed,Carpentry,Construction,Experienced Worker,Graduate
Atipuluan,Carpentry NC II,28,Male,Senior High,Self-employed,Carpentry,Construction,Returning Learner,Graduate
Lag-asan,Carpentry NC II,19,Male,College Undergraduate,Self-employed,Carpentry,Construction,Returning Learner,Graduate
Alianza,Driving NC II,28,Male,Junior High,Underemployed,Driving,Hospitality,New Entrant,Graduate
Abuanan,Masonry NC II,30,Female,Junior High,Underemployed,Masonry,Construction,New Entrant,Graduate
Ma-ao,Bread and Pastry NC II,26,Male,Junior High,Underemployed,Baking,Hospitality,Returning Learner,Graduate
Dulao,Cookery NC II,21,Female,Junior High,Unemployed,Cooking,Hospitality,New Entrant,Graduate
Atipuluan,Driving NC II,22,Male,Junior High,Unemployed,Driving,Transportation,Career Shifter,Graduate
Calumangan,Shielded Metal Arc Welding NC I,31,Male,Junior High,Wage Employed,Masonry,Construction,Career Shifter,Graduate
Atipuluan,Computer Systems Servicing NC II,23,Male,College Graduate,Self-employed,Computer Literacy,ICT,Career Shifter,Graduate
Atipuluan,Computer Systems Servicing NC II,30,Female,Junior High,Unemployed,Driving,Transportation,Career Shifter,Dropout
Taloc,Electrical Installation and Maintenance NC II,34,Male,Senior High,Underemployed,Electrical Repair,Construction,New Entrant,Graduate
Ilijan,Bread and Pastry NC II,20,Male,Elementary Graduate,Underemployed,Baking,Hospitality,Returning Learner,Graduate
Pacol,Computer Systems Servicing NC II,27,Male,College Graduate,Unemployed,Computer Literacy,ICT,Returning Learner,Graduate
Poblacion,Carpentry NC II,36,Male,Elementary Graduate,Underemployed,Carpentry,Construction,New Entrant,Graduate
Tabunan,Shielded Metal Arc Welding NC I,27,Male,Elementary Graduate,Unemployed,Welding,Construction,Experienced Worker,Graduate
Bacong,Bread and Pastry NC II,33,Female,Senior High,Wage Employed,Baking,Hospitality,New Entrant,Graduate
Caridad,Electrical Installation and Maintenance NC II,27,Male,Elementary Graduate,Underemployed,Electrical Repair,Construction,Returning Learner,Graduate
Lag-asan,Computer Systems Servicing NC II,26,Female,Senior High,Underemployed,Computer Literacy,ICT,New Entrant,Graduate
Balingasag,Cookery NC II,21,Male,College Undergraduate,Self-employed,Cooking,ICT,Returning Learner,Graduate
Tabunan,Masonry NC II,41,Male,Senior High,Unemployed,Masonry,Construction,Returning Learner,Graduate
Alianza,Driving NC II,39,Male,Junior High,Unemployed,Driving,Transportation,Returning Learner,Graduate
Pacol,Masonry NC II,30,Male,Senior High,Underemployed,Masonry,Construction,New Entrant,Dropout
Ma-ao,Driving NC II,33,Male,Senior High,Underemployed,Driving,Transportation,Returning Learner,Graduate
Lag-asan,Driving NC II,26,Female,Senior High,Unemployed,Driving,Transportation,Experienced Worker,Graduate
Abuanan,Driving NC II,32,Male,College Undergraduate,Self-employed,Driving,Transportation,Career Shifter,Graduate
Calumangan,Computer Systems Servicing NC II,48,Female,College Graduate,Self-employed,Computer Literacy,ICT,Career Shifter,Dropout
Malingin,Computer Systems Servicing NC II,26,Male,Junior High,Underemployed,Computer Literacy,Agriculture,New Entrant,Graduate
Poblacion,Cookery NC II,23,Male,Junior High,Self-employed,Cooking,Hospitality,Experienced Worker,Dropout
Ma-ao,Electrical Installation and Maintenance NC II,28,Male,Junior High,Underemployed,Electrical Repair,Construction,New Entrant,Graduate
Ma-ao,Shielded Metal Arc Welding NC I,41,Male,Senior High,Unemployed,Masonry,Construction,New Entrant,Dropout
Alianza,Masonry NC II,21,Male,Elementary Graduate,Unemployed,Masonry,Agriculture,Returning Learner,Dropout
Bacong,Masonry NC II,25,Male,Elementary Graduate,Underemployed,Masonry,Construction,Returning Learner,Graduate
Mailum,Shielded Metal Arc Welding NC I,26,Male,Senior High,Unemployed,Welding,Construction,Career Shifter,Graduate
Bagroy,Cookery NC II,31,Female,Senior High,Unemployed,Cooking,Hospitality,Experienced Worker,Graduate
Balingasag,Shielded Metal Arc Welding NC I,31,Male,College Graduate,Underemployed,Welding,Transportation,New Entrant,Graduate
Ma-ao,Cookery NC II,39,Female,Senior High,Self-employed,Cooking,Hospitality,Experienced Worker,Graduate
Napoles,Bread and Pastry NC II,35,Female,Junior High,Self-employed,Computer Literacy,Business,Career Shifter,Graduate
Poblacion,Masonry NC II,29,Male,Junior High,Underemployed,Electrical Repair,Construction,Career Shifter,Dropout
Napoles,Computer Systems Servicing NC II,23,Female,Elementary Graduate,Unemployed,Computer Literacy,Construction,Returning Learner,Graduate
Malingin,Carpentry NC II,44,Male,College Graduate,Underemployed,Carpentry,Construction,New Entrant,Graduate
Mailum,Computer Systems Servicing NC II,20,Male,College Undergraduate,Wage Employed,Computer Literacy,ICT,Experienced Worker,Dropout
Ma-ao,Masonry NC II,27,Male,Senior High,Underemployed,Masonry,Construction,New Entrant,Dropout
Lag-asan,Masonry NC II,47,Male,College Undergraduate,Underemployed,Masonry,Construction,New Entrant,Graduate
Sagasa,Electrical Installation and Maintenance NC II,18,Male,Junior High,Unemployed,Electrical Repair,Construction,Returning Learner,Dropout
Atipuluan,Carpentry NC II,51,Male,College Graduate,Self-employed,Carpentry,Construction,Experienced Worker,Graduate
Poblacion,Driving NC II,25,Male,Senior High,Unemployed,Driving,Transportation,New Entrant,Dropout
Ma-ao,Driving NC II,30,Male,Junior High,Unemployed,Driving,Transportation,New Entrant,Graduate
Abuanan,Carpentry NC II,22,Male,Junior High,Underemployed,Carpentry,Construction,New Entrant,Graduate
Malingin,Driving NC II,50,Male,College Graduate,Unemployed,Driving,Transportation,Returning Learner,Dropout
Poblacion,Electrical Installation and Maintenance NC II,32,Female,College Graduate,Unemployed,Electrical Repair,Business,Returning Learner,Graduate
Bagroy,Carpentry NC II,20,Male,Junior High,Unemployed,Carpentry,Construction,New Entrant,Dropout
Caridad,Driving NC II,22,Male,Junior High,Unemployed,Driving,Construction,Career Shifter,Dropout
Calumangan,Electrical Installation and Maintenance NC II,38,Male,College Graduate,Wage Employed,Electrical Repair,Construction,Experienced Worker,Graduate
Atipuluan,Shielded Metal Arc Welding NC I,26,Male,Junior High,Unemployed,Welding,Construction,Experienced Worker,Graduate
Ma-ao,Electrical Installation and Maintenance NC II,28,Male,College Undergraduate,Wage Employed,Electrical Repair,Construction,Returning Learner,Dropout
Abuanan,Carpentry NC II,34,Male,Junior High,Underemployed,Carpentry,Construction,Returning Learner,Graduate
Calumangan,Masonry NC II,35,Female,Junior High,Underemployed,Masonry,Construction,New Entrant,Graduate
Dulao,Driving NC II,32,Male,Senior High,Unemployed,Driving,Transportation,Experienced Worker,Graduate
Caridad,Carpentry NC II,27,Female,Elementary Graduate,Underemployed,Carpentry,Construction,Experienced Worker,Graduate
Ma-ao,Driving NC II,21,Male,Junior High,Unemployed,Driving,Hospitality,Returning Learner,Dropout
Mailum,Driving NC II,36,Female,Junior High,Unemployed,Electrical Repair,Agriculture,Career Shifter,Dropout
Pacol,Carpentry NC II,18,Male,Senior High,Underemployed,Carpentry,Construction,New Entrant,Graduate
Lag-asan,Electrical Installation and Maintenance NC II,29,Male,Senior High,Underemployed,Electrical Repair,Construction,Career Shifter,Graduate
Balingasag,Carpentry NC II,30,Male,Senior High,Unemployed,Carpentry,Construction,Experienced Worker,Graduate
Malingin,Electrical Installation and Maintenance NC II,24,Male,Senior High,Unemployed,Electrical Repair,Construction,Experienced Worker,Graduate
Poblacion,Driving NC II,27,Male,Senior High,Unemployed,Driving,Transportation,Returning Learner,Graduate
Poblacion,Carpentry NC II,26,Male,Senior High,Self-employed,Carpentry,Construction,Experienced Worker,Graduate
Calumangan,Carpentry NC II,37,Male,Elementary Graduate,Self-employed,Masonry,Construction,New Entrant,Graduate
Atipuluan,Electrical Installation and Maintenance NC II,25,Male,Junior High,Self-employed,Electrical Repair,Construction,Experienced Worker,Graduate
Taloc,Driving NC II,40,Male,Senior High,Underemployed,Driving,Transportation,Experienced Worker,Graduate
Pacol,Computer Systems Servicing NC II,45,Male,College Graduate,Unemployed,Computer Literacy,ICT,New Entrant,Graduate
Alianza,Electrical Installation and Maintenance NC II,30,Male,Junior High,Unemployed,Electrical Repair,Construction,New Entrant,Dropout
Poblacion,Cookery NC II,33,Female,Senior High,Wage Employed,Cooking,Construction,Returning Learner,Graduate
Bacong,Masonry NC II,39,Male,Junior High,Unemployed,Masonry,Construction,New Entrant,Dropout
Ma-ao,Driving NC II,48,Male,College Undergraduate,Self-employed,Driving,Transportation,Career Shifter,Dropout
Lag-asan,Cookery NC II,40,Female,Senior High,Unemployed,Cooking,Hospitality,New Entrant,Graduate
Tabunan,Computer Systems Servicing NC II,22,Male,College Undergraduate,Underemployed,Computer Literacy,ICT,New Entrant,Dropout
Atipuluan,Cookery NC II,35,Male,Junior High,Self-employed,Driving,Transportation,Career Shifter,Dropout
Taloc,Cookery NC II,37,Female,Junior High,Unemployed,Cooking,Construction,Career Shifter,Graduate
Calumangan,Masonry NC II,36,Male,Senior High,Unemployed,Masonry,Transportation,Returning Learner,Dropout
Mailum,Computer Systems Servicing NC II,19,Male,Junior High,Wage Employed,Computer Literacy,ICT,Returning Learner,Dropout
Lag-asan,Driving NC II,37,Male,College Undergraduate,Wage Employed,Driving,Transportation,Career Shifter,Dropout
Abuanan,Electrical Installation and Maintenance NC II,37,Female,Senior High,Unemployed,Electrical Repair,ICT,Experienced Worker,Graduate
Atipuluan,Computer Systems Servicing NC II,35,Female,College Graduate,Wage Employed,Computer Literacy,ICT,New Entrant,Graduate
Abuanan,Shielded Metal Arc Welding NC I,22,Male,Junior High,Underemployed,Welding,Construction,New Entrant,Graduate
Poblacion,Computer Systems Servicing NC II,31,Male,College Graduate,Self-employed,Computer Literacy,ICT,Returning Learner,Graduate
Lag-asan,Electrical Installation and Maintenance NC II,27,Female,Senior High,Wage Employed,Electrical Repair,Construction,Experienced Worker,Graduate
Atipuluan,Cookery NC II,35,Male,Senior High,Unemployed,Cooking,Hospitality,Career Shifter,Graduate
Bagroy,Computer Systems Servicing NC II,24,Male,Elementary Graduate,Unemployed,Computer Literacy,ICT,New Entrant,Graduate
Bagroy,Electrical Installation and Maintenance NC II,40,Male,Senior High,Underemployed,Electrical Repair,Construction,New Entrant,Graduate
Ma-ao,Cookery NC II,28,Female,Junior High,Unemployed,Cooking,Hospitality,New Entrant,Dropout
Poblacion,Masonry NC II,28,Male,Senior High,Underemployed,Carpentry,Construction,New Entrant,Graduate
Lag-asan,Driving NC II,33,Male,Junior High,Unemployed,Driving,Transportation,New Entrant,Graduate
Caridad,Computer Systems Servicing NC II,26,Male,Junior High,Wage Employed,Computer Literacy,ICT,New Entrant,Graduate
Dulao,Shielded Metal Arc Welding NC I,28,Male,Junior High,Unemployed,Welding,Construction,Returning Learner,Graduate
Napoles,Driving NC II,39,Male,Senior High,Underemployed,Driving,Transportation,Returning Learner,Graduate
Binubuhan,Cookery NC II,22,Female,Junior High,Underemployed,Cooking,Business,Experienced Worker,Graduate
Lag-asan,Driving NC II,24,Male,Junior High,Unemployed,Driving,Transportation,Career Shifter,Dropout
Caridad,Carpentry NC II,21,Male,Senior High,Unemployed,Carpentry,Construction,New Entrant,Graduate
Bagroy,Computer Systems Servicing NC II,26,Male,Junior High,Unemployed,Computer Literacy,ICT,Career Shifter,Dropout
Dulao,Shielded Metal Arc Welding NC I,30,Female,College Undergraduate,Self-employed,Welding,Construction,Experienced Worker,Graduate
Ma-ao,Electrical Installation and Maintenance NC II,30,Female,Junior High,Wage Employed,Cooking,Hospitality,Career Shifter,Graduate
Dulao,Driving NC II,42,Male,College Undergraduate,Self-employed,Driving,Transportation,Experienced Worker,Graduate
Malingin,Carpentry NC II,25,Male,Junior High,Underemployed,Carpentry,Construction,Career Shifter,Dropout
Taloc,Carpentry NC II,37,Male,Junior High,Unemployed,Carpentry,Construction,New Entrant,Graduate
Binubuhan,Shielded Metal Arc Welding NC I,29,Male,Junior High,Unemployed,Welding,Construction,Returning Learner,Dropout
Bagroy,Shielded Metal Arc Welding NC I,30,Male,Junior High,Underemployed,Welding,Construction,New Entrant,Dropout
Bacong,Computer Systems Servicing NC II,28,Female,College Undergraduate,Wage Employed,Computer Literacy,ICT,Career Shifter,Graduate
Ma-ao,Driving NC II,21,Female,College Undergraduate,Underemployed,Driving,Transportation,New Entrant,Dropout
Lag-asan,Electrical Installation and Maintenance NC II,36,Male,Elementary Graduate,Underemployed,Electrical Repair,Construction,Returning Learner,Dropout
Bagroy,Cookery NC II,35,Female,Junior High,Underemployed,Cooking,Hospitality,New Entrant,Dropout
Malingin,Cookery NC II,39,Female,Elementary Graduate,Unemployed,Cooking,Hospitality,Returning Learner,Dropout
Abuanan,Cookery NC II,23,Female,Senior High,Wage Employed,Carpentry,Construction,Returning Learner,Graduate
Taloc,Bread and Pastry NC II,38,Male,Junior High,Unemployed,Baking,Hospitality,Career Shifter,Dropout
Ilijan,Electrical Installation and Maintenance NC II,43,Male,Senior High,Unemployed,Electrical Repair,Construction,New Entrant,Dropout
Caridad,Bread and Pastry NC II,30,Male,Junior High,Unemployed,Baking,Hospitality,New Entrant,Dropout
Abuanan,Driving NC II,25,Female,Junior High,Unemployed,Driving,Transportation,Experienced Worker,Graduate
Calumangan,Driving NC II,40,Male,Elementary Graduate,Underemployed,Driving,Business,New Entrant,Graduate
Balingasag,Masonry NC II,36,Female,Senior High,Underemployed,Masonry,Construction,Returning Learner,Graduate
Ilijan,Electrical Installation and Maintenance NC II,33,Male,Junior High,Underemployed,Electrical Repair,Construction,New Entrant,Dropout
Ma-ao,Computer Systems Servicing NC II,24,Male,College Undergraduate,Underemployed,Computer Literacy,ICT,New Entrant,Dropout
Dulao,Driving NC II,23,Male,Elementary Graduate,Underemployed,Driving,Transportation,Returning Learner,Dropout
Napoles,Carpentry NC II,19,Female,College Undergraduate,Self-employed,Carpentry,Construction,Experienced Worker,Graduate
Atipuluan,Bread and Pastry NC II,30,Male,College Undergraduate,Underemployed,Cooking,Hospitality,Career Shifter,Graduate
Abuanan,Driving NC II,29,Male,Elementary Graduate,Unemployed,Driving,Transportation,Returning Learner,Dropout
Lag-asan,Masonry NC II,39,Male,College Undergraduate,Self-employed,Masonry,Construction,Experienced Worker,Graduate
Bagroy,Carpentry NC II,21,Male,Junior High,Underemployed,Carpentry,Construction,New Entrant,Dropout
Busay,Cookery NC II,28,Female,Junior High,Underemployed,Cooking,Hospitality,New Entrant,Graduate
Alianza,Carpentry NC II,18,Male,Senior High,Unemployed,Carpentry,Construction,New Entrant,Graduate
Taloc,Masonry NC II,25,Male,Junior High,Unemployed,Masonry,Construction,New Entrant,Dropout
Lag-asan,Shielded Metal Arc Welding NC I,18,Male,Senior High,Wage Employed,Welding,Construction,Experienced Worker,Graduate
Alianza,Computer Systems Servicing NC II,23,Female,Senior High,Underemployed,Computer Literacy,ICT,New Entrant,Graduate
Taloc,Cookery NC II,26,Male,Senior High,Wage Employed,Cooking,Hospitality,Returning Learner,Graduate
Napoles,Shielded Metal Arc Welding NC I,18,Female,Junior High,Unemployed,Welding,Construction,Experienced Worker,Dropout
Bacong,Driving NC II,43,Female,Senior High,Self-employed,Baking,Hospitality,Returning Learner,Graduate
Malingin,Electrical Installation and Maintenance NC II,36,Male,Senior High,Self-employed,Electrical Repair,Construction,Returning Learner,Dropout
Malingin,Driving NC II,51,Male,College Graduate,Self-employed,Driving,Transportation,New Entrant,Dropout
Taloc,Shielded Metal Arc Welding NC I,18,Female,Senior High,Unemployed,Cooking,Hospitality,Career Shifter,Graduate
Napoles,Computer Systems Servicing NC II,24,Female,College Graduate,Underemployed,Computer Literacy,ICT,Returning Learner,Graduate
Busay,Driving NC II,24,Male,Senior High,Underemployed,Driving,Transportation,Experienced Worker,Graduate
Balingasag,Shielded Metal Arc Welding NC I,26,Male,Elementary Graduate,Unemployed,Welding,Construction,Career Shifter,Dropout
Abuanan,Carpentry NC II,41,Male,College Undergraduate,Underemployed,Carpentry,Construction,Career Shifter,Graduate
Atipuluan,Bread and Pastry NC II,35,Female,Junior High,Self-employed,Baking,Hospitality,Experienced Worker,Graduate
Ilijan,Driving NC II,32,Male,Junior High,Self-employed,Driving,Transportation,Returning Learner,Graduate
Abuanan,Computer Systems Servicing NC II,39,Male,College Undergraduate,Self-employed,Computer Literacy,ICT,Returning Learner,Graduate
Atipuluan,Electrical Installation and Maintenance NC II,32,Male,Senior High,Underemployed,Electrical Repair,Construction,Returning Learner,Graduate
Bagroy,Masonry NC II,43,Male,Senior High,Self-employed,Masonry,Construction,Experienced Worker,Dropout
Calumangan,Driving NC II,19,Male,Elementary Graduate,Self-employed,Driving,Transportation,Returning Learner,Graduate
Taloc,Electrical Installation and Maintenance NC II,20,Male,Junior High,Self-employed,Electrical Repair,Construction,Experienced Worker,Dropout
Dulao,Carpentry NC II,27,Male,Senior High,Underemployed,Masonry,Construction,New Entrant,Graduate
Lag-asan,Electrical Installation and Maintenance NC II,39,Male,Senior High,Wage Employed,Electrical Repair,Construction,Experienced Worker,Graduate
Ilijan,Shielded Metal Arc Welding NC I,41,Male,Senior High,Underemployed,Driving,Hospitality,New Entrant,Dropout
Busay,Masonry NC II,49,Male,College Graduate,Wage Employed,Masonry,ICT,New Entrant,Graduate
Poblacion,Masonry NC II,38,Male,Elementary Graduate,Self-employed,Masonry,Construction,Returning Learner,Graduate
Atipuluan,Driving NC II,31,Male,Junior High,Wage Employed,Driving,Transportation,Career Shifter,Graduate
Poblacion,Electrical Installation and Maintenance NC II,19,Male,Junior High,Unemployed,Electrical Repair,Construction,New Entrant,Graduate
Taloc,Driving NC II,25,Male,Elementary Graduate,Underemployed,Driving,Business,New Entrant,Graduate
Abuanan,Electrical Installation and Maintenance NC II,40,Male,College Undergraduate,Wage Employed,Electrical Repair,Construction,New Entrant,Graduate
Balingasag,Shielded Metal Arc Welding NC I,19,Male,Elementary Graduate,Underemployed,Masonry,Construction,Career Shifter,Dropout
Taloc,Electrical Installation and Maintenance NC II,34,Male,Elementary Graduate,Underemployed,Electrical Repair,Construction,New Entrant,Graduate
Dulao,Cookery NC II,42,Male,Junior High,Self-employed,Cooking,Hospitality,Experienced Worker,Dropout
Napoles,Computer Systems Servicing NC II,42,Male,Senior High,Unemployed,Computer Literacy,ICT,New Entrant,Graduate
Caridad,Driving NC II,22,Female,Junior High,Underemployed,Driving,Transportation,Career Shifter,Graduate
Taloc,Driving NC II,24,Female,Senior High,Self-employed,Driving,Transportation,Returning Learner,Graduate
Atipuluan,Cookery NC II,41,Male,Senior High,Wage Employed,Cooking,Hospitality,New Entrant,Graduate
Bacong,Shielded Metal Arc Welding NC I,26,Male,Elementary Graduate,Underemployed,Welding,Construction,Returning Learner,Graduate
Ma-ao,Bread and Pastry NC II,18,Male,Senior High,Unemployed,Baking,Hospitality,Returning Learner,Dropout
Taloc,Masonry NC II,37,Female,College Graduate,Self-employed,Masonry,Construction,Experienced Worker,Graduate
Ma-ao,Shielded Metal Arc Welding NC I,38,Male,College Undergraduate,Self-employed,Welding,ICT,Experienced Worker,Dropout
Dulao,Computer Systems Servicing NC II,24,Female,College Undergraduate,Underemployed,Computer Literacy,ICT,New Entrant,Graduate
Caridad,Electrical Installation and Maintenance NC II,20,Male,Senior High,Wage Employed,Electrical Repair,Construction,Returning Learner,Dropout
Taloc,Electrical Installation and Maintenance NC II,32,Male,Senior High,Underemployed,Electrical Repair,Construction,New Entrant,Dropout
Taloc,Cookery NC II,30,Female,College Undergraduate,Underemployed,Electrical Repair,Construction,New Entrant,Graduate
Ma-ao,Electrical Installation and Maintenance NC II,39,Male,Elementary Graduate,Underemployed,Electrical Repair,Construction,Returning Learner,Graduate
Tabunan,Masonry NC II,28,Male,Senior High,Underemployed,Masonry,Construction,Career Shifter,Dropout
Caridad,Electrical Installation and Maintenance NC II,30,Female,Junior High,Self-employed,Electrical Repair,Construction,Experienced Worker,Graduate
Tabunan,Masonry NC II,40,Male,Senior High,Self-employed,Masonry,Construction,Experienced Worker,Dropout
Balingasag,Masonry NC II,34,Male,College Undergraduate,Underemployed,Computer Literacy,ICT,Experienced Worker,Graduate
Poblacion,Masonry NC II,31,Male,Senior High,Underemployed,Masonry,Construction,Returning Learner,Graduate
Atipuluan,Shielded Metal Arc Welding NC I,43,Male,College Undergraduate,Unemployed,Welding,Construction,Returning Learner,Dropout
Sagasa,Carpentry NC II,36,Male,Junior High,Unemployed,Carpentry,Construction,New Entrant,Dropout
Abuanan,Carpentry NC II,38,Male,Elementary Graduate,Wage Employed,Cooking,Hospitality,New Entrant,Graduate
Atipuluan,Shielded Metal Arc Welding NC I,43,Female,Senior High,Unemployed,Welding,Construction,Career Shifter,Graduate
Taloc,Driving NC II,31,Female,Senior High,Underemployed,Driving,Transportation,Career Shifter,Graduate
Napoles,Shielded Metal Arc Welding NC I,40,Male,Senior High,Self-employed,Welding,Construction,Returning Learner,Graduate
Atipuluan,Carpentry NC II,35,Male,Senior High,Self-employed,Carpentry,Construction,Experienced Worker,Graduate
Poblacion,Bread and Pastry NC II,23,Female,Senior High,Self-employed,Baking,Hospitality,Experienced Worker,Graduate
Alianza,Shielded Metal Arc Welding NC I,40,Male,College Undergraduate,Unemployed,Welding,Construction,New Entrant,Graduate
Caridad,Carpentry NC II,18,Female,Senior High,Unemployed,Cooking,Hospitality,Career Shifter,Dropout
Alianza,Electrical Installation and Maintenance NC II,29,Female,Junior High,Wage Employed,Electrical Repair,Construction,Experienced Worker,Graduate
Calumangan,Carpentry NC II,21,Male,Junior High,Unemployed,Carpentry,Construction,Returning Learner,Graduate
Abuanan,Carpentry NC II,34,Male,College Graduate,Underemployed,Carpentry,Construction,New Entrant,Graduate
Poblacion,Driving NC II,26,Male,Junior High,Self-employed,Driving,Transportation,Experienced Worker,Graduate
Abuanan,Computer Systems Servicing NC II,32,Female,College Graduate,Underemployed,Computer Literacy,ICT,Career Shifter,Dropout
Atipuluan,Driving NC II,34,Male,Senior High,Wage Employed,Driving,Transportation,New Entrant,Graduate
Pacol,Driving NC II,25,Male,Senior High,Wage Employed,Driving,Transportation,Experienced Worker,Graduate
Atipuluan,Bread and Pastry NC II,41,Male,College Undergraduate,Underemployed,Baking,Hospitality,Returning Learner,Graduate
Abuanan,Bread and Pastry NC II,20,Male,Senior High,Wage Employed,Baking,Hospitality,Experienced Worker,Graduate
Poblacion,Masonry NC II,24,Female,Junior High,Underemployed,Masonry,Construction,New Entrant,Graduate
Ma-ao,Bread and Pastry NC II,31,Male,Junior High,Underemployed,Baking,Hospitality,New Entrant,Graduate
Malingin,Driving NC II,35,Male,College Undergraduate,Wage Employed,Driving,Transportation,Experienced Worker,Graduate
Atipuluan,Computer Systems Servicing NC II,35,Male,Senior High,Unemployed,Computer Literacy,ICT,Career Shifter,Graduate
Caridad,Cookery NC II,45,Male,College Undergraduate,Underemployed,Cooking,Hospitality,Returning Learner,Graduate
Napoles,Masonry NC II,24,Male,Senior High,Underemployed,Masonry,Construction,Career Shifter,Graduate
Mailum,Shielded Metal Arc Welding NC I,36,Male,Elementary Graduate,Wage Employed,Welding,Construction,Returning Learner,Graduate
Abuanan,Cookery NC II,31,Male,College Graduate,Underemployed,Cooking,Hospitality,Returning Learner,Graduate
Napoles,Cookery NC II,24,Male,Junior High,Self-employed,Cooking,Hospitality,Experienced Worker,Graduate
Pacol,Computer Systems Servicing NC II,55,Male,College Graduate,Self-employed,Computer Literacy,ICT,Experienced Worker,Graduate
Ma-ao,Masonry NC II,32,Male,Senior High,Underemployed,Masonry,Construction,Career Shifter,Graduate
Malingin,Driving NC II,40,Male,College Undergraduate,Self-employed,Driving,Transportation,Career Shifter,Graduate
Ma-ao,Masonry NC II,30,Male,Senior High,Self-employed,Masonry,Business,Returning Learner,Dropout
Poblacion,Shielded Metal Arc Welding NC I,19,Male,Junior High,Unemployed,Welding,Construction,New Entrant,Dropout
Sagasa,Bread and Pastry NC II,31,Female,Elementary Graduate,Self-employed,Baking,Hospitality,Career Shifter,Dropout
Bagroy,Bread and Pastry NC II,38,Male,College Undergraduate,Underemployed,Baking,Hospitality,New Entrant,Graduate
Ma-ao,Computer Systems Servicing NC II,39,Female,Senior High,Self-employed,Computer Literacy,ICT,Returning Learner,Graduate
Abuanan,Computer Systems Servicing NC II,49,Male,College Graduate,Unemployed,Computer Literacy,ICT,Experienced Worker,Graduate
Caridad,Shielded Metal Arc Welding NC I,25,Male,Junior High,Wage Employed,Welding,Construction,Experienced Worker,Graduate
Ilijan,Shielded Metal Arc Welding NC I,26,Male,Senior High,Unemployed,Welding,Construction,New Entrant,Graduate
Caridad,Carpentry NC II,39,Male,Senior High,Self-employed,Carpentry,Construction,Experienced Worker,Graduate
Sagasa,Computer Systems Servicing NC II,42,Male,College Undergraduate,Wage Employed,Computer Literacy,ICT,Career Shifter,Dropout
Lag-asan,Driving NC II,18,Male,Senior High,Self-employed,Driving,Transportation,Experienced Worker,Graduate
Alianza,Cookery NC II,35,Male,College Graduate,Wage Employed,Cooking,Hospitality,Experienced Worker,Graduate
Calumangan,Driving NC II,34,Male,Elementary Graduate,Underemployed,Driving,Transportation,New Entrant,Graduate
Poblacion,Electrical Installation and Maintenance NC II,30,Female,Senior High,Unemployed,Electrical Repair,Construction,New Entrant,Graduate
Atipuluan,Bread and Pastry NC II,38,Male,College Graduate,Underemployed,Computer Literacy,ICT,New Entrant,Graduate
Dulao,Electrical Installation and Maintenance NC II,28,Male,College Graduate,Underemployed,Electrical Repair,Construction,Experienced Worker,Graduate
Dulao,Shielded Metal Arc Welding NC I,24,Male,Junior High,Unemployed,Welding,Construction,New Entrant,Graduate
Calumangan,Cookery NC II,24,Female,Junior High,Underemployed,Cooking,Hospitality,New Entrant,Dropout
Ma-ao,Computer Systems Servicing NC II,23,Female,Senior High,Self-employed,Computer Literacy,ICT,Experienced Worker,Graduate
Calumangan,Driving NC II,33,Male,College Undergraduate,Underemployed,Driving,Transportation,New Entrant,Graduate
Dulao,Shielded Metal Arc Welding NC I,23,Male,Senior High,Self-employed,Welding,Construction,Experienced Worker,Graduate
Bacong,Carpentry NC II,28,Female,Senior High,Wage Employed,Carpentry,Business,Experienced Worker,Graduate
Abuanan,Carpentry NC II,19,Male,Junior High,Self-employed,Carpentry,Construction,Experienced Worker,Graduate
Calumangan,Electrical Installation and Maintenance NC II,18,Male,Junior High,Unemployed,Electrical Repair,Construction,New Entrant,Graduate
Sagasa,Shielded Metal Arc Welding NC I,31,Male,Junior High,Unemployed,Welding,Construction,New Entrant,Dropout
Caridad,Driving NC II,36,Male,Junior High,Self-employed,Driving,Transportation,Experienced Worker,Graduate
Sagasa,Carpentry NC II,36,Male,Elementary Graduate,Self-employed,Carpentry,Construction,Experienced Worker,Dropout
Calumangan,Shielded Metal Arc Welding NC I,39,Female,Senior High,Underemployed,Welding,Construction,Returning Learner,Dropout
Sagasa,Shielded Metal Arc Welding NC I,30,Female,Senior High,Self-employed,Welding,Construction,Experienced Worker,Graduate
Atipuluan,Masonry NC II,47,Male,College Graduate,Wage Employed,Masonry,Construction,New Entrant,Dropout
Taloc,Driving NC II,41,Male,Senior High,Self-employed,Driving,Transportation,Experienced Worker,Graduate
Calumangan,Masonry NC II,18,Male,Junior High,Underemployed,Masonry,Construction,Career Shifter,Dropout
Lag-asan,Computer Systems Servicing NC II,41,Male,College Graduate,Wage Employed,Computer Literacy,ICT,Returning Learner,Graduate
Abuanan,Computer Systems Servicing NC II,35,Male,College Undergraduate,Underemployed,Computer Literacy,ICT,Experienced Worker,Graduate
Pacol,Electrical Installation and Maintenance NC II,27,Male,Senior High,Unemployed,Electrical Repair,Construction,Experienced Worker,Dropout
Taloc,Electrical Installation and Maintenance NC II,38,Male,Elementary Graduate,Unemployed,Electrical Repair,Construction,Career Shifter,Graduate
Binubuhan,Cookery NC II,35,Male,Senior High,Unemployed,Cooking,Hospitality,New Entrant,Graduate
Atipuluan,Bread and Pastry NC II,40,Female,Senior High,Self-employed,Baking,Hospitality,Returning Learner,Graduate
Atipuluan,Masonry NC II,31,Male,Senior High,Self-employed,Masonry,Transportation,Career Shifter,Graduate
Atipuluan,Driving NC II,23,Male,Junior High,Underemployed,Driving,Transportation,Career Shifter,Graduate
Caridad,Shielded Metal Arc Welding NC I,44,Male,College Undergraduate,Self-employed,Welding,Construction,Experienced Worker,Graduate
Taloc,Cookery NC II,22,Female,College Undergraduate,Self-employed,Cooking,Hospitality,Experienced Worker,Graduate
Pacol,Carpentry NC II,34,Male,Senior High,Wage Employed,Carpentry,Construction,Experienced Worker,Graduate
Alianza,Electrical Installation and Maintenance NC II,25,Male,Senior High,Underemployed,Electrical Repair,Construction,Experienced Worker,Graduate
Ilijan,Electrical Installation and Maintenance NC II,35,Male,Elementary Graduate,Self-employed,Electrical Repair,Construction,New Entrant,Dropout
Abuanan,Driving NC II,26,Male,Senior High,Underemployed,Driving,Transportation,Experienced Worker,Graduate
Bagroy,Cookery NC II,39,Female,Elementary Graduate,Unemployed,Cooking,Hospitality,New Entrant,Graduate
Calumangan,Shielded Metal Arc Welding NC I,39,Male,Elementary Graduate,Self-employed,Welding,Construction,Returning Learner,Dropout
Bagroy,Shielded Metal Arc Welding NC I,40,Male,Junior High,Unemployed,Welding,Construction,Career Shifter,Dropout
Bacong,Driving NC II,38,Male,Elementary Graduate,Underemployed,Masonry,Construction,Returning Learner,Graduate
Balingasag,Electrical Installation and Maintenance NC II,19,Male,Junior High,Underemployed,Electrical Repair,Construction,New Entrant,Dropout
Poblacion,Driving NC II,45,Male,College Undergraduate,Underemployed,Driving,Transportation,New Entrant,Graduate
Sagasa,Cookery NC II,33,Male,Senior High,Underemployed,Welding,Construction,New Entrant,Graduate
Caridad,Masonry NC II,40,Male,Junior High,Underemployed,Masonry,Construction,Career Shifter,Dropout
Taloc,Carpentry NC II,32,Female,Senior High,Self-employed,Carpentry,Construction,Experienced Worker,Dropout
Calumangan,Electrical Installation and Maintenance NC II,25,Male,Senior High,Underemployed,Electrical Repair,Construction,Career Shifter,Graduate
Balingasag,Bread and Pastry NC II,44,Female,College Undergraduate,Wage Employed,Baking,Hospitality,Returning Learner,Graduate
Napoles,Electrical Installation and Maintenance NC II,37,Male,College Undergraduate,Unemployed,Electrical Repair,Construction,Career Shifter,Graduate
Alianza,Driving NC II,27,Male,College Undergraduate,Underemployed,Driving,Transportation,Returning Learner,Graduate
Bagroy,Electrical Installation and Maintenance NC II,31,Male,Elementary Graduate,Unemployed,Electrical Repair,Construction,New Entrant,Dropout
Dulao,Masonry NC II,41,Male,Senior High,Wage Employed,Masonry,Hospitality,Experienced Worker,Graduate
Poblacion,Driving NC II,43,Male,College Undergraduate,Underemployed,Driving,Transportation,New Entrant,Graduate
Napoles,Bread and Pastry NC II,29,Female,Senior High,Wage Employed,Baking,Construction,Experienced Worker,Graduate
Poblacion,Shielded Metal Arc Welding NC I,21,Male,Junior High,Unemployed,Welding,Construction,Returning Learner,Dropout
Sagasa,Masonry NC II,55,Male,College Graduate,Wage Employed,Masonry,ICT,Experienced Worker,Graduate
Balingasag,Electrical Installation and Maintenance NC II,45,Male,College Undergraduate,Self-employed,Electrical Repair,Construction,Experienced Worker,Graduate
Bacong,Masonry NC II,27,Male,Elementary Graduate,Underemployed,Computer Literacy,ICT,New Entrant,Graduate
Taloc,Computer Systems Servicing NC II,21,Male,College Undergraduate,Underemployed,Computer Literacy,ICT,Experienced Worker,Dropout
Napoles,Computer Systems Servicing NC II,45,Male,College Undergraduate,Self-employed,Computer Literacy,ICT,Experienced Worker,Graduate
Balingasag,Masonry NC II,37,Male,Senior High,Wage Employed,Masonry,Construction,Experienced Worker,Graduate
Bagroy,Masonry NC II,45,Male,Senior High,Wage Employed,Masonry,Construction,Experienced Worker,Graduate
Taloc,Computer Systems Servicing NC II,26,Male,College Graduate,Wage Employed,Computer Literacy,ICT,Career Shifter,Dropout
Pacol,Masonry NC II,34,Male,Senior High,Wage Employed,Masonry,Construction,New Entrant,Graduate
Atipuluan,Driving NC II,25,Male,Elementary Graduate,Unemployed,Cooking,Hospitality,Career Shifter,Graduate
Poblacion,Shielded Metal Arc Welding NC I,45,Male,Senior High,Unemployed,Welding,Construction,New Entrant,Dropout
Poblacion,Shielded Metal Arc Welding NC I,37,Male,College Undergraduate,Wage Employed,Welding,Construction,Experienced Worker,Graduate
Ilijan,Driving NC II,34,Male,Elementary Graduate,Unemployed,Driving,Transportation,Returning Learner,Dropout
Ma-ao,Computer Systems Servicing NC II,21,Female,Senior High,Self-employed,Computer Literacy,ICT,Career Shifter,Graduate
Caridad,Electrical Installation and Maintenance NC II,30,Male,Senior High,Underemployed,Electrical Repair,Construction,Returning Learner,Graduate
Abuanan,Cookery NC II,37,Male,Junior High,Underemployed,Cooking,Hospitality,New Entrant,Dropout
Alianza,Driving NC II,34,Female,Junior High,Wage Employed,Driving,Transportation,Experienced Worker,Graduate
Caridad,Bread and Pastry NC II,20,Female,Junior High,Underemployed,Baking,Hospitality,New Entrant,Dropout
Taloc,Electrical Installation and Maintenance NC II,24,Male,College Graduate,Self-employed,Driving,Transportation,Career Shifter,Dropout
Poblacion,Computer Systems Servicing NC II,41,Female,Junior High,Underemployed,Computer Literacy,ICT,Experienced Worker,Graduate
Tabunan,Shielded Metal Arc Welding NC I,27,Male,Junior High,Underemployed,Welding,Construction,Returning Learner,Dropout
Taloc,Driving NC II,31,Male,Junior High,Unemployed,Driving,Transportation,New Entrant,Dropout
Tabunan,Bread and Pastry NC II,23,Female,Junior High,Underemployed,Baking,Hospitality,New Entrant,Dropout
Bacong,Cookery NC II,31,Female,Elementary Graduate,Wage Employed,Cooking,Hospitality,Career Shifter,Graduate
Busay,Electrical Installation and Maintenance NC II,23,Female,Junior High,Underemployed,Electrical Repair,Construction,Returning Learner,Graduate
Caridad,Carpentry NC II,41,Female,Junior High,Unemployed,Carpentry,Construction,New Entrant,Graduate
Atipuluan,Driving NC II,23,Male,College Undergraduate,Wage Employed,Driving,Transportation,Experienced Worker,Graduate
Caridad,Electrical Installation and Maintenance NC II,20,Male,Senior High,Underemployed,Electrical Repair,Construction,New Entrant,Dropout
Atipuluan,Cookery NC II,28,Male,Senior High,Unemployed,Cooking,Hospitality,Returning Learner,Graduate
Ilijan,Bread and Pastry NC II,38,Female,Junior High,Unemployed,Baking,Hospitality,New Entrant,Graduate
Taloc,Carpentry NC II,19,Male,Elementary Graduate,Self-employed,Carpentry,Construction,Experienced Worker,Graduate
Atipuluan,Driving NC II,37,Male,Senior High,Self-employed,Welding,Construction,New Entrant,Graduate
Poblacion,Bread and Pastry NC II,34,Female,Junior High,Self-employed,Baking,Hospitality,Returning Learner,Graduate
Poblacion,Computer Systems Servicing NC II,31,Female,College Undergraduate,Underemployed,Computer Literacy,ICT,Returning Learner,Dropout
Abuanan,Electrical Installation and Maintenance NC II,31,Male,Junior High,Unemployed,Electrical Repair,Construction,Career Shifter,Dropout
Binubuhan,Computer Systems Servicing NC II,38,Female,Elementary Graduate,Unemployed,Computer Literacy,Transportation,Career Shifter,Dropout
Caridad,Masonry NC II,19,Male,Elementary Graduate,Unemployed,Masonry,Construction,Career Shifter,Graduate
Calumangan,Electrical Installation and Maintenance NC II,25,Male,Senior High,Unemployed,Electrical Repair,Construction,New Entrant,Dropout
Lag-asan,Computer Systems Servicing NC II,23,Female,College Graduate,Underemployed,Computer Literacy,ICT,Experienced Worker,Graduate
Ma-ao,Shielded Metal Arc Welding NC I,20,Male,Junior High,Unemployed,Welding,Construction,Returning Learner,Dropout
Calumangan,Masonry NC II,31,Male,Elementary Graduate,Unemployed,Masonry,Construction,New Entrant,Graduate
Binubuhan,Carpentry NC II,32,Male,Junior High,Self-employed,Carpentry,Construction,Returning Learner,Graduate
Tabunan,Electrical Installation and Maintenance NC II,28,Male,Junior High,Self-employed,Electrical Repair,Construction,Returning Learner,Dropout
Poblacion,Cookery NC II,45,Female,Senior High,Underemployed,Cooking,Hospitality,Returning Learner,Graduate
Balingasag,Bread and Pastry NC II,32,Female,Senior High,Unemployed,Baking,Hospitality,Experienced Worker,Graduate
Mailum,Carpentry NC II,18,Male,Senior High,Unemployed,Carpentry,Construction,New Entrant,Dropout
Malingin,Electrical Installation and Maintenance NC II,30,Male,Senior High,Underemployed,Electrical Repair,Construction,Experienced Worker,Dropout
Atipuluan,Cookery NC II,33,Female,Junior High,Underemployed,Cooking,Hospitality,Career Shifter,Graduate
Taloc,Masonry NC II,43,Male,Senior High,Wage Employed,Masonry,Construction,Experienced Worker,Graduate
Alianza,Bread and Pastry NC II,31,Male,Junior High,Underemployed,Carpentry,Construction,Career Shifter,Graduate
Ilijan,Cookery NC II,23,Female,Elementary Graduate,Unemployed,Cooking,Construction,New Entrant,Graduate
Abuanan,Masonry NC II,37,Female,Senior High,Underemployed,Masonry,Construction,New Entrant,Graduate
Pacol,Computer Systems Servicing NC II,55,Male,College Graduate,Self-employed,Computer Literacy,ICT,Experienced Worker,Graduate
Sagasa,Computer Systems Servicing NC II,35,Male,Junior High,Underemployed,Computer Literacy,Hospitality,Returning Learner,Graduate
Poblacion,Computer Systems Servicing NC II,36,Male,College Graduate,Self-employed,Computer Literacy,ICT,Career Shifter,Graduate
Ilijan,Carpentry NC II,34,Male,Junior High,Underemployed,Carpentry,Construction,New Entrant,Dropout
Pacol,Electrical Installation and Maintenance NC II,26,Female,Senior High,Unemployed,Baking,Hospitality,New Entrant,Graduate
Dulao,Bread and Pastry NC II,42,Female,Junior High,Self-employed,Baking,ICT,Experienced Worker,Graduate
Bacong,Masonry NC II,25,Female,Senior High,Unemployed,Masonry,Construction,New Entrant,Dropout
Caridad,Carpentry NC II,34,Male,Senior High,Unemployed,Carpentry,Construction,Experienced Worker,Graduate
Ma-ao,Electrical Installation and Maintenance NC II,26,Female,College Undergraduate,Wage Employed,Electrical Repair,Business,Experienced Worker,Graduate
Napoles,Electrical Installation and Maintenance NC II,18,Female,Elementary Graduate,Unemployed,Electrical Repair,Construction,Career Shifter,Dropout
Atipuluan,Cookery NC II,27,Male,Junior High,Wage Employed,Cooking,Hospitality,New Entrant,Graduate
Napoles,Driving NC II,38,Female,Senior High,Self-employed,Driving,Transportation,New Entrant,Graduate
Binubuhan,Carpentry NC II,40,Male,Junior High,Wage Employed,Carpentry,Construction,Experienced Worker,Graduate
Ma-ao,Driving NC II,41,Male,College Graduate,Wage Employed,Driving,Transportation,Returning Learner,Graduate
Taloc,Bread and Pastry NC II,26,Female,Junior High,Underemployed,Baking,Hospitality,New Entrant,Graduate
Napoles,Cookery NC II,34,Female,Elementary Graduate,Unemployed,Cooking,Hospitality,Returning Learner,Graduate
Taloc,Masonry NC II,21,Male,Senior High,Underemployed,Masonry,ICT,Career Shifter,Dropout
Malingin,Driving NC II,24,Female,Senior High,Unemployed,Driving,Transportation,Returning Learner,Graduate
Lag-asan,Bread and Pastry NC II,42,Male,College Undergraduate,Unemployed,Baking,Hospitality,Career Shifter,Graduate
Taloc,Electrical Installation and Maintenance NC II,24,Male,Junior High,Underemployed,Electrical Repair,Construction,Career Shifter,Graduate
Abuanan,Cookery NC II,20,Female,Senior High,Unemployed,Cooking,Hospitality,New Entrant,Graduate
Ilijan,Electrical Installation and Maintenance NC II,29,Male,Elementary Graduate,Underemployed,Electrical Repair,Construction,Returning Learner,Dropout
Caridad,Carpentry NC II,36,Male,College Undergraduate,Unemployed,Carpentry,Construction,New Entrant,Graduate
Atipuluan,Cookery NC II,54,Female,College Graduate,Wage Employed,Cooking,Hospitality,Experienced Worker,Dropout
Abuanan,Carpentry NC II,33,Female,Senior High,Wage Employed,Carpentry,Construction,Career Shifter,Graduate
Caridad,Cookery NC II,32,Male,Elementary Graduate,Underemployed,Cooking,Hospitality,New Entrant,Graduate
Lag-asan,Driving NC II,40,Male,Senior High,Underemployed,Driving,Transportation,Career Shifter,Graduate
Bacong,Carpentry NC II,42,Male,Junior High,Unemployed,Carpentry,Construction,New Entrant,Dropout
Napoles,Masonry NC II,26,Male,Elementary Graduate,Underemployed,Masonry,Construction,New Entrant,Dropout
Ma-ao,Shielded Metal Arc Welding NC I,35,Male,Elementary Graduate,Self-employed,Welding,Construction,Experienced Worker,Dropout
Atipuluan,Shielded Metal Arc Welding NC I,18,Male,Junior High,Unemployed,Welding,Construction,Career Shifter,Dropout
Binubuhan,Bread and Pastry NC II,28,Female,Junior High,Underemployed,Baking,Hospitality,Returning Learner,Graduate
Dulao,Computer Systems Servicing NC II,39,Female,Senior High,Wage Employed,Computer Literacy,ICT,New Entrant,Dropout
Mailum,Bread and Pastry NC II,30,Male,Senior High,Underemployed,Baking,Hospitality,Experienced Worker,Graduate
Bacong,Computer Systems Servicing NC II,19,Female,College Undergraduate,Unemployed,Computer Literacy,ICT,New Entrant,Graduate
Balingasag,Masonry NC II,34,Male,Senior High,Wage Employed,Masonry,Construction,Career Shifter,Graduate
Caridad,Electrical Installation and Maintenance NC II,43,Female,Senior High,Underemployed,Electrical Repair,Construction,New Entrant,Dropout
Calumangan,Cookery NC II,45,Female,College Graduate,Self-employed,Cooking,Hospitality,Career Shifter,Graduate
Malingin,Electrical Installation and Maintenance NC II,43,Male,Senior High,Unemployed,Electrical Repair,Construction,Returning Learner,Graduate
Mailum,Cookery NC II,38,Male,Junior High,Underemployed,Cooking,Hospitality,New Entrant,Dropout
Binubuhan,Cookery NC II,29,Female,Junior High,Wage Employed,Carpentry,Hospitality,Returning Learner,Graduate
Ilijan,Bread and Pastry NC II,42,Male,Junior High,Wage Employed,Baking,Hospitality,Returning Learner,Dropout
Calumangan,Driving NC II,35,Male,Elementary Graduate,Underemployed,Driving,Transportation,Experienced Worker,Graduate
Bacong,Shielded Metal Arc Welding NC I,36,Male,College Undergraduate,Self-employed,Welding,Construction,Experienced Worker,Graduate
Malingin,Computer Systems Servicing NC II,37,Male,College Graduate,Self-employed,Computer Literacy,ICT,Experienced Worker,Graduate
Dulao,Carpentry NC II,23,Male,Junior High,Underemployed,Carpentry,Construction,New Entrant,Graduate
Poblacion,Driving NC II,39,Male,College Undergraduate,Self-employed,Driving,Transportation,Experienced Worker,Graduate
Bacong,Electrical Installation and Maintenance NC II,31,Female,Senior High,Unemployed,Electrical Repair,Construction,Experienced Worker,Dropout
Lag-asan,Electrical Installation and Maintenance NC II,33,Male,Elementary Graduate,Unemployed,Electrical Repair,Agriculture,New Entrant,Graduate
Alianza,Bread and Pastry NC II,20,Male,Elementary Graduate,Underemployed,Baking,Hospitality,New Entrant,Graduate
Taloc,Carpentry NC II,30,Male,Senior High,Self-employed,Carpentry,Construction,Experienced Worker,Graduate
Abuanan,Driving NC II,40,Male,Senior High,Underemployed,Driving,Transportation,Returning Learner,Graduate
Abuanan,Masonry NC II,18,Male,Junior High,Unemployed,Masonry,Construction,Returning Learner,Graduate
Dulao,Bread and Pastry NC II,39,Female,Senior High,Unemployed,Baking,Hospitality,Returning Learner,Graduate
Lag-asan,Masonry NC II,40,Male,College Undergraduate,Underemployed,Masonry,Construction,New Entrant,Graduate
Dulao,Shielded Metal Arc Welding NC I,22,Male,Junior High,Unemployed,Welding,Construction,New Entrant,Dropout
Bacong,Shielded Metal Arc Welding NC I,34,Male,Senior High,Underemployed,Welding,Construction,New Entrant,Graduate
Ma-ao,Cookery NC II,23,Female,Junior High,Unemployed,Cooking,Hospitality,New Entrant,Graduate
Mailum,Masonry NC II,37,Female,Elementary Graduate,Unemployed,Masonry,Construction,New Entrant,Graduate
Caridad,Electrical Installation and Maintenance NC II,42,Male,Junior High,Underemployed,Electrical Repair,Construction,New Entrant,Graduate
Poblacion,Computer Systems Servicing NC II,37,Female,Elementary Graduate,Unemployed,Computer Literacy,ICT,New Entrant,Dropout
Atipuluan,Bread and Pastry NC II,46,Female,College Undergraduate,Wage Employed,Baking,Hospitality,Experienced Worker,Graduate
Lag-asan,Driving NC II,42,Female,College Graduate,Wage Employed,Driving,Transportation,Experienced Worker,Graduate
Busay,Carpentry NC II,22,Female,Senior High,Underemployed,Carpentry,Construction,Experienced Worker,Graduate
Atipuluan,Computer Systems Servicing NC II,44,Male,College Graduate,Wage Employed,Computer Literacy,ICT,Experienced Worker,Graduate
Bacong,Cookery NC II,33,Female,Senior High,Wage Employed,Cooking,Hospitality,Returning Learner,Graduate
Napoles,Bread and Pastry NC II,30,Female,Junior High,Unemployed,Baking,Hospitality,New Entrant,Dropout
Bacong,Cookery NC II,27,Female,Senior High,Unemployed,Welding,Construction,Career Shifter,Dropout
Mailum,Masonry NC II,43,Female,College Graduate,Wage Employed,Computer Literacy,ICT,New Entrant,Dropout
Calumangan,Cookery NC II,38,Female,College Undergraduate,Unemployed,Cooking,ICT,Experienced Worker,Dropout
Bacong,Computer Systems Servicing NC II,42,Female,College Undergraduate,Underemployed,Computer Literacy,ICT,New Entrant,Graduate
Dulao,Carpentry NC II,21,Male,Senior High,Self-employed,Carpentry,Construction,New Entrant,Graduate
Mailum,Cookery NC II,22,Female,Junior High,Underemployed,Cooking,Hospitality,New Entrant,Dropout
Ma-ao,Electrical Installation and Maintenance NC II,35,Male,Senior High,Self-employed,Driving,Transportation,New Entrant,Dropout
Caridad,Shielded Metal Arc Welding NC I,39,Female,Junior High,Unemployed,Welding,Construction,Returning Learner,Dropout
Bacong,Electrical Installation and Maintenance NC II,45,Male,College Undergraduate,Unemployed,Welding,Construction,Returning Learner,Graduate
Lag-asan,Carpentry NC II,24,Female,Senior High,Wage Employed,Masonry,Construction,Career Shifter,Graduate
Taloc,Cookery NC II,31,Male,Junior High,Underemployed,Cooking,Hospitality,Returning Learner,Graduate
Abuanan,Electrical Installation and Maintenance NC II,37,Male,Elementary Graduate,Self-employed,Electrical Repair,Construction,Returning Learner,Graduate
Poblacion,Carpentry NC II,43,Male,College Undergraduate,Unemployed,Carpentry,Construction,New Entrant,Graduate
Bacong,Bread and Pastry NC II,44,Female,College Undergraduate,Self-employed,Baking,Hospitality,Experienced Worker,Dropout
Alianza,Computer Systems Servicing NC II,22,Male,Elementary Graduate,Underemployed,Computer Literacy,ICT,New Entrant,Dropout
Abuanan,Computer Systems Servicing NC II,23,Male,Senior High,Self-employed,Computer Literacy,Business,New Entrant,Graduate
Dulao,Driving NC II,22,Male,Elementary Graduate,Unemployed,Driving,Transportation,New Entrant,Dropout
Pacol,Electrical Installation and Maintenance NC II,28,Male,College Graduate,Unemployed,Electrical Repair,Construction,New Entrant,Dropout
Lag-asan,Bread and Pastry NC II,48,Female,College Undergraduate,Self-employed,Baking,Hospitality,Experienced Worker,Graduate
Calumangan,Shielded Metal Arc Welding NC I,45,Female,College Undergraduate,Wage Employed,Computer Literacy,ICT,Career Shifter,Dropout
Abuanan,Electrical Installation and Maintenance NC II,24,Female,College Undergraduate,Self-employed,Electrical Repair,Construction,Experienced Worker,Graduate
Balingasag,Driving NC II,36,Male,Senior High,Unemployed,Driving,Transportation,Returning Learner,Graduate
Napoles,Computer Systems Servicing NC II,20,Male,Junior High,Unemployed,Computer Literacy,ICT,New Entrant,Graduate
Abuanan,Carpentry NC II,42,Male,Senior High,Unemployed,Carpentry,Construction,New Entrant,Graduate
Atipuluan,Driving NC II,32,Male,College Graduate,Wage Employed,Driving,Transportation,New Entrant,Dropout
Pacol,Computer Systems Servicing NC II,33,Male,College Graduate,Wage Employed,Computer Literacy,ICT,Returning Learner,Dropout
Alianza,Computer Systems Servicing NC II,20,Female,Senior High,Unemployed,Computer Literacy,ICT,Returning Learner,Graduate
Taloc,Driving NC II,38,Male,Elementary Graduate,Wage Employed,Driving,Transportation,Experienced Worker,Graduate
Napoles,Cookery NC II,32,Male,Senior High,Wage Employed,Cooking,Hospitality,Experienced Worker,Graduate
Busay,Driving NC II,30,Male,Senior High,Self-employed,Driving,Transportation,Experienced Worker,Graduate
Malingin,Bread and Pastry NC II,31,Female,College Undergraduate,Self-employed,Baking,Hospitality,New Entrant,Graduate
Bacong,Driving NC II,46,Female,College Graduate,Self-employed,Driving,Agriculture,New Entrant,Graduate
Poblacion,Electrical Installation and Maintenance NC II,41,Male,Junior High,Unemployed,Electrical Repair,Construction,Experienced Worker,Graduate
Lag-asan,Computer Systems Servicing NC II,47,Female,College Graduate,Self-employed,Computer Literacy,ICT,Experienced Worker,Graduate
Bacong,Computer Systems Servicing NC II,36,Male,College Undergraduate,Unemployed,Computer Literacy,ICT,New Entrant,Dropout
Tabunan,Shielded Metal Arc Welding NC I,41,Female,Junior High,Unemployed,Welding,Construction,Returning Learner,Dropout
Calumangan,Shielded Metal Arc Welding NC I,31,Male,Junior High,Self-employed,Welding,Construction,New Entrant,Graduate
Abuanan,Cookery NC II,33,Female,Elementary Graduate,Underemployed,Cooking,Hospitality,New Entrant,Dropout
Calumangan,Masonry NC II,36,Female,Elementary Graduate,Underemployed,Masonry,Construction,New Entrant,Graduate
Malingin,Driving NC II,19,Male,Senior High,Self-employed,Driving,Transportation,Experienced Worker,Graduate
Atipuluan,Computer Systems Servicing NC II,47,Male,College Graduate,Self-employed,Computer Literacy,ICT,Experienced Worker,Graduate
Poblacion,Computer Systems Servicing NC II,46,Male,College Undergraduate,Wage Employed,Masonry,Construction,New Entrant,Graduate
Atipuluan,Shielded Metal Arc Welding NC I,36,Male,Senior High,Wage Employed,Welding,Construction,Career Shifter,Dropout
Taloc,Shielded Metal Arc Welding NC I,53,Male,College Graduate,Wage Employed,Welding,Construction,Experienced Worker,Graduate
Napoles,Cookery NC II,39,Male,Senior High,Underemployed,Cooking,Hospitality,New Entrant,Dropout
Dulao,Carpentry NC II,19,Male,Junior High,Self-employed,Carpentry,Construction,Experienced Worker,Graduate
Ilijan,Electrical Installation and Maintenance NC II,29,Female,Elementary Graduate,Unemployed,Electrical Repair,Construction,New Entrant,Dropout
Calumangan,Computer Systems Servicing NC II,35,Male,College Undergraduate,Self-employed,Computer Literacy,ICT,New Entrant,Graduate
Dulao,Cookery NC II,42,Male,College Graduate,Unemployed,Electrical Repair,Construction,Career Shifter,Dropout
Poblacion,Shielded Metal Arc Welding NC I,33,Male,Junior High,Unemployed,Welding,Construction,New Entrant,Dropout
Dulao,Driving NC II,31,Female,Junior High,Self-employed,Driving,Transportation,Experienced Worker,Graduate
Sagasa,Masonry NC II,22,Female,Junior High,Underemployed,Masonry,Construction,Returning Learner,Graduate
Balingasag,Cookery NC II,34,Female,Junior High,Self-employed,Cooking,Hospitality,Career Shifter,Graduate
Calumangan,Carpentry NC II,33,Female,Junior High,Underemployed,Driving,Transportation,Career Shifter,Dropout
Abuanan,Electrical Installation and Maintenance NC II,19,Male,College Undergraduate,Unemployed,Electrical Repair,Construction,Returning Learner,Graduate
Abuanan,Computer Systems Servicing NC II,25,Male,College Undergraduate,Self-employed,Computer Literacy,ICT,New Entrant,Graduate
Dulao,Electrical Installation and Maintenance NC II,24,Male,Senior High,Unemployed,Electrical Repair,Construction,Returning Learner,Graduate
Lag-asan,Bread and Pastry NC II,27,Female,College Graduate,Wage Employed,Baking,Hospitality,Experienced Worker,Graduate
Lag-asan,Carpentry NC II,24,Male,Junior High,Unemployed,Carpentry,Construction,New Entrant,Graduate
Malingin,Electrical Installation and Maintenance NC II,30,Female,Senior High,Self-employed,Baking,Hospitality,Career Shifter,Graduate
Abuanan,Bread and Pastry NC II,38,Female,Senior High,Self-employed,Baking,Hospitality,Experienced Worker,Graduate
Taloc,Driving NC II,39,Male,College Undergraduate,Underemployed,Driving,Transportation,New Entrant,Graduate
Poblacion,Masonry NC II,21,Female,Senior High,Underemployed,Masonry,Construction,Experienced Worker,Graduate
Sagasa,Electrical Installation and Maintenance NC II,30,Male,Junior High,Underemployed,Electrical Repair,Construction,New Entrant,Dropout
Tabunan,Computer Systems Servicing NC II,41,Male,College Undergraduate,Self-employed,Computer Literacy,ICT,Returning Learner,Graduate
Calumangan,Masonry NC II,20,Male,Junior High,Underemployed,Masonry,Construction,New Entrant,Graduate
Bacong,Shielded Metal Arc Welding NC I,33,Male,Senior High,Unemployed,Welding,Construction,Career Shifter,Dropout
Abuanan,Shielded Metal Arc Welding NC I,25,Male,Elementary Graduate,Underemployed,Welding,Construction,New Entrant,Dropout
Ma-ao,Electrical Installation and Maintenance NC II,32,Male,Elementary Graduate,Unemployed,Electrical Repair,Construction,Returning Learner,Graduate
Poblacion,Bread and Pastry NC II,40,Male,Junior High,Self-employed,Electrical Repair,Construction,Career Shifter,Graduate
Bagroy,Computer Systems Servicing NC II,52,Female,College Graduate,Wage Employed,Computer Literacy,ICT,Experienced Worker,Graduate
Abuanan,Computer Systems Servicing NC II,45,Female,College Graduate,Wage Employed,Computer Literacy,ICT,Returning Learner,Graduate
Dulao,Carpentry NC II,41,Male,Senior High,Underemployed,Carpentry,Construction,Returning Learner,Graduate
Abuanan,Cookery NC II,28,Female,College Undergraduate,Underemployed,Cooking,Hospitality,Career Shifter,Graduate
Taloc,Driving NC II,36,Male,Elementary Graduate,Unemployed,Driving,Transportation,Experienced Worker,Dropout
Sagasa,Shielded Metal Arc Welding NC I,20,Male,College Undergraduate,Self-employed,Welding,Construction,Career Shifter,Graduate
Napoles,Masonry NC II,38,Male,Senior High,Underemployed,Masonry,Construction,Returning Learner,Graduate
Calumangan,Computer Systems Servicing NC II,28,Female,College Graduate,Wage Employed,Computer Literacy,ICT,Returning Learner,Graduate
Napoles,Computer Systems Servicing NC II,41,Male,College Graduate,Self-employed,Computer Literacy,ICT,Experienced Worker,Graduate
Caridad,Cookery NC II,20,Male,College Undergraduate,Underemployed,Driving,Transportation,Career Shifter,Dropout
Bacong,Masonry NC II,30,Male,Senior High,Self-employed,Masonry,Construction,New Entrant,Dropout
Taloc,Cookery NC II,25,Female,Senior High,Underemployed,Cooking,Hospitality,New Entrant,Graduate
Bacong,Driving NC II,24,Male,College Undergraduate,Underemployed,Driving,Transportation,New Entrant,Dropout
Poblacion,Carpentry NC II,31,Female,College Graduate,Wage Employed,Computer Literacy,ICT,Experienced Worker,Graduate
Ma-ao,Shielded Metal Arc Welding NC I,22,Male,Junior High,Underemployed,Welding,Construction,New Entrant,Dropout
Bacong,Driving NC II,38,Male,Senior High,Wage Employed,Driving,Transportation,Experienced Worker,Graduate
Ma-ao,Cookery NC II,41,Male,Senior High,Underemployed,Cooking,Hospitality,New Entrant,Dropout
Alianza,Carpentry NC II,22,Male,Senior High,Unemployed,Carpentry,Construction,New Entrant,Graduate
Ma-ao,Bread and Pastry NC II,34,Male,Senior High,Unemployed,Baking,Hospitality,Returning Learner,Graduate
Pacol,Bread and Pastry NC II,23,Female,Elementary Graduate,Underemployed,Baking,Hospitality,Returning Learner,Graduate
Abuanan,Shielded Metal Arc Welding NC I,26,Male,Junior High,Unemployed,Welding,Construction,New Entrant,Graduate
Poblacion,Electrical Installation and Maintenance NC II,42,Male,Senior High,Self-employed,Electrical Repair,Construction,Returning Learner,Graduate
Sagasa,Computer Systems Servicing NC II,24,Female,College Undergraduate,Unemployed,Computer Literacy,ICT,Career Shifter,Graduate
Bacong,Computer Systems Servicing NC II,38,Male,College Undergraduate,Self-employed,Computer Literacy,ICT,Returning Learner,Graduate
Bacong,Computer Systems Servicing NC II,29,Male,Junior High,Underemployed,Cooking,Hospitality,Career Shifter,Graduate
Lag-asan,Shielded Metal Arc Welding NC I,37,Female,Senior High,Self-employed,Welding,Construction,Experienced Worker,Graduate
Abuanan,Masonry NC II,35,Male,College Graduate,Wage Employed,Masonry,Construction,Returning Learner,Graduate
Caridad,Shielded Metal Arc Welding NC I,25,Female,Junior High,Unemployed,Welding,Construction,New Entrant,Dropout
Abuanan,Driving NC II,26,Male,Senior High,Wage Employed,Driving,Transportation,Experienced Worker,Graduate
Taloc,Driving NC II,20,Male,Junior High,Self-employed,Driving,Agriculture,Returning Learner,Graduate
Atipuluan,Bread and Pastry NC II,38,Male,Junior High,Self-employed,Baking,Hospitality,Experienced Worker,Graduate
Balingasag,Cookery NC II,20,Female,Senior High,Underemployed,Masonry,Construction,Career Shifter,Dropout
Abuanan,Driving NC II,32,Male,Senior High,Wage Employed,Driving,Transportation,New Entrant,Dropout
Bagroy,Shielded Metal Arc Welding NC I,45,Female,Senior High,Self-employed,Welding,Agriculture,Returning Learner,Dropout
Taloc,Cookery NC II,48,Male,College Graduate,Underemployed,Cooking,Hospitality,Career Shifter,Graduate
Dulao,Carpentry NC II,36,Male,Senior High,Underemployed,Carpentry,Construction,Returning Learner,Dropout
Abuanan,Cookery NC II,24,Female,Junior High,Unemployed,Cooking,Hospitality,Career Shifter,Graduate
Binubuhan,Computer Systems Servicing NC II,41,Female,Senior High,Wage Employed,Computer Literacy,ICT,Experienced Worker,Dropout
Abuanan,Carpentry NC II,45,Male,College Undergraduate,Unemployed,Welding,Construction,Career Shifter,Graduate
Bacong,Driving NC II,35,Male,Senior High,Underemployed,Driving,Transportation,New Entrant,Graduate
Abuanan,Driving NC II,27,Male,College Undergraduate,Wage Employed,Cooking,Hospitality,New Entrant,Graduate
Abuanan,Masonry NC II,31,Male,Junior High,Underemployed,Masonry,Construction,New Entrant,Graduate
Lag-asan,Cookery NC II,35,Male,College Undergraduate,Unemployed,Cooking,Hospitality,Returning Learner,Graduate
Alianza,Masonry NC II,44,Male,Senior High,Wage Employed,Driving,Transportation,Career Shifter,Dropout
Dulao,Shielded Metal Arc Welding NC I,41,Male,Junior High,Unemployed,Welding,Construction,New Entrant,Dropout
Abuanan,Shielded Metal Arc Welding NC I,33,Male,Senior High,Wage Employed,Welding,Hospitality,Career Shifter,Graduate
Bacong,Bread and Pastry NC II,21,Male,Junior High,Unemployed,Baking,Business,Career Shifter,Graduate
Taloc,Cookery NC II,39,Female,Junior High,Underemployed,Cooking,Hospitality,Experienced Worker,Graduate
Caridad,Masonry NC II,48,Male,College Undergraduate,Underemployed,Masonry,Construction,Experienced Worker,Graduate
Poblacion,Masonry NC II,40,Male,Junior High,Self-employed,Masonry,Construction,Experienced Worker,Graduate
Taloc,Shielded Metal Arc Welding NC I,42,Male,Senior High,Wage Employed,Welding,Construction,Returning Learner,Graduate
Calumangan,Carpentry NC II,29,Male,Senior High,Self-employed,Carpentry,Construction,Returning Learner,Graduate
Ma-ao,Driving NC II,24,Female,Elementary Graduate,Underemployed,Driving,Business,New Entrant,Dropout
Taloc,Carpentry NC II,25,Male,Elementary Graduate,Underemployed,Carpentry,Construction,Experienced Worker,Graduate
Abuanan,Electrical Installation and Maintenance NC II,30,Male,Junior High,Underemployed,Electrical Repair,Construction,New Entrant,Dropout
Abuanan,Bread and Pastry NC II,28,Male,Senior High,Underemployed,Baking,Hospitality,Returning Learner,Graduate
Mailum,Bread and Pastry NC II,28,Female,Elementary Graduate,Self-employed,Baking,Hospitality,Experienced Worker,Graduate
Bagroy,Shielded Metal Arc Welding NC I,27,Male,Elementary Graduate,Unemployed,Welding,Construction,New Entrant,Dropout
Sagasa,Bread and Pastry NC II,43,Female,College Undergraduate,Wage Employed,Baking,Hospitality,Experienced Worker,Graduate
Taloc,Shielded Metal Arc Welding NC I,23,Male,Junior High,Unemployed,Welding,Construction,Returning Learner,Graduate
Bacong,Electrical Installation and Maintenance NC II,25,Male,Elementary Graduate,Underemployed,Electrical Repair,Construction,New Entrant,Graduate
Taloc,Computer Systems Servicing NC II,35,Male,Junior High,Self-employed,Driving,Transportation,New Entrant,Graduate
Bacong,Cookery NC II,49,Female,College Graduate,Underemployed,Cooking,Hospitality,New Entrant,Dropout
Ma-ao,Carpentry NC II,30,Male,Elementary Graduate,Underemployed,Carpentry,Construction,Career Shifter,Dropout
Binubuhan,Computer Systems Servicing NC II,24,Female,College Undergraduate,Wage Employed,Computer Literacy,ICT,New Entrant,Graduate
Lag-asan,Masonry NC II,27,Male,Junior High,Unemployed,Masonry,Construction,New Entrant,Graduate
Lag-asan,Carpentry NC II,39,Male,Senior High,Underemployed,Carpentry,Construction,New Entrant,Dropout
Bagroy,Driving NC II,26,Male,Senior High,Underemployed,Driving,Transportation,Experienced Worker,Dropout
Taloc,Computer Systems Servicing NC II,20,Female,College Undergraduate,Underemployed,Computer Literacy,ICT,Experienced Worker,Graduate
Abuanan,Electrical Installation and Maintenance NC II,20,Male,College Undergraduate,Unemployed,Electrical Repair,Construction,Experienced Worker,Graduate
Lag-asan,Bread and Pastry NC II,18,Male,Junior High,Unemployed,Baking,Hospitality,New Entrant,Graduate
Balingasag,Bread and Pastry NC II,28,Female,Senior High,Unemployed,Baking,Hospitality,New Entrant,Graduate
Ma-ao,Carpentry NC II,27,Male,Senior High,Unemployed,Carpentry,Construction,Returning Learner,Graduate
Calumangan,Shielded Metal Arc Welding NC I,39,Female,Senior High,Self-employed,Welding,Construction,Returning Learner,Dropout
Caridad,Computer Systems Servicing NC II,33,Male,Senior High,Wage Employed,Computer Literacy,Agriculture,Experienced Worker,Graduate
Malingin,Cookery NC II,43,Male,Senior High,Unemployed,Cooking,Hospitality,Returning Learner,Graduate
Poblacion,Masonry NC II,24,Male,Senior High,Self-employed,Masonry,Construction,Returning Learner,Graduate
Alianza,Masonry NC II,39,Female,College Undergraduate,Unemployed,Masonry,Construction,Career Shifter,Graduate
Taloc,Driving NC II,24,Male,College Graduate,Wage Employed,Driving,Transportation,Experienced Worker,Graduate
Atipuluan,Carpentry NC II,32,Male,Junior High,Underemployed,Carpentry,Hospitality,New Entrant,Graduate
Lag-asan,Carpentry NC II,26,Male,College Graduate,Wage Employed,Carpentry,ICT,Experienced Worker,Dropout
Mailum,Computer Systems Servicing NC II,20,Male,College Undergraduate,Underemployed,Computer Literacy,Business,Experienced Worker,Graduate
Caridad,Driving NC II,43,Male,College Graduate,Wage Employed,Driving,Transportation,Experienced Worker,Graduate
Bacong,Computer Systems Servicing NC II,37,Male,Senior High,Unemployed,Computer Literacy,ICT,Returning Learner,Graduate
Taloc,Computer Systems Servicing NC II,32,Male,College Undergraduate,Self-employed,Computer Literacy,Agriculture,Experienced Worker,Graduate
Bagroy,Bread and Pastry NC II,27,Male,College Undergraduate,Underemployed,Baking,Hospitality,New Entrant,Dropout
Taloc,Computer Systems Servicing NC II,27,Female,College Undergraduate,Underemployed,Computer Literacy,ICT,Career Shifter,Dropout
Tabunan,Shielded Metal Arc Welding NC I,45,Male,College Graduate,Self-employed,Welding,Construction,Experienced Worker,Graduate
Bacong,Shielded Metal Arc Welding NC I,37,Female,Junior High,Underemployed,Welding,Construction,New Entrant,Graduate
Pacol,Masonry NC II,18,Male,Junior High,Unemployed,Masonry,Construction,Returning Learner,Dropout
Sagasa,Computer Systems Servicing NC II,25,Female,College Graduate,Wage Employed,Computer Literacy,ICT,Experienced Worker,Graduate
Ma-ao,Cookery NC II,21,Male,Junior High,Unemployed,Cooking,Business,Career Shifter,Dropout
Binubuhan,Electrical Installation and Maintenance NC II,40,Male,Junior High,Underemployed,Electrical Repair,Construction,Returning Learner,Graduate
Balingasag,Cookery NC II,29,Female,Senior High,Wage Employed,Cooking,Hospitality,New Entrant,Graduate
Ma-ao,Electrical Installation and Maintenance NC II,43,Male,Senior High,Wage Employed,Electrical Repair,Construction,New Entrant,Graduate
Abuanan,Masonry NC II,34,Male,Senior High,Unemployed,Masonry,Construction,New Entrant,Graduate
Dulao,Masonry NC II,30,Male,Elementary Graduate,Unemployed,Masonry,Construction,New Entrant,Dropout
Poblacion,Cookery NC II,23,Male,College Undergraduate,Unemployed,Cooking,Hospitality,Returning Learner,Graduate
Abuanan,Cookery NC II,54,Female,College Graduate,Unemployed,Cooking,ICT,Returning Learner,Graduate
Taloc,Shielded Metal Arc Welding NC I,21,Male,College Undergraduate,Wage Employed,Welding,Construction,Career Shifter,Graduate
Atipuluan,Cookery NC II,22,Female,Senior High,Unemployed,Cooking,Hospitality,Returning Learner,Graduate
Sagasa,Bread and Pastry NC II,23,Male,Senior High,Underemployed,Baking,Hospitality,New Entrant,Graduate
Mailum,Carpentry NC II,18,Male,Junior High,Self-employed,Carpentry,Construction,Returning Learner,Dropout
Napoles,Masonry NC II,40,Female,Senior High,Self-employed,Masonry,Construction,Experienced Worker,Graduate
Lag-asan,Bread and Pastry NC II,34,Female,Senior High,Self-employed,Baking,Hospitality,New Entrant,Graduate
Abuanan,Masonry NC II,34,Male,Junior High,Underemployed,Masonry,Construction,New Entrant,Graduate
Napoles,Cookery NC II,32,Female,Junior High,Unemployed,Cooking,Hospitality,Career Shifter,Graduate
Poblacion,Electrical Installation and Maintenance NC II,38,Male,Senior High,Self-employed,Electrical Repair,Construction,Returning Learner,Graduate
Abuanan,Masonry NC II,18,Male,Senior High,Wage Employed,Masonry,Hospitality,Experienced Worker,Graduate
Sagasa,Carpentry NC II,29,Male,Senior High,Unemployed,Carpentry,Construction,Returning Learner,Graduate
Calumangan,Cookery NC II,44,Male,College Graduate,Self-employed,Cooking,Hospitality,Returning Learner,Graduate
Tabunan,Bread and Pastry NC II,39,Male,Senior High,Underemployed,Baking,Hospitality,New Entrant,Graduate
Abuanan,Carpentry NC II,27,Female,College Undergraduate,Unemployed,Carpentry,Construction,Returning Learner,Graduate
Bacong,Carpentry NC II,26,Male,Junior High,Unemployed,Carpentry,Construction,Experienced Worker,Graduate
Abuanan,Computer Systems Servicing NC II,28,Female,College Undergraduate,Self-employed,Computer Literacy,ICT,Returning Learner,Graduate
Napoles,Carpentry NC II,31,Male,Junior High,Unemployed,Carpentry,Construction,New Entrant,Graduate
Poblacion,Cookery NC II,43,Female,Senior High,Wage Employed,Cooking,Hospitality,Experienced Worker,Graduate
Taloc,Computer Systems Servicing NC II,28,Female,Junior High,Underemployed,Computer Literacy,ICT,New Entrant,Graduate
Lag-asan,Shielded Metal Arc Welding NC I,33,Female,Senior High,Unemployed,Welding,Construction,Career Shifter,Dropout
Alianza,Shielded Metal Arc Welding NC I,29,Male,Senior High,Unemployed,Welding,Construction,Experienced Worker,Graduate
Sagasa,Computer Systems Servicing NC II,20,Male,Senior High,Self-employed,Computer Literacy,ICT,Experienced Worker,Dropout
Bacong,Bread and Pastry NC II,55,Male,College Graduate,Underemployed,Baking,Hospitality,Returning Learner,Graduate
Abuanan,Cookery NC II,40,Female,Senior High,Unemployed,Cooking,Hospitality,Career Shifter,Graduate
Poblacion,Shielded Metal Arc Welding NC I,37,Male,Junior High,Underemployed,Welding,Construction,Experienced Worker,Graduate
Dulao,Computer Systems Servicing NC II,21,Female,Senior High,Unemployed,Computer Literacy,ICT,New Entrant,Dropout
Busay,Carpentry NC II,42,Female,Senior High,Underemployed,Welding,Construction,Experienced Worker,Graduate
Binubuhan,Electrical Installation and Maintenance NC II,40,Male,Elementary Graduate,Self-employed,Electrical Repair,Construction,Returning Learner,Graduate
Tabunan,Masonry NC II,40,Male,Senior High,Underemployed,Masonry,Construction,New Entrant,Graduate
Malingin,Computer Systems Servicing NC II,20,Male,College Undergraduate,Self-employed,Computer Literacy,ICT,Career Shifter,Dropout
Sagasa,Masonry NC II,20,Male,Senior High,Underemployed,Masonry,Construction,Returning Learner,Graduate
Mailum,Computer Systems Servicing NC II,53,Female,College Graduate,Underemployed,Computer Literacy,ICT,New Entrant,Graduate
Poblacion,Driving NC II,34,Female,Junior High,Wage Employed,Driving,Transportation,Experienced Worker,Graduate
Abuanan,Electrical Installation and Maintenance NC II,25,Male,College Undergraduate,Unemployed,Electrical Repair,Construction,Experienced Worker,Graduate
Lag-asan,Electrical Installation and Maintenance NC II,42,Male,College Undergraduate,Unemployed,Electrical Repair,Transportation,New Entrant,Dropout
Napoles,Bread and Pastry NC II,28,Female,College Graduate,Unemployed,Baking,Hospitality,Experienced Worker,Graduate
Napoles,Cookery NC II,36,Female,Junior High,Unemployed,Cooking,Hospitality,New Entrant,Dropout
Ma-ao,Computer Systems Servicing NC II,28,Female,College Undergraduate,Self-employed,Computer Literacy,Construction,New Entrant,Graduate
Bacong,Carpentry NC II,27,Male,Senior High,Self-employed,Carpentry,Construction,Experienced Worker,Graduate
Bagroy,Bread and Pastry NC II,31,Female,Junior High,Underemployed,Baking,Hospitality,Experienced Worker,Graduate
Busay,Carpentry NC II,41,Female,Junior High,Wage Employed,Carpentry,Agriculture,New Entrant,Graduate
Alianza,Shielded Metal Arc Welding NC I,19,Male,Elementary Graduate,Underemployed,Welding,Construction,New Entrant,Graduate
Bagroy,Computer Systems Servicing NC II,48,Female,College Undergraduate,Wage Employed,Computer Literacy,ICT,Experienced Worker,Dropout
Dulao,Shielded Metal Arc Welding NC I,23,Male,Junior High,Underemployed,Welding,Construction,New Entrant,Graduate
Taloc,Driving NC II,35,Male,Senior High,Underemployed,Driving,Transportation,Experienced Worker,Graduate
Poblacion,Carpentry NC II,24,Male,College Graduate,Underemployed,Carpentry,Construction,Career Shifter,Graduate
Dulao,Computer Systems Servicing NC II,22,Female,Elementary Graduate,Unemployed,Computer Literacy,ICT,Career Shifter,Dropout
Bagroy,Cookery NC II,21,Male,Junior High,Underemployed,Cooking,Hospitality,New Entrant,Dropout
Poblacion,Electrical Installation and Maintenance NC II,32,Male,Elementary Graduate,Unemployed,Electrical Repair,Construction,New Entrant,Dropout
Abuanan,Carpentry NC II,37,Male,College Graduate,Underemployed,Computer Literacy,ICT,Career Shifter,Graduate
Tabunan,Carpentry NC II,38,Male,Senior High,Unemployed,Carpentry,Construction,New Entrant,Dropout
Pacol,Masonry NC II,22,Male,College Undergraduate,Self-employed,Masonry,Construction,Experienced Worker,Graduate
Mailum,Carpentry NC II,21,Male,Elementary Graduate,Unemployed,Carpentry,Construction,Returning Learner,Dropout
Malingin,Masonry NC II,42,Male,Junior High,Underemployed,Masonry,Construction,New Entrant,Dropout
Taloc,Shielded Metal Arc Welding NC I,21,Female,Junior High,Unemployed,Welding,Agriculture,New Entrant,Graduate
Pacol,Bread and Pastry NC II,38,Male,Junior High,Underemployed,Baking,Hospitality,Returning Learner,Graduate
Abuanan,Bread and Pastry NC II,38,Female,College Undergraduate,Unemployed,Baking,Hospitality,Experienced Worker,Graduate
Calumangan,Electrical Installation and Maintenance NC II,35,Male,Senior High,Unemployed,Carpentry,Construction,Experienced Worker,Graduate
Poblacion,Cookery NC II,18,Female,Junior High,Unemployed,Cooking,Hospitality,New Entrant,Graduate
Ilijan,Masonry NC II,37,Male,Elementary Graduate,Underemployed,Masonry,Construction,New Entrant,Dropout
Ilijan,Carpentry NC II,34,Male,Senior High,Unemployed,Carpentry,Construction,Experienced Worker,Graduate
Napoles,Masonry NC II,44,Male,Senior High,Unemployed,Masonry,Construction,New Entrant,Graduate
Busay,Bread and Pastry NC II,22,Female,Junior High,Unemployed,Baking,Hospitality,New Entrant,Dropout
Taloc,Driving NC II,33,Male,Junior High,Unemployed,Driving,Transportation,Returning Learner,Graduate
Sagasa,Bread and Pastry NC II,48,Male,College Graduate,Wage Employed,Baking,Hospitality,Experienced Worker,Graduate
Lag-asan,Bread and Pastry NC II,26,Female,Junior High,Underemployed,Baking,Hospitality,New Entrant,Dropout
Poblacion,Shielded Metal Arc Welding NC I,26,Male,Elementary Graduate,Unemployed,Welding,Construction,Returning Learner,Graduate
Dulao,Cookery NC II,23,Female,College Graduate,Wage Employed,Cooking,Hospitality,Experienced Worker,Graduate
Pacol,Masonry NC II,41,Male,Senior High,Underemployed,Masonry,Construction,Returning Learner,Graduate
Poblacion,Shielded Metal Arc Welding NC I,38,Male,Senior High,Wage Employed,Welding,Transportation,Returning Learner,Graduate
Caridad,Driving NC II,24,Female,College Undergraduate,Self-employed,Driving,Transportation,Experienced Worker,Graduate
Mailum,Electrical Installation and Maintenance NC II,23,Male,Senior High,Unemployed,Electrical Repair,Construction,New Entrant,Dropout
Caridad,Bread and Pastry NC II,32,Male,Junior High,Unemployed,Baking,Hospitality,Returning Learner,Dropout
Caridad,Masonry NC II,38,Male,Senior High,Underemployed,Masonry,Construction,New Entrant,Graduate
Lag-asan,Shielded Metal Arc Welding NC I,33,Male,Senior High,Unemployed,Welding,Construction,Returning Learner,Graduate
Poblacion,Masonry NC II,44,Male,Senior High,Wage Employed,Masonry,Construction,Career Shifter,Graduate
Balingasag,Driving NC II,37,Male,College Undergraduate,Unemployed,Driving,Transportation,New Entrant,Graduate
Napoles,Computer Systems Servicing NC II,25,Female,College Undergraduate,Underemployed,Computer Literacy,ICT,New Entrant,Graduate
Poblacion,Driving NC II,40,Male,Senior High,Self-employed,Driving,Transportation,Experienced Worker,Dropout
Balingasag,Shielded Metal Arc Welding NC I,27,Male,Senior High,Unemployed,Welding,Construction,New Entrant,Dropout
Pacol,Driving NC II,39,Male,Senior High,Underemployed,Driving,Transportation,Returning Learner,Graduate
Taloc,Driving NC II,22,Male,Senior High,Unemployed,Driving,Transportation,Career Shifter,Dropout
Caridad,Electrical Installation and Maintenance NC II,33,Male,Junior High,Self-employed,Electrical Repair,Construction,Experienced Worker,Dropout
Caridad,Carpentry NC II,43,Male,Senior High,Wage Employed,Carpentry,Construction,Experienced Worker,Graduate
Poblacion,Cookery NC II,40,Male,Junior High,Underemployed,Driving,Transportation,New Entrant,Graduate
Balingasag,Shielded Metal Arc Welding NC I,24,Female,Senior High,Underemployed,Welding,Construction,Returning Learner,Graduate
Binubuhan,Cookery NC II,29,Female,College Undergraduate,Self-employed,Cooking,Hospitality,Experienced Worker,Dropout
Abuanan,Electrical Installation and Maintenance NC II,42,Male,College Graduate,Wage Employed,Electrical Repair,Construction,Returning Learner,Graduate
Poblacion,Electrical Installation and Maintenance NC II,27,Male,Junior High,Unemployed,Electrical Repair,Construction,Career Shifter,Dropout
Alianza,Cookery NC II,45,Female,Senior High,Underemployed,Cooking,Hospitality,Experienced Worker,Graduate
Abuanan,Driving NC II,19,Male,Senior High,Underemployed,Driving,Transportation,New Entrant,Dropout
Dulao,Carpentry NC II,37,Male,Junior High,Self-employed,Carpentry,Construction,Returning Learner,Dropout
Caridad,Bread and Pastry NC II,45,Female,College Undergraduate,Unemployed,Baking,Hospitality,Experienced Worker,Graduate
Abuanan,Bread and Pastry NC II,24,Female,Senior High,Underemployed,Baking,Hospitality,New Entrant,Graduate
Sagasa,Carpentry NC II,35,Male,Junior High,Unemployed,Carpentry,Construction,Experienced Worker,Dropout
Tabunan,Driving NC II,23,Female,Senior High,Self-employed,Driving,Transportation,Experienced Worker,Graduate
Calumangan,Electrical Installation and Maintenance NC II,24,Female,Elementary Graduate,Unemployed,Electrical Repair,Construction,Career Shifter,Dropout
Poblacion,Driving NC II,37,Female,Junior High,Underemployed,Driving,Transportation,New Entrant,Graduate
Napoles,Computer Systems Servicing NC II,27,Female,College Graduate,Wage Employed,Computer Literacy,ICT,Returning Learner,Graduate
Malingin,Bread and Pastry NC II,22,Male,Junior High,Unemployed,Baking,Hospitality,Returning Learner,Dropout
Binubuhan,Electrical Installation and Maintenance NC II,20,Male,Elementary Graduate,Unemployed,Electrical Repair,Construction,Career Shifter,Dropout
Abuanan,Shielded Metal Arc Welding NC I,40,Male,Junior High,Self-employed,Welding,Construction,Returning Learner,Graduate
Calumangan,Electrical Installation and Maintenance NC II,43,Male,College Graduate,Underemployed,Electrical Repair,Construction,Experienced Worker,Dropout
Poblacion,Computer Systems Servicing NC II,25,Male,College Undergraduate,Self-employed,Computer Literacy,ICT,Experienced Worker,Graduate
Taloc,Electrical Installation and Maintenance NC II,29,Female,Senior High,Underemployed,Electrical Repair,Construction,New Entrant,Graduate
Poblacion,Bread and Pastry NC II,31,Male,Junior High,Wage Employed,Baking,Hospitality,Returning Learner,Graduate
Napoles,Electrical Installation and Maintenance NC II,19,Female,Senior High,Underemployed,Electrical Repair,Construction,Returning Learner,Dropout
Poblacion,Shielded Metal Arc Welding NC I,27,Male,Junior High,Unemployed,Welding,Construction,Returning Learner,Graduate
Balingasag,Carpentry NC II,27,Male,College Graduate,Underemployed,Welding,Construction,Returning Learner,Graduate
Poblacion,Shielded Metal Arc Welding NC I,36,Male,College Graduate,Wage Employed,Welding,Construction,Career Shifter,Graduate
Lag-asan,Masonry NC II,31,Male,Senior High,Unemployed,Masonry,Construction,Career Shifter,Dropout
Atipuluan,Masonry NC II,30,Female,Junior High,Underemployed,Masonry,Construction,Returning Learner,Dropout
Atipuluan,Bread and Pastry NC II,43,Male,Senior High,Unemployed,Driving,Transportation,Career Shifter,Dropout
Taloc,Electrical Installation and Maintenance NC II,25,Male,College Graduate,Wage Employed,Electrical Repair,Construction,Experienced Worker,Graduate
Abuanan,Masonry NC II,31,Male,Senior High,Underemployed,Masonry,Construction,Career Shifter,Graduate
Bacong,Cookery NC II,20,Female,Elementary Graduate,Unemployed,Cooking,Hospitality,New Entrant,Graduate
Caridad,Carpentry NC II,23,Male,Junior High,Unemployed,Carpentry,Construction,New Entrant,Graduate
Malingin,Electrical Installation and Maintenance NC II,25,Male,Elementary Graduate,Underemployed,Electrical Repair,Construction,Returning Learner,Graduate
Calumangan,Electrical Installation and Maintenance NC II,25,Male,Senior High,Underemployed,Electrical Repair,Construction,Returning Learner,Graduate
Dulao,Driving NC II,18,Male,Senior High,Underemployed,Driving,Transportation,Returning Learner,Graduate
Malingin,Computer Systems Servicing NC II,38,Male,College Graduate,Self-employed,Computer Literacy,ICT,Experienced Worker,Graduate
Dulao,Computer Systems Servicing NC II,38,Male,College Undergraduate,Self-employed,Computer Literacy,ICT,Experienced Worker,Graduate
Atipuluan,Driving NC II,40,Male,Senior High,Underemployed,Driving,Transportation,New Entrant,Graduate
Atipuluan,Computer Systems Servicing NC II,33,Male,College Graduate,Unemployed,Computer Literacy,ICT,Returning Learner,Graduate
Alianza,Computer Systems Servicing NC II,34,Male,Senior High,Self-employed,Computer Literacy,ICT,Career Shifter,Graduate
Tabunan,Computer Systems Servicing NC II,38,Female,Senior High,Self-employed,Computer Literacy,ICT,Experienced Worker,Graduate
Lag-asan,Cookery NC II,36,Male,College Undergraduate,Wage Employed,Cooking,Hospitality,Experienced Worker,Graduate
Pacol,Cookery NC II,26,Male,Senior High,Unemployed,Cooking,ICT,Career Shifter,Dropout
Ilijan,Computer Systems Servicing NC II,39,Male,College Undergraduate,Unemployed,Computer Literacy,ICT,Career Shifter,Dropout
Abuanan,Shielded Metal Arc Welding NC I,23,Male,Senior High,Underemployed,Welding,Construction,New Entrant,Graduate
Alianza,Electrical Installation and Maintenance NC II,33,Male,Junior High,Unemployed,Electrical Repair,Construction,New Entrant,Dropout
Balingasag,Shielded Metal Arc Welding NC I,38,Male,Senior High,Unemployed,Welding,Construction,New Entrant,Graduate
Malingin,Cookery NC II,30,Male,College Undergraduate,Self-employed,Cooking,Hospitality,Returning Learner,Graduate
Taloc,Computer Systems Servicing NC II,34,Female,Junior High,Unemployed,Computer Literacy,ICT,Experienced Worker,Graduate
Pacol,Electrical Installation and Maintenance NC II,33,Male,Senior High,Wage Employed,Electrical Repair,Construction,Career Shifter,Graduate
Bacong,Computer Systems Servicing NC II,43,Male,College Undergraduate,Wage Employed,Computer Literacy,ICT,Experienced Worker,Graduate
Ma-ao,Carpentry NC II,24,Female,College Undergraduate,Self-employed,Baking,Hospitality,Returning Learner,Graduate
Busay,Driving NC II,20,Male,Junior High,Unemployed,Driving,Transportation,Returning Learner,Graduate
Caridad,Shielded Metal Arc Welding NC I,25,Male,Junior High,Underemployed,Welding,Construction,New Entrant,Graduate
Binubuhan,Bread and Pastry NC II,37,Female,Elementary Graduate,Unemployed,Baking,Hospitality,Returning Learner,Graduate
Poblacion,Cookery NC II,43,Female,Senior High,Underemployed,Cooking,Hospitality,New Entrant,Graduate
Taloc,Carpentry NC II,25,Female,Senior High,Underemployed,Carpentry,Construction,New Entrant,Graduate
Tabunan,Electrical Installation and Maintenance NC II,36,Male,Junior High,Self-employed,Electrical Repair,Construction,Returning Learner,Graduate
Binubuhan,Shielded Metal Arc Welding NC I,34,Male,Senior High,Unemployed,Welding,Construction,New Entrant,Dropout
Atipuluan,Computer Systems Servicing NC II,25,Female,College Graduate,Self-employed,Computer Literacy,ICT,New Entrant,Graduate
Bacong,Computer Systems Servicing NC II,48,Male,College Graduate,Self-employed,Computer Literacy,ICT,Experienced Worker,Graduate
Abuanan,Electrical Installation and Maintenance NC II,19,Male,Senior High,Unemployed,Electrical Repair,Hospitality,Career Shifter,Graduate
Abuanan,Bread and Pastry NC II,20,Female,Senior High,Self-employed,Baking,Hospitality,New Entrant,Graduate
Dulao,Shielded Metal Arc Welding NC I,47,Female,College Graduate,Wage Employed,Welding,Construction,Career Shifter,Graduate
Calumangan,Cookery NC II,36,Male,Junior High,Unemployed,Cooking,Hospitality,Experienced Worker,Graduate
Napoles,Cookery NC II,37,Female,College Undergraduate,Wage Employed,Cooking,Hospitality,Returning Learner,Graduate
Ma-ao,Cookery NC II,24,Male,Junior High,Wage Employed,Cooking,Hospitality,Experienced Worker,Dropout
Pacol,Driving NC II,22,Male,Senior High,Underemployed,Driving,Transportation,Returning Learner,Graduate
Lag-asan,Computer Systems Servicing NC II,43,Female,College Graduate,Self-employed,Computer Literacy,ICT,Experienced Worker,Graduate
Taloc,Cookery NC II,37,Male,Senior High,Underemployed,Electrical Repair,Construction,Career Shifter,Graduate
Tabunan,Carpentry NC II,45,Male,College Undergraduate,Unemployed,Carpentry,Construction,Returning Learner,Graduate
Atipuluan,Driving NC II,42,Female,Senior High,Wage Employed,Driving,Transportation,Experienced Worker,Graduate
Ma-ao,Driving NC II,33,Female,Junior High,Underemployed,Driving,Transportation,New Entrant,Dropout
Ilijan,Bread and Pastry NC II,34,Male,Junior High,Self-employed,Baking,Hospitality,Returning Learner,Graduate
Atipuluan,Electrical Installation and Maintenance NC II,32,Female,Junior High,Self-employed,Electrical Repair,Construction,Experienced Worker,Graduate
Poblacion,Masonry NC II,35,Male,Senior High,Underemployed,Masonry,Construction,New Entrant,Dropout
Pacol,Computer Systems Servicing NC II,32,Male,Senior High,Underemployed,Computer Literacy,ICT,Returning Learner,Graduate
Poblacion,Shielded Metal Arc Welding NC I,25,Male,Senior High,Wage Employed,Welding,Construction,Experienced Worker,Graduate
Abuanan,Carpentry NC II,35,Male,Junior High,Unemployed,Carpentry,Construction,Returning Learner,Graduate
Taloc,Electrical Installation and Maintenance NC II,32,Female,Elementary Graduate,Unemployed,Carpentry,Construction,Career Shifter,Graduate
Taloc,Electrical Installation and Maintenance NC II,25,Female,Junior High,Underemployed,Electrical Repair,Construction,New Entrant,Dropout
Calumangan,Bread and Pastry NC II,45,Male,Senior High,Unemployed,Computer Literacy,ICT,Career Shifter,Dropout
Dulao,Driving NC II,25,Male,Senior High,Underemployed,Driving,Transportation,Career Shifter,Graduate
Alianza,Electrical Installation and Maintenance NC II,29,Female,Senior High,Self-employed,Electrical Repair,Construction,Experienced Worker,Graduate
Balingasag,Bread and Pastry NC II,23,Male,Senior High,Self-employed,Baking,Hospitality,Career Shifter,Dropout
Alianza,Electrical Installation and Maintenance NC II,22,Male,Elementary Graduate,Self-employed,Electrical Repair,Construction,Returning Learner,Graduate
Ilijan,Cookery NC II,38,Female,Junior High,Unemployed,Cooking,Hospitality,New Entrant,Dropout
Lag-asan,Shielded Metal Arc Welding NC I,39,Male,Junior High,Self-employed,Welding,Construction,New Entrant,Graduate
Atipuluan,Electrical Installation and Maintenance NC II,41,Male,College Undergraduate,Self-employed,Electrical Repair,Construction,Experienced Worker,Graduate
Taloc,Bread and Pastry NC II,23,Male,Senior High,Underemployed,Baking,Hospitality,New Entrant,Dropout
Mailum,Electrical Installation and Maintenance NC II,33,Male,Elementary Graduate,Unemployed,Electrical Repair,Agriculture,New Entrant,Dropout
Sagasa,Masonry NC II,40,Male,College Undergraduate,Self-employed,Masonry,Construction,Returning Learner,Graduate
Abuanan,Carpentry NC II,41,Male,Junior High,Self-employed,Carpentry,Construction,Experienced Worker,Graduate
Alianza,Computer Systems Servicing NC II,47,Male,College Undergraduate,Wage Employed,Computer Literacy,ICT,Experienced Worker,Graduate
Poblacion,Bread and Pastry NC II,45,Female,Senior High,Underemployed,Baking,Hospitality,New Entrant,Graduate
Mailum,Driving NC II,36,Male,Senior High,Underemployed,Driving,Transportation,New Entrant,Graduate
Lag-asan,Computer Systems Servicing NC II,26,Female,College Undergraduate,Underemployed,Computer Literacy,ICT,New Entrant,Graduate
Pacol,Shielded Metal Arc Welding NC I,38,Male,Senior High,Wage Employed,Welding,Construction,Returning Learner,Dropout
Caridad,Driving NC II,27,Female,Junior High,Unemployed,Driving,Transportation,New Entrant,Dropout
Calumangan,Cookery NC II,23,Female,Junior High,Unemployed,Cooking,Hospitality,New Entrant,Dropout
Balingasag,Bread and Pastry NC II,34,Female,Elementary Graduate,Self-employed,Baking,Hospitality,Experienced Worker,Graduate
Taloc,Electrical Installation and Maintenance NC II,45,Male,Senior High,Wage Employed,Electrical Repair,Hospitality,Experienced Worker,Graduate
Napoles,Bread and Pastry NC II,30,Male,Elementary Graduate,Underemployed,Welding,Construction,Experienced Worker,Dropout
Bacong,Masonry NC II,25,Male,Senior High,Unemployed,Carpentry,Construction,Experienced Worker,Graduate
Lag-asan,Bread and Pastry NC II,27,Male,Senior High,Unemployed,Baking,Hospitality,Returning Learner,Graduate
Abuanan,Computer Systems Servicing NC II,23,Female,College Undergraduate,Self-employed,Computer Literacy,ICT,Returning Learner,Graduate
Atipuluan,Electrical Installation and Maintenance NC II,48,Male,College Graduate,Self-employed,Electrical Repair,Construction,Returning Learner,Graduate
Alianza,Bread and Pastry NC II,18,Male,Junior High,Underemployed,Baking,Hospitality,New Entrant,Graduate
Abuanan,Driving NC II,20,Male,Senior High,Underemployed,Driving,Transportation,Experienced Worker,Dropout
Atipuluan,Bread and Pastry NC II,23,Female,Junior High,Unemployed,Baking,Hospitality,Experienced Worker,Dropout
Napoles,Driving NC II,26,Male,College Undergraduate,Unemployed,Driving,Transportation,New Entrant,Graduate
Napoles,Electrical Installation and Maintenance NC II,29,Male,Junior High,Self-employed,Electrical Repair,Construction,Experienced Worker,Graduate
Atipuluan,Electrical Installation and Maintenance NC II,44,Male,College Graduate,Underemployed,Electrical Repair,Construction,Experienced Worker,Graduate
Bacong,Driving NC II,29,Male,College Undergraduate,Wage Employed,Driving,Transportation,New Entrant,Graduate
Abuanan,Computer Systems Servicing NC II,40,Female,College Undergraduate,Wage Employed,Computer Literacy,ICT,Experienced Worker,Dropout
Pacol,Computer Systems Servicing NC II,45,Male,Senior High,Underemployed,Computer Literacy,ICT,Experienced Worker,Graduate
Taloc,Masonry NC II,26,Male,Senior High,Unemployed,Masonry,Construction,Career Shifter,Dropout
Atipuluan,Electrical Installation and Maintenance NC II,36,Male,Junior High,Unemployed,Masonry,Construction,New Entrant,Graduate
Poblacion,Cookery NC II,41,Female,Senior High,Self-employed,Cooking,Transportation,Experienced Worker,Graduate
Taloc,Cookery NC II,23,Female,College Undergraduate,Self-employed,Cooking,Hospitality,New Entrant,Graduate
Poblacion,Masonry NC II,32,Male,Junior High,Unemployed,Masonry,Construction,New Entrant,Graduate
Busay,Computer Systems Servicing NC II,38,Female,Junior High,Unemployed,Computer Literacy,ICT,Experienced Worker,Dropout
Taloc,Shielded Metal Arc Welding NC I,46,Male,College Undergraduate,Self-employed,Welding,Construction,New Entrant,Graduate
Balingasag,Bread and Pastry NC II,24,Male,Junior High,Underemployed,Baking,Hospitality,Returning Learner,Graduate
Abuanan,Shielded Metal Arc Welding NC I,35,Male,College Graduate,Self-employed,Welding,Construction,Returning Learner,Graduate
Lag-asan,Bread and Pastry NC II,31,Female,College Graduate,Wage Employed,Baking,Hospitality,Experienced Worker,Graduate
Poblacion,Carpentry NC II,35,Male,Elementary Graduate,Wage Employed,Carpentry,Construction,New Entrant,Dropout
Dulao,Masonry NC II,26,Male,Junior High,Unemployed,Masonry,Construction,Experienced Worker,Graduate
Caridad,Bread and Pastry NC II,19,Male,Elementary Graduate,Unemployed,Baking,Construction,Returning Learner,Graduate
Malingin,Computer Systems Servicing NC II,22,Female,College Undergraduate,Self-employed,Computer Literacy,ICT,Experienced Worker,Graduate
Atipuluan,Cookery NC II,37,Female,College Graduate,Wage Employed,Cooking,Agriculture,Experienced Worker,Graduate
Bagroy,Shielded Metal Arc Welding NC I,35,Male,Elementary Graduate,Wage Employed,Welding,Construction,Experienced Worker,Graduate
Atipuluan,Carpentry NC II,34,Male,Elementary Graduate,Unemployed,Carpentry,Construction,Career Shifter,Graduate
Bacong,Electrical Installation and Maintenance NC II,34,Male,Elementary Graduate,Underemployed,Electrical Repair,Construction,Experienced Worker,Graduate
Balingasag,Shielded Metal Arc Welding NC I,45,Female,Senior High,Underemployed,Masonry,Construction,Career Shifter,Graduate
Poblacion,Bread and Pastry NC II,22,Female,Junior High,Unemployed,Baking,Transportation,Returning Learner,Dropout
Binubuhan,Masonry NC II,38,Male,Senior High,Underemployed,Masonry,Construction,Returning Learner,Graduate
Alianza,Carpentry NC II,42,Male,Junior High,Wage Employed,Carpentry,Construction,Experienced Worker,Graduate
Poblacion,Driving NC II,28,Male,College Graduate,Self-employed,Driving,ICT,Returning Learner,Graduate
Malingin,Carpentry NC II,19,Male,Senior High,Underemployed,Carpentry,Construction,Returning Learner,Graduate
Atipuluan,Carpentry NC II,27,Male,Senior High,Unemployed,Carpentry,Construction,Returning Learner,Graduate
Abuanan,Cookery NC II,41,Female,Junior High,Underemployed,Cooking,Hospitality,New Entrant,Dropout
Tabunan,Cookery NC II,23,Male,Senior High,Wage Employed,Cooking,Transportation,Experienced Worker,Graduate
Balingasag,Masonry NC II,30,Male,Elementary Graduate,Unemployed,Masonry,Construction,New Entrant,Dropout
Bacong,Driving NC II,27,Male,Senior High,Unemployed,Driving,Transportation,New Entrant,Graduate
Ma-ao,Electrical Installation and Maintenance NC II,41,Male,Senior High,Underemployed,Electrical Repair,Transportation,Career Shifter,Dropout
Lag-asan,Carpentry NC II,39,Male,Senior High,Unemployed,Carpentry,Construction,Returning Learner,Graduate
Alianza,Computer Systems Servicing NC II,27,Female,College Graduate,Wage Employed,Computer Literacy,ICT,New Entrant,Dropout
Alianza,Driving NC II,33,Female,Elementary Graduate,Unemployed,Driving,Transportation,Returning Learner,Dropout
Busay,Bread and Pastry NC II,32,Female,Junior High,Wage Employed,Baking,Hospitality,Returning Learner,Graduate
Mailum,Electrical Installation and Maintenance NC II,42,Male,Junior High,Unemployed,Electrical Repair,Construction,New Entrant,Dropout
Poblacion,Computer Systems Servicing NC II,43,Male,College Undergraduate,Self-employed,Computer Literacy,ICT,Career Shifter,Dropout
Tabunan,Shielded Metal Arc Welding NC I,26,Male,Elementary Graduate,Unemployed,Welding,Construction,New Entrant,Dropout
Napoles,Masonry NC II,38,Male,College Undergraduate,Underemployed,Masonry,ICT,New Entrant,Graduate
Taloc,Shielded Metal Arc Welding NC I,46,Male,College Undergraduate,Self-employed,Computer Literacy,ICT,Career Shifter,Graduate
Taloc,Computer Systems Servicing NC II,39,Female,College Undergraduate,Unemployed,Computer Literacy,ICT,New Entrant,Dropout
Calumangan,Electrical Installation and Maintenance NC II,42,Male,College Graduate,Wage Employed,Electrical Repair,Construction,Experienced Worker,Graduate
Abuanan,Computer Systems Servicing NC II,55,Female,College Graduate,Underemployed,Computer Literacy,ICT,Career Shifter,Graduate
Caridad,Driving NC II,27,Male,Senior High,Unemployed,Driving,Transportation,New Entrant,Graduate
Poblacion,Masonry NC II,38,Male,Senior High,Unemployed,Masonry,Construction,Returning Learner,Graduate
Calumangan,Shielded Metal Arc Welding NC I,23,Male,College Undergraduate,Wage Employed,Welding,Construction,Returning Learner,Graduate
Napoles,Carpentry NC II,18,Male,Senior High,Underemployed,Carpentry,Construction,New Entrant,Graduate
Poblacion,Electrical Installation and Maintenance NC II,19,Male,Senior High,Wage Employed,Carpentry,Construction,Career Shifter,Graduate
Bacong,Shielded Metal Arc Welding NC I,27,Male,Junior High,Underemployed,Welding,Construction,Returning Learner,Graduate
Taloc,Cookery NC II,38,Male,Senior High,Wage Employed,Cooking,Transportation,Returning Learner,Graduate
Poblacion,Computer Systems Servicing NC II,28,Male,College Undergraduate,Unemployed,Computer Literacy,ICT,Returning Learner,Graduate
Balingasag,Cookery NC II,18,Female,Elementary Graduate,Underemployed,Cooking,Hospitality,New Entrant,Dropout
Dulao,Computer Systems Servicing NC II,32,Male,College Undergraduate,Wage Employed,Computer Literacy,ICT,Experienced Worker,Graduate
Dulao,Electrical Installation and Maintenance NC II,25,Male,Senior High,Self-employed,Electrical Repair,Construction,Experienced Worker,Graduate
Bacong,Shielded Metal Arc Welding NC I,25,Male,Junior High,Unemployed,Welding,Construction,New Entrant,Graduate
Lag-asan,Bread and Pastry NC II,32,Female,Junior High,Wage Employed,Baking,Hospitality,Experienced Worker,Graduate
Atipuluan,Cookery NC II,36,Male,Senior High,Underemployed,Cooking,Hospitality,Career Shifter,Graduate
Ma-ao,Electrical Installation and Maintenance NC II,18,Male,Junior High,Underemployed,Electrical Repair,Construction,Career Shifter,Graduate
Atipuluan,Electrical Installation and Maintenance NC II,26,Male,College Undergraduate,Self-employed,Electrical Repair,Construction,New Entrant,Graduate
Dulao,Driving NC II,39,Male,Senior High,Underemployed,Driving,Transportation,New Entrant,Graduate
Abuanan,Carpentry NC II,43,Male,Senior High,Wage Employed,Carpentry,Transportation,Returning Learner,Graduate
Caridad,Carpentry NC II,31,Male,College Undergraduate,Self-employed,Carpentry,Construction,Returning Learner,Graduate
Binubuhan,Shielded Metal Arc Welding NC I,39,Male,Junior High,Wage Employed,Welding,Construction,New Entrant,Dropout
Alianza,Cookery NC II,32,Male,Senior High,Self-employed,Cooking,Hospitality,Experienced Worker,Graduate
Pacol,Driving NC II,34,Male,Senior High,Wage Employed,Masonry,Construction,Returning Learner,Graduate
Calumangan,Computer Systems Servicing NC II,33,Male,Senior High,Self-employed,Computer Literacy,ICT,New Entrant,Graduate
Abuanan,Cookery NC II,30,Female,Senior High,Underemployed,Cooking,Hospitality,New Entrant,Graduate
Bacong,Carpentry NC II,41,Male,Junior High,Unemployed,Carpentry,Construction,New Entrant,Dropout
Busay,Carpentry NC II,20,Male,Junior High,Unemployed,Carpentry,Construction,New Entrant,Dropout
Napoles,Bread and Pastry NC II,26,Female,Junior High,Wage Employed,Baking,Hospitality,Returning Learner,Graduate
Lag-asan,Carpentry NC II,21,Male,Senior High,Wage Employed,Carpentry,Construction,Experienced Worker,Graduate
Tabunan,Cookery NC II,29,Female,Senior High,Underemployed,Cooking,Hospitality,Career Shifter,Graduate
Abuanan,Cookery NC II,40,Female,Senior High,Wage Employed,Cooking,Hospitality,New Entrant,Graduate
Busay,Electrical Installation and Maintenance NC II,34,Male,Junior High,Unemployed,Electrical Repair,Construction,New Entrant,Dropout
Abuanan,Masonry NC II,36,Male,Senior High,Unemployed,Masonry,Construction,Returning Learner,Graduate
Atipuluan,Computer Systems Servicing NC II,34,Female,College Graduate,Unemployed,Computer Literacy,ICT,New Entrant,Graduate
Napoles,Bread and Pastry NC II,18,Female,Senior High,Unemployed,Baking,Hospitality,Career Shifter,Dropout
Mailum,Computer Systems Servicing NC II,37,Male,Senior High,Underemployed,Computer Literacy,ICT,Returning Learner,Graduate
Tabunan,Masonry NC II,35,Female,Elementary Graduate,Unemployed,Masonry,Construction,Career Shifter,Graduate
Balingasag,Shielded Metal Arc Welding NC I,34,Male,Senior High,Underemployed,Welding,Construction,Career Shifter,Graduate
Poblacion,Carpentry NC II,39,Male,Senior High,Wage Employed,Carpentry,Construction,Experienced Worker,Graduate
Binubuhan,Carpentry NC II,30,Male,College Undergraduate,Wage Employed,Carpentry,Construction,Returning Learner,Graduate
Malingin,Shielded Metal Arc Welding NC I,24,Male,College Undergraduate,Underemployed,Welding,Construction,Experienced Worker,Graduate
Taloc,Bread and Pastry NC II,18,Male,Senior High,Wage Employed,Baking,Hospitality,Career Shifter,Dropout
Calumangan,Electrical Installation and Maintenance NC II,38,Male,College Graduate,Wage Employed,Electrical Repair,Construction,New Entrant,Graduate
Malingin,Driving NC II,39,Female,Senior High,Wage Employed,Driving,Transportation,Experienced Worker,Graduate
Taloc,Driving NC II,35,Male,Elementary Graduate,Unemployed,Driving,Transportation,New Entrant,Graduate
Caridad,Cookery NC II,24,Female,Junior High,Underemployed,Cooking,Hospitality,Returning Learner,Graduate
Poblacion,Shielded Metal Arc Welding NC I,30,Male,Elementary Graduate,Unemployed,Welding,Construction,Returning Learner,Graduate
Busay,Bread and Pastry NC II,28,Female,Junior High,Underemployed,Baking,Business,Career Shifter,Graduate
Bagroy,Cookery NC II,32,Female,College Undergraduate,Self-employed,Cooking,Agriculture,Experienced Worker,Graduate
Binubuhan,Shielded Metal Arc Welding NC I,28,Male,Junior High,Unemployed,Welding,Construction,New Entrant,Dropout
Malingin,Electrical Installation and Maintenance NC II,44,Male,Senior High,Underemployed,Electrical Repair,Construction,Experienced Worker,Graduate
Lag-asan,Shielded Metal Arc Welding NC I,21,Male,Junior High,Unemployed,Welding,Construction,New Entrant,Dropout
Lag-asan,Bread and Pastry NC II,32,Male,Senior High,Underemployed,Baking,Hospitality,Experienced Worker,Graduate
Poblacion,Electrical Installation and Maintenance NC II,36,Female,Junior High,Unemployed,Baking,Hospitality,Career Shifter,Dropout
Abuanan,Carpentry NC II,19,Male,College Undergraduate,Underemployed,Carpentry,Construction,Experienced Worker,Graduate
Bacong,Shielded Metal Arc Welding NC I,37,Male,Senior High,Underemployed,Welding,Construction,Career Shifter,Graduate
Lag-asan,Shielded Metal Arc Welding NC I,39,Male,Senior High,Unemployed,Welding,Construction,New Entrant,Dropout
Mailum,Electrical Installation and Maintenance NC II,21,Female,Junior High,Unemployed,Electrical Repair,Construction,Career Shifter,Dropout
Dulao,Carpentry NC II,40,Male,College Undergraduate,Wage Employed,Cooking,ICT,Returning Learner,Graduate
Napoles,Cookery NC II,24,Male,Senior High,Unemployed,Cooking,Hospitality,Career Shifter,Dropout
Abuanan,Driving NC II,27,Male,College Undergraduate,Unemployed,Driving,Transportation,New Entrant,Graduate
Pacol,Carpentry NC II,24,Male,Elementary Graduate,Underemployed,Carpentry,Construction,New Entrant,Dropout
Tabunan,Computer Systems Servicing NC II,39,Male,College Graduate,Wage Employed,Computer Literacy,ICT,Returning Learner,Graduate
Busay,Masonry NC II,34,Male,Junior High,Unemployed,Masonry,Construction,Career Shifter,Dropout
Taloc,Carpentry NC II,32,Male,Elementary Graduate,Underemployed,Carpentry,Construction,Returning Learner,Graduate
Taloc,Shielded Metal Arc Welding NC I,31,Male,Junior High,Wage Employed,Masonry,Construction,Career Shifter,Graduate
Busay,Driving NC II,30,Male,Junior High,Wage Employed,Driving,Transportation,Career Shifter,Dropout
Dulao,Cookery NC II,22,Male,Senior High,Underemployed,Cooking,Hospitality,Experienced Worker,Graduate
Abuanan,Cookery NC II,36,Male,Senior High,Underemployed,Cooking,Hospitality,New Entrant,Graduate
Napoles,Cookery NC II,32,Female,Senior High,Underemployed,Cooking,Hospitality,Career Shifter,Dropout
Atipuluan,Carpentry NC II,22,Male,Elementary Graduate,Unemployed,Carpentry,Construction,New Entrant,Graduate
Tabunan,Carpentry NC II,37,Female,Junior High,Unemployed,Carpentry,Construction,Returning Learner,Dropout
Bacong,Computer Systems Servicing NC II,23,Male,Elementary Graduate,Underemployed,Computer Literacy,Agriculture,New Entrant,Graduate
Calumangan,Driving NC II,19,Male,Senior High,Wage Employed,Driving,Transportation,Returning Learner,Graduate
Atipuluan,Cookery NC II,23,Female,Senior High,Unemployed,Cooking,Business,New Entrant,Graduate
Lag-asan,Carpentry NC II,25,Male,Junior High,Underemployed,Welding,Construction,Career Shifter,Dropout
Bacong,Computer Systems Servicing NC II,30,Female,College Graduate,Wage Employed,Computer Literacy,ICT,Returning Learner,Graduate
Abuanan,Bread and Pastry NC II,31,Male,College Undergraduate,Unemployed,Baking,Hospitality,Returning Learner,Graduate
Calumangan,Bread and Pastry NC II,20,Female,Junior High,Underemployed,Baking,Hospitality,Returning Learner,Dropout
Poblacion,Electrical Installation and Maintenance NC II,34,Male,College Graduate,Self-employed,Electrical Repair,Business,Experienced Worker,Graduate
Caridad,Carpentry NC II,36,Female,Senior High,Underemployed,Baking,Hospitality,Experienced Worker,Graduate
Alianza,Masonry NC II,28,Male,Elementary Graduate,Underemployed,Masonry,Construction,Career Shifter,Dropout
Napoles,Carpentry NC II,40,Male,Elementary Graduate,Unemployed,Carpentry,Construction,New Entrant,Dropout
Malingin,Carpentry NC II,25,Male,Senior High,Underemployed,Carpentry,Construction,New Entrant,Graduate
Lag-asan,Bread and Pastry NC II,47,Female,College Undergraduate,Self-employed,Baking,Hospitality,Experienced Worker,Dropout
Atipuluan,Bread and Pastry NC II,24,Male,College Undergraduate,Self-employed,Baking,Hospitality,Experienced Worker,Graduate
Malingin,Masonry NC II,25,Female,Junior High,Self-employed,Masonry,Construction,Returning Learner,Dropout
Taloc,Driving NC II,24,Male,Senior High,Wage Employed,Driving,Transportation,Returning Learner,Graduate
Bacong,Cookery NC II,27,Female,Junior High,Underemployed,Cooking,Hospitality,Experienced Worker,Graduate
Atipuluan,Electrical Installation and Maintenance NC II,31,Male,College Graduate,Self-employed,Electrical Repair,Construction,New Entrant,Dropout
Alianza,Masonry NC II,32,Male,Junior High,Unemployed,Masonry,Construction,Returning Learner,Graduate
Abuanan,Masonry NC II,24,Male,Junior High,Underemployed,Masonry,Construction,Experienced Worker,Graduate
Abuanan,Driving NC II,41,Male,Junior High,Self-employed,Driving,Transportation,Career Shifter,Graduate
Caridad,Driving NC II,29,Male,Senior High,Unemployed,Driving,Transportation,New Entrant,Graduate
Ilijan,Computer Systems Servicing NC II,35,Male,Junior High,Underemployed,Computer Literacy,ICT,New Entrant,Dropout
Binubuhan,Electrical Installation and Maintenance NC II,38,Female,Elementary Graduate,Underemployed,Electrical Repair,Hospitality,Career Shifter,Dropout
Poblacion,Cookery NC II,43,Male,Senior High,Underemployed,Cooking,Hospitality,Experienced Worker,Graduate
Lag-asan,Carpentry NC II,18,Male,Junior High,Self-employed,Carpentry,Construction,Experienced Worker,Graduate
Pacol,Electrical Installation and Maintenance NC II,33,Male,Elementary Graduate,Unemployed,Electrical Repair,Agriculture,New Entrant,Dropout
Lag-asan,Shielded Metal Arc Welding NC I,47,Male,College Undergraduate,Wage Employed,Welding,Transportation,Experienced Worker,Dropout
Abuanan,Masonry NC II,21,Male,Junior High,Wage Employed,Masonry,Construction,Experienced Worker,Graduate
Alianza,Shielded Metal Arc Welding NC I,33,Male,Elementary Graduate,Wage Employed,Welding,Construction,Career Shifter,Graduate
Caridad,Driving NC II,35,Male,College Undergraduate,Underemployed,Driving,Transportation,Experienced Worker,Graduate
Caridad,Masonry NC II,24,Male,College Graduate,Underemployed,Masonry,Construction,New Entrant,Graduate
Poblacion,Bread and Pastry NC II,28,Female,College Undergraduate,Wage Employed,Baking,Hospitality,Experienced Worker,Graduate
Poblacion,Carpentry NC II,18,Male,Senior High,Unemployed,Carpentry,Construction,Career Shifter,Dropout
Dulao,Driving NC II,21,Female,Senior High,Self-employed,Computer Literacy,Hospitality,Experienced Worker,Graduate
Pacol,Masonry NC II,30,Male,Senior High,Self-employed,Masonry,Construction,Experienced Worker,Graduate
Lag-asan,Driving NC II,55,Female,College Graduate,Wage Employed,Driving,Transportation,Career Shifter,Graduate
Lag-asan,Cookery NC II,45,Male,College Graduate,Wage Employed,Cooking,Hospitality,Experienced Worker,Graduate
Ilijan,Cookery NC II,27,Male,Elementary Graduate,Underemployed,Cooking,Hospitality,New Entrant,Dropout
Taloc,Cookery NC II,35,Female,College Graduate,Unemployed,Cooking,Business,Experienced Worker,Graduate
Ma-ao,Masonry NC II,36,Male,Elementary Graduate,Unemployed,Masonry,Construction,New Entrant,Dropout
Poblacion,Cookery NC II,39,Male,Junior High,Unemployed,Cooking,Hospitality,New Entrant,Dropout
Lag-asan,Shielded Metal Arc Welding NC I,19,Male,Junior High,Unemployed,Welding,Construction,Career Shifter,Dropout
Caridad,Driving NC II,33,Male,Senior High,Wage Employed,Driving,Transportation,Experienced Worker,Graduate
Abuanan,Masonry NC II,42,Male,Junior High,Wage Employed,Masonry,Construction,New Entrant,Graduate
Alianza,Masonry NC II,27,Male,Elementary Graduate,Unemployed,Masonry,Construction,New Entrant,Graduate
Ilijan,Bread and Pastry NC II,26,Female,Junior High,Unemployed,Baking,Hospitality,Returning Learner,Dropout
Atipuluan,Masonry NC II,32,Male,Junior High,Unemployed,Masonry,Construction,New Entrant,Dropout
Bacong,Electrical Installation and Maintenance NC II,32,Male,Senior High,Self-employed,Electrical Repair,Construction,Experienced Worker,Graduate
Calumangan,Masonry NC II,26,Male,Senior High,Unemployed,Masonry,Construction,Returning Learner,Graduate
Sagasa,Cookery NC II,40,Male,Junior High,Underemployed,Cooking,Hospitality,Experienced Worker,Graduate
Sagasa,Electrical Installation and Maintenance NC II,36,Male,Elementary Graduate,Unemployed,Electrical Repair,Construction,Career Shifter,Dropout
Poblacion,Masonry NC II,30,Male,Elementary Graduate,Underemployed,Masonry,Construction,Career Shifter,Graduate
Ma-ao,Bread and Pastry NC II,39,Male,Senior High,Underemployed,Carpentry,Construction,New Entrant,Graduate
Alianza,Cookery NC II,40,Male,Senior High,Unemployed,Cooking,Hospitality,New Entrant,Graduate
Bacong,Electrical Installation and Maintenance NC II,45,Female,College Undergraduate,Underemployed,Electrical Repair,Construction,Career Shifter,Graduate
Poblacion,Electrical Installation and Maintenance NC II,33,Male,College Graduate,Wage Employed,Electrical Repair,Construction,Experienced Worker,Graduate
Calumangan,Electrical Installation and Maintenance NC II,39,Male,Junior High,Unemployed,Welding,Construction,New Entrant,Graduate
Taloc,Cookery NC II,37,Female,Junior High,Underemployed,Cooking,Hospitality,Returning Learner,Graduate
Caridad,Cookery NC II,19,Male,Elementary Graduate,Self-employed,Masonry,Construction,Returning Learner,Dropout
Bagroy,Masonry NC II,36,Male,Elementary Graduate,Underemployed,Masonry,Construction,New Entrant,Dropout
Pacol,Shielded Metal Arc Welding NC I,32,Male,Senior High,Self-employed,Welding,Construction,Returning Learner,Dropout
Calumangan,Driving NC II,42,Male,Junior High,Wage Employed,Driving,Transportation,Experienced Worker,Graduate
Taloc,Masonry NC II,53,Male,College Graduate,Wage Employed,Masonry,Construction,Experienced Worker,Graduate
Mailum,Shielded Metal Arc Welding NC I,34,Male,Elementary Graduate,Unemployed,Welding,Construction,New Entrant,Dropout
Bagroy,Cookery NC II,32,Female,Senior High,Unemployed,Cooking,Hospitality,Experienced Worker,Dropout
Abuanan,Carpentry NC II,39,Male,Senior High,Unemployed,Carpentry,Construction,New Entrant,Graduate
Balingasag,Electrical Installation and Maintenance NC II,28,Male,Senior High,Underemployed,Electrical Repair,Construction,Experienced Worker,Dropout
Alianza,Bread and Pastry NC II,38,Female,Senior High,Self-employed,Baking,Hospitality,Returning Learner,Graduate
Calumangan,Bread and Pastry NC II,23,Female,Junior High,Wage Employed,Baking,Hospitality,Experienced Worker,Graduate
Dulao,Shielded Metal Arc Welding NC I,52,Male,College Graduate,Wage Employed,Welding,Construction,Career Shifter,Graduate
Atipuluan,Driving NC II,26,Male,Senior High,Underemployed,Driving,Transportation,Returning Learner,Graduate
Alianza,Masonry NC II,29,Male,Junior High,Underemployed,Masonry,Construction,Career Shifter,Graduate
Napoles,Shielded Metal Arc Welding NC I,39,Male,Junior High,Unemployed,Welding,Construction,New Entrant,Graduate
Caridad,Electrical Installation and Maintenance NC II,40,Male,Elementary Graduate,Underemployed,Electrical Repair,Construction,New Entrant,Graduate
Dulao,Electrical Installation and Maintenance NC II,34,Male,Junior High,Unemployed,Electrical Repair,Construction,Career Shifter,Graduate
Dulao,Driving NC II,33,Female,Elementary Graduate,Underemployed,Baking,Hospitality,Career Shifter,Graduate
Ma-ao,Driving NC II,32,Male,Elementary Graduate,Unemployed,Driving,Transportation,New Entrant,Graduate
Abuanan,Cookery NC II,26,Female,College Undergraduate,Underemployed,Cooking,Hospitality,New Entrant,Graduate
Balingasag,Bread and Pastry NC II,27,Male,College Graduate,Underemployed,Computer Literacy,ICT,New Entrant,Graduate
Alianza,Carpentry NC II,38,Male,Junior High,Underemployed,Carpentry,Construction,Career Shifter,Dropout
Ilijan,Shielded Metal Arc Welding NC I,28,Male,Elementary Graduate,Unemployed,Welding,Construction,Experienced Worker,Graduate
Atipuluan,Bread and Pastry NC II,40,Male,College Undergraduate,Self-employed,Baking,Hospitality,Returning Learner,Graduate
Sagasa,Cookery NC II,41,Male,Senior High,Underemployed,Cooking,Hospitality,New Entrant,Graduate
Pacol,Masonry NC II,33,Male,Junior High,Underemployed,Masonry,Transportation,Career Shifter,Graduate
Abuanan,Shielded Metal Arc Welding NC I,26,Male,Junior High,Unemployed,Welding,Construction,New Entrant,Graduate
Balingasag,Carpentry NC II,38,Male,Senior High,Unemployed,Carpentry,Construction,Returning Learner,Dropout
Balingasag,Bread and Pastry NC II,22,Male,Junior High,Underemployed,Baking,Hospitality,Returning Learner,Graduate
Alianza,Shielded Metal Arc Welding NC I,39,Male,Senior High,Unemployed,Welding,Construction,New Entrant,Graduate
Poblacion,Carpentry NC II,38,Male,Elementary Graduate,Unemployed,Carpentry,Construction,New Entrant,Graduate
Alianza,Shielded Metal Arc Welding NC I,30,Male,Elementary Graduate,Underemployed,Welding,Construction,Career Shifter,Graduate
Balingasag,Carpentry NC II,19,Male,Senior High,Wage Employed,Carpentry,ICT,Experienced Worker,Graduate
Balingasag,Shielded Metal Arc Welding NC I,32,Female,Senior High,Underemployed,Baking,Hospitality,Career Shifter,Dropout
Mailum,Masonry NC II,25,Male,Elementary Graduate,Underemployed,Masonry,Construction,New Entrant,Graduate
Tabunan,Shielded Metal Arc Welding NC I,18,Male,Elementary Graduate,Self-employed,Welding,Agriculture,Experienced Worker,Graduate
Malingin,Carpentry NC II,34,Male,Senior High,Underemployed,Carpentry,Construction,Returning Learner,Graduate
Lag-asan,Masonry NC II,30,Male,Senior High,Self-employed,Masonry,Construction,Returning Learner,Graduate
Bagroy,Masonry NC II,25,Female,Elementary Graduate,Unemployed,Masonry,Construction,New Entrant,Dropout
Napoles,Driving NC II,29,Male,Elementary Graduate,Underemployed,Driving,Transportation,New Entrant,Graduate
Ma-ao,Cookery NC II,27,Male,Senior High,Underemployed,Cooking,Hospitality,New Entrant,Dropout
Alianza,Masonry NC II,37,Male,Junior High,Self-employed,Masonry,Construction,Experienced Worker,Graduate
Alianza,Cookery NC II,26,Male,Senior High,Unemployed,Cooking,Hospitality,New Entrant,Dropout
Alianza,Masonry NC II,42,Male,Senior High,Wage Employed,Masonry,Construction,Experienced Worker,Graduate
Alianza,Masonry NC II,24,Male,Elementary Graduate,Self-employed,Masonry,Construction,Experienced Worker,Graduate
Poblacion,Masonry NC II,33,Male,Elementary Graduate,Unemployed,Masonry,Construction,Returning Learner,Graduate
Calumangan,Carpentry NC II,33,Male,Elementary Graduate,Self-employed,Carpentry,Transportation,Career Shifter,Graduate
Atipuluan,Masonry NC II,25,Male,Senior High,Underemployed,Masonry,Construction,Career Shifter,Graduate
Ma-ao,Electrical Installation and Maintenance NC II,44,Male,Senior High,Wage Employed,Electrical Repair,Hospitality,Experienced Worker,Graduate
Ilijan,Masonry NC II,19,Male,Elementary Graduate,Self-employed,Masonry,Construction,Returning Learner,Graduate
Pacol,Masonry NC II,32,Male,Junior High,Unemployed,Masonry,Construction,New Entrant,Dropout
Pacol,Masonry NC II,28,Female,Junior High,Unemployed,Masonry,Construction,Career Shifter,Graduate
Dulao,Bread and Pastry NC II,23,Male,Elementary Graduate,Unemployed,Baking,Hospitality,New Entrant,Dropout
Poblacion,Driving NC II,33,Male,Junior High,Underemployed,Driving,Transportation,Returning Learner,Graduate
Calumangan,Driving NC II,18,Female,Senior High,Wage Employed,Driving,Construction,Experienced Worker,Graduate
Lag-asan,Masonry NC II,32,Male,Senior High,Self-employed,Masonry,Construction,Experienced Worker,Graduate
Abuanan,Driving NC II,40,Male,Senior High,Self-employed,Driving,Transportation,Experienced Worker,Graduate
Alianza,Electrical Installation and Maintenance NC II,42,Male,Junior High,Underemployed,Electrical Repair,Construction,Returning Learner,Dropout
Calumangan,Shielded Metal Arc Welding NC I,34,Male,Senior High,Underemployed,Welding,Construction,Career Shifter,Graduate
Ilijan,Masonry NC II,39,Male,Elementary Graduate,Underemployed,Masonry,Construction,Returning Learner,Dropout
Balingasag,Bread and Pastry NC II,30,Male,Senior High,Wage Employed,Carpentry,Construction,Career Shifter,Dropout
Poblacion,Computer Systems Servicing NC II,39,Male,Senior High,Self-employed,Computer Literacy,ICT,Experienced Worker,Graduate
Balingasag,Electrical Installation and Maintenance NC II,21,Male,Elementary Graduate,Unemployed,Electrical Repair,Construction,New Entrant,Graduate
Ma-ao,Shielded Metal Arc Welding NC I,32,Female,College Undergraduate,Unemployed,Welding,Construction,Experienced Worker,Graduate
Atipuluan,Masonry NC II,21,Male,Junior High,Underemployed,Masonry,Construction,Returning Learner,Graduate
Dulao,Masonry NC II,24,Male,Junior High,Self-employed,Masonry,Construction,Returning Learner,Graduate
Tabunan,Cookery NC II,28,Male,Junior High,Unemployed,Carpentry,Agriculture,New Entrant,Graduate
Atipuluan,Masonry NC II,19,Male,Senior High,Underemployed,Masonry,Construction,New Entrant,Graduate
Alianza,Cookery NC II,18,Male,Junior High,Underemployed,Cooking,Hospitality,New Entrant,Graduate
Atipuluan,Masonry NC II,43,Male,Senior High,Self-employed,Masonry,Construction,Experienced Worker,Graduate
Caridad,Bread and Pastry NC II,18,Female,Elementary Graduate,Unemployed,Baking,Construction,New Entrant,Dropout
Atipuluan,Shielded Metal Arc Welding NC I,33,Female,Senior High,Underemployed,Welding,Construction,Experienced Worker,Graduate
Atipuluan,Shielded Metal Arc Welding NC I,38,Female,Senior High,Unemployed,Welding,Construction,New Entrant,Graduate
Dulao,Electrical Installation and Maintenance NC II,42,Male,College Undergraduate,Self-employed,Cooking,Hospitality,Career Shifter,Dropout
Calumangan,Computer Systems Servicing NC II,42,Male,College Undergraduate,Wage Employed,Computer Literacy,ICT,Experienced Worker,Graduate
Dulao,Bread and Pastry NC II,19,Female,Junior High,Wage Employed,Baking,Hospitality,Returning Learner,Graduate
Abuanan,Carpentry NC II,19,Male,Senior High,Underemployed,Carpentry,Construction,Career Shifter,Dropout
Abuanan,Driving NC II,43,Male,College Undergraduate,Wage Employed,Driving,Transportation,Returning Learner,Graduate
Mailum,Computer Systems Servicing NC II,24,Female,College Undergraduate,Unemployed,Computer Literacy,ICT,Career Shifter,Graduate
Atipuluan,Shielded Metal Arc Welding NC I,45,Male,College Undergraduate,Self-employed,Welding,Construction,Career Shifter,Graduate
Bacong,Bread and Pastry NC II,23,Male,Junior High,Unemployed,Baking,Hospitality,Career Shifter,Graduate
Caridad,Computer Systems Servicing NC II,40,Female,Junior High,Underemployed,Computer Literacy,Construction,Experienced Worker,Graduate
Malingin,Carpentry NC II,38,Male,Junior High,Wage Employed,Carpentry,Construction,New Entrant,Graduate
Ilijan,Driving NC II,19,Male,Junior High,Unemployed,Driving,Transportation,Career Shifter,Graduate
Napoles,Computer Systems Servicing NC II,35,Male,College Graduate,Underemployed,Computer Literacy,ICT,New Entrant,Graduate
Ma-ao,Electrical Installation and Maintenance NC II,37,Male,Senior High,Wage Employed,Electrical Repair,Construction,Experienced Worker,Graduate
Abuanan,Shielded Metal Arc Welding NC I,23,Female,Junior High,Unemployed,Baking,Hospitality,Career Shifter,Graduate
Poblacion,Shielded Metal Arc Welding NC I,31,Male,Senior High,Unemployed,Welding,Construction,Experienced Worker,Graduate
Alianza,Cookery NC II,25,Female,Senior High,Unemployed,Cooking,Hospitality,New Entrant,Graduate
Taloc,Driving NC II,46,Male,College Graduate,Unemployed,Driving,Business,Career Shifter,Graduate
Balingasag,Carpentry NC II,26,Male,Junior High,Wage Employed,Carpentry,Construction,Experienced Worker,Graduate
Abuanan,Electrical Installation and Maintenance NC II,20,Male,Senior High,Wage Employed,Baking,Hospitality,Career Shifter,Dropout
Poblacion,Bread and Pastry NC II,37,Female,Junior High,Unemployed,Baking,Hospitality,Returning Learner,Graduate
Binubuhan,Cookery NC II,27,Female,Elementary Graduate,Unemployed,Cooking,Hospitality,Returning Learner,Dropout
Malingin,Electrical Installation and Maintenance NC II,39,Male,Senior High,Underemployed,Electrical Repair,Construction,New Entrant,Graduate
Malingin,Cookery NC II,40,Female,Junior High,Self-employed,Cooking,ICT,Experienced Worker,Graduate
Balingasag,Electrical Installation and Maintenance NC II,45,Male,College Undergraduate,Self-employed,Electrical Repair,Construction,Experienced Worker,Graduate
Atipuluan,Masonry NC II,38,Female,College Undergraduate,Unemployed,Computer Literacy,ICT,Career Shifter,Dropout
Poblacion,Masonry NC II,38,Male,Junior High,Unemployed,Masonry,Construction,Returning Learner,Dropout
Bagroy,Bread and Pastry NC II,29,Female,Senior High,Unemployed,Baking,Hospitality,New Entrant,Graduate
Calumangan,Electrical Installation and Maintenance NC II,33,Male,Junior High,Unemployed,Electrical Repair,Construction,New Entrant,Dropout
Lag-asan,Driving NC II,26,Female,Elementary Graduate,Underemployed,Driving,Transportation,Experienced Worker,Graduate
Calumangan,Computer Systems Servicing NC II,53,Male,College Graduate,Unemployed,Computer Literacy,ICT,Returning Learner,Graduate
Lag-asan,Computer Systems Servicing NC II,38,Male,Senior High,Unemployed,Masonry,Construction,New Entrant,Dropout
Malingin,Cookery NC II,42,Female,Senior High,Self-employed,Cooking,Hospitality,Career Shifter,Graduate
Dulao,Masonry NC II,36,Male,College Undergraduate,Self-employed,Masonry,Construction,New Entrant,Graduate
Dulao,Masonry NC II,21,Male,College Undergraduate,Underemployed,Masonry,Construction,New Entrant,Dropout
Atipuluan,Bread and Pastry NC II,25,Male,Junior High,Underemployed,Baking,Hospitality,New Entrant,Graduate
Calumangan,Bread and Pastry NC II,31,Female,Senior High,Underemployed,Baking,Hospitality,Returning Learner,Graduate
Ma-ao,Shielded Metal Arc Welding NC I,29,Male,Elementary Graduate,Unemployed,Welding,Construction,Returning Learner,Dropout
Atipuluan,Masonry NC II,32,Female,Senior High,Unemployed,Masonry,Construction,Career Shifter,Dropout
Malingin,Masonry NC II,34,Male,Elementary Graduate,Self-employed,Masonry,Construction,Experienced Worker,Graduate
Atipuluan,Shielded Metal Arc Welding NC I,42,Male,Junior High,Underemployed,Welding,Construction,Returning Learner,Graduate
Taloc,Masonry NC II,27,Male,Junior High,Unemployed,Masonry,Business,Returning Learner,Graduate
Caridad,Shielded Metal Arc Welding NC I,18,Male,Senior High,Wage Employed,Welding,Construction,Returning Learner,Graduate
Tabunan,Shielded Metal Arc Welding NC I,42,Male,Senior High,Self-employed,Welding,Construction,Experienced Worker,Dropout
Abuanan,Bread and Pastry NC II,27,Male,College Graduate,Wage Employed,Baking,Business,Experienced Worker,Graduate
Bagroy,Driving NC II,27,Male,Elementary Graduate,Unemployed,Driving,Transportation,Experienced Worker,Graduate
Poblacion,Driving NC II,19,Male,Elementary Graduate,Underemployed,Driving,Transportation,New Entrant,Graduate
Malingin,Computer Systems Servicing NC II,22,Male,Senior High,Self-employed,Computer Literacy,ICT,Experienced Worker,Graduate
Dulao,Computer Systems Servicing NC II,19,Female,College Undergraduate,Self-employed,Computer Literacy,ICT,Experienced Worker,Graduate
Poblacion,Masonry NC II,21,Male,Senior High,Wage Employed,Masonry,Construction,New Entrant,Graduate
Malingin,Bread and Pastry NC II,38,Female,Senior High,Unemployed,Baking,Hospitality,Career Shifter,Dropout
Abuanan,Bread and Pastry NC II,28,Female,Senior High,Underemployed,Welding,Construction,Career Shifter,Graduate
Abuanan,Electrical Installation and Maintenance NC II,36,Male,College Undergraduate,Wage Employed,Electrical Repair,Construction,Experienced Worker,Graduate
Poblacion,Driving NC II,42,Male,Senior High,Underemployed,Driving,Transportation,Experienced Worker,Graduate
Calumangan,Carpentry NC II,30,Male,Senior High,Wage Employed,Carpentry,Construction,Experienced Worker,Graduate
Taloc,Masonry NC II,38,Male,Junior High,Underemployed,Masonry,Construction,Career Shifter,Graduate
Taloc,Electrical Installation and Maintenance NC II,42,Male,Junior High,Unemployed,Electrical Repair,Construction,Returning Learner,Dropout
Bacong,Masonry NC II,26,Male,College Graduate,Self-employed,Masonry,Construction,Experienced Worker,Graduate
Busay,Carpentry NC II,22,Male,College Undergraduate,Self-employed,Carpentry,Construction,Experienced Worker,Dropout
Pacol,Carpentry NC II,24,Female,Junior High,Self-employed,Carpentry,Construction,Returning Learner,Graduate
Ma-ao,Computer Systems Servicing NC II,42,Male,College Undergraduate,Self-employed,Computer Literacy,ICT,Experienced Worker,Graduate
Bacong,Carpentry NC II,30,Male,Senior High,Self-employed,Carpentry,Construction,Returning Learner,Graduate
Bagroy,Masonry NC II,40,Male,Junior High,Underemployed,Masonry,Construction,New Entrant,Graduate
Napoles,Shielded Metal Arc Welding NC I,33,Female,Junior High,Unemployed,Baking,Hospitality,Returning Learner,Graduate
Alianza,Cookery NC II,55,Male,College Graduate,Wage Employed,Cooking,Hospitality,New Entrant,Graduate
Alianza,Shielded Metal Arc Welding NC I,24,Male,Senior High,Underemployed,Welding,Construction,Experienced Worker,Dropout
Taloc,Cookery NC II,42,Female,Junior High,Unemployed,Cooking,Hospitality,Returning Learner,Dropout
Poblacion,Shielded Metal Arc Welding NC I,26,Female,Junior High,Unemployed,Baking,Agriculture,New Entrant,Graduate
Alianza,Masonry NC II,31,Male,College Graduate,Wage Employed,Masonry,Construction,Experienced Worker,Graduate
Poblacion,Cookery NC II,30,Female,Junior High,Unemployed,Cooking,Hospitality,Career Shifter,Graduate
Busay,Driving NC II,38,Male,Junior High,Underemployed,Driving,Transportation,New Entrant,Dropout
Busay,Masonry NC II,19,Male,Senior High,Self-employed,Masonry,Construction,Experienced Worker,Dropout
Binubuhan,Electrical Installation and Maintenance NC II,25,Male,Junior High,Unemployed,Electrical Repair,Construction,New Entrant,Dropout
Calumangan,Bread and Pastry NC II,18,Male,Senior High,Self-employed,Baking,Hospitality,Career Shifter,Dropout
Bacong,Masonry NC II,32,Male,Junior High,Self-employed,Masonry,Construction,Experienced Worker,Graduate
Tabunan,Masonry NC II,38,Male,Senior High,Underemployed,Masonry,Construction,Career Shifter,Graduate
Calumangan,Driving NC II,36,Female,Junior High,Underemployed,Cooking,Hospitality,Career Shifter,Graduate
Dulao,Electrical Installation and Maintenance NC II,38,Male,Junior High,Self-employed,Electrical Repair,Construction,Returning Learner,Graduate
Bagroy,Carpentry NC II,27,Male,Senior High,Self-employed,Carpentry,Transportation,Experienced Worker,Dropout
Dulao,Cookery NC II,35,Female,Senior High,Unemployed,Cooking,Hospitality,Returning Learner,Graduate
Dulao,Shielded Metal Arc Welding NC I,26,Female,Senior High,Unemployed,Welding,Construction,Career Shifter,Dropout
Taloc,Masonry NC II,21,Male,Elementary Graduate,Unemployed,Masonry,Construction,Career Shifter,Graduate
Malingin,Carpentry NC II,44,Male,College Graduate,Self-employed,Carpentry,Construction,Returning Learner,Graduate
Balingasag,Computer Systems Servicing NC II,49,Male,College Graduate,Underemployed,Computer Literacy,ICT,New Entrant,Graduate
Balingasag,Cookery NC II,54,Male,College Graduate,Underemployed,Driving,Construction,New Entrant,Graduate
Atipuluan,Bread and Pastry NC II,28,Male,College Undergraduate,Underemployed,Baking,Hospitality,New Entrant,Graduate
Bacong,Shielded Metal Arc Welding NC I,22,Male,Junior High,Underemployed,Welding,Construction,Returning Learner,Dropout
Pacol,Electrical Installation and Maintenance NC II,30,Male,Senior High,Underemployed,Electrical Repair,Construction,New Entrant,Graduate
Poblacion,Shielded Metal Arc Welding NC I,44,Male,Senior High,Underemployed,Welding,Construction,Experienced Worker,Graduate
Alianza,Computer Systems Servicing NC II,35,Male,College Graduate,Wage Employed,Computer Literacy,ICT,Experienced Worker,Graduate
Balingasag,Masonry NC II,37,Female,Senior High,Unemployed,Masonry,Construction,Returning Learner,Graduate
Alianza,Carpentry NC II,23,Male,Senior High,Self-employed,Carpentry,Construction,Experienced Worker,Graduate
Bacong,Computer Systems Servicing NC II,25,Female,College Undergraduate,Wage Employed,Computer Literacy,ICT,Career Shifter,Dropout
Taloc,Electrical Installation and Maintenance NC II,31,Male,Senior High,Underemployed,Electrical Repair,Construction,Returning Learner,Dropout
Dulao,Electrical Installation and Maintenance NC II,30,Female,College Undergraduate,Self-employed,Electrical Repair,Construction,Experienced Worker,Graduate
Mailum,Carpentry NC II,26,Male,Senior High,Unemployed,Carpentry,Construction,Returning Learner,Dropout
Balingasag,Masonry NC II,45,Female,Senior High,Underemployed,Masonry,Construction,New Entrant,Graduate
Dulao,Masonry NC II,23,Male,College Graduate,Unemployed,Masonry,Construction,Experienced Worker,Graduate
Atipuluan,Electrical Installation and Maintenance NC II,29,Male,Senior High,Wage Employed,Electrical Repair,Construction,Experienced Worker,Graduate
Malingin,Cookery NC II,51,Female,College Graduate,Underemployed,Cooking,Hospitality,New Entrant,Graduate
Caridad,Driving NC II,35,Male,Senior High,Underemployed,Driving,Transportation,Returning Learner,Graduate
Poblacion,Shielded Metal Arc Welding NC I,30,Male,Senior High,Self-employed,Welding,Construction,Experienced Worker,Graduate
Ma-ao,Shielded Metal Arc Welding NC I,30,Female,Elementary Graduate,Unemployed,Welding,Construction,New Entrant,Graduate
Lag-asan,Cookery NC II,32,Female,Elementary Graduate,Underemployed,Cooking,Agriculture,New Entrant,Dropout
Calumangan,Driving NC II,19,Male,Senior High,Wage Employed,Welding,Construction,Career Shifter,Graduate
Bacong,Carpentry NC II,23,Male,Junior High,Wage Employed,Carpentry,Construction,Returning Learner,Graduate
Taloc,Cookery NC II,42,Male,Senior High,Wage Employed,Cooking,Hospitality,Experienced Worker,Graduate
Balingasag,Masonry NC II,43,Female,Senior High,Wage Employed,Masonry,Construction,Returning Learner,Dropout
Pacol,Bread and Pastry NC II,20,Female,Elementary Graduate,Unemployed,Baking,Hospitality,Returning Learner,Graduate
Poblacion,Carpentry NC II,30,Male,Senior High,Unemployed,Carpentry,Construction,Returning Learner,Graduate
Poblacion,Computer Systems Servicing NC II,36,Male,College Graduate,Self-employed,Computer Literacy,ICT,Experienced Worker,Graduate
Tabunan,Driving NC II,37,Male,Senior High,Underemployed,Driving,Transportation,New Entrant,Graduate
Caridad,Carpentry NC II,23,Male,College Undergraduate,Self-employed,Carpentry,Construction,Returning Learner,Graduate
Pacol,Carpentry NC II,23,Male,Elementary Graduate,Unemployed,Carpentry,Construction,Career Shifter,Dropout
Atipuluan,Shielded Metal Arc Welding NC I,48,Male,College Graduate,Wage Employed,Welding,Construction,Experienced Worker,Graduate
Balingasag,Electrical Installation and Maintenance NC II,25,Male,College Undergraduate,Wage Employed,Electrical Repair,Construction,Experienced Worker,Graduate
Ma-ao,Driving NC II,30,Male,Elementary Graduate,Unemployed,Driving,Transportation,New Entrant,Dropout
Abuanan,Masonry NC II,23,Male,College Undergraduate,Self-employed,Masonry,Construction,New Entrant,Graduate
Poblacion,Masonry NC II,24,Male,College Undergraduate,Wage Employed,Masonry,Construction,Returning Learner,Graduate
Alianza,Carpentry NC II,23,Male,Senior High,Unemployed,Carpentry,Construction,New Entrant,Graduate
Busay,Bread and Pastry NC II,29,Male,Elementary Graduate,Underemployed,Baking,Hospitality,New Entrant,Dropout
Tabunan,Cookery NC II,32,Female,College Undergraduate,Wage Employed,Cooking,ICT,Returning Learner,Graduate
Pacol,Bread and Pastry NC II,31,Female,Junior High,Unemployed,Baking,Transportation,Experienced Worker,Graduate
Bagroy,Electrical Installation and Maintenance NC II,42,Male,Junior High,Underemployed,Electrical Repair,Hospitality,Career Shifter,Graduate
Abuanan,Cookery NC II,32,Female,Senior High,Unemployed,Cooking,Hospitality,Experienced Worker,Graduate
Mailum,Carpentry NC II,26,Male,Senior High,Underemployed,Carpentry,Construction,Experienced Worker,Dropout
Poblacion,Carpentry NC II,28,Male,College Graduate,Self-employed,Carpentry,Construction,Returning Learner,Graduate
Bacong,Masonry NC II,29,Female,College Graduate,Unemployed,Masonry,Construction,New Entrant,Dropout
Dulao,Carpentry NC II,42,Male,Senior High,Self-employed,Carpentry,Construction,Experienced Worker,Graduate
Poblacion,Computer Systems Servicing NC II,22,Female,College Undergraduate,Wage Employed,Computer Literacy,ICT,Experienced Worker,Graduate
Lag-asan,Cookery NC II,24,Female,Senior High,Unemployed,Cooking,Hospitality,Returning Learner,Graduate
Lag-asan,Carpentry NC II,37,Male,Senior High,Self-employed,Carpentry,Construction,Experienced Worker,Graduate
Mailum,Bread and Pastry NC II,40,Female,Senior High,Self-employed,Baking,Hospitality,Returning Learner,Graduate
Calumangan,Cookery NC II,32,Male,College Undergraduate,Underemployed,Cooking,Hospitality,Career Shifter,Graduate
Taloc,Masonry NC II,20,Male,Elementary Graduate,Underemployed,Masonry,Construction,New Entrant,Dropout
Alianza,Masonry NC II,39,Female,Senior High,Unemployed,Masonry,Construction,New Entrant,Graduate
Malingin,Driving NC II,24,Male,College Undergraduate,Unemployed,Computer Literacy,ICT,New Entrant,Graduate
Poblacion,Masonry NC II,20,Male,Senior High,Wage Employed,Masonry,Construction,Returning Learner,Graduate
Bagroy,Masonry NC II,37,Male,College Undergraduate,Self-employed,Masonry,Construction,Experienced Worker,Graduate
Bacong,Carpentry NC II,40,Male,Senior High,Unemployed,Carpentry,Construction,New Entrant,Dropout
Lag-asan,Computer Systems Servicing NC II,44,Female,College Undergraduate,Unemployed,Computer Literacy,ICT,Career Shifter,Graduate
Ilijan,Masonry NC II,35,Male,Senior High,Underemployed,Masonry,Construction,New Entrant,Dropout
Malingin,Driving NC II,28,Male,Junior High,Underemployed,Driving,Transportation,New Entrant,Graduate
Lag-asan,Masonry NC II,28,Male,College Graduate,Wage Employed,Electrical Repair,Construction,Career Shifter,Graduate
Abuanan,Computer Systems Servicing NC II,35,Male,College Graduate,Wage Employed,Computer Literacy,ICT,Returning Learner,Graduate
Atipuluan,Electrical Installation and Maintenance NC II,36,Male,Senior High,Underemployed,Electrical Repair,Transportation,Experienced Worker,Graduate
Poblacion,Shielded Metal Arc Welding NC I,39,Male,Senior High,Underemployed,Welding,Construction,Experienced Worker,Graduate
Caridad,Bread and Pastry NC II,44,Female,College Graduate,Self-employed,Baking,Hospitality,Returning Learner,Graduate
Abuanan,Driving NC II,24,Male,College Undergraduate,Unemployed,Driving,Transportation,Returning Learner,Graduate
Mailum,Driving NC II,24,Male,Junior High,Underemployed,Driving,Transportation,Career Shifter,Dropout
Bagroy,Shielded Metal Arc Welding NC I,30,Male,Junior High,Unemployed,Welding,Transportation,Career Shifter,Dropout
Lag-asan,Electrical Installation and Maintenance NC II,35,Female,Senior High,Unemployed,Electrical Repair,Construction,New Entrant,Graduate
Taloc,Bread and Pastry NC II,28,Female,Elementary Graduate,Unemployed,Baking,Hospitality,New Entrant,Graduate
Caridad,Shielded Metal Arc Welding NC I,23,Male,College Undergraduate,Unemployed,Welding,Construction,Experienced Worker,Graduate
Bacong,Bread and Pastry NC II,21,Female,Senior High,Unemployed,Electrical Repair,Construction,Experienced Worker,Graduate
Lag-asan,Computer Systems Servicing NC II,36,Female,College Graduate,Underemployed,Computer Literacy,ICT,New Entrant,Graduate
Abuanan,Shielded Metal Arc Welding NC I,33,Male,Junior High,Unemployed,Welding,Hospitality,New Entrant,Graduate
Caridad,Driving NC II,19,Male,Junior High,Unemployed,Driving,Transportation,New Entrant,Graduate
Taloc,Driving NC II,47,Male,College Graduate,Wage Employed,Driving,Transportation,New Entrant,Graduate
Dulao,Electrical Installation and Maintenance NC II,27,Male,Elementary Graduate,Underemployed,Electrical Repair,Construction,Career Shifter,Graduate
Abuanan,Computer Systems Servicing NC II,40,Female,College Graduate,Self-employed,Computer Literacy,ICT,Experienced Worker,Graduate
Mailum,Shielded Metal Arc Welding NC I,31,Male,Junior High,Unemployed,Welding,Construction,Experienced Worker,Dropout
Atipuluan,Cookery NC II,44,Female,Senior High,Self-employed,Cooking,Hospitality,Experienced Worker,Graduate
Poblacion,Carpentry NC II,30,Male,Junior High,Unemployed,Carpentry,Construction,New Entrant,Dropout
Alianza,Carpentry NC II,29,Male,Junior High,Unemployed,Carpentry,Construction,New Entrant,Dropout
Pacol,Masonry NC II,23,Male,Senior High,Self-employed,Masonry,Construction,Returning Learner,Graduate
Dulao,Carpentry NC II,30,Male,Junior High,Self-employed,Carpentry,Construction,Career Shifter,Dropout
Balingasag,Driving NC II,18,Male,Senior High,Self-employed,Driving,Transportation,Experienced Worker,Graduate
Dulao,Computer Systems Servicing NC II,43,Male,Senior High,Unemployed,Computer Literacy,ICT,New Entrant,Dropout
Sagasa,Carpentry NC II,20,Male,College Undergraduate,Self-employed,Carpentry,Construction,Experienced Worker,Dropout
Alianza,Electrical Installation and Maintenance NC II,40,Male,College Undergraduate,Wage Employed,Electrical Repair,Construction,Returning Learner,Dropout
Malingin,Cookery NC II,25,Female,Junior High,Unemployed,Cooking,Hospitality,New Entrant,Graduate
Taloc,Carpentry NC II,30,Male,Elementary Graduate,Underemployed,Carpentry,Construction,New Entrant,Dropout
Taloc,Driving NC II,24,Male,Senior High,Unemployed,Driving,Transportation,Returning Learner,Graduate
Ma-ao,Computer Systems Servicing NC II,28,Male,College Undergraduate,Wage Employed,Computer Literacy,ICT,Experienced Worker,Graduate
Ilijan,Computer Systems Servicing NC II,43,Female,Senior High,Underemployed,Computer Literacy,ICT,Returning Learner,Graduate
Taloc,Electrical Installation and Maintenance NC II,38,Male,College Undergraduate,Self-employed,Electrical Repair,Construction,Experienced Worker,Graduate
Lag-asan,Carpentry NC II,23,Male,College Graduate,Wage Employed,Carpentry,Construction,Experienced Worker,Dropout
Pacol,Cookery NC II,26,Female,Junior High,Self-employed,Cooking,Hospitality,Experienced Worker,Graduate
Sagasa,Shielded Metal Arc Welding NC I,29,Female,Senior High,Underemployed,Baking,Hospitality,Career Shifter,Dropout
Abuanan,Cookery NC II,43,Male,College Undergraduate,Underemployed,Cooking,Business,Returning Learner,Graduate
Bacong,Driving NC II,40,Male,Junior High,Unemployed,Driving,Hospitality,Career Shifter,Dropout
Atipuluan,Electrical Installation and Maintenance NC II,33,Male,College Undergraduate,Self-employed,Baking,Hospitality,Returning Learner,Dropout
Abuanan,Carpentry NC II,25,Female,Senior High,Self-employed,Carpentry,Construction,Experienced Worker,Graduate
Bacong,Bread and Pastry NC II,40,Female,Junior High,Self-employed,Baking,Hospitality,Experienced Worker,Graduate
Atipuluan,Driving NC II,40,Male,Junior High,Underemployed,Driving,Transportation,New Entrant,Graduate
Balingasag,Computer Systems Servicing NC II,35,Male,Senior High,Wage Employed,Cooking,Hospitality,Returning Learner,Graduate
Ma-ao,Carpentry NC II,26,Male,Senior High,Underemployed,Carpentry,Construction,New Entrant,Graduate
Calumangan,Computer Systems Servicing NC II,29,Female,Senior High,Unemployed,Computer Literacy,ICT,New Entrant,Dropout
Bacong,Bread and Pastry NC II,34,Female,Senior High,Underemployed,Baking,Hospitality,New Entrant,Graduate
Poblacion,Bread and Pastry NC II,29,Female,Junior High,Unemployed,Baking,Hospitality,Returning Learner,Graduate
Alianza,Shielded Metal Arc Welding NC I,33,Male,Senior High,Self-employed,Welding,Construction,New Entrant,Graduate
Sagasa,Cookery NC II,25,Male,Senior High,Wage Employed,Cooking,Hospitality,Experienced Worker,Graduate
Balingasag,Carpentry NC II,37,Male,Junior High,Unemployed,Carpentry,Construction,Returning Learner,Graduate
Bacong,Carpentry NC II,44,Male,Senior High,Unemployed,Carpentry,Construction,Career Shifter,Dropout
Lag-asan,Cookery NC II,24,Male,College Undergraduate,Underemployed,Cooking,Hospitality,Returning Learner,Graduate
Bagroy,Electrical Installation and Maintenance NC II,25,Male,Senior High,Unemployed,Electrical Repair,Construction,New Entrant,Dropout
Dulao,Computer Systems Servicing NC II,41,Male,College Undergraduate,Wage Employed,Computer Literacy,ICT,Returning Learner,Graduate
Taloc,Cookery NC II,24,Female,Senior High,Self-employed,Cooking,Hospitality,Career Shifter,Graduate
Tabunan,Carpentry NC II,20,Male,Senior High,Unemployed,Carpentry,Construction,New Entrant,Dropout
Balingasag,Carpentry NC II,19,Male,Senior High,Underemployed,Carpentry,Construction,New Entrant,Graduate
Atipuluan,Shielded Metal Arc Welding NC I,22,Female,Senior High,Wage Employed,Baking,Hospitality,Career Shifter,Graduate
Caridad,Electrical Installation and Maintenance NC II,45,Male,Senior High,Unemployed,Electrical Repair,Construction,New Entrant,Graduate
Calumangan,Driving NC II,25,Male,Elementary Graduate,Unemployed,Driving,Transportation,New Entrant,Dropout
Binubuhan,Shielded Metal Arc Welding NC I,23,Male,Senior High,Unemployed,Driving,Transportation,New Entrant,Dropout
Atipuluan,Electrical Installation and Maintenance NC II,48,Female,College Graduate,Self-employed,Electrical Repair,Construction,Returning Learner,Graduate
Poblacion,Carpentry NC II,22,Male,Senior High,Underemployed,Carpentry,Construction,New Entrant,Graduate
Busay,Driving NC II,27,Male,Elementary Graduate,Wage Employed,Baking,Construction,Experienced Worker,Dropout
Malingin,Computer Systems Servicing NC II,36,Male,Junior High,Underemployed,Computer Literacy,ICT,Experienced Worker,Graduate
Balingasag,Shielded Metal Arc Welding NC I,37,Male,College Undergraduate,Unemployed,Welding,Business,Experienced Worker,Graduate
Ma-ao,Driving NC II,21,Male,Junior High,Self-employed,Driving,Transportation,Career Shifter,Dropout
Calumangan,Shielded Metal Arc Welding NC I,36,Male,Senior High,Unemployed,Welding,Construction,Experienced Worker,Graduate
Alianza,Electrical Installation and Maintenance NC II,21,Male,Senior High,Underemployed,Electrical Repair,Construction,Returning Learner,Dropout
Abuanan,Electrical Installation and Maintenance NC II,45,Female,Senior High,Wage Employed,Electrical Repair,Construction,Career Shifter,Dropout
Atipuluan,Cookery NC II,30,Female,College Graduate,Unemployed,Cooking,Hospitality,New Entrant,Graduate
Malingin,Shielded Metal Arc Welding NC I,26,Male,Elementary Graduate,Unemployed,Welding,Construction,New Entrant,Dropout
Napoles,Computer Systems Servicing NC II,39,Male,College Undergraduate,Self-employed,Computer Literacy,ICT,Career Shifter,Dropout
Poblacion,Masonry NC II,40,Female,College Undergraduate,Wage Employed,Computer Literacy,Transportation,Career Shifter,Graduate
Busay,Cookery NC II,20,Female,Elementary Graduate,Underemployed,Cooking,Hospitality,Returning Learner,Graduate
Bacong,Cookery NC II,27,Male,Elementary Graduate,Unemployed,Masonry,Construction,Career Shifter,Graduate
Alianza,Carpentry NC II,18,Male,Elementary Graduate,Unemployed,Carpentry,Construction,New Entrant,Dropout
Ma-ao,Computer Systems Servicing NC II,28,Male,Senior High,Underemployed,Computer Literacy,Business,Experienced Worker,Graduate
Bagroy,Computer Systems Servicing NC II,42,Male,Senior High,Self-employed,Computer Literacy,ICT,Experienced Worker,Dropout
Bagroy,Bread and Pastry NC II,31,Female,Elementary Graduate,Underemployed,Baking,Hospitality,New Entrant,Graduate
Busay,Electrical Installation and Maintenance NC II,39,Female,Junior High,Unemployed,Electrical Repair,ICT,Experienced Worker,Dropout
Binubuhan,Cookery NC II,30,Female,Senior High,Underemployed,Cooking,Hospitality,Experienced Worker,Graduate
Tabunan,Bread and Pastry NC II,40,Female,Junior High,Unemployed,Baking,Hospitality,Career Shifter,Dropout
Sagasa,Carpentry NC II,34,Male,College Undergraduate,Underemployed,Carpentry,Construction,Career Shifter,Graduate
Atipuluan,Masonry NC II,31,Male,Junior High,Underemployed,Masonry,Construction,New Entrant,Graduate
Poblacion,Cookery NC II,26,Male,Senior High,Unemployed,Cooking,Hospitality,New Entrant,Graduate
Abuanan,Shielded Metal Arc Welding NC I,29,Male,Junior High,Wage Employed,Welding,Construction,Experienced Worker,Graduate
Bagroy,Shielded Metal Arc Welding NC I,27,Male,Junior High,Wage Employed,Welding,Construction,Experienced Worker,Dropout
Ilijan,Electrical Installation and Maintenance NC II,21,Male,Junior High,Unemployed,Electrical Repair,Construction,Returning Learner,Dropout
Mailum,Cookery NC II,39,Female,Elementary Graduate,Unemployed,Cooking,Hospitality,Returning Learner,Dropout
Balingasag,Electrical Installation and Maintenance NC II,45,Male,College Undergraduate,Unemployed,Electrical Repair,Construction,Returning Learner,Dropout
Poblacion,Shielded Metal Arc Welding NC I,18,Male,Senior High,Wage Employed,Welding,Construction,New Entrant,Graduate
Dulao,Driving NC II,41,Male,Senior High,Wage Employed,Driving,Transportation,Experienced Worker,Graduate
Taloc,Computer Systems Servicing NC II,36,Female,Junior High,Self-employed,Computer Literacy,ICT,New Entrant,Graduate
Ma-ao,Shielded Metal Arc Welding NC I,36,Male,Elementary Graduate,Wage Employed,Welding,Construction,Experienced Worker,Dropout
Balingasag,Carpentry NC II,39,Male,Junior High,Unemployed,Carpentry,Construction,New Entrant,Graduate
Ilijan,Carpentry NC II,28,Male,Junior High,Underemployed,Carpentry,Construction,Returning Learner,Dropout
Poblacion,Shielded Metal Arc Welding NC I,29,Male,Senior High,Underemployed,Welding,Construction,Returning Learner,Graduate
Dulao,Cookery NC II,23,Female,Senior High,Self-employed,Masonry,Construction,New Entrant,Dropout
Malingin,Carpentry NC II,34,Male,Junior High,Unemployed,Carpentry,Construction,Career Shifter,Dropout
Alianza,Electrical Installation and Maintenance NC II,44,Male,Senior High,Unemployed,Electrical Repair,Business,New Entrant,Graduate
Abuanan,Bread and Pastry NC II,27,Female,Senior High,Wage Employed,Baking,Hospitality,Returning Learner,Graduate
Dulao,Electrical Installation and Maintenance NC II,22,Male,Junior High,Underemployed,Electrical Repair,Transportation,New Entrant,Graduate
Alianza,Shielded Metal Arc Welding NC I,42,Male,Senior High,Unemployed,Welding,Construction,Experienced Worker,Graduate
Taloc,Computer Systems Servicing NC II,41,Female,Junior High,Unemployed,Computer Literacy,ICT,Returning Learner,Graduate
Calumangan,Computer Systems Servicing NC II,31,Male,College Graduate,Underemployed,Computer Literacy,ICT,New Entrant,Graduate
Abuanan,Bread and Pastry NC II,21,Female,Elementary Graduate,Underemployed,Baking,Hospitality,New Entrant,Dropout
Calumangan,Computer Systems Servicing NC II,30,Female,College Undergraduate,Wage Employed,Computer Literacy,ICT,Returning Learner,Graduate
Malingin,Driving NC II,26,Female,Senior High,Unemployed,Driving,Hospitality,Returning Learner,Graduate
Napoles,Driving NC II,35,Male,Senior High,Unemployed,Cooking,Hospitality,Career Shifter,Graduate
Binubuhan,Shielded Metal Arc Welding NC I,42,Male,College Graduate,Wage Employed,Welding,Construction,Returning Learner,Graduate
Bacong,Bread and Pastry NC II,32,Female,College Undergraduate,Underemployed,Baking,Hospitality,Returning Learner,Graduate
Ilijan,Computer Systems Servicing NC II,25,Male,Elementary Graduate,Underemployed,Electrical Repair,Construction,Career Shifter,Dropout
Calumangan,Driving NC II,41,Male,Junior High,Wage Employed,Driving,Business,Returning Learner,Graduate
Poblacion,Bread and Pastry NC II,25,Female,Senior High,Self-employed,Baking,Hospitality,Experienced Worker,Graduate
Balingasag,Electrical Installation and Maintenance NC II,33,Male,Senior High,Underemployed,Electrical Repair,Construction,Career Shifter,Dropout
Abuanan,Carpentry NC II,23,Male,Senior High,Wage Employed,Carpentry,Construction,Career Shifter,Dropout
Alianza,Bread and Pastry NC II,41,Male,Senior High,Unemployed,Baking,Hospitality,Experienced Worker,Graduate
Napoles,Shielded Metal Arc Welding NC I,29,Female,Junior High,Unemployed,Welding,Construction,New Entrant,Graduate
Calumangan,Bread and Pastry NC II,41,Female,College Undergraduate,Underemployed,Welding,Construction,New Entrant,Graduate
Balingasag,Shielded Metal Arc Welding NC I,19,Male,Senior High,Wage Employed,Welding,Construction,Experienced Worker,Graduate
Taloc,Computer Systems Servicing NC II,29,Male,College Undergraduate,Wage Employed,Computer Literacy,ICT,Returning Learner,Graduate
Ilijan,Cookery NC II,38,Female,Junior High,Underemployed,Cooking,Hospitality,Returning Learner,Dropout
Napoles,Driving NC II,41,Male,College Undergraduate,Wage Employed,Driving,Transportation,New Entrant,Dropout
Binubuhan,Carpentry NC II,18,Male,Junior High,Underemployed,Carpentry,Construction,Returning Learner,Graduate
Pacol,Shielded Metal Arc Welding NC I,23,Male,Junior High,Wage Employed,Baking,Hospitality,New Entrant,Graduate
Pacol,Bread and Pastry NC II,29,Female,Elementary Graduate,Unemployed,Baking,Hospitality,New Entrant,Graduate
Mailum,Computer Systems Servicing NC II,23,Male,Senior High,Unemployed,Driving,Transportation,Career Shifter,Dropout
Napoles,Carpentry NC II,29,Female,Junior High,Unemployed,Carpentry,Construction,New Entrant,Graduate
Ma-ao,Computer Systems Servicing NC II,22,Female,College Undergraduate,Unemployed,Computer Literacy,ICT,Returning Learner,Graduate
Bacong,Cookery NC II,31,Female,College Undergraduate,Self-employed,Cooking,Hospitality,Experienced Worker,Graduate
Lag-asan,Driving NC II,35,Male,College Undergraduate,Underemployed,Driving,Transportation,New Entrant,Graduate
Lag-asan,Cookery NC II,21,Female,Senior High,Self-employed,Cooking,Hospitality,Returning Learner,Graduate
Atipuluan,Masonry NC II,36,Male,College Undergraduate,Self-employed,Masonry,Business,New Entrant,Graduate
Taloc,Bread and Pastry NC II,26,Female,Senior High,Wage Employed,Baking,Hospitality,Returning Learner,Graduate
Dulao,Driving NC II,34,Male,Junior High,Underemployed,Driving,Transportation,Career Shifter,Graduate
Tabunan,Electrical Installation and Maintenance NC II,27,Female,Senior High,Unemployed,Electrical Repair,Construction,New Entrant,Dropout
Sagasa,Bread and Pastry NC II,23,Male,Senior High,Underemployed,Baking,Hospitality,Returning Learner,Dropout
Binubuhan,Electrical Installation and Maintenance NC II,34,Male,Elementary Graduate,Self-employed,Electrical Repair,ICT,Experienced Worker,Graduate
Bacong,Masonry NC II,28,Male,Senior High,Self-employed,Masonry,Construction,Experienced Worker,Graduate
Bacong,Masonry NC II,33,Male,Senior High,Underemployed,Carpentry,Construction,Experienced Worker,Graduate
Ma-ao,Computer Systems Servicing NC II,44,Female,College Graduate,Wage Employed,Computer Literacy,ICT,Returning Learner,Graduate
Sagasa,Computer Systems Servicing NC II,25,Male,College Undergraduate,Unemployed,Computer Literacy,ICT,Returning Learner,Dropout
Pacol,Driving NC II,34,Male,Elementary Graduate,Unemployed,Driving,Transportation,Career Shifter,Graduate
Pacol,Masonry NC II,23,Male,Junior High,Unemployed,Masonry,Construction,Returning Learner,Dropout
Taloc,Computer Systems Servicing NC II,52,Female,College Graduate,Self-employed,Computer Literacy,ICT,Experienced Worker,Graduate
Pacol,Masonry NC II,41,Male,Junior High,Self-employed,Masonry,Construction,Experienced Worker,Graduate
Poblacion,Driving NC II,18,Male,Elementary Graduate,Underemployed,Driving,Transportation,Returning Learner,Graduate
Balingasag,Computer Systems Servicing NC II,27,Male,College Undergraduate,Self-employed,Computer Literacy,ICT,Career Shifter,Graduate
Dulao,Cookery NC II,36,Female,College Undergraduate,Wage Employed,Cooking,ICT,New Entrant,Graduate
Poblacion,Cookery NC II,29,Male,Elementary Graduate,Underemployed,Welding,Construction,Career Shifter,Graduate
Abuanan,Masonry NC II,19,Male,Junior High,Underemployed,Masonry,Construction,Returning Learner,Graduate
Pacol,Shielded Metal Arc Welding NC I,30,Male,Junior High,Self-employed,Welding,Construction,Returning Learner,Graduate
Taloc,Electrical Installation and Maintenance NC II,28,Female,Junior High,Underemployed,Electrical Repair,Construction,Career Shifter,Graduate
Dulao,Bread and Pastry NC II,22,Female,Senior High,Underemployed,Baking,Hospitality,New Entrant,Graduate
Calumangan,Driving NC II,44,Male,Senior High,Underemployed,Driving,Transportation,New Entrant,Graduate
Balingasag,Computer Systems Servicing NC II,40,Male,College Undergraduate,Self-employed,Computer Literacy,ICT,New Entrant,Dropout
Calumangan,Cookery NC II,37,Male,Senior High,Underemployed,Cooking,Hospitality,Career Shifter,Graduate
Abuanan,Driving NC II,40,Male,College Undergraduate,Self-employed,Driving,Transportation,Returning Learner,Graduate
Bacong,Bread and Pastry NC II,24,Female,Junior High,Wage Employed,Baking,Hospitality,New Entrant,Graduate
Pacol,Bread and Pastry NC II,26,Female,Elementary Graduate,Underemployed,Baking,Hospitality,New Entrant,Dropout
Balingasag,Masonry NC II,20,Male,Senior High,Underemployed,Welding,Construction,Experienced Worker,Dropout
Lag-asan,Carpentry NC II,30,Male,Senior High,Unemployed,Carpentry,Construction,New Entrant,Dropout
Taloc,Electrical Installation and Maintenance NC II,18,Male,Elementary Graduate,Unemployed,Electrical Repair,Construction,New Entrant,Graduate
Busay,Carpentry NC II,34,Female,Senior High,Wage Employed,Carpentry,Construction,Returning Learner,Dropout
Abuanan,Carpentry NC II,30,Male,Elementary Graduate,Unemployed,Carpentry,Construction,New Entrant,Graduate
Abuanan,Carpentry NC II,20,Male,College Undergraduate,Wage Employed,Carpentry,Construction,Experienced Worker,Graduate
Caridad,Electrical Installation and Maintenance NC II,26,Male,Junior High,Unemployed,Electrical Repair,Transportation,Returning Learner,Graduate
Binubuhan,Driving NC II,24,Female,Senior High,Underemployed,Computer Literacy,Transportation,New Entrant,Graduate
Balingasag,Cookery NC II,32,Male,Elementary Graduate,Unemployed,Driving,Transportation,Career Shifter,Dropout
Caridad,Electrical Installation and Maintenance NC II,24,Male,Junior High,Underemployed,Electrical Repair,Business,New Entrant,Graduate
Malingin,Computer Systems Servicing NC II,37,Male,Senior High,Wage Employed,Baking,Hospitality,Career Shifter,Dropout
Poblacion,Electrical Installation and Maintenance NC II,42,Male,Junior High,Underemployed,Electrical Repair,Construction,Experienced Worker,Graduate
Ilijan,Computer Systems Servicing NC II,32,Male,Junior High,Self-employed,Welding,Construction,New Entrant,Dropout
Poblacion,Masonry NC II,22,Female,Senior High,Underemployed,Masonry,Construction,New Entrant,Graduate
Dulao,Driving NC II,25,Male,College Undergraduate,Self-employed,Driving,Transportation,Experienced Worker,Graduate
Abuanan,Cookery NC II,19,Female,College Undergraduate,Self-employed,Cooking,Hospitality,Experienced Worker,Graduate
Malingin,Carpentry NC II,22,Male,Senior High,Unemployed,Carpentry,ICT,New Entrant,Dropout
Lag-asan,Computer Systems Servicing NC II,26,Male,College Graduate,Underemployed,Computer Literacy,ICT,Returning Learner,Graduate
Alianza,Computer Systems Servicing NC II,30,Female,College Undergraduate,Underemployed,Computer Literacy,ICT,Returning Learner,Graduate
Napoles,Electrical Installation and Maintenance NC II,18,Male,Elementary Graduate,Unemployed,Electrical Repair,Construction,Returning Learner,Graduate
Alianza,Computer Systems Servicing NC II,33,Male,College Graduate,Self-employed,Computer Literacy,ICT,Returning Learner,Graduate
Ma-ao,Carpentry NC II,20,Male,Junior High,Underemployed,Carpentry,Construction,Career Shifter,Graduate
Balingasag,Computer Systems Servicing NC II,24,Male,College Undergraduate,Self-employed,Computer Literacy,ICT,Returning Learner,Graduate
Abuanan,Bread and Pastry NC II,48,Male,College Undergraduate,Self-employed,Baking,Hospitality,Returning Learner,Graduate
Pacol,Masonry NC II,24,Male,Senior High,Underemployed,Masonry,Construction,Returning Learner,Graduate
Alianza,Electrical Installation and Maintenance NC II,44,Female,College Undergraduate,Underemployed,Electrical Repair,Construction,Returning Learner,Graduate
Lag-asan,Shielded Metal Arc Welding NC I,39,Male,Elementary Graduate,Underemployed,Welding,Construction,New Entrant,Dropout
Alianza,Masonry NC II,42,Male,Junior High,Self-employed,Masonry,Construction,Experienced Worker,Graduate
Calumangan,Driving NC II,24,Male,Senior High,Underemployed,Driving,Business,Career Shifter,Graduate
Abuanan,Bread and Pastry NC II,38,Female,Senior High,Self-employed,Baking,Transportation,Experienced Worker,Graduate
Ilijan,Bread and Pastry NC II,34,Male,College Undergraduate,Self-employed,Baking,ICT,Experienced Worker,Graduate
Napoles,Bread and Pastry NC II,35,Male,Senior High,Underemployed,Baking,Hospitality,Returning Learner,Graduate
Lag-asan,Computer Systems Servicing NC II,29,Female,College Undergraduate,Underemployed,Computer Literacy,ICT,New Entrant,Graduate
Abuanan,Driving NC II,32,Male,Senior High,Wage Employed,Driving,Transportation,Career Shifter,Graduate
Mailum,Carpentry NC II,25,Male,College Undergraduate,Self-employed,Carpentry,Construction,Returning Learner,Dropout
Lag-asan,Cookery NC II,19,Female,College Undergraduate,Self-employed,Cooking,Hospitality,Experienced Worker,Graduate
Ma-ao,Carpentry NC II,38,Female,Elementary Graduate,Self-employed,Baking,Hospitality,New Entrant,Graduate
Abuanan,Cookery NC II,45,Female,Senior High,Unemployed,Cooking,Hospitality,Returning Learner,Graduate
Mailum,Masonry NC II,36,Male,Elementary Graduate,Unemployed,Masonry,Construction,New Entrant,Dropout
Calumangan,Driving NC II,26,Female,College Undergraduate,Unemployed,Driving,Transportation,Experienced Worker,Graduate
Ilijan,Masonry NC II,21,Male,Elementary Graduate,Underemployed,Masonry,Construction,Returning Learner,Graduate
Taloc,Computer Systems Servicing NC II,42,Male,Junior High,Self-employed,Computer Literacy,ICT,Career Shifter,Graduate
Malingin,Cookery NC II,32,Female,Elementary Graduate,Unemployed,Cooking,Hospitality,New Entrant,Graduate
Alianza,Cookery NC II,39,Female,Senior High,Wage Employed,Cooking,Hospitality,Experienced Worker,Graduate
Alianza,Computer Systems Servicing NC II,37,Male,College Graduate,Wage Employed,Computer Literacy,ICT,Returning Learner,Graduate
Atipuluan,Cookery NC II,36,Male,Junior High,Underemployed,Cooking,Hospitality,New Entrant,Graduate
Abuanan,Cookery NC II,35,Male,Elementary Graduate,Unemployed,Cooking,Hospitality,New Entrant,Graduate
Calumangan,Bread and Pastry NC II,18,Female,Senior High,Unemployed,Driving,Transportation,Career Shifter,Dropout
Caridad,Masonry NC II,29,Male,Junior High,Wage Employed,Driving,Transportation,Returning Learner,Graduate
Napoles,Bread and Pastry NC II,24,Male,Senior High,Self-employed,Baking,Construction,Experienced Worker,Graduate
Lag-asan,Shielded Metal Arc Welding NC I,41,Male,Junior High,Unemployed,Baking,Hospitality,Career Shifter,Dropout
Napoles,Cookery NC II,38,Male,Junior High,Wage Employed,Cooking,Hospitality,Experienced Worker,Graduate
Calumangan,Bread and Pastry NC II,39,Female,Senior High,Wage Employed,Baking,Hospitality,Experienced Worker,Graduate
Ma-ao,Shielded Metal Arc Welding NC I,39,Male,Senior High,Underemployed,Welding,Construction,Returning Learner,Graduate
Poblacion,Computer Systems Servicing NC II,24,Male,College Undergraduate,Wage Employed,Computer Literacy,ICT,Returning Learner,Graduate
Pacol,Masonry NC II,44,Male,Senior High,Unemployed,Masonry,Construction,Returning Learner,Graduate
Sagasa,Driving NC II,43,Female,Senior High,Unemployed,Driving,ICT,New Entrant,Dropout
Lag-asan,Shielded Metal Arc Welding NC I,38,Male,Senior High,Unemployed,Welding,Construction,Experienced Worker,Graduate
Busay,Electrical Installation and Maintenance NC II,41,Male,Junior High,Unemployed,Electrical Repair,Construction,Returning Learner,Dropout
Taloc,Driving NC II,37,Male,College Graduate,Self-employed,Driving,Transportation,Returning Learner,Graduate
Atipuluan,Computer Systems Servicing NC II,32,Female,College Undergraduate,Self-employed,Computer Literacy,ICT,New Entrant,Graduate
Poblacion,Computer Systems Servicing NC II,27,Female,College Undergraduate,Self-employed,Computer Literacy,ICT,Experienced Worker,Graduate
Calumangan,Electrical Installation and Maintenance NC II,25,Male,Senior High,Unemployed,Electrical Repair,Construction,New Entrant,Graduate
Lag-asan,Masonry NC II,23,Male,Junior High,Wage Employed,Masonry,Business,Experienced Worker,Graduate
Atipuluan,Bread and Pastry NC II,27,Female,Junior High,Underemployed,Driving,Transportation,Career Shifter,Graduate
Dulao,Cookery NC II,32,Female,Junior High,Wage Employed,Cooking,Hospitality,Experienced Worker,Graduate
Poblacion,Bread and Pastry NC II,23,Female,Junior High,Unemployed,Baking,Hospitality,Returning Learner,Graduate
Malingin,Electrical Installation and Maintenance NC II,38,Female,Junior High,Unemployed,Electrical Repair,Construction,Returning Learner,Dropout
Sagasa,Bread and Pastry NC II,22,Female,College Undergraduate,Underemployed,Baking,Hospitality,Returning Learner,Dropout
Caridad,Masonry NC II,41,Female,College Undergraduate,Wage Employed,Masonry,Agriculture,Experienced Worker,Graduate
Caridad,Bread and Pastry NC II,35,Male,Junior High,Self-employed,Electrical Repair,Construction,Career Shifter,Dropout
Ma-ao,Carpentry NC II,37,Male,Senior High,Unemployed,Carpentry,Construction,New Entrant,Graduate
Bacong,Masonry NC II,25,Male,Junior High,Unemployed,Masonry,Construction,New Entrant,Graduate
Taloc,Computer Systems Servicing NC II,26,Female,College Graduate,Wage Employed,Computer Literacy,ICT,Experienced Worker,Graduate
Poblacion,Electrical Installation and Maintenance NC II,44,Male,Senior High,Self-employed,Electrical Repair,Construction,Experienced Worker,Graduate
Bacong,Bread and Pastry NC II,29,Male,Junior High,Self-employed,Baking,Hospitality,Experienced Worker,Graduate
Caridad,Cookery NC II,27,Male,Senior High,Underemployed,Cooking,Hospitality,New Entrant,Graduate
Poblacion,Masonry NC II,33,Male,College Undergraduate,Self-employed,Masonry,Construction,Experienced Worker,Graduate
Abuanan,Bread and Pastry NC II,18,Female,Senior High,Wage Employed,Baking,Hospitality,Returning Learner,Graduate
Caridad,Masonry NC II,37,Male,College Undergraduate,Wage Employed,Masonry,Construction,Experienced Worker,Graduate
Taloc,Driving NC II,34,Male,Junior High,Unemployed,Driving,Transportation,New Entrant,Dropout
Bacong,Driving NC II,45,Female,Senior High,Unemployed,Driving,Transportation,New Entrant,Graduate
Poblacion,Carpentry NC II,31,Male,Junior High,Underemployed,Carpentry,Construction,Returning Learner,Graduate
Alianza,Driving NC II,35,Male,Junior High,Underemployed,Driving,Transportation,Returning Learner,Dropout
Atipuluan,Masonry NC II,28,Male,College Undergraduate,Underemployed,Masonry,Construction,Career Shifter,Graduate
Balingasag,Carpentry NC II,46,Female,College Graduate,Wage Employed,Carpentry,Construction,Experienced Worker,Graduate
Abuanan,Carpentry NC II,42,Male,Junior High,Self-employed,Carpentry,Construction,New Entrant,Graduate
Binubuhan,Shielded Metal Arc Welding NC I,20,Female,Elementary Graduate,Underemployed,Welding,Construction,Returning Learner,Dropout
Taloc,Shielded Metal Arc Welding NC I,37,Female,Junior High,Self-employed,Electrical Repair,Construction,New Entrant,Graduate
Dulao,Electrical Installation and Maintenance NC II,51,Male,College Graduate,Underemployed,Electrical Repair,Construction,Experienced Worker,Graduate
Poblacion,Bread and Pastry NC II,36,Female,Junior High,Unemployed,Baking,Hospitality,Career Shifter,Graduate
Caridad,Cookery NC II,20,Female,Senior High,Unemployed,Cooking,Hospitality,New Entrant,Graduate
Calumangan,Bread and Pastry NC II,42,Female,Senior High,Unemployed,Baking,Hospitality,Experienced Worker,Graduate
Lag-asan,Driving NC II,19,Male,Senior High,Underemployed,Driving,Transportation,Returning Learner,Graduate
Abuanan,Masonry NC II,40,Male,College Undergraduate,Unemployed,Masonry,Construction,New Entrant,Graduate
Binubuhan,Electrical Installation and Maintenance NC II,35,Male,Elementary Graduate,Underemployed,Electrical Repair,Construction,New Entrant,Dropout
Calumangan,Bread and Pastry NC II,41,Female,Junior High,Underemployed,Baking,Hospitality,New Entrant,Graduate
Tabunan,Cookery NC II,27,Male,Junior High,Underemployed,Cooking,Hospitality,Returning Learner,Graduate
Caridad,Carpentry NC II,25,Male,Elementary Graduate,Self-employed,Masonry,Construction,Career Shifter,Dropout
Napoles,Cookery NC II,30,Male,College Undergraduate,Underemployed,Electrical Repair,Construction,Career Shifter,Graduate
Poblacion,Cookery NC II,26,Male,College Undergraduate,Underemployed,Cooking,Hospitality,New Entrant,Graduate
Taloc,Computer Systems Servicing NC II,24,Female,Elementary Graduate,Underemployed,Computer Literacy,ICT,Career Shifter,Dropout
Atipuluan,Carpentry NC II,33,Male,Elementary Graduate,Unemployed,Carpentry,Construction,Returning Learner,Graduate
Bagroy,Bread and Pastry NC II,30,Male,Senior High,Underemployed,Baking,Hospitality,Returning Learner,Graduate
Taloc,Bread and Pastry NC II,38,Female,Junior High,Underemployed,Baking,Transportation,New Entrant,Dropout
Tabunan,Electrical Installation and Maintenance NC II,18,Female,Junior High,Underemployed,Electrical Repair,Hospitality,New Entrant,Dropout
Taloc,Cookery NC II,43,Female,Senior High,Self-employed,Cooking,Hospitality,Experienced Worker,Graduate
Poblacion,Cookery NC II,31,Male,Senior High,Underemployed,Welding,Construction,Returning Learner,Graduate
Lag-asan,Carpentry NC II,33,Male,Senior High,Underemployed,Carpentry,Construction,New Entrant,Graduate
Balingasag,Masonry NC II,42,Male,College Graduate,Self-employed,Masonry,Construction,Experienced Worker,Graduate
Busay,Driving NC II,21,Female,Senior High,Unemployed,Driving,Transportation,Returning Learner,Dropout
Atipuluan,Shielded Metal Arc Welding NC I,21,Male,College Undergraduate,Underemployed,Electrical Repair,Construction,Returning Learner,Graduate
Abuanan,Shielded Metal Arc Welding NC I,40,Male,Elementary Graduate,Underemployed,Welding,Construction,Career Shifter,Graduate
Poblacion,Shielded Metal Arc Welding NC I,33,Male,Junior High,Underemployed,Welding,Construction,New Entrant,Dropout
Alianza,Shielded Metal Arc Welding NC I,22,Female,College Undergraduate,Self-employed,Welding,Construction,Experienced Worker,Graduate
Abuanan,Computer Systems Servicing NC II,53,Male,College Graduate,Underemployed,Computer Literacy,ICT,Returning Learner,Graduate
Napoles,Cookery NC II,21,Male,Junior High,Unemployed,Cooking,Hospitality,Returning Learner,Graduate
Balingasag,Cookery NC II,41,Male,College Undergraduate,Wage Employed,Carpentry,Hospitality,Returning Learner,Graduate
Abuanan,Shielded Metal Arc Welding NC I,37,Male,Senior High,Unemployed,Welding,Construction,New Entrant,Dropout
Balingasag,Electrical Installation and Maintenance NC II,18,Male,Elementary Graduate,Wage Employed,Electrical Repair,Construction,Experienced Worker,Graduate
Lag-asan,Masonry NC II,44,Male,College Undergraduate,Wage Employed,Masonry,Construction,New Entrant,Graduate
Alianza,Shielded Metal Arc Welding NC I,33,Male,Junior High,Underemployed,Welding,Construction,Career Shifter,Graduate
Dulao,Masonry NC II,36,Female,Junior High,Unemployed,Masonry,Construction,Experienced Worker,Graduate
Taloc,Masonry NC II,36,Male,Senior High,Underemployed,Masonry,Construction,Returning Learner,Graduate
Bagroy,Computer Systems Servicing NC II,42,Female,College Undergraduate,Self-employed,Computer Literacy,ICT,Experienced Worker,Graduate
Poblacion,Masonry NC II,41,Female,College Graduate,Unemployed,Masonry,Construction,Career Shifter,Graduate
Calumangan,Bread and Pastry NC II,46,Female,College Graduate,Unemployed,Baking,Hospitality,New Entrant,Graduate
Malingin,Cookery NC II,44,Female,Senior High,Unemployed,Cooking,Hospitality,Experienced Worker,Graduate
Mailum,Masonry NC II,25,Male,Junior High,Underemployed,Masonry,Construction,New Entrant,Dropout
Dulao,Shielded Metal Arc Welding NC I,21,Male,Elementary Graduate,Underemployed,Welding,Construction,New Entrant,Graduate
Balingasag,Shielded Metal Arc Welding NC I,18,Male,Junior High,Underemployed,Welding,Construction,Returning Learner,Graduate
Abuanan,Computer Systems Servicing NC II,41,Male,Junior High,Self-employed,Computer Literacy,ICT,New Entrant,Graduate
Poblacion,Cookery NC II,33,Male,Elementary Graduate,Self-employed,Electrical Repair,Construction,Career Shifter,Graduate
Dulao,Bread and Pastry NC II,43,Male,College Undergraduate,Underemployed,Baking,Hospitality,Career Shifter,Dropout
Taloc,Cookery NC II,38,Male,Junior High,Unemployed,Electrical Repair,Construction,New Entrant,Dropout
Atipuluan,Masonry NC II,41,Male,Senior High,Wage Employed,Masonry,Construction,New Entrant,Graduate
Napoles,Cookery NC II,30,Male,College Graduate,Wage Employed,Cooking,Hospitality,Experienced Worker,Graduate
Bacong,Carpentry NC II,35,Male,Elementary Graduate,Underemployed,Carpentry,Construction,New Entrant,Graduate
Calumangan,Bread and Pastry NC II,18,Female,Senior High,Self-employed,Baking,Construction,Experienced Worker,Graduate
Atipuluan,Electrical Installation and Maintenance NC II,22,Male,Senior High,Self-employed,Electrical Repair,Construction,Experienced Worker,Graduate
Lag-asan,Shielded Metal Arc Welding NC I,43,Male,Senior High,Wage Employed,Welding,Construction,Experienced Worker,Graduate
Napoles,Carpentry NC II,25,Female,College Graduate,Wage Employed,Cooking,Hospitality,Returning Learner,Graduate
Taloc,Masonry NC II,29,Male,College Undergraduate,Wage Employed,Masonry,Construction,Returning Learner,Graduate
Abuanan,Cookery NC II,35,Male,Senior High,Unemployed,Cooking,Hospitality,Career Shifter,Graduate
Caridad,Bread and Pastry NC II,24,Male,Junior High,Underemployed,Carpentry,Construction,New Entrant,Graduate
Abuanan,Bread and Pastry NC II,40,Male,College Undergraduate,Underemployed,Baking,Hospitality,New Entrant,Graduate
Sagasa,Bread and Pastry NC II,32,Male,Senior High,Wage Employed,Baking,Hospitality,Experienced Worker,Graduate
Calumangan,Shielded Metal Arc Welding NC I,32,Male,Senior High,Underemployed,Welding,Construction,Returning Learner,Graduate
Alianza,Shielded Metal Arc Welding NC I,36,Male,College Undergraduate,Self-employed,Welding,Construction,Experienced Worker,Graduate
Dulao,Carpentry NC II,20,Female,Junior High,Unemployed,Carpentry,Construction,Returning Learner,Graduate
Abuanan,Electrical Installation and Maintenance NC II,30,Male,Junior High,Wage Employed,Electrical Repair,Construction,Experienced Worker,Graduate
Balingasag,Cookery NC II,22,Female,Junior High,Unemployed,Cooking,Hospitality,New Entrant,Graduate
Alianza,Driving NC II,43,Male,Senior High,Unemployed,Driving,Transportation,New Entrant,Dropout
Ma-ao,Electrical Installation and Maintenance NC II,29,Male,Junior High,Wage Employed,Electrical Repair,Construction,New Entrant,Graduate
Alianza,Driving NC II,32,Male,College Undergraduate,Wage Employed,Driving,Transportation,Returning Learner,Graduate
Caridad,Driving NC II,32,Male,College Undergraduate,Underemployed,Driving,Transportation,Experienced Worker,Graduate
Alianza,Bread and Pastry NC II,37,Female,Senior High,Unemployed,Baking,Hospitality,Experienced Worker,Graduate
Caridad,Masonry NC II,55,Female,College Graduate,Wage Employed,Masonry,Construction,Experienced Worker,Graduate
Pacol,Shielded Metal Arc Welding NC I,35,Male,Junior High,Underemployed,Welding,Construction,Career Shifter,Dropout
Dulao,Electrical Installation and Maintenance NC II,20,Male,Senior High,Unemployed,Electrical Repair,Construction,Returning Learner,Graduate
Alianza,Masonry NC II,39,Female,Elementary Graduate,Unemployed,Masonry,Construction,New Entrant,Graduate
Taloc,Bread and Pastry NC II,18,Female,Senior High,Unemployed,Baking,Hospitality,New Entrant,Graduate
Ilijan,Electrical Installation and Maintenance NC II,20,Male,Senior High,Self-employed,Electrical Repair,Construction,Career Shifter,Dropout
Atipuluan,Shielded Metal Arc Welding NC I,34,Male,Senior High,Wage Employed,Welding,Construction,Experienced Worker,Graduate
Bacong,Driving NC II,34,Male,Elementary Graduate,Unemployed,Driving,Transportation,New Entrant,Graduate
Ma-ao,Carpentry NC II,20,Male,Senior High,Underemployed,Carpentry,Construction,Returning Learner,Graduate
Lag-asan,Bread and Pastry NC II,25,Male,College Undergraduate,Underemployed,Baking,Hospitality,New Entrant,Graduate
Abuanan,Electrical Installation and Maintenance NC II,20,Male,Senior High,Unemployed,Electrical Repair,Construction,Experienced Worker,Graduate
Busay,Driving NC II,33,Male,Junior High,Underemployed,Driving,Transportation,New Entrant,Graduate
Bagroy,Carpentry NC II,29,Male,College Undergraduate,Unemployed,Carpentry,Hospitality,New Entrant,Graduate
Lag-asan,Masonry NC II,45,Male,College Undergraduate,Self-employed,Masonry,Construction,Career Shifter,Graduate
Balingasag,Computer Systems Servicing NC II,34,Female,College Graduate,Self-employed,Computer Literacy,ICT,Returning Learner,Graduate
Lag-asan,Driving NC II,25,Male,Junior High,Self-employed,Driving,Construction,Experienced Worker,Graduate
Mailum,Cookery NC II,24,Male,Senior High,Unemployed,Carpentry,Construction,Career Shifter,Graduate
Busay,Driving NC II,28,Male,Elementary Graduate,Unemployed,Driving,Transportation,Career Shifter,Graduate
Lag-asan,Carpentry NC II,36,Male,Junior High,Underemployed,Carpentry,Construction,Returning Learner,Graduate
Bacong,Driving NC II,38,Male,Junior High,Unemployed,Driving,Transportation,New Entrant,Graduate
Bagroy,Bread and Pastry NC II,38,Male,Senior High,Unemployed,Baking,Hospitality,Returning Learner,Graduate
Atipuluan,Bread and Pastry NC II,29,Male,Senior High,Unemployed,Baking,Hospitality,New Entrant,Graduate
Tabunan,Masonry NC II,26,Male,Junior High,Unemployed,Masonry,Construction,New Entrant,Dropout
Bacong,Computer Systems Servicing NC II,35,Male,College Undergraduate,Self-employed,Computer Literacy,ICT,Experienced Worker,Graduate
Calumangan,Electrical Installation and Maintenance NC II,54,Female,College Graduate,Wage Employed,Electrical Repair,Construction,Returning Learner,Dropout
Atipuluan,Computer Systems Servicing NC II,35,Female,Senior High,Unemployed,Driving,Transportation,Returning Learner,Dropout
Calumangan,Electrical Installation and Maintenance NC II,23,Male,Junior High,Unemployed,Electrical Repair,Construction,Experienced Worker,Graduate
Balingasag,Carpentry NC II,25,Male,Senior High,Self-employed,Carpentry,Construction,Experienced Worker,Graduate
Bacong,Masonry NC II,24,Male,College Undergraduate,Underemployed,Baking,Hospitality,New Entrant,Graduate
Atipuluan,Masonry NC II,24,Male,Junior High,Wage Employed,Masonry,Construction,Returning Learner,Graduate
Balingasag,Driving NC II,27,Male,Junior High,Underemployed,Computer Literacy,ICT,New Entrant,Graduate
Balingasag,Shielded Metal Arc Welding NC I,21,Female,Elementary Graduate,Wage Employed,Welding,Construction,New Entrant,Dropout
Alianza,Cookery NC II,25,Male,Senior High,Self-employed,Cooking,Hospitality,Career Shifter,Dropout
Poblacion,Driving NC II,23,Male,Elementary Graduate,Unemployed,Driving,Transportation,New Entrant,Graduate
Atipuluan,Cookery NC II,28,Female,College Undergraduate,Self-employed,Cooking,Hospitality,Experienced Worker,Graduate
Atipuluan,Carpentry NC II,34,Male,College Undergraduate,Unemployed,Carpentry,Construction,New Entrant,Graduate
Pacol,Masonry NC II,38,Male,Junior High,Unemployed,Masonry,Construction,New Entrant,Dropout
Abuanan,Electrical Installation and Maintenance NC II,22,Male,Junior High,Self-employed,Electrical Repair,Construction,Experienced Worker,Graduate
Atipuluan,Shielded Metal Arc Welding NC I,18,Male,Junior High,Unemployed,Welding,Construction,New Entrant,Dropout
Poblacion,Bread and Pastry NC II,50,Female,College Graduate,Wage Employed,Baking,Hospitality,New Entrant,Graduate
Pacol,Computer Systems Servicing NC II,40,Female,Senior High,Underemployed,Computer Literacy,ICT,Returning Learner,Graduate
Malingin,Cookery NC II,26,Male,Junior High,Self-employed,Cooking,Hospitality,Career Shifter,Graduate
Abuanan,Masonry NC II,18,Male,Senior High,Unemployed,Masonry,Construction,Experienced Worker,Graduate
Alianza,Cookery NC II,23,Female,College Undergraduate,Wage Employed,Cooking,Hospitality,Career Shifter,Graduate
Dulao,Electrical Installation and Maintenance NC II,20,Male,Junior High,Unemployed,Electrical Repair,Hospitality,New Entrant,Dropout
Ma-ao,Masonry NC II,25,Male,Senior High,Unemployed,Masonry,Agriculture,New Entrant,Dropout
Bacong,Cookery NC II,23,Male,Junior High,Self-employed,Cooking,Hospitality,Career Shifter,Graduate
Abuanan,Electrical Installation and Maintenance NC II,47,Male,College Undergraduate,Underemployed,Electrical Repair,Agriculture,New Entrant,Graduate
Taloc,Driving NC II,31,Male,Senior High,Wage Employed,Driving,Transportation,Experienced Worker,Graduate
Dulao,Electrical Installation and Maintenance NC II,24,Male,Senior High,Self-employed,Electrical Repair,Construction,Experienced Worker,Graduate
Malingin,Cookery NC II,30,Female,Junior High,Underemployed,Cooking,Hospitality,Returning Learner,Graduate
Atipuluan,Carpentry NC II,39,Male,Junior High,Underemployed,Carpentry,Construction,New Entrant,Dropout
Caridad,Shielded Metal Arc Welding NC I,36,Male,Senior High,Wage Employed,Welding,Construction,Experienced Worker,Graduate
Pacol,Computer Systems Servicing NC II,37,Female,College Graduate,Wage Employed,Computer Literacy,ICT,Experienced Worker,Graduate
Atipuluan,Carpentry NC II,41,Female,Junior High,Self-employed,Cooking,Hospitality,Experienced Worker,Graduate
Bacong,Electrical Installation and Maintenance NC II,36,Male,College Undergraduate,Wage Employed,Electrical Repair,Construction,Returning Learner,Graduate
Taloc,Masonry NC II,28,Male,Elementary Graduate,Unemployed,Masonry,Construction,Career Shifter,Graduate
Abuanan,Carpentry NC II,54,Female,College Graduate,Underemployed,Carpentry,Business,New Entrant,Graduate
Malingin,Electrical Installation and Maintenance NC II,27,Male,Elementary Graduate,Unemployed,Driving,Transportation,Career Shifter,Dropout
Malingin,Computer Systems Servicing NC II,46,Male,College Graduate,Unemployed,Computer Literacy,ICT,Career Shifter,Graduate
Binubuhan,Driving NC II,22,Male,College Graduate,Underemployed,Driving,Transportation,New Entrant,Graduate
Dulao,Driving NC II,28,Female,Junior High,Unemployed,Driving,Transportation,New Entrant,Graduate
Bagroy,Cookery NC II,22,Male,Senior High,Underemployed,Driving,Transportation,Career Shifter,Dropout
Binubuhan,Bread and Pastry NC II,37,Male,Elementary Graduate,Unemployed,Baking,Hospitality,Career Shifter,Dropout
Binubuhan,Bread and Pastry NC II,19,Male,Elementary Graduate,Underemployed,Baking,Hospitality,New Entrant,Dropout
Abuanan,Shielded Metal Arc Welding NC I,22,Male,Senior High,Unemployed,Welding,Construction,New Entrant,Dropout
Pacol,Masonry NC II,41,Male,Junior High,Underemployed,Carpentry,Construction,Career Shifter,Dropout
Poblacion,Electrical Installation and Maintenance NC II,40,Male,Senior High,Unemployed,Electrical Repair,Business,New Entrant,Dropout
Lag-asan,Computer Systems Servicing NC II,24,Female,College Undergraduate,Wage Employed,Computer Literacy,ICT,Returning Learner,Dropout
Abuanan,Masonry NC II,28,Male,Senior High,Self-employed,Masonry,Construction,Experienced Worker,Graduate
Calumangan,Computer Systems Servicing NC II,42,Male,Senior High,Unemployed,Computer Literacy,Business,Career Shifter,Dropout
Dulao,Carpentry NC II,37,Female,Junior High,Wage Employed,Carpentry,Construction,Experienced Worker,Graduate
Lag-asan,Bread and Pastry NC II,19,Female,Senior High,Unemployed,Baking,Hospitality,Career Shifter,Dropout
Bagroy,Computer Systems Servicing NC II,21,Male,Senior High,Unemployed,Computer Literacy,ICT,Experienced Worker,Graduate
Taloc,Computer Systems Servicing NC II,39,Male,Senior High,Underemployed,Driving,Transportation,New Entrant,Graduate
Alianza,Bread and Pastry NC II,28,Female,Junior High,Underemployed,Baking,Hospitality,New Entrant,Graduate
Abuanan,Bread and Pastry NC II,34,Male,Junior High,Underemployed,Baking,Hospitality,New Entrant,Dropout
Alianza,Electrical Installation and Maintenance NC II,33,Male,Junior High,Underemployed,Electrical Repair,Construction,New Entrant,Dropout
Ma-ao,Computer Systems Servicing NC II,23,Female,Elementary Graduate,Unemployed,Computer Literacy,Construction,Career Shifter,Dropout
Napoles,Carpentry NC II,28,Male,Elementary Graduate,Self-employed,Carpentry,Construction,Returning Learner,Graduate
Bacong,Electrical Installation and Maintenance NC II,19,Male,Senior High,Wage Employed,Electrical Repair,Construction,Experienced Worker,Graduate
Bagroy,Cookery NC II,21,Male,Elementary Graduate,Self-employed,Cooking,Construction,Career Shifter,Graduate
Ilijan,Electrical Installation and Maintenance NC II,21,Male,Junior High,Self-employed,Electrical Repair,Construction,Returning Learner,Graduate
Balingasag,Driving NC II,27,Female,Elementary Graduate,Unemployed,Driving,Transportation,Returning Learner,Dropout
Busay,Computer Systems Servicing NC II,20,Female,Senior High,Wage Employed,Computer Literacy,ICT,Returning Learner,Graduate
Sagasa,Driving NC II,40,Male,Junior High,Wage Employed,Driving,Transportation,Experienced Worker,Graduate
Binubuhan,Driving NC II,26,Female,Junior High,Unemployed,Driving,Transportation,Experienced Worker,Dropout
Taloc,Cookery NC II,18,Male,Junior High,Unemployed,Cooking,Hospitality,New Entrant,Graduate
Lag-asan,Cookery NC II,32,Male,Junior High,Unemployed,Electrical Repair,Construction,New Entrant,Graduate
Poblacion,Masonry NC II,35,Female,College Graduate,Unemployed,Welding,Construction,Career Shifter,Graduate
Poblacion,Computer Systems Servicing NC II,30,Male,College Undergraduate,Underemployed,Computer Literacy,ICT,Career Shifter,Graduate
Ilijan,Cookery NC II,38,Female,Elementary Graduate,Underemployed,Cooking,Hospitality,New Entrant,Dropout
Taloc,Electrical Installation and Maintenance NC II,36,Female,Senior High,Underemployed,Electrical Repair,Construction,Experienced Worker,Graduate
Abuanan,Computer Systems Servicing NC II,31,Female,College Undergraduate,Wage Employed,Computer Literacy,ICT,Returning Learner,Graduate
Malingin,Carpentry NC II,45,Male,Senior High,Self-employed,Carpentry,Construction,Experienced Worker,Graduate
Alianza,Masonry NC II,36,Male,Junior High,Underemployed,Masonry,Construction,New Entrant,Graduate
Tabunan,Computer Systems Servicing NC II,31,Male,College Undergraduate,Wage Employed,Computer Literacy,Business,Returning Learner,Graduate
Atipuluan,Cookery NC II,45,Male,Senior High,Wage Employed,Cooking,Hospitality,New Entrant,Graduate
Ma-ao,Masonry NC II,38,Female,Junior High,Wage Employed,Cooking,Hospitality,Career Shifter,Dropout
Napoles,Masonry NC II,27,Male,Junior High,Underemployed,Masonry,Construction,New Entrant,Dropout
Alianza,Masonry NC II,22,Male,Elementary Graduate,Underemployed,Masonry,Construction,Career Shifter,Graduate
Lag-asan,Shielded Metal Arc Welding NC I,35,Male,Senior High,Self-employed,Welding,Construction,Experienced Worker,Graduate
Balingasag,Masonry NC II,35,Male,College Graduate,Wage Employed,Masonry,Construction,Experienced Worker,Graduate
Dulao,Shielded Metal Arc Welding NC I,21,Male,College Undergraduate,Unemployed,Welding,ICT,New Entrant,Dropout
Taloc,Cookery NC II,27,Female,Junior High,Unemployed,Cooking,Hospitality,New Entrant,Graduate
Lag-asan,Computer Systems Servicing NC II,38,Female,College Graduate,Underemployed,Computer Literacy,ICT,Career Shifter,Graduate
Taloc,Masonry NC II,29,Male,Elementary Graduate,Self-employed,Masonry,Construction,New Entrant,Dropout
Taloc,Shielded Metal Arc Welding NC I,34,Male,Elementary Graduate,Unemployed,Welding,Construction,New Entrant,Graduate
Bacong,Electrical Installation and Maintenance NC II,21,Male,Senior High,Unemployed,Electrical Repair,Construction,Returning Learner,Graduate
Balingasag,Masonry NC II,22,Male,College Undergraduate,Self-employed,Masonry,Business,Returning Learner,Graduate
Abuanan,Driving NC II,31,Female,Senior High,Self-employed,Driving,Hospitality,Experienced Worker,Graduate
Napoles,Shielded Metal Arc Welding NC I,40,Female,Elementary Graduate,Underemployed,Welding,Construction,New Entrant,Dropout
Pacol,Carpentry NC II,36,Male,Senior High,Wage Employed,Carpentry,Construction,Experienced Worker,Graduate
Tabunan,Bread and Pastry NC II,38,Female,Junior High,Unemployed,Baking,Hospitality,New Entrant,Dropout
Tabunan,Carpentry NC II,18,Female,Senior High,Underemployed,Carpentry,Construction,Experienced Worker,Graduate
Lag-asan,Computer Systems Servicing NC II,25,Female,College Undergraduate,Wage Employed,Computer Literacy,ICT,Experienced Worker,Graduate
Taloc,Masonry NC II,25,Male,Junior High,Self-employed,Masonry,Construction,Experienced Worker,Graduate
Caridad,Carpentry NC II,40,Male,College Undergraduate,Self-employed,Carpentry,Construction,Experienced Worker,Graduate
Ma-ao,Computer Systems Servicing NC II,36,Male,Junior High,Underemployed,Carpentry,Construction,Returning Learner,Graduate
Poblacion,Carpentry NC II,21,Female,Senior High,Self-employed,Baking,Hospitality,Career Shifter,Graduate
Caridad,Masonry NC II,19,Male,Senior High,Underemployed,Masonry,Construction,Returning Learner,Graduate
Mailum,Bread and Pastry NC II,30,Female,Senior High,Wage Employed,Baking,Hospitality,Experienced Worker,Graduate
Atipuluan,Driving NC II,41,Male,Junior High,Unemployed,Driving,Transportation,Career Shifter,Graduate
Pacol,Computer Systems Servicing NC II,46,Female,College Graduate,Wage Employed,Computer Literacy,ICT,Returning Learner,Graduate
Poblacion,Cookery NC II,25,Female,College Undergraduate,Wage Employed,Cooking,Hospitality,Experienced Worker,Graduate
Poblacion,Masonry NC II,32,Male,Junior High,Self-employed,Masonry,Construction,Experienced Worker,Graduate
Napoles,Bread and Pastry NC II,40,Female,Senior High,Wage Employed,Baking,Hospitality,Experienced Worker,Graduate
Abuanan,Electrical Installation and Maintenance NC II,27,Male,Senior High,Wage Employed,Electrical Repair,Construction,Experienced Worker,Graduate
Malingin,Driving NC II,31,Male,Junior High,Unemployed,Driving,Construction,Experienced Worker,Graduate
Atipuluan,Bread and Pastry NC II,20,Male,Junior High,Unemployed,Baking,Hospitality,New Entrant,Graduate
Taloc,Shielded Metal Arc Welding NC I,39,Male,Senior High,Unemployed,Welding,Construction,New Entrant,Graduate
Lag-asan,Carpentry NC II,34,Male,Senior High,Unemployed,Carpentry,Agriculture,Experienced Worker,Graduate
Bagroy,Carpentry NC II,34,Male,Senior High,Underemployed,Carpentry,Construction,Experienced Worker,Dropout
Poblacion,Electrical Installation and Maintenance NC II,21,Female,College Undergraduate,Wage Employed,Electrical Repair,Construction,Returning Learner,Graduate
Taloc,Masonry NC II,24,Male,Junior High,Self-employed,Masonry,Construction,Returning Learner,Dropout
Tabunan,Cookery NC II,39,Male,Junior High,Unemployed,Cooking,Hospitality,New Entrant,Dropout
Malingin,Driving NC II,36,Male,Elementary Graduate,Unemployed,Electrical Repair,Construction,Career Shifter,Dropout
Ma-ao,Bread and Pastry NC II,35,Female,Junior High,Self-employed,Baking,Hospitality,Experienced Worker,Graduate
Napoles,Computer Systems Servicing NC II,24,Female,College Undergraduate,Wage Employed,Computer Literacy,ICT,New Entrant,Graduate
Lag-asan,Carpentry NC II,31,Male,Senior High,Unemployed,Carpentry,Business,Career Shifter,Graduate
Napoles,Masonry NC II,25,Male,Senior High,Underemployed,Masonry,Construction,New Entrant,Dropout
Calumangan,Electrical Installation and Maintenance NC II,29,Male,Elementary Graduate,Self-employed,Electrical Repair,Construction,Experienced Worker,Dropout
Tabunan,Masonry NC II,24,Male,Senior High,Wage Employed,Masonry,Construction,Experienced Worker,Graduate
Napoles,Driving NC II,54,Female,College Graduate,Self-employed,Driving,Transportation,Returning Learner,Graduate
Balingasag,Cookery NC II,41,Male,Senior High,Unemployed,Cooking,Hospitality,New Entrant,Graduate
Dulao,Cookery NC II,38,Female,Senior High,Unemployed,Cooking,Hospitality,New Entrant,Graduate
Malingin,Computer Systems Servicing NC II,39,Female,College Graduate,Underemployed,Computer Literacy,ICT,New Entrant,Graduate
Abuanan,Electrical Installation and Maintenance NC II,39,Male,College Undergraduate,Self-employed,Electrical Repair,Construction,Experienced Worker,Graduate
Dulao,Electrical Installation and Maintenance NC II,19,Male,Elementary Graduate,Self-employed,Carpentry,Construction,Career Shifter,Dropout
Bacong,Masonry NC II,20,Male,Junior High,Underemployed,Masonry,Construction,Career Shifter,Graduate
Bacong,Cookery NC II,46,Male,College Graduate,Wage Employed,Cooking,ICT,Experienced Worker,Graduate
Sagasa,Carpentry NC II,22,Male,Senior High,Unemployed,Carpentry,Construction,New Entrant,Graduate
Alianza,Shielded Metal Arc Welding NC I,26,Male,Junior High,Self-employed,Welding,Construction,Returning Learner,Graduate
Pacol,Computer Systems Servicing NC II,26,Male,College Undergraduate,Unemployed,Computer Literacy,ICT,Experienced Worker,Graduate
Taloc,Cookery NC II,27,Female,College Undergraduate,Unemployed,Cooking,Hospitality,New Entrant,Dropout
Ilijan,Computer Systems Servicing NC II,48,Male,College Undergraduate,Underemployed,Computer Literacy,ICT,New Entrant,Graduate
Abuanan,Cookery NC II,22,Female,Junior High,Unemployed,Cooking,Hospitality,Career Shifter,Graduate
Balingasag,Bread and Pastry NC II,40,Female,Junior High,Unemployed,Baking,Hospitality,New Entrant,Graduate
Abuanan,Carpentry NC II,19,Male,Senior High,Underemployed,Carpentry,Construction,New Entrant,Graduate
Caridad,Electrical Installation and Maintenance NC II,37,Male,Junior High,Underemployed,Electrical Repair,Agriculture,Returning Learner,Graduate
Caridad,Computer Systems Servicing NC II,35,Male,College Undergraduate,Wage Employed,Computer Literacy,Hospitality,Experienced Worker,Graduate
Busay,Driving NC II,39,Male,College Undergraduate,Wage Employed,Driving,Transportation,Experienced Worker,Graduate
Taloc,Carpentry NC II,29,Male,College Undergraduate,Self-employed,Carpentry,Construction,New Entrant,Graduate
Atipuluan,Masonry NC II,33,Male,Junior High,Unemployed,Masonry,Construction,New Entrant,Dropout
Dulao,Carpentry NC II,37,Male,Junior High,Underemployed,Carpentry,Construction,Returning Learner,Graduate
Napoles,Masonry NC II,33,Male,College Undergraduate,Underemployed,Masonry,Construction,New Entrant,Graduate
Ma-ao,Electrical Installation and Maintenance NC II,21,Male,Elementary Graduate,Self-employed,Electrical Repair,Construction,Experienced Worker,Dropout
Mailum,Masonry NC II,42,Male,Senior High,Wage Employed,Masonry,Construction,Experienced Worker,Graduate
Poblacion,Computer Systems Servicing NC II,20,Male,Senior High,Underemployed,Computer Literacy,Agriculture,Experienced Worker,Graduate
Poblacion,Cookery NC II,37,Male,College Graduate,Wage Employed,Computer Literacy,ICT,Returning Learner,Graduate
Caridad,Masonry NC II,25,Male,College Undergraduate,Wage Employed,Masonry,Construction,Career Shifter,Graduate
Caridad,Shielded Metal Arc Welding NC I,28,Female,Junior High,Wage Employed,Welding,Agriculture,Returning Learner,Graduate
Balingasag,Electrical Installation and Maintenance NC II,21,Female,Junior High,Underemployed,Electrical Repair,Construction,New Entrant,Graduate
Bagroy,Masonry NC II,24,Male,Senior High,Underemployed,Masonry,Construction,Experienced Worker,Graduate
Poblacion,Bread and Pastry NC II,38,Male,College Undergraduate,Self-employed,Baking,Hospitality,Experienced Worker,Graduate
Abuanan,Computer Systems Servicing NC II,26,Male,College Graduate,Wage Employed,Computer Literacy,ICT,Returning Learner,Graduate
Taloc,Bread and Pastry NC II,33,Male,Senior High,Underemployed,Welding,Construction,Career Shifter,Graduate
Ilijan,Cookery NC II,39,Male,Junior High,Unemployed,Cooking,Hospitality,Career Shifter,Graduate
Binubuhan,Masonry NC II,19,Male,Senior High,Wage Employed,Masonry,Construction,Experienced Worker,Graduate
Tabunan,Shielded Metal Arc Welding NC I,24,Male,Senior High,Unemployed,Welding,Agriculture,Returning Learner,Graduate
Taloc,Masonry NC II,40,Male,College Undergraduate,Unemployed,Masonry,Construction,New Entrant,Graduate
Pacol,Carpentry NC II,19,Male,Junior High,Wage Employed,Carpentry,Construction,Returning Learner,Graduate
Malingin,Computer Systems Servicing NC II,35,Male,College Graduate,Self-employed,Computer Literacy,ICT,Experienced Worker,Graduate
Poblacion,Bread and Pastry NC II,29,Female,College Undergraduate,Unemployed,Baking,Construction,Returning Learner,Dropout
Alianza,Driving NC II,34,Male,College Undergraduate,Wage Employed,Electrical Repair,Construction,Career Shifter,Graduate
Taloc,Electrical Installation and Maintenance NC II,39,Male,Elementary Graduate,Unemployed,Electrical Repair,Construction,New Entrant,Graduate
Balingasag,Driving NC II,18,Female,Senior High,Underemployed,Driving,Transportation,New Entrant,Dropout
Poblacion,Bread and Pastry NC II,22,Male,Senior High,Unemployed,Baking,Hospitality,Experienced Worker,Dropout
Ma-ao,Computer Systems Servicing NC II,20,Female,Elementary Graduate,Unemployed,Computer Literacy,ICT,Returning Learner,Graduate
Atipuluan,Carpentry NC II,29,Male,Senior High,Unemployed,Carpentry,Construction,Returning Learner,Graduate
Lag-asan,Electrical Installation and Maintenance NC II,28,Male,Senior High,Self-employed,Electrical Repair,Construction,Career Shifter,Graduate
Tabunan,Carpentry NC II,41,Male,Senior High,Underemployed,Carpentry,Business,New Entrant,Graduate
Bagroy,Shielded Metal Arc Welding NC I,23,Male,Elementary Graduate,Unemployed,Welding,Construction,New Entrant,Dropout
Sagasa,Cookery NC II,33,Male,Elementary Graduate,Unemployed,Electrical Repair,Construction,New Entrant,Dropout
Bacong,Shielded Metal Arc Welding NC I,41,Female,Senior High,Wage Employed,Masonry,Construction,Experienced Worker,Graduate
Abuanan,Carpentry NC II,28,Female,Senior High,Unemployed,Carpentry,Construction,Returning Learner,Dropout
Poblacion,Carpentry NC II,19,Female,Senior High,Wage Employed,Carpentry,Construction,Returning Learner,Graduate
Pacol,Cookery NC II,43,Female,Senior High,Unemployed,Cooking,Hospitality,Experienced Worker,Graduate
Atipuluan,Carpentry NC II,40,Female,Senior High,Unemployed,Carpentry,Construction,Experienced Worker,Graduate
Binubuhan,Cookery NC II,29,Male,Senior High,Underemployed,Cooking,Hospitality,Experienced Worker,Graduate
Napoles,Cookery NC II,44,Female,College Undergraduate,Self-employed,Cooking,Hospitality,Returning Learner,Graduate
Bacong,Bread and Pastry NC II,37,Female,Junior High,Unemployed,Baking,Hospitality,Returning Learner,Graduate
Abuanan,Shielded Metal Arc Welding NC I,39,Male,Junior High,Underemployed,Welding,Construction,Career Shifter,Dropout
Lag-asan,Electrical Installation and Maintenance NC II,42,Female,Senior High,Self-employed,Electrical Repair,Hospitality,Career Shifter,Graduate
Bacong,Electrical Installation and Maintenance NC II,26,Male,Junior High,Unemployed,Electrical Repair,Construction,New Entrant,Graduate
Taloc,Masonry NC II,44,Male,Senior High,Underemployed,Masonry,Construction,New Entrant,Graduate
Poblacion,Carpentry NC II,36,Male,Senior High,Wage Employed,Carpentry,Construction,Returning Learner,Graduate
Atipuluan,Carpentry NC II,35,Male,Junior High,Wage Employed,Carpentry,Construction,Experienced Worker,Graduate
Bacong,Computer Systems Servicing NC II,43,Male,College Graduate,Wage Employed,Computer Literacy,ICT,Experienced Worker,Graduate
Malingin,Masonry NC II,32,Male,Junior High,Unemployed,Masonry,Construction,Career Shifter,Dropout
Taloc,Masonry NC II,31,Male,Junior High,Unemployed,Masonry,Construction,Returning Learner,Graduate
Bagroy,Computer Systems Servicing NC II,18,Male,Elementary Graduate,Underemployed,Electrical Repair,Construction,New Entrant,Graduate
Abuanan,Cookery NC II,31,Female,Senior High,Unemployed,Cooking,Hospitality,Returning Learner,Graduate
Dulao,Carpentry NC II,39,Male,Junior High,Self-employed,Carpentry,Construction,Returning Learner,Graduate
Abuanan,Bread and Pastry NC II,42,Male,Senior High,Self-employed,Baking,Hospitality,Experienced Worker,Graduate
Taloc,Cookery NC II,26,Female,Elementary Graduate,Unemployed,Cooking,Hospitality,Career Shifter,Dropout
Taloc,Masonry NC II,32,Male,Elementary Graduate,Unemployed,Masonry,Construction,Returning Learner,Graduate
Balingasag,Computer Systems Servicing NC II,46,Male,College Undergraduate,Wage Employed,Welding,Construction,New Entrant,Graduate
Abuanan,Computer Systems Servicing NC II,42,Female,Junior High,Unemployed,Computer Literacy,ICT,New Entrant,Graduate
Napoles,Bread and Pastry NC II,53,Female,College Graduate,Underemployed,Baking,Hospitality,Experienced Worker,Graduate
Balingasag,Carpentry NC II,26,Male,Senior High,Wage Employed,Carpentry,Construction,Experienced Worker,Graduate
Caridad,Driving NC II,40,Male,College Undergraduate,Underemployed,Driving,Transportation,Career Shifter,Dropout
Abuanan,Bread and Pastry NC II,18,Male,Senior High,Unemployed,Baking,Hospitality,Career Shifter,Graduate
Caridad,Computer Systems Servicing NC II,32,Male,Junior High,Unemployed,Computer Literacy,ICT,New Entrant,Dropout
Binubuhan,Driving NC II,41,Male,Junior High,Underemployed,Driving,Transportation,Career Shifter,Dropout
Caridad,Cookery NC II,28,Female,Elementary Graduate,Unemployed,Electrical Repair,Construction,Career Shifter,Graduate
Atipuluan,Cookery NC II,40,Female,Elementary Graduate,Underemployed,Cooking,Hospitality,Experienced Worker,Dropout
Atipuluan,Electrical Installation and Maintenance NC II,22,Male,College Graduate,Wage Employed,Driving,Agriculture,New Entrant,Graduate
Bagroy,Electrical Installation and Maintenance NC II,38,Male,Elementary Graduate,Unemployed,Carpentry,Construction,Experienced Worker,Dropout
Dulao,Shielded Metal Arc Welding NC I,31,Male,Junior High,Unemployed,Electrical Repair,Construction,New Entrant,Dropout
Ma-ao,Cookery NC II,31,Female,Junior High,Underemployed,Cooking,Hospitality,Returning Learner,Graduate
Bacong,Driving NC II,20,Male,Elementary Graduate,Unemployed,Driving,Transportation,Career Shifter,Graduate
Busay,Cookery NC II,28,Female,Elementary Graduate,Wage Employed,Cooking,Hospitality,Experienced Worker,Graduate
Bagroy,Masonry NC II,32,Male,Junior High,Underemployed,Masonry,Construction,New Entrant,Dropout
Ma-ao,Cookery NC II,45,Male,College Undergraduate,Self-employed,Cooking,Hospitality,Experienced Worker,Graduate
Calumangan,Electrical Installation and Maintenance NC II,44,Male,Senior High,Wage Employed,Electrical Repair,Construction,Experienced Worker,Graduate
Abuanan,Bread and Pastry NC II,52,Female,College Graduate,Self-employed,Baking,ICT,Experienced Worker,Graduate
Caridad,Carpentry NC II,29,Male,Junior High,Self-employed,Carpentry,Construction,Returning Learner,Graduate
Lag-asan,Bread and Pastry NC II,43,Male,Senior High,Underemployed,Baking,Hospitality,Career Shifter,Graduate
Malingin,Bread and Pastry NC II,34,Male,College Graduate,Wage Employed,Baking,ICT,Experienced Worker,Graduate
Calumangan,Shielded Metal Arc Welding NC I,38,Male,Senior High,Unemployed,Welding,Construction,New Entrant,Dropout
Ma-ao,Carpentry NC II,36,Male,Junior High,Wage Employed,Carpentry,Construction,Returning Learner,Graduate
Calumangan,Driving NC II,41,Male,Senior High,Underemployed,Driving,Transportation,Returning Learner,Graduate
Atipuluan,Masonry NC II,33,Male,Senior High,Unemployed,Masonry,Construction,Experienced Worker,Graduate
Bagroy,Bread and Pastry NC II,31,Male,Junior High,Underemployed,Baking,Hospitality,New Entrant,Dropout
Poblacion,Carpentry NC II,41,Male,Senior High,Self-employed,Carpentry,Construction,Experienced Worker,Graduate
Napoles,Bread and Pastry NC II,41,Male,Senior High,Unemployed,Baking,Hospitality,Experienced Worker,Graduate
Lag-asan,Cookery NC II,31,Female,College Undergraduate,Unemployed,Cooking,Hospitality,New Entrant,Graduate
Dulao,Driving NC II,42,Male,Junior High,Unemployed,Driving,Transportation,Returning Learner,Dropout
Pacol,Masonry NC II,41,Female,Senior High,Wage Employed,Masonry,Construction,Experienced Worker,Graduate
Lag-asan,Carpentry NC II,34,Male,Senior High,Underemployed,Carpentry,Construction,New Entrant,Graduate
Napoles,Driving NC II,20,Male,Elementary Graduate,Underemployed,Driving,Transportation,Career Shifter,Dropout
Abuanan,Electrical Installation and Maintenance NC II,26,Male,Junior High,Wage Employed,Carpentry,Construction,New Entrant,Graduate
Alianza,Electrical Installation and Maintenance NC II,26,Male,College Graduate,Self-employed,Welding,Hospitality,Career Shifter,Graduate
Balingasag,Driving NC II,28,Male,Junior High,Self-employed,Carpentry,Construction,Returning Learner,Graduate
Lag-asan,Electrical Installation and Maintenance NC II,29,Male,College Undergraduate,Wage Employed,Electrical Repair,Construction,Experienced Worker,Graduate
Abuanan,Masonry NC II,25,Female,Elementary Graduate,Underemployed,Baking,Hospitality,Returning Learner,Graduate
Ma-ao,Cookery NC II,35,Female,Senior High,Underemployed,Cooking,Business,New Entrant,Graduate
Malingin,Bread and Pastry NC II,33,Female,Senior High,Self-employed,Baking,Hospitality,Experienced Worker,Graduate
Atipuluan,Masonry NC II,34,Male,College Undergraduate,Wage Employed,Masonry,Construction,Experienced Worker,Graduate
Abuanan,Cookery NC II,37,Male,Senior High,Underemployed,Cooking,Hospitality,Experienced Worker,Graduate
Atipuluan,Bread and Pastry NC II,43,Male,Senior High,Self-employed,Baking,Hospitality,Returning Learner,Graduate
Balingasag,Bread and Pastry NC II,44,Female,Senior High,Underemployed,Baking,Hospitality,Returning Learner,Graduate
Calumangan,Computer Systems Servicing NC II,28,Male,Junior High,Self-employed,Welding,Construction,Career Shifter,Dropout
Lag-asan,Masonry NC II,36,Male,Elementary Graduate,Unemployed,Masonry,Construction,New Entrant,Graduate
Lag-asan,Computer Systems Servicing NC II,30,Male,Senior High,Underemployed,Computer Literacy,ICT,Returning Learner,Graduate
Busay,Driving NC II,18,Male,Junior High,Unemployed,Driving,Transportation,New Entrant,Dropout
Atipuluan,Driving NC II,22,Male,Elementary Graduate,Unemployed,Driving,Transportation,Experienced Worker,Graduate
Abuanan,Cookery NC II,24,Female,Elementary Graduate,Unemployed,Cooking,Hospitality,New Entrant,Graduate
Abuanan,Cookery NC II,40,Male,Senior High,Wage Employed,Cooking,Hospitality,Career Shifter,Graduate
Bagroy,Bread and Pastry NC II,23,Female,Junior High,Underemployed,Baking,Hospitality,Career Shifter,Dropout
Busay,Electrical Installation and Maintenance NC II,19,Male,Senior High,Self-employed,Electrical Repair,Construction,New Entrant,Dropout
Sagasa,Electrical Installation and Maintenance NC II,32,Male,Elementary Graduate,Underemployed,Electrical Repair,Construction,Returning Learner,Graduate
Mailum,Carpentry NC II,43,Female,College Graduate,Self-employed,Carpentry,Construction,Experienced Worker,Dropout
Tabunan,Carpentry NC II,20,Male,Elementary Graduate,Unemployed,Carpentry,Construction,Experienced Worker,Dropout
Calumangan,Shielded Metal Arc Welding NC I,38,Male,Elementary Graduate,Underemployed,Welding,Construction,Experienced Worker,Graduate
Lag-asan,Cookery NC II,47,Female,College Undergraduate,Underemployed,Cooking,Hospitality,New Entrant,Graduate
Balingasag,Shielded Metal Arc Welding NC I,30,Male,Elementary Graduate,Underemployed,Welding,Construction,Career Shifter,Graduate
Poblacion,Electrical Installation and Maintenance NC II,29,Male,Elementary Graduate,Underemployed,Electrical Repair,Construction,Experienced Worker,Graduate
Ma-ao,Carpentry NC II,25,Female,Junior High,Wage Employed,Carpentry,Construction,Career Shifter,Graduate
Malingin,Driving NC II,24,Male,Senior High,Underemployed,Driving,Transportation,Returning Learner,Graduate
Abuanan,Cookery NC II,29,Female,Junior High,Unemployed,Cooking,Hospitality,New Entrant,Graduate
Binubuhan,Electrical Installation and Maintenance NC II,34,Male,Elementary Graduate,Self-employed,Electrical Repair,Construction,Experienced Worker,Graduate
Malingin,Bread and Pastry NC II,35,Male,Senior High,Wage Employed,Baking,Hospitality,Experienced Worker,Graduate
Ma-ao,Driving NC II,39,Male,Junior High,Unemployed,Driving,Transportation,Returning Learner,Dropout
Lag-asan,Bread and Pastry NC II,37,Female,Junior High,Unemployed,Baking,Hospitality,New Entrant,Dropout
Bacong,Driving NC II,23,Male,College Graduate,Unemployed,Driving,Transportation,Experienced Worker,Graduate
Ma-ao,Cookery NC II,31,Female,College Undergraduate,Wage Employed,Cooking,Hospitality,Returning Learner,Graduate
Alianza,Computer Systems Servicing NC II,39,Female,Senior High,Wage Employed,Computer Literacy,ICT,Returning Learner,Graduate
Taloc,Shielded Metal Arc Welding NC I,23,Male,Junior High,Underemployed,Welding,Construction,New Entrant,Dropout
Lag-asan,Carpentry NC II,42,Male,Junior High,Unemployed,Welding,Construction,New Entrant,Graduate
Dulao,Computer Systems Servicing NC II,41,Male,College Graduate,Unemployed,Computer Literacy,ICT,Experienced Worker,Graduate
Lag-asan,Carpentry NC II,19,Male,Senior High,Unemployed,Carpentry,Construction,Experienced Worker,Graduate
Bacong,Cookery NC II,18,Female,Junior High,Unemployed,Cooking,Hospitality,New Entrant,Dropout
Poblacion,Masonry NC II,34,Male,Junior High,Wage Employed,Masonry,Construction,Experienced Worker,Graduate
Poblacion,Driving NC II,32,Male,Junior High,Self-employed,Driving,Transportation,Returning Learner,Graduate
Calumangan,Masonry NC II,48,Male,College Undergraduate,Unemployed,Masonry,Business,Returning Learner,Graduate
Poblacion,Shielded Metal Arc Welding NC I,36,Male,Junior High,Unemployed,Welding,Construction,Career Shifter,Dropout
Atipuluan,Bread and Pastry NC II,27,Female,Junior High,Wage Employed,Baking,Hospitality,Experienced Worker,Graduate
Poblacion,Computer Systems Servicing NC II,36,Female,College Graduate,Self-employed,Computer Literacy,ICT,Experienced Worker,Graduate
Ma-ao,Shielded Metal Arc Welding NC I,24,Male,Elementary Graduate,Unemployed,Welding,Construction,New Entrant,Graduate
Ma-ao,Electrical Installation and Maintenance NC II,41,Male,Junior High,Underemployed,Electrical Repair,Construction,Returning Learner,Dropout
Sagasa,Computer Systems Servicing NC II,51,Female,College Graduate,Unemployed,Computer Literacy,ICT,Career Shifter,Dropout
Alianza,Electrical Installation and Maintenance NC II,29,Male,Elementary Graduate,Underemployed,Electrical Repair,Construction,Returning Learner,Dropout
Ma-ao,Bread and Pastry NC II,44,Male,Senior High,Underemployed,Welding,Construction,New Entrant,Dropout
Napoles,Cookery NC II,29,Female,Senior High,Unemployed,Cooking,Hospitality,New Entrant,Graduate
Ma-ao,Bread and Pastry NC II,18,Female,Senior High,Underemployed,Baking,Hospitality,New Entrant,Graduate
Abuanan,Carpentry NC II,41,Male,Senior High,Unemployed,Carpentry,Construction,New Entrant,Dropout
Taloc,Driving NC II,25,Female,Senior High,Underemployed,Driving,Transportation,New Entrant,Dropout
Atipuluan,Shielded Metal Arc Welding NC I,45,Male,College Graduate,Underemployed,Welding,Construction,Experienced Worker,Dropout
Ma-ao,Shielded Metal Arc Welding NC I,38,Male,Senior High,Underemployed,Welding,Business,New Entrant,Graduate
Sagasa,Masonry NC II,38,Male,Elementary Graduate,Unemployed,Masonry,Construction,New Entrant,Graduate
Poblacion,Bread and Pastry NC II,28,Female,Junior High,Underemployed,Baking,Hospitality,New Entrant,Graduate
Malingin,Driving NC II,42,Female,Senior High,Unemployed,Baking,Hospitality,Career Shifter,Graduate
Poblacion,Cookery NC II,19,Male,College Undergraduate,Self-employed,Cooking,Hospitality,Experienced Worker,Graduate
Sagasa,Driving NC II,18,Male,Elementary Graduate,Unemployed,Driving,Transportation,New Entrant,Dropout
Ilijan,Driving NC II,37,Male,Junior High,Self-employed,Driving,Transportation,Returning Learner,Graduate
Sagasa,Computer Systems Servicing NC II,22,Female,Senior High,Unemployed,Computer Literacy,ICT,Experienced Worker,Dropout
Napoles,Cookery NC II,40,Female,College Undergraduate,Underemployed,Cooking,Hospitality,New Entrant,Graduate
Atipuluan,Carpentry NC II,37,Female,Senior High,Unemployed,Carpentry,Construction,Returning Learner,Graduate
Malingin,Carpentry NC II,34,Female,Junior High,Underemployed,Carpentry,Construction,New Entrant,Graduate
Atipuluan,Driving NC II,42,Male,Senior High,Self-employed,Driving,Transportation,Experienced Worker,Graduate
Balingasag,Carpentry NC II,22,Female,College Undergraduate,Self-employed,Computer Literacy,ICT,Career Shifter,Graduate
Ma-ao,Cookery NC II,26,Female,Elementary Graduate,Unemployed,Cooking,Hospitality,New Entrant,Graduate
Binubuhan,Driving NC II,44,Male,Senior High,Underemployed,Driving,Transportation,Returning Learner,Dropout
Poblacion,Shielded Metal Arc Welding NC I,49,Male,College Graduate,Self-employed,Welding,ICT,Returning Learner,Graduate
Calumangan,Driving NC II,28,Male,Junior High,Self-employed,Driving,Transportation,Experienced Worker,Dropout
Tabunan,Cookery NC II,23,Male,Senior High,Underemployed,Cooking,Construction,Experienced Worker,Graduate
Balingasag,Electrical Installation and Maintenance NC II,33,Female,Senior High,Self-employed,Electrical Repair,Construction,New Entrant,Graduate
Poblacion,Cookery NC II,37,Female,Junior High,Wage Employed,Baking,Hospitality,Career Shifter,Graduate
Ma-ao,Cookery NC II,36,Female,Senior High,Underemployed,Cooking,Hospitality,Career Shifter,Dropout
Poblacion,Carpentry NC II,39,Male,Senior High,Unemployed,Carpentry,Construction,Returning Learner,Graduate
Ma-ao,Masonry NC II,18,Female,Senior High,Unemployed,Masonry,Construction,New Entrant,Dropout
Abuanan,Masonry NC II,27,Female,College Undergraduate,Wage Employed,Masonry,Construction,Experienced Worker,Graduate
Abuanan,Electrical Installation and Maintenance NC II,37,Male,Senior High,Wage Employed,Electrical Repair,Construction,Returning Learner,Graduate
Taloc,Cookery NC II,30,Male,Senior High,Unemployed,Cooking,Hospitality,Experienced Worker,Graduate
Busay,Driving NC II,35,Male,Junior High,Unemployed,Driving,Transportation,Experienced Worker,Graduate
Atipuluan,Cookery NC II,26,Female,Senior High,Wage Employed,Cooking,Hospitality,Experienced Worker,Graduate
Atipuluan,Bread and Pastry NC II,32,Male,Senior High,Wage Employed,Baking,Hospitality,Experienced Worker,Graduate
Bacong,Electrical Installation and Maintenance NC II,36,Male,Elementary Graduate,Underemployed,Electrical Repair,Construction,Career Shifter,Graduate
Balingasag,Cookery NC II,23,Female,Junior High,Wage Employed,Baking,Hospitality,Returning Learner,Graduate
Malingin,Carpentry NC II,35,Male,Elementary Graduate,Underemployed,Carpentry,Construction,New Entrant,Graduate
Taloc,Cookery NC II,30,Male,College Undergraduate,Unemployed,Cooking,Hospitality,Returning Learner,Graduate
Atipuluan,Carpentry NC II,24,Female,Junior High,Underemployed,Carpentry,Construction,Career Shifter,Graduate
Atipuluan,Bread and Pastry NC II,43,Male,Senior High,Underemployed,Baking,Hospitality,Returning Learner,Graduate
Abuanan,Masonry NC II,27,Male,College Graduate,Wage Employed,Masonry,Construction,Career Shifter,Graduate
Calumangan,Electrical Installation and Maintenance NC II,41,Male,Junior High,Unemployed,Electrical Repair,Construction,New Entrant,Dropout
Calumangan,Driving NC II,34,Male,Senior High,Underemployed,Driving,Transportation,Returning Learner,Graduate
Pacol,Bread and Pastry NC II,24,Female,Senior High,Unemployed,Baking,Hospitality,New Entrant,Dropout
Bagroy,Driving NC II,34,Male,Junior High,Self-employed,Driving,Transportation,Experienced Worker,Graduate
Lag-asan,Computer Systems Servicing NC II,29,Male,College Graduate,Self-employed,Computer Literacy,ICT,Experienced Worker,Graduate
Malingin,Carpentry NC II,19,Male,Elementary Graduate,Underemployed,Carpentry,Construction,Career Shifter,Graduate
Calumangan,Masonry NC II,40,Male,Senior High,Self-employed,Masonry,Construction,Experienced Worker,Graduate
Atipuluan,Shielded Metal Arc Welding NC I,37,Male,College Undergraduate,Wage Employed,Welding,Construction,New Entrant,Graduate
Malingin,Cookery NC II,20,Male,Senior High,Underemployed,Cooking,Hospitality,Returning Learner,Graduate
Balingasag,Cookery NC II,30,Male,College Undergraduate,Underemployed,Cooking,ICT,Career Shifter,Graduate
Abuanan,Bread and Pastry NC II,36,Female,College Undergraduate,Underemployed,Baking,Hospitality,New Entrant,Graduate
Atipuluan,Electrical Installation and Maintenance NC II,28,Female,Senior High,Self-employed,Electrical Repair,Construction,Experienced Worker,Graduate
Lag-asan,Carpentry NC II,25,Male,Senior High,Unemployed,Carpentry,Construction,Career Shifter,Dropout
Atipuluan,Cookery NC II,37,Female,Senior High,Unemployed,Cooking,Hospitality,New Entrant,Graduate
Dulao,Cookery NC II,35,Female,Senior High,Underemployed,Cooking,Hospitality,New Entrant,Graduate
Malingin,Cookery NC II,35,Male,College Graduate,Unemployed,Cooking,Agriculture,New Entrant,Graduate
Calumangan,Computer Systems Servicing NC II,45,Male,Senior High,Wage Employed,Computer Literacy,Hospitality,Experienced Worker,Graduate
Caridad,Carpentry NC II,26,Male,Senior High,Unemployed,Carpentry,Construction,New Entrant,Graduate
Busay,Shielded Metal Arc Welding NC I,43,Male,College Graduate,Wage Employed,Welding,Construction,Experienced Worker,Graduate
Busay,Bread and Pastry NC II,27,Female,Junior High,Underemployed,Baking,Hospitality,New Entrant,Graduate
Atipuluan,Cookery NC II,38,Female,Senior High,Wage Employed,Cooking,Hospitality,Experienced Worker,Graduate
Caridad,Cookery NC II,37,Female,Elementary Graduate,Underemployed,Cooking,Hospitality,Experienced Worker,Graduate
Poblacion,Cookery NC II,26,Female,Junior High,Wage Employed,Cooking,Hospitality,Experienced Worker,Graduate
Lag-asan,Computer Systems Servicing NC II,43,Male,College Graduate,Wage Employed,Computer Literacy,ICT,Career Shifter,Graduate
Calumangan,Computer Systems Servicing NC II,47,Female,College Undergraduate,Wage Employed,Computer Literacy,ICT,Experienced Worker,Graduate
Malingin,Bread and Pastry NC II,34,Female,Junior High,Wage Employed,Baking,Hospitality,Returning Learner,Graduate
Atipuluan,Cookery NC II,23,Female,College Undergraduate,Self-employed,Cooking,Hospitality,New Entrant,Graduate
Ilijan,Shielded Metal Arc Welding NC I,27,Female,Senior High,Self-employed,Welding,Construction,New Entrant,Dropout
Taloc,Driving NC II,38,Female,College Undergraduate,Self-employed,Driving,Transportation,Experienced Worker,Graduate
Balingasag,Driving NC II,22,Male,Senior High,Underemployed,Driving,Transportation,New Entrant,Graduate
Caridad,Bread and Pastry NC II,22,Female,Junior High,Unemployed,Baking,Hospitality,New Entrant,Graduate
Lag-asan,Computer Systems Servicing NC II,40,Male,Junior High,Underemployed,Baking,Hospitality,Returning Learner,Graduate
Balingasag,Driving NC II,40,Female,Senior High,Unemployed,Driving,Transportation,Experienced Worker,Graduate
Calumangan,Masonry NC II,22,Male,Senior High,Underemployed,Masonry,Construction,New Entrant,Dropout
Abuanan,Masonry NC II,28,Female,College Graduate,Self-employed,Computer Literacy,ICT,Career Shifter,Graduate
Ma-ao,Masonry NC II,44,Male,Senior High,Underemployed,Masonry,Construction,Career Shifter,Graduate
Poblacion,Electrical Installation and Maintenance NC II,40,Male,Senior High,Underemployed,Electrical Repair,Construction,Returning Learner,Graduate
Balingasag,Carpentry NC II,46,Male,College Undergraduate,Self-employed,Carpentry,Construction,Experienced Worker,Graduate
Balingasag,Shielded Metal Arc Welding NC I,34,Female,Senior High,Unemployed,Welding,Construction,Returning Learner,Graduate
Bacong,Cookery NC II,19,Male,Senior High,Unemployed,Cooking,Hospitality,Experienced Worker,Graduate
Caridad,Shielded Metal Arc Welding NC I,22,Male,Elementary Graduate,Self-employed,Welding,Construction,Experienced Worker,Graduate
Tabunan,Masonry NC II,20,Male,Elementary Graduate,Wage Employed,Computer Literacy,ICT,New Entrant,Dropout
Pacol,Driving NC II,37,Male,Senior High,Wage Employed,Driving,Transportation,Returning Learner,Graduate
Malingin,Cookery NC II,28,Male,Elementary Graduate,Unemployed,Cooking,Hospitality,New Entrant,Graduate
Atipuluan,Bread and Pastry NC II,27,Male,Junior High,Self-employed,Baking,Hospitality,Experienced Worker,Graduate
Bagroy,Bread and Pastry NC II,25,Female,Junior High,Self-employed,Baking,Agriculture,Experienced Worker,Dropout
Pacol,Computer Systems Servicing NC II,33,Female,Senior High,Unemployed,Computer Literacy,ICT,Career Shifter,Graduate
Lag-asan,Carpentry NC II,33,Male,Elementary Graduate,Underemployed,Carpentry,Construction,New Entrant,Graduate
Abuanan,Carpentry NC II,55,Male,College Graduate,Wage Employed,Carpentry,Construction,Returning Learner,Graduate
Napoles,Driving NC II,40,Male,Elementary Graduate,Underemployed,Driving,Transportation,Returning Learner,Graduate
Bacong,Driving NC II,38,Female,Junior High,Self-employed,Driving,Transportation,New Entrant,Graduate
Bacong,Computer Systems Servicing NC II,21,Male,Senior High,Self-employed,Computer Literacy,ICT,Experienced Worker,Graduate
Pacol,Driving NC II,37,Male,Junior High,Unemployed,Driving,Transportation,New Entrant,Graduate
Atipuluan,Bread and Pastry NC II,42,Male,Junior High,Underemployed,Baking,Hospitality,Career Shifter,Graduate
Poblacion,Masonry NC II,41,Male,Senior High,Underemployed,Masonry,Construction,New Entrant,Dropout
Pacol,Shielded Metal Arc Welding NC I,21,Male,Junior High,Underemployed,Welding,Construction,Returning Learner,Graduate
Calumangan,Cookery NC II,31,Male,Junior High,Underemployed,Cooking,Hospitality,Experienced Worker,Graduate
Abuanan,Driving NC II,35,Male,Senior High,Unemployed,Driving,ICT,New Entrant,Graduate
Taloc,Bread and Pastry NC II,45,Female,College Undergraduate,Underemployed,Baking,Hospitality,Returning Learner,Graduate
Pacol,Electrical Installation and Maintenance NC II,28,Male,College Undergraduate,Self-employed,Electrical Repair,Construction,New Entrant,Graduate
Calumangan,Computer Systems Servicing NC II,24,Male,Elementary Graduate,Underemployed,Computer Literacy,Agriculture,Career Shifter,Graduate
Busay,Shielded Metal Arc Welding NC I,41,Male,Senior High,Wage Employed,Welding,Construction,Experienced Worker,Dropout
Malingin,Masonry NC II,41,Male,Junior High,Underemployed,Masonry,Construction,Career Shifter,Graduate
Malingin,Electrical Installation and Maintenance NC II,31,Male,Senior High,Underemployed,Electrical Repair,Construction,Career Shifter,Dropout
Atipuluan,Electrical Installation and Maintenance NC II,25,Male,Junior High,Underemployed,Electrical Repair,Construction,New Entrant,Graduate
Napoles,Masonry NC II,19,Female,Elementary Graduate,Unemployed,Masonry,Construction,Returning Learner,Dropout
Dulao,Shielded Metal Arc Welding NC I,41,Male,Senior High,Self-employed,Welding,Construction,Experienced Worker,Graduate
Atipuluan,Shielded Metal Arc Welding NC I,24,Male,Senior High,Unemployed,Welding,Construction,New Entrant,Graduate
Caridad,Masonry NC II,37,Female,College Graduate,Unemployed,Computer Literacy,ICT,Returning Learner,Graduate
Lag-asan,Masonry NC II,36,Male,Senior High,Wage Employed,Electrical Repair,Construction,Career Shifter,Graduate
Caridad,Shielded Metal Arc Welding NC I,18,Male,Senior High,Underemployed,Electrical Repair,Construction,Career Shifter,Graduate
Alianza,Carpentry NC II,18,Male,Senior High,Underemployed,Carpentry,Construction,Returning Learner,Graduate
Taloc,Shielded Metal Arc Welding NC I,23,Male,College Undergraduate,Wage Employed,Welding,Construction,Career Shifter,Dropout
Abuanan,Bread and Pastry NC II,43,Female,College Undergraduate,Wage Employed,Baking,Construction,New Entrant,Graduate
Malingin,Masonry NC II,41,Female,College Undergraduate,Underemployed,Masonry,Construction,New Entrant,Graduate
Atipuluan,Computer Systems Servicing NC II,39,Female,Senior High,Underemployed,Computer Literacy,ICT,New Entrant,Graduate
Sagasa,Bread and Pastry NC II,37,Female,Elementary Graduate,Underemployed,Baking,Hospitality,New Entrant,Graduate
Alianza,Cookery NC II,36,Female,Junior High,Self-employed,Cooking,Transportation,Returning Learner,Graduate
Calumangan,Carpentry NC II,40,Female,Junior High,Underemployed,Baking,Hospitality,Career Shifter,Graduate
Alianza,Cookery NC II,18,Female,Senior High,Wage Employed,Cooking,Hospitality,Returning Learner,Graduate
Ma-ao,Masonry NC II,42,Male,Junior High,Unemployed,Masonry,ICT,Career Shifter,Dropout
Ilijan,Electrical Installation and Maintenance NC II,43,Male,Senior High,Underemployed,Electrical Repair,Construction,Returning Learner,Graduate
Mailum,Shielded Metal Arc Welding NC I,24,Male,Junior High,Self-employed,Welding,Construction,Experienced Worker,Dropout
Calumangan,Electrical Installation and Maintenance NC II,21,Male,Senior High,Underemployed,Electrical Repair,Construction,Returning Learner,Graduate
Atipuluan,Bread and Pastry NC II,27,Male,Senior High,Underemployed,Baking,Hospitality,New Entrant,Graduate
Alianza,Cookery NC II,19,Male,Junior High,Unemployed,Cooking,Hospitality,New Entrant,Graduate
Napoles,Bread and Pastry NC II,38,Male,Senior High,Underemployed,Baking,Hospitality,New Entrant,Graduate
Mailum,Driving NC II,32,Male,Junior High,Self-employed,Driving,Transportation,Career Shifter,Dropout
Abuanan,Electrical Installation and Maintenance NC II,34,Male,Junior High,Underemployed,Electrical Repair,Construction,New Entrant,Graduate
Mailum,Shielded Metal Arc Welding NC I,21,Male,Junior High,Underemployed,Welding,Agriculture,Returning Learner,Dropout
Calumangan,Electrical Installation and Maintenance NC II,26,Male,Junior High,Unemployed,Electrical Repair,Construction,Returning Learner,Dropout
Busay,Shielded Metal Arc Welding NC I,21,Male,Senior High,Self-employed,Welding,Construction,Returning Learner,Dropout
Sagasa,Masonry NC II,33,Male,Elementary Graduate,Underemployed,Masonry,Construction,Returning Learner,Dropout
Poblacion,Computer Systems Servicing NC II,40,Female,College Undergraduate,Unemployed,Computer Literacy,ICT,New Entrant,Graduate
Balingasag,Masonry NC II,37,Female,Senior High,Self-employed,Masonry,Construction,Returning Learner,Graduate
Lag-asan,Shielded Metal Arc Welding NC I,33,Male,Senior High,Wage Employed,Welding,Construction,Returning Learner,Graduate
Atipuluan,Computer Systems Servicing NC II,35,Female,College Graduate,Wage Employed,Computer Literacy,ICT,Experienced Worker,Graduate
Sagasa,Computer Systems Servicing NC II,36,Male,College Undergraduate,Underemployed,Computer Literacy,ICT,New Entrant,Dropout
Taloc,Computer Systems Servicing NC II,21,Male,Elementary Graduate,Unemployed,Computer Literacy,ICT,New Entrant,Dropout
Calumangan,Bread and Pastry NC II,19,Male,Senior High,Unemployed,Baking,Hospitality,New Entrant,Dropout
Caridad,Driving NC II,27,Female,Junior High,Self-employed,Driving,Transportation,Experienced Worker,Graduate
Dulao,Cookery NC II,29,Female,Junior High,Underemployed,Cooking,Hospitality,New Entrant,Dropout
Abuanan,Driving NC II,40,Male,Senior High,Underemployed,Cooking,Hospitality,Career Shifter,Graduate
Abuanan,Masonry NC II,26,Male,Senior High,Wage Employed,Masonry,Construction,Experienced Worker,Graduate
Ma-ao,Masonry NC II,40,Male,Junior High,Unemployed,Masonry,Construction,Experienced Worker,Graduate
Bacong,Carpentry NC II,41,Male,Senior High,Wage Employed,Carpentry,Construction,Experienced Worker,Graduate
Lag-asan,Carpentry NC II,24,Male,Elementary Graduate,Underemployed,Carpentry,Construction,New Entrant,Graduate
Balingasag,Computer Systems Servicing NC II,31,Male,College Undergraduate,Underemployed,Computer Literacy,ICT,Returning Learner,Graduate
Pacol,Carpentry NC II,28,Male,Elementary Graduate,Underemployed,Carpentry,Agriculture,New Entrant,Graduate
Mailum,Cookery NC II,30,Female,Junior High,Underemployed,Computer Literacy,Construction,Career Shifter,Graduate
Poblacion,Electrical Installation and Maintenance NC II,22,Female,Junior High,Wage Employed,Electrical Repair,Construction,Returning Learner,Graduate
Calumangan,Driving NC II,33,Male,Senior High,Unemployed,Driving,Transportation,Experienced Worker,Graduate
Binubuhan,Bread and Pastry NC II,48,Female,College Undergraduate,Unemployed,Baking,ICT,Returning Learner,Graduate
Dulao,Driving NC II,33,Male,Junior High,Self-employed,Driving,Transportation,Experienced Worker,Graduate
Taloc,Bread and Pastry NC II,20,Female,Junior High,Self-employed,Cooking,Hospitality,Career Shifter,Graduate
Alianza,Masonry NC II,25,Male,Senior High,Unemployed,Masonry,Construction,Returning Learner,Graduate
Bacong,Electrical Installation and Maintenance NC II,29,Male,Junior High,Unemployed,Electrical Repair,Construction,New Entrant,Graduate
Mailum,Carpentry NC II,44,Male,College Undergraduate,Underemployed,Carpentry,Construction,Career Shifter,Dropout
Lag-asan,Bread and Pastry NC II,21,Female,Junior High,Unemployed,Baking,Hospitality,New Entrant,Graduate
Bacong,Masonry NC II,44,Male,Senior High,Unemployed,Masonry,Construction,New Entrant,Dropout
Bagroy,Computer Systems Servicing NC II,24,Male,Elementary Graduate,Underemployed,Computer Literacy,ICT,New Entrant,Dropout
Abuanan,Cookery NC II,18,Female,Elementary Graduate,Underemployed,Cooking,Hospitality,Experienced Worker,Graduate
Caridad,Shielded Metal Arc Welding NC I,20,Male,Junior High,Unemployed,Welding,Construction,New Entrant,Graduate
Pacol,Electrical Installation and Maintenance NC II,43,Male,Senior High,Wage Employed,Electrical Repair,Construction,Returning Learner,Graduate
Taloc,Cookery NC II,42,Female,Senior High,Unemployed,Cooking,Hospitality,New Entrant,Graduate
Napoles,Cookery NC II,24,Male,College Undergraduate,Unemployed,Cooking,Hospitality,Experienced Worker,Graduate
Caridad,Cookery NC II,29,Male,Junior High,Unemployed,Cooking,Hospitality,Experienced Worker,Graduate
Balingasag,Masonry NC II,23,Male,Elementary Graduate,Underemployed,Masonry,Construction,Returning Learner,Graduate
Atipuluan,Electrical Installation and Maintenance NC II,39,Male,College Undergraduate,Unemployed,Electrical Repair,Construction,Experienced Worker,Graduate
Calumangan,Shielded Metal Arc Welding NC I,32,Female,Elementary Graduate,Underemployed,Welding,Construction,Career Shifter,Graduate
Tabunan,Shielded Metal Arc Welding NC I,38,Male,Elementary Graduate,Underemployed,Welding,Construction,New Entrant,Dropout
Tabunan,Masonry NC II,22,Male,Elementary Graduate,Underemployed,Masonry,Construction,New Entrant,Dropout
Poblacion,Driving NC II,41,Male,Senior High,Underemployed,Driving,Transportation,Experienced Worker,Graduate
Bacong,Driving NC II,45,Male,Senior High,Underemployed,Driving,Transportation,New Entrant,Graduate
Binubuhan,Electrical Installation and Maintenance NC II,42,Male,Junior High,Unemployed,Electrical Repair,Construction,New Entrant,Dropout
Napoles,Cookery NC II,32,Female,Junior High,Unemployed,Cooking,Hospitality,Experienced Worker,Graduate
Taloc,Shielded Metal Arc Welding NC I,35,Male,Junior High,Unemployed,Welding,Construction,New Entrant,Graduate
Dulao,Computer Systems Servicing NC II,51,Female,College Graduate,Self-employed,Computer Literacy,ICT,Experienced Worker,Graduate
Abuanan,Bread and Pastry NC II,18,Female,Senior High,Self-employed,Baking,Hospitality,Experienced Worker,Graduate
Napoles,Masonry NC II,27,Male,College Undergraduate,Self-employed,Masonry,Construction,Experienced Worker,Graduate
Pacol,Bread and Pastry NC II,21,Female,Elementary Graduate,Underemployed,Baking,Hospitality,New Entrant,Graduate
Taloc,Carpentry NC II,39,Female,Junior High,Underemployed,Baking,Hospitality,Returning Learner,Dropout
Poblacion,Cookery NC II,18,Female,Junior High,Underemployed,Cooking,Hospitality,New Entrant,Graduate
Abuanan,Electrical Installation and Maintenance NC II,53,Male,College Graduate,Underemployed,Electrical Repair,Construction,New Entrant,Graduate
Alianza,Bread and Pastry NC II,40,Female,Senior High,Self-employed,Baking,Hospitality,Experienced Worker,Graduate
Taloc,Driving NC II,55,Male,College Graduate,Wage Employed,Driving,Transportation,Experienced Worker,Graduate
Caridad,Bread and Pastry NC II,19,Female,Junior High,Underemployed,Baking,Hospitality,New Entrant,Dropout
Malingin,Computer Systems Servicing NC II,42,Male,Junior High,Underemployed,Computer Literacy,Hospitality,New Entrant,Graduate
Ma-ao,Driving NC II,22,Male,Senior High,Underemployed,Driving,Transportation,Returning Learner,Dropout
Bagroy,Bread and Pastry NC II,22,Female,Senior High,Underemployed,Baking,Hospitality,New Entrant,Dropout
Abuanan,Shielded Metal Arc Welding NC I,37,Male,College Graduate,Unemployed,Welding,Construction,Experienced Worker,Graduate
Poblacion,Cookery NC II,45,Female,Senior High,Underemployed,Cooking,Hospitality,Career Shifter,Graduate
Atipuluan,Cookery NC II,39,Female,College Undergraduate,Unemployed,Cooking,Hospitality,Returning Learner,Graduate
Atipuluan,Shielded Metal Arc Welding NC I,22,Male,Senior High,Unemployed,Driving,Transportation,New Entrant,Graduate
Bacong,Cookery NC II,25,Male,College Undergraduate,Wage Employed,Cooking,Hospitality,Returning Learner,Graduate
Abuanan,Bread and Pastry NC II,24,Female,Elementary Graduate,Underemployed,Baking,Hospitality,Career Shifter,Graduate
Taloc,Cookery NC II,29,Male,Senior High,Self-employed,Cooking,Hospitality,Experienced Worker,Graduate
Calumangan,Carpentry NC II,35,Female,Senior High,Self-employed,Carpentry,Construction,Experienced Worker,Graduate
Lag-asan,Bread and Pastry NC II,39,Male,Elementary Graduate,Unemployed,Baking,Hospitality,New Entrant,Dropout
Atipuluan,Shielded Metal Arc Welding NC I,45,Female,College Graduate,Underemployed,Welding,Construction,New Entrant,Graduate
Poblacion,Driving NC II,19,Female,Elementary Graduate,Unemployed,Driving,Transportation,Returning Learner,Graduate
Calumangan,Bread and Pastry NC II,45,Male,Senior High,Self-employed,Baking,Construction,Experienced Worker,Graduate
Napoles,Driving NC II,42,Male,College Undergraduate,Self-employed,Masonry,Construction,Career Shifter,Graduate
Tabunan,Cookery NC II,23,Female,Elementary Graduate,Unemployed,Cooking,Hospitality,Returning Learner,Graduate
Mailum,Driving NC II,25,Female,Senior High,Underemployed,Cooking,Hospitality,New Entrant,Graduate
Abuanan,Electrical Installation and Maintenance NC II,30,Male,Junior High,Unemployed,Electrical Repair,Construction,Career Shifter,Dropout
Ma-ao,Cookery NC II,34,Female,Elementary Graduate,Underemployed,Cooking,Hospitality,Career Shifter,Graduate
Ma-ao,Cookery NC II,41,Male,Senior High,Underemployed,Carpentry,Construction,Career Shifter,Dropout
Bacong,Driving NC II,31,Female,Senior High,Self-employed,Driving,Transportation,Experienced Worker,Graduate
Alianza,Cookery NC II,43,Female,Senior High,Self-employed,Cooking,Hospitality,Experienced Worker,Graduate
Atipuluan,Driving NC II,33,Female,College Graduate,Wage Employed,Driving,Transportation,Experienced Worker,Graduate
Bacong,Electrical Installation and Maintenance NC II,41,Male,Junior High,Underemployed,Electrical Repair,Construction,Returning Learner,Dropout
Tabunan,Shielded Metal Arc Welding NC I,30,Male,Junior High,Unemployed,Welding,Construction,Returning Learner,Dropout
Atipuluan,Bread and Pastry NC II,32,Male,Senior High,Unemployed,Baking,Hospitality,New Entrant,Dropout
Atipuluan,Cookery NC II,28,Female,College Graduate,Self-employed,Cooking,Hospitality,Returning Learner,Graduate
Tabunan,Driving NC II,25,Male,Elementary Graduate,Unemployed,Driving,Transportation,Returning Learner,Graduate
Dulao,Electrical Installation and Maintenance NC II,35,Male,Junior High,Unemployed,Welding,Construction,New Entrant,Graduate
Atipuluan,Driving NC II,19,Male,Senior High,Wage Employed,Driving,Transportation,Returning Learner,Graduate
Atipuluan,Computer Systems Servicing NC II,27,Male,Senior High,Underemployed,Masonry,Transportation,Career Shifter,Graduate
Napoles,Bread and Pastry NC II,22,Male,Junior High,Underemployed,Baking,Hospitality,Career Shifter,Graduate
Atipuluan,Electrical Installation and Maintenance NC II,39,Female,Junior High,Self-employed,Electrical Repair,Construction,Returning Learner,Graduate
Pacol,Electrical Installation and Maintenance NC II,31,Male,College Undergraduate,Self-employed,Electrical Repair,Hospitality,Experienced Worker,Graduate
Atipuluan,Cookery NC II,40,Male,Junior High,Underemployed,Cooking,Hospitality,New Entrant,Graduate
Alianza,Bread and Pastry NC II,40,Male,Junior High,Underemployed,Baking,Hospitality,Returning Learner,Graduate
Ma-ao,Bread and Pastry NC II,36,Female,Junior High,Unemployed,Baking,Hospitality,Returning Learner,Graduate
Alianza,Electrical Installation and Maintenance NC II,40,Male,Junior High,Underemployed,Electrical Repair,Construction,Experienced Worker,Graduate
Balingasag,Computer Systems Servicing NC II,37,Female,College Undergraduate,Underemployed,Computer Literacy,ICT,New Entrant,Graduate
Atipuluan,Carpentry NC II,19,Male,Junior High,Wage Employed,Carpentry,Construction,Experienced Worker,Graduate
Taloc,Electrical Installation and Maintenance NC II,42,Male,Junior High,Unemployed,Electrical Repair,Construction,Returning Learner,Dropout
Poblacion,Driving NC II,21,Male,Junior High,Unemployed,Driving,Transportation,New Entrant,Graduate
Bacong,Driving NC II,33,Male,Junior High,Unemployed,Driving,Transportation,New Entrant,Graduate
Abuanan,Shielded Metal Arc Welding NC I,42,Male,College Graduate,Unemployed,Welding,Construction,Returning Learner,Graduate
Calumangan,Masonry NC II,35,Male,Junior High,Unemployed,Masonry,Construction,New Entrant,Graduate
Calumangan,Driving NC II,33,Female,Elementary Graduate,Unemployed,Carpentry,Construction,Career Shifter,Dropout
Tabunan,Carpentry NC II,41,Male,Junior High,Unemployed,Carpentry,Construction,Returning Learner,Dropout
Taloc,Cookery NC II,31,Female,Junior High,Unemployed,Cooking,Construction,New Entrant,Graduate
Taloc,Carpentry NC II,37,Male,Senior High,Unemployed,Carpentry,Construction,New Entrant,Graduate
Balingasag,Computer Systems Servicing NC II,28,Female,Senior High,Unemployed,Computer Literacy,ICT,Experienced Worker,Graduate
Atipuluan,Masonry NC II,45,Male,College Graduate,Self-employed,Masonry,Construction,Experienced Worker,Graduate
Caridad,Computer Systems Servicing NC II,28,Female,Elementary Graduate,Underemployed,Computer Literacy,ICT,Returning Learner,Graduate
Pacol,Electrical Installation and Maintenance NC II,42,Male,Senior High,Underemployed,Electrical Repair,Construction,Returning Learner,Graduate
Napoles,Driving NC II,35,Male,College Graduate,Self-employed,Driving,Transportation,Career Shifter,Dropout
Mailum,Electrical Installation and Maintenance NC II,30,Male,Junior High,Underemployed,Electrical Repair,Construction,Career Shifter,Dropout
Mailum,Carpentry NC II,27,Female,College Graduate,Unemployed,Computer Literacy,ICT,Career Shifter,Dropout
Atipuluan,Electrical Installation and Maintenance NC II,40,Male,Senior High,Wage Employed,Electrical Repair,Construction,Experienced Worker,Graduate
Taloc,Carpentry NC II,45,Female,Senior High,Underemployed,Carpentry,Construction,Returning Learner,Graduate
Abuanan,Masonry NC II,22,Female,Senior High,Self-employed,Cooking,Hospitality,Career Shifter,Dropout
Poblacion,Electrical Installation and Maintenance NC II,32,Male,Senior High,Underemployed,Electrical Repair,Construction,New Entrant,Graduate
Poblacion,Carpentry NC II,38,Male,Elementary Graduate,Unemployed,Carpentry,Construction,Returning Learner,Dropout
Binubuhan,Cookery NC II,24,Female,Junior High,Unemployed,Cooking,Hospitality,New Entrant,Graduate
Taloc,Electrical Installation and Maintenance NC II,33,Male,College Undergraduate,Unemployed,Electrical Repair,Business,Career Shifter,Graduate
Poblacion,Cookery NC II,45,Male,Senior High,Underemployed,Cooking,Transportation,Career Shifter,Graduate
Busay,Masonry NC II,55,Female,College Graduate,Self-employed,Masonry,Construction,Experienced Worker,Dropout
Dulao,Computer Systems Servicing NC II,38,Male,Senior High,Self-employed,Electrical Repair,Construction,Career Shifter,Graduate
Pacol,Driving NC II,19,Male,Junior High,Underemployed,Driving,Transportation,New Entrant,Dropout
Mailum,Electrical Installation and Maintenance NC II,36,Male,Senior High,Unemployed,Electrical Repair,Construction,Returning Learner,Dropout
Taloc,Carpentry NC II,45,Female,Senior High,Wage Employed,Carpentry,Construction,Experienced Worker,Graduate
Malingin,Carpentry NC II,32,Male,Elementary Graduate,Self-employed,Carpentry,Business,Returning Learner,Graduate
Abuanan,Cookery NC II,29,Male,Senior High,Unemployed,Cooking,Hospitality,Returning Learner,Graduate
Bacong,Carpentry NC II,24,Male,Elementary Graduate,Underemployed,Carpentry,Construction,New Entrant,Dropout
Bacong,Shielded Metal Arc Welding NC I,39,Male,Elementary Graduate,Unemployed,Welding,Construction,New Entrant,Graduate
Dulao,Masonry NC II,28,Male,Senior High,Unemployed,Masonry,Construction,New Entrant,Graduate
Ma-ao,Electrical Installation and Maintenance NC II,25,Male,Senior High,Wage Employed,Electrical Repair,Construction,Experienced Worker,Dropout
Malingin,Shielded Metal Arc Welding NC I,18,Male,Elementary Graduate,Underemployed,Welding,Construction,Career Shifter,Dropout
Atipuluan,Masonry NC II,48,Male,College Undergraduate,Unemployed,Masonry,Agriculture,New Entrant,Graduate
Abuanan,Driving NC II,28,Male,Junior High,Underemployed,Driving,Transportation,New Entrant,Graduate
Bagroy,Carpentry NC II,29,Male,Junior High,Underemployed,Welding,Construction,Career Shifter,Dropout
Lag-asan,Electrical Installation and Maintenance NC II,39,Male,Senior High,Unemployed,Electrical Repair,Construction,Career Shifter,Graduate
Mailum,Computer Systems Servicing NC II,28,Female,Elementary Graduate,Self-employed,Computer Literacy,ICT,Returning Learner,Graduate
Lag-asan,Cookery NC II,48,Female,College Undergraduate,Wage Employed,Cooking,Hospitality,Experienced Worker,Graduate
Lag-asan,Masonry NC II,42,Male,College Undergraduate,Wage Employed,Masonry,Construction,New Entrant,Graduate
Ma-ao,Masonry NC II,24,Male,Senior High,Self-employed,Masonry,Construction,Experienced Worker,Graduate
Alianza,Masonry NC II,21,Female,Senior High,Unemployed,Masonry,Construction,New Entrant,Dropout
Poblacion,Masonry NC II,43,Male,College Undergraduate,Self-employed,Masonry,Construction,Experienced Worker,Graduate
Calumangan,Bread and Pastry NC II,21,Male,Senior High,Wage Employed,Driving,Transportation,Career Shifter,Graduate
Busay,Driving NC II,30,Male,College Undergraduate,Wage Employed,Driving,Transportation,Experienced Worker,Graduate
Caridad,Shielded Metal Arc Welding NC I,39,Male,Junior High,Underemployed,Welding,Construction,New Entrant,Dropout
Bacong,Shielded Metal Arc Welding NC I,22,Female,College Graduate,Wage Employed,Welding,ICT,Career Shifter,Graduate
Poblacion,Bread and Pastry NC II,23,Female,Junior High,Underemployed,Baking,Hospitality,New Entrant,Graduate
Taloc,Masonry NC II,26,Male,Junior High,Self-employed,Masonry,Construction,Returning Learner,Graduate
Abuanan,Driving NC II,28,Male,Elementary Graduate,Unemployed,Driving,Agriculture,Returning Learner,Graduate
Abuanan,Masonry NC II,38,Male,College Graduate,Unemployed,Computer Literacy,ICT,Career Shifter,Dropout
Sagasa,Electrical Installation and Maintenance NC II,34,Male,College Graduate,Underemployed,Electrical Repair,Construction,Career Shifter,Graduate
Atipuluan,Shielded Metal Arc Welding NC I,31,Male,Junior High,Unemployed,Welding,Construction,Experienced Worker,Graduate
Atipuluan,Bread and Pastry NC II,36,Male,College Undergraduate,Wage Employed,Baking,Hospitality,Experienced Worker,Graduate
Taloc,Bread and Pastry NC II,20,Female,Junior High,Underemployed,Baking,Agriculture,Career Shifter,Graduate
Poblacion,Bread and Pastry NC II,29,Female,Junior High,Unemployed,Baking,Hospitality,New Entrant,Graduate
Malingin,Cookery NC II,25,Male,Senior High,Underemployed,Cooking,Agriculture,Returning Learner,Graduate
Taloc,Bread and Pastry NC II,32,Male,Senior High,Underemployed,Baking,Hospitality,Experienced Worker,Graduate
Balingasag,Masonry NC II,25,Female,Junior High,Underemployed,Masonry,Construction,New Entrant,Graduate
Abuanan,Driving NC II,37,Male,College Undergraduate,Wage Employed,Driving,Transportation,Experienced Worker,Graduate
Abuanan,Cookery NC II,22,Female,Senior High,Underemployed,Cooking,Hospitality,New Entrant,Graduate
Balingasag,Bread and Pastry NC II,34,Male,Junior High,Underemployed,Baking,Hospitality,New Entrant,Dropout
Alianza,Driving NC II,33,Male,Elementary Graduate,Unemployed,Driving,Transportation,Experienced Worker,Graduate
Tabunan,Masonry NC II,43,Male,Senior High,Self-employed,Masonry,Construction,Career Shifter,Dropout
Busay,Driving NC II,38,Male,Senior High,Underemployed,Driving,Transportation,New Entrant,Graduate
Balingasag,Carpentry NC II,35,Male,Elementary Graduate,Self-employed,Carpentry,Construction,Experienced Worker,Graduate
Bacong,Carpentry NC II,27,Male,College Graduate,Self-employed,Carpentry,Construction,New Entrant,Graduate
Binubuhan,Bread and Pastry NC II,22,Male,Junior High,Underemployed,Baking,Hospitality,Career Shifter,Graduate
Sagasa,Electrical Installation and Maintenance NC II,31,Female,Senior High,Self-employed,Electrical Repair,Construction,Experienced Worker,Dropout
Calumangan,Carpentry NC II,40,Male,Elementary Graduate,Wage Employed,Welding,Construction,Career Shifter,Graduate
Ilijan,Carpentry NC II,33,Male,Senior High,Underemployed,Carpentry,Construction,New Entrant,Graduate
Malingin,Bread and Pastry NC II,26,Female,College Undergraduate,Self-employed,Baking,Hospitality,Experienced Worker,Graduate
Calumangan,Cookery NC II,24,Male,College Undergraduate,Underemployed,Cooking,Hospitality,Returning Learner,Graduate
Bacong,Shielded Metal Arc Welding NC I,31,Male,Junior High,Unemployed,Welding,Construction,Returning Learner,Graduate
Ma-ao,Masonry NC II,33,Male,Junior High,Underemployed,Masonry,Agriculture,New Entrant,Dropout
Busay,Electrical Installation and Maintenance NC II,41,Male,Junior High,Unemployed,Electrical Repair,Construction,Returning Learner,Graduate
Alianza,Driving NC II,45,Male,Senior High,Self-employed,Driving,Hospitality,Returning Learner,Graduate
Atipuluan,Shielded Metal Arc Welding NC I,22,Male,Senior High,Unemployed,Welding,Construction,Experienced Worker,Graduate
Tabunan,Computer Systems Servicing NC II,19,Male,Senior High,Self-employed,Welding,Construction,Experienced Worker,Dropout
Balingasag,Masonry NC II,37,Male,College Undergraduate,Self-employed,Masonry,Construction,Experienced Worker,Graduate
Dulao,Masonry NC II,20,Female,Junior High,Underemployed,Masonry,Construction,Returning Learner,Dropout
Caridad,Shielded Metal Arc Welding NC I,37,Male,Senior High,Unemployed,Welding,Construction,Career Shifter,Graduate
Abuanan,Cookery NC II,41,Male,Senior High,Unemployed,Cooking,Business,Experienced Worker,Graduate
Mailum,Computer Systems Servicing NC II,26,Male,Senior High,Unemployed,Computer Literacy,ICT,New Entrant,Dropout
Balingasag,Electrical Installation and Maintenance NC II,39,Male,College Undergraduate,Self-employed,Electrical Repair,Construction,Experienced Worker,Graduate
Pacol,Driving NC II,37,Female,Elementary Graduate,Self-employed,Carpentry,Construction,New Entrant,Dropout
Malingin,Driving NC II,29,Male,Senior High,Wage Employed,Driving,Transportation,Career Shifter,Graduate
Poblacion,Driving NC II,38,Female,Senior High,Unemployed,Computer Literacy,Construction,New Entrant,Dropout
Sagasa,Computer Systems Servicing NC II,39,Male,College Graduate,Wage Employed,Computer Literacy,ICT,Experienced Worker,Dropout
Binubuhan,Electrical Installation and Maintenance NC II,25,Male,College Undergraduate,Unemployed,Electrical Repair,Construction,Experienced Worker,Graduate
Alianza,Driving NC II,40,Male,Junior High,Unemployed,Driving,Transportation,New Entrant,Dropout
Bagroy,Electrical Installation and Maintenance NC II,22,Male,Junior High,Self-employed,Cooking,Hospitality,Career Shifter,Dropout
Caridad,Computer Systems Servicing NC II,30,Female,Senior High,Underemployed,Computer Literacy,ICT,Returning Learner,Graduate
Lag-asan,Driving NC II,34,Male,Senior High,Unemployed,Driving,Transportation,New Entrant,Graduate
Poblacion,Cookery NC II,37,Male,Senior High,Underemployed,Cooking,Hospitality,Returning Learner,Graduate
Balingasag,Carpentry NC II,22,Male,Senior High,Unemployed,Carpentry,Agriculture,Returning Learner,Graduate
Atipuluan,Bread and Pastry NC II,19,Female,College Undergraduate,Underemployed,Baking,Hospitality,Career Shifter,Dropout
Poblacion,Masonry NC II,33,Male,Elementary Graduate,Underemployed,Masonry,Construction,Career Shifter,Graduate
Malingin,Computer Systems Servicing NC II,39,Male,College Graduate,Self-employed,Carpentry,Construction,Career Shifter,Graduate
Atipuluan,Cookery NC II,35,Female,Junior High,Unemployed,Cooking,Hospitality,New Entrant,Dropout
Binubuhan,Carpentry NC II,27,Male,Junior High,Self-employed,Carpentry,Construction,Experienced Worker,Graduate
Dulao,Computer Systems Servicing NC II,19,Female,Senior High,Unemployed,Computer Literacy,ICT,Career Shifter,Graduate
Calumangan,Computer Systems Servicing NC II,35,Male,College Undergraduate,Underemployed,Computer Literacy,ICT,Experienced Worker,Dropout
Busay,Shielded Metal Arc Welding NC I,32,Male,College Undergraduate,Underemployed,Welding,Construction,Experienced Worker,Graduate
Taloc,Shielded Metal Arc Welding NC I,36,Male,Junior High,Underemployed,Welding,Construction,Career Shifter,Dropout
Calumangan,Shielded Metal Arc Welding NC I,43,Male,Senior High,Underemployed,Welding,Construction,Career Shifter,Graduate
Calumangan,Electrical Installation and Maintenance NC II,28,Female,Senior High,Unemployed,Electrical Repair,Construction,Career Shifter,Dropout
Lag-asan,Computer Systems Servicing NC II,27,Male,College Undergraduate,Self-employed,Computer Literacy,ICT,Experienced Worker,Graduate
Abuanan,Masonry NC II,37,Male,Senior High,Self-employed,Masonry,Construction,Experienced Worker,Graduate
Lag-asan,Electrical Installation and Maintenance NC II,44,Female,College Undergraduate,Self-employed,Electrical Repair,Construction,New Entrant,Dropout
Poblacion,Cookery NC II,39,Male,Senior High,Unemployed,Cooking,Hospitality,Career Shifter,Graduate
Pacol,Shielded Metal Arc Welding NC I,18,Male,Elementary Graduate,Underemployed,Welding,Construction,New Entrant,Dropout
Bagroy,Carpentry NC II,24,Male,Elementary Graduate,Unemployed,Carpentry,Construction,Career Shifter,Dropout
Dulao,Shielded Metal Arc Welding NC I,34,Male,Elementary Graduate,Underemployed,Welding,Construction,Experienced Worker,Graduate
Atipuluan,Shielded Metal Arc Welding NC I,37,Male,Elementary Graduate,Unemployed,Welding,Transportation,New Entrant,Dropout
Taloc,Bread and Pastry NC II,34,Male,Elementary Graduate,Unemployed,Driving,Transportation,Returning Learner,Graduate
Poblacion,Carpentry NC II,26,Male,Senior High,Unemployed,Carpentry,Construction,New Entrant,Graduate
Caridad,Cookery NC II,24,Female,Junior High,Underemployed,Cooking,Hospitality,Returning Learner,Graduate
Ilijan,Carpentry NC II,42,Male,Senior High,Unemployed,Carpentry,Construction,Returning Learner,Dropout
Caridad,Cookery NC II,41,Female,Junior High,Unemployed,Cooking,Hospitality,New Entrant,Graduate
Malingin,Bread and Pastry NC II,36,Female,Senior High,Unemployed,Baking,Hospitality,Returning Learner,Graduate
Bagroy,Electrical Installation and Maintenance NC II,35,Male,Senior High,Wage Employed,Welding,Construction,Career Shifter,Graduate
Poblacion,Masonry NC II,35,Male,Junior High,Underemployed,Masonry,Construction,New Entrant,Graduate
Taloc,Driving NC II,25,Male,Elementary Graduate,Unemployed,Masonry,Construction,Career Shifter,Dropout
Atipuluan,Computer Systems Servicing NC II,37,Male,Senior High,Underemployed,Computer Literacy,ICT,New Entrant,Graduate
Taloc,Cookery NC II,29,Male,College Graduate,Underemployed,Cooking,Hospitality,New Entrant,Dropout
Caridad,Computer Systems Servicing NC II,21,Male,College Undergraduate,Underemployed,Computer Literacy,ICT,Experienced Worker,Graduate
Busay,Masonry NC II,21,Male,Junior High,Self-employed,Masonry,Construction,New Entrant,Dropout
Bacong,Masonry NC II,25,Female,Junior High,Unemployed,Masonry,Construction,New Entrant,Dropout
Taloc,Electrical Installation and Maintenance NC II,37,Male,Senior High,Unemployed,Electrical Repair,Construction,New Entrant,Dropout
Bacong,Masonry NC II,33,Male,Junior High,Underemployed,Masonry,Construction,Career Shifter,Graduate
Calumangan,Computer Systems Servicing NC II,48,Female,College Undergraduate,Wage Employed,Computer Literacy,ICT,Experienced Worker,Graduate
Balingasag,Electrical Installation and Maintenance NC II,34,Male,Senior High,Self-employed,Electrical Repair,Construction,Career Shifter,Graduate
Atipuluan,Computer Systems Servicing NC II,35,Female,Elementary Graduate,Underemployed,Computer Literacy,Construction,New Entrant,Graduate
Napoles,Electrical Installation and Maintenance NC II,51,Male,College Graduate,Unemployed,Electrical Repair,Construction,New Entrant,Dropout
Dulao,Cookery NC II,33,Male,Elementary Graduate,Self-employed,Cooking,Hospitality,New Entrant,Graduate
Atipuluan,Masonry NC II,21,Male,Senior High,Unemployed,Masonry,Construction,New Entrant,Dropout
Atipuluan,Shielded Metal Arc Welding NC I,25,Male,Junior High,Self-employed,Welding,Construction,Experienced Worker,Graduate
Lag-asan,Cookery NC II,26,Male,College Undergraduate,Self-employed,Carpentry,Construction,New Entrant,Graduate
Abuanan,Bread and Pastry NC II,26,Female,Junior High,Unemployed,Baking,Hospitality,New Entrant,Dropout
Ilijan,Shielded Metal Arc Welding NC I,22,Male,Senior High,Wage Employed,Welding,Construction,Experienced Worker,Graduate
Atipuluan,Masonry NC II,34,Male,College Undergraduate,Underemployed,Masonry,Hospitality,Returning Learner,Graduate
Dulao,Masonry NC II,42,Male,Senior High,Unemployed,Masonry,Construction,Experienced Worker,Graduate
Lag-asan,Shielded Metal Arc Welding NC I,38,Male,Junior High,Underemployed,Welding,Construction,New Entrant,Dropout
Alianza,Electrical Installation and Maintenance NC II,42,Male,Senior High,Unemployed,Carpentry,Construction,Returning Learner,Dropout
Pacol,Carpentry NC II,29,Male,Senior High,Self-employed,Carpentry,Construction,Returning Learner,Graduate
Abuanan,Computer Systems Servicing NC II,48,Female,College Undergraduate,Unemployed,Computer Literacy,ICT,New Entrant,Dropout
Caridad,Masonry NC II,22,Male,Senior High,Underemployed,Masonry,Construction,New Entrant,Dropout
Dulao,Computer Systems Servicing NC II,41,Male,Junior High,Underemployed,Computer Literacy,ICT,Returning Learner,Graduate
Abuanan,Bread and Pastry NC II,48,Male,College Graduate,Unemployed,Baking,Hospitality,Experienced Worker,Graduate
Taloc,Shielded Metal Arc Welding NC I,27,Male,Junior High,Unemployed,Welding,Construction,Returning Learner,Graduate
Calumangan,Cookery NC II,29,Female,Senior High,Unemployed,Cooking,Hospitality,Experienced Worker,Graduate
Ilijan,Shielded Metal Arc Welding NC I,24,Female,Junior High,Self-employed,Welding,Construction,Experienced Worker,Graduate
Bacong,Masonry NC II,20,Male,Elementary Graduate,Unemployed,Masonry,Transportation,Returning Learner,Dropout
Atipuluan,Shielded Metal Arc Welding NC I,30,Male,Junior High,Wage Employed,Welding,Transportation,Experienced Worker,Graduate
Balingasag,Cookery NC II,43,Female,Senior High,Self-employed,Cooking,Hospitality,Experienced Worker,Graduate
Napoles,Computer Systems Servicing NC II,20,Male,Elementary Graduate,Wage Employed,Computer Literacy,Construction,Experienced Worker,Graduate
Alianza,Bread and Pastry NC II,43,Male,Senior High,Self-employed,Baking,Hospitality,Career Shifter,Graduate
Taloc,Masonry NC II,43,Male,Senior High,Underemployed,Masonry,Construction,Returning Learner,Graduate
Sagasa,Cookery NC II,29,Male,Junior High,Underemployed,Cooking,Hospitality,Returning Learner,Dropout
Abuanan,Computer Systems Servicing NC II,35,Male,College Graduate,Underemployed,Computer Literacy,ICT,New Entrant,Graduate
Abuanan,Cookery NC II,19,Female,Junior High,Self-employed,Cooking,Hospitality,Returning Learner,Dropout
