month,barangay,age,gender,employment_status,educational_attainment,current_skill,work_experience,desired_career,applied_course
9,Ma-ao,18,Male,Self-employed,Junior High,Computer Literacy,Retail,ICT,Computer Systems Servicing NC II
2,Pacol,28,Male,Self-employed,Senior High,Welding,Construction,Construction,Shielded Metal Arc Welding NC I
10,Sagasa,33,Female,Unemployed,Junior High,Electrical Repair,Hospitality,Construction,Electrical Installation and Maintenance NC II
12,Mailum,29,Male,Underemployed,Junior High,Welding,Construction,Business,Shielded Metal Arc Welding NC I
1,Pacol,35,Male,Underemployed,Junior High,Driving,Government,Transportation,Driving NC II
3,Bagroy,30,Female,Self-employed,Senior High,Computer Literacy,Construction,ICT,Computer Systems Servicing NC II
3,Bagroy,20,Male,Underemployed,Junior High,Carpentry,Construction,Agriculture,Carpentry NC II
11,Busay,21,Female,Unemployed,Elementary Graduate,Computer Literacy,ICT,Business,Computer Systems Servicing NC II
10,Mailum,28,Female,Self-employed,College Graduate,Driving,Agriculture,Transportation,Driving NC II
1,Busay,29,Female,Unemployed,Elementary Graduate,Carpentry,Construction,Agriculture,Carpentry NC II
4,Ma-ao,35,Male,Underemployed,Junior High,Carpentry,Construction,Construction,Carpentry NC II
4,Ma-ao,25,Male,Underemployed,Junior High,Driving,Government,Transportation,Driving NC II
10,Sagasa,32,Male,Unemployed,Junior High,Welding,Retail,Hospitality,Shielded Metal Arc Welding NC I
12,Atipuluan,39,Male,Underemployed,Junior High,Driving,Transportation,Transportation,Driving NC II
11,Bacong,32,Female,Wage Employed,Senior High,Driving,Agriculture,Transportation,Driving NC II
5,Lag-asan,19,Male,Underemployed,Junior High,Driving,None,Transportation,Driving NC II
12,Lag-asan,24,Female,Underemployed,Senior High,Computer Literacy,Government,ICT,Computer Systems Servicing NC II
10,Bacong,20,Male,Underemployed,Senior High,Carpentry,Agriculture,Construction,Carpentry NC II
8,Mailum,26,Male,Wage Employed,College Undergraduate,Welding,Construction,Construction,Shielded Metal Arc Welding NC I
3,Calumangan,29,Female,Underemployed,Senior High,Driving,Agriculture,Business,Driving NC II
2,Bacong,21,Female,Self-employed,Elementary Graduate,Carpentry,Agriculture,Construction,Carpentry NC II
1,Poblacion,45,Male,Underemployed,Senior High,Computer Literacy,ICT,ICT,Computer Systems Servicing NC II
3,Ma-ao,39,Female,Unemployed,Junior High,Baking,Hospitality,Hospitality,Bread and Pastry NC II
10,Caridad,29,Female,Underemployed,Junior High,Computer Literacy,Agriculture,Business,Computer Systems Servicing NC II
5,Poblacion,48,Female,Unemployed,College Graduate,Computer Literacy,ICT,ICT,Computer Systems Servicing NC II
5,Caridad,25,Female,Self-employed,Junior High,Cooking,Hospitality,ICT,Cookery NC II
10,Alianza,25,Male,Unemployed,Junior High,Welding,Manufacturing,Construction,Shielded Metal Arc Welding NC I
12,Malingin,18,Male,Underemployed,Junior High,Carpentry,Agriculture,Construction,Carpentry NC II
5,Caridad,54,Male,Unemployed,College Graduate,Computer Literacy,Business,Business,Computer Systems Servicing NC II
11,Ma-ao,27,Male,Self-employed,Junior High,Driving,Retail,Transportation,Driving NC II
4,Poblacion,39,Male,Unemployed,Elementary Graduate,Masonry,Agriculture,Construction,Masonry NC II
7,Caridad,39,Male,Self-employed,College Undergraduate,Cooking,Business,Construction,Cookery NC II
2,Taloc,34,Male,Wage Employed,Junior High,Carpentry,Construction,Construction,Carpentry NC II
3,Dulao,34,Male,Underemployed,Elementary Graduate,Driving,Transportation,Transportation,Driving NC II
2,Tabunan,28,Male,Wage Employed,College Graduate,Computer Literacy,ICT,ICT,Computer Systems Servicing NC II
10,Malingin,28,Male,Unemployed,Junior High,Baking,Hospitality,Hospitality,Bread and Pastry NC II
7,Dulao,36,Male,Self-employed,College Graduate,Computer Literacy,Agriculture,ICT,Computer Systems Servicing NC II
3,Ma-ao,36,Male,Self-employed,Junior High,Carpentry,Agriculture,Construction,Carpentry NC II
12,Abuanan,32,Male,Unemployed,College Undergraduate,Welding,Manufacturing,Construction,Shielded Metal Arc Welding NC I
2,Dulao,19,Male,Self-employed,College Undergraduate,Driving,Transportation,Transportation,Driving NC II
10,Caridad,28,Male,Unemployed,College Undergraduate,Driving,Retail,Transportation,Driving NC II
1,Taloc,39,Female,Self-employed,Junior High,Baking,Business,Hospitality,Bread and Pastry NC II
3,Bagroy,39,Female,Unemployed,College Undergraduate,Carpentry,Agriculture,Construction,Carpentry NC II
10,Pacol,25,Female,Unemployed,Junior High,Baking,Business,Hospitality,Bread and Pastry NC II
4,Lag-asan,41,Male,Unemployed,College Undergraduate,Cooking,Retail,Hospitality,Cookery NC II
8,Ma-ao,22,Male,Unemployed,Junior High,Baking,Hospitality,Hospitality,Bread and Pastry NC II
3,Pacol,28,Male,Self-employed,Senior High,Carpentry,Retail,Construction,Carpentry NC II
1,Bacong,46,Male,Wage Employed,College Graduate,Carpentry,Construction,Construction,Carpentry NC II
8,Binubuhan,33,Male,Underemployed,College Undergraduate,Masonry,None,Construction,Masonry NC II
10,Ma-ao,25,Male,Unemployed,Elementary Graduate,Carpentry,Hospitality,Construction,Carpentry NC II
5,Ma-ao,41,Male,Self-employed,Senior High,Masonry,Construction,Construction,Masonry NC II
5,Malingin,38,Male,Unemployed,Junior High,Cooking,Business,Hospitality,Cookery NC II
10,Ma-ao,26,Male,Underemployed,College Graduate,Computer Literacy,ICT,ICT,Computer Systems Servicing NC II
4,Abuanan,49,Female,Self-employed,College Graduate,Computer Literacy,Government,ICT,Computer Systems Servicing NC II
10,Busay,33,Male,Underemployed,Senior High,Carpentry,None,Business,Carpentry NC II
1,Pacol,31,Male,Unemployed,Senior High,Cooking,Agriculture,Hospitality,Cookery NC II
8,Ma-ao,48,Male,Self-employed,College Graduate,Driving,Transportation,Transportation,Driving NC II
7,Abuanan,37,Male,Unemployed,College Graduate,Cooking,Retail,Business,Cookery NC II
8,Dulao,26,Male,Underemployed,Junior High,Driving,Hospitality,Transportation,Driving NC II
10,Caridad,39,Male,Unemployed,Senior High,Carpentry,Retail,Construction,Carpentry NC II
7,Caridad,24,Female,Self-employed,Elementary Graduate,Carpentry,Retail,Construction,Carpentry NC II
2,Busay,20,Female,Underemployed,College Undergraduate,Baking,Hospitality,Hospitality,Bread and Pastry NC II
6,Mailum,26,Male,Underemployed,Elementary Graduate,Electrical Repair,Manufacturing,Construction,Electrical Installation and Maintenance NC II
2,Balingasag,39,Male,Unemployed,College Undergraduate,Electrical Repair,Manufacturing,Construction,Electrical Installation and Maintenance NC II
7,Binubuhan,28,Male,Underemployed,College Undergraduate,Welding,Agriculture,Construction,Shielded Metal Arc Welding NC I
8,Mailum,32,Male,Underemployed,Senior High,Cooking,Retail,Business,Cookery NC II
7,Bacong,42,Female,Wage Employed,College Graduate,Computer Literacy,Government,ICT,Computer Systems Servicing NC II
5,Pacol,41,Female,Self-employed,Senior High,Carpentry,Retail,Business,Carpentry NC II
5,Mailum,22,Female,Self-employed,Senior High,Computer Literacy,ICT,ICT,Computer Systems Servicing NC II
3,Tabunan,47,Female,Wage Employed,College Undergraduate,Computer Literacy,ICT,Business,Computer Systems Servicing NC II
9,Taloc,25,Male,Underemployed,Senior High,Masonry,Construction,Construction,Masonry NC II
9,Abuanan,30,Male,Unemployed,College Undergraduate,Driving,Agriculture,Transportation,Driving NC II
9,Bacong,19,Male,Unemployed,Elementary Graduate,Masonry,Agriculture,Construction,Masonry NC II
5,Taloc,21,Male,Underemployed,Junior High,Baking,Hospitality,Business,Bread and Pastry NC II
8,Taloc,30,Female,Unemployed,College Undergraduate,Cooking,Hospitality,Hospitality,Cookery NC II
10,Poblacion,36,Male,Wage Employed,College Graduate,Baking,Hospitality,Hospitality,Bread and Pastry NC II
12,Alianza,21,Female,Unemployed,Junior High,Cooking,Hospitality,Hospitality,Cookery NC II
8,Lag-asan,41,Female,Underemployed,Junior High,Driving,Agriculture,Transportation,Driving NC II
10,Calumangan,29,Male,Unemployed,College Undergraduate,Driving,Retail,Transportation,Driving NC II
4,Napoles,38,Male,Wage Employed,Junior High,Baking,Retail,Hospitality,Bread and Pastry NC II
2,Bacong,22,Male,Underemployed,Senior High,Carpentry,Agriculture,Construction,Carpentry NC II
10,Taloc,26,Male,Unemployed,Junior High,Welding,Hospitality,Construction,Shielded Metal Arc Welding NC I
10,Ma-ao,22,Male,Unemployed,Junior High,Carpentry,Agriculture,Construction,Carpentry NC II
11,Bagroy,28,Female,Underemployed,Senior High,Cooking,Retail,Hospitality,Cookery NC II
1,Atipuluan,39,Male,Unemployed,Junior High,Masonry,Agriculture,Transportation,Masonry NC II
10,Mailum,54,Female,Wage Employed,College Graduate,Cooking,Hospitality,ICT,Cookery NC II
3,Ma-ao,24,Male,Unemployed,Junior High,Driving,Transportation,Transportation,Driving NC II
10,Ma-ao,32,Male,Underemployed,Junior High,Cooking,Hospitality,Hospitality,Cookery NC II
10,Binubuhan,29,Male,Underemployed,Elementary Graduate,Driving,Agriculture,Business,Driving NC II
3,Mailum,22,Male,Unemployed,Senior High,Electrical Repair,Agriculture,Construction,Electrical Installation and Maintenance NC II
10,Taloc,38,Male,Unemployed,Senior High,Carpentry,Construction,Construction,Carpentry NC II
8,Busay,36,Female,Self-employed,Junior High,Baking,Retail,Hospitality,Bread and Pastry NC II
6,Mailum,43,Female,Unemployed,Senior High,Cooking,Hospitality,Agriculture,Cookery NC II
10,Lag-asan,25,Male,Wage Employed,College Graduate,Carpentry,Retail,Construction,Carpentry NC II
11,Binubuhan,22,Male,Self-employed,College Undergraduate,Cooking,Hospitality,Hospitality,Cookery NC II
7,Busay,22,Male,Self-employed,Senior High,Cooking,None,Agriculture,Cookery NC II
4,Bagroy,35,Female,Wage Employed,College Undergraduate,Cooking,Retail,Agriculture,Cookery NC II
10,Dulao,42,Female,Underemployed,College Undergraduate,Driving,Agriculture,Transportation,Driving NC II
8,Pacol,38,Male,Unemployed,Senior High,Cooking,Hospitality,Hospitality,Cookery NC II
3,Caridad,40,Male,Unemployed,Senior High,Electrical Repair,Construction,ICT,Electrical Installation and Maintenance NC II
9,Busay,29,Male,Underemployed,College Graduate,Computer Literacy,ICT,ICT,Computer Systems Servicing NC II
1,Busay,26,Male,Wage Employed,College Undergraduate,Computer Literacy,Hospitality,ICT,Computer Systems Servicing NC II
1,Atipuluan,52,Male,Underemployed,College Graduate,Welding,Agriculture,Construction,Shielded Metal Arc Welding NC I
8,Atipuluan,31,Male,Underemployed,Senior High,Welding,Construction,Construction,Shielded Metal Arc Welding NC I
9,Calumangan,39,Male,Underemployed,Junior High,Masonry,Retail,Construction,Masonry NC II
11,Napoles,29,Female,Self-employed,Junior High,Driving,Transportation,Business,Driving NC II
12,Bacong,40,Female,Underemployed,Junior High,Baking,Hospitality,Hospitality,Bread and Pastry NC II
6,Bagroy,52,Male,Unemployed,College Graduate,Computer Literacy,ICT,Construction,Computer Systems Servicing NC II
9,Ilijan,28,Female,Wage Employed,Junior High,Welding,Manufacturing,Construction,Shielded Metal Arc Welding NC I
12,Caridad,28,Male,Underemployed,College Undergraduate,Carpentry,Construction,Business,Carpentry NC II
1,Mailum,36,Male,Unemployed,Junior High,Driving,Transportation,Transportation,Driving NC II
2,Caridad,36,Male,Unemployed,Senior High,Baking,Hospitality,Hospitality,Bread and Pastry NC II
4,Malingin,36,Female,Underemployed,College Undergraduate,Baking,Retail,Hospitality,Bread and Pastry NC II
11,Taloc,20,Female,Underemployed,Junior High,Driving,None,Transportation,Driving NC II
4,Poblacion,35,Male,Wage Employed,College Undergraduate,Masonry,Agriculture,Construction,Masonry NC II
10,Pacol,40,Male,Self-employed,Junior High,Masonry,ICT,Construction,Masonry NC II
1,Ilijan,23,Male,Underemployed,Elementary Graduate,Baking,Hospitality,Hospitality,Bread and Pastry NC II
11,Busay,18,Male,Unemployed,Junior High,Electrical Repair,Manufacturing,ICT,Electrical Installation and Maintenance NC II
11,Atipuluan,36,Male,Underemployed,Elementary Graduate,Masonry,Construction,Agriculture,Masonry NC II
5,Mailum,41,Male,Self-employed,College Graduate,Computer Literacy,ICT,ICT,Computer Systems Servicing NC II
9,Pacol,45,Male,Underemployed,Senior High,Driving,Transportation,Transportation,Driving NC II
10,Poblacion,25,Female,Underemployed,Junior High,Computer Literacy,Retail,ICT,Computer Systems Servicing NC II
1,Calumangan,32,Male,Self-employed,Junior High,Cooking,Business,Hospitality,Cookery NC II
10,Caridad,29,Male,Unemployed,Elementary Graduate,Electrical Repair,Construction,Construction,Electrical Installation and Maintenance NC II
6,Poblacion,23,Male,Wage Employed,College Undergraduate,Baking,Retail,Hospitality,Bread and Pastry NC II
6,Lag-asan,34,Female,Underemployed,Elementary Graduate,Cooking,Retail,Hospitality,Cookery NC II
11,Dulao,41,Male,Self-employed,College Graduate,Computer Literacy,Government,ICT,Computer Systems Servicing NC II
11,Bagroy,36,Male,Self-employed,College Graduate,Cooking,Hospitality,Business,Cookery NC II
10,Caridad,32,Female,Underemployed,College Undergraduate,Baking,Business,Hospitality,Bread and Pastry NC II
11,Ma-ao,27,Male,Unemployed,Senior High,Driving,Government,Hospitality,Driving NC II
8,Malingin,28,Female,Self-employed,College Undergraduate,Computer Literacy,ICT,ICT,Computer Systems Servicing NC II
5,Busay,29,Male,Wage Employed,Junior High,Cooking,Agriculture,Hospitality,Cookery NC II
4,Ma-ao,26,Male,Underemployed,Elementary Graduate,Driving,None,Transportation,Driving NC II
8,Sagasa,34,Female,Unemployed,Junior High,Cooking,Hospitality,Hospitality,Cookery NC II
3,Sagasa,19,Male,Underemployed,Junior High,Baking,Business,Hospitality,Bread and Pastry NC II
5,Taloc,28,Male,Self-employed,College Undergraduate,Electrical Repair,Government,Construction,Electrical Installation and Maintenance NC II
6,Abuanan,38,Male,Unemployed,Senior High,Driving,Transportation,Transportation,Driving NC II
4,Dulao,39,Male,Underemployed,Senior High,Computer Literacy,ICT,ICT,Computer Systems Servicing NC II
11,Bagroy,25,Male,Unemployed,Junior High,Cooking,Hospitality,Hospitality,Cookery NC II
6,Taloc,22,Male,Underemployed,Senior High,Driving,Transportation,Transportation,Driving NC II
10,Calumangan,20,Male,Wage Employed,Senior High,Carpentry,Agriculture,Construction,Carpentry NC II
8,Napoles,40,Male,Underemployed,Elementary Graduate,Driving,Hospitality,Transportation,Driving NC II
6,Alianza,44,Female,Unemployed,Senior High,Computer Literacy,ICT,ICT,Computer Systems Servicing NC II
7,Dulao,35,Female,Unemployed,Junior High,Cooking,Business,Agriculture,Cookery NC II
8,Taloc,40,Male,Unemployed,Senior High,Masonry,Agriculture,Construction,Masonry NC II
1,Ma-ao,22,Male,Wage Employed,College Undergraduate,Computer Literacy,Business,ICT,Computer Systems Servicing NC II
9,Alianza,35,Male,Self-employed,Senior High,Masonry,Construction,Construction,Masonry NC II
9,Busay,40,Male,Unemployed,College Undergraduate,Driving,None,Transportation,Driving NC II
7,Bagroy,55,Female,Self-employed,College Graduate,Cooking,Government,Hospitality,Cookery NC II
4,Binubuhan,31,Male,Self-employed,Junior High,Carpentry,Construction,Construction,Carpentry NC II
12,Pacol,19,Female,Self-employed,Senior High,Carpentry,Agriculture,Construction,Carpentry NC II
10,Binubuhan,41,Male,Self-employed,Senior High,Cooking,Business,Hospitality,Cookery NC II
6,Dulao,30,Female,Unemployed,Junior High,Baking,Business,Hospitality,Bread and Pastry NC II
10,Binubuhan,32,Male,Wage Employed,College Undergraduate,Computer Literacy,Government,ICT,Computer Systems Servicing NC II
9,Bacong,32,Male,Self-employed,College Graduate,Carpentry,Manufacturing,Construction,Carpentry NC II
12,Binubuhan,22,Male,Self-employed,College Graduate,Driving,Transportation,Transportation,Driving NC II
12,Napoles,36,Male,Self-employed,College Undergraduate,Cooking,Hospitality,Agriculture,Cookery NC II
6,Binubuhan,23,Male,Self-employed,College Undergraduate,Carpentry,Construction,Construction,Carpentry NC II
7,Alianza,38,Female,Wage Employed,Senior High,Masonry,Construction,Construction,Masonry NC II
12,Binubuhan,21,Female,Underemployed,Junior High,Driving,Agriculture,Construction,Driving NC II
12,Bagroy,42,Male,Underemployed,College Graduate,Welding,Manufacturing,Business,Shielded Metal Arc Welding NC I
12,Atipuluan,22,Male,Unemployed,Elementary Graduate,Electrical Repair,Manufacturing,Construction,Electrical Installation and Maintenance NC II
4,Dulao,23,Male,Underemployed,College Graduate,Carpentry,None,Construction,Carpentry NC II
3,Poblacion,21,Male,Wage Employed,College Undergraduate,Carpentry,Agriculture,Construction,Carpentry NC II
2,Bacong,32,Male,Underemployed,Senior High,Cooking,Business,Construction,Cookery NC II
3,Caridad,25,Male,Underemployed,Junior High,Masonry,Agriculture,Construction,Masonry NC II
3,Dulao,38,Male,Wage Employed,Elementary Graduate,Carpentry,Construction,Construction,Carpentry NC II
4,Taloc,37,Male,Wage Employed,Senior High,Masonry,Construction,Construction,Masonry NC II
9,Bagroy,42,Male,Wage Employed,College Graduate,Driving,Transportation,Transportation,Driving NC II
5,Busay,31,Male,Unemployed,Elementary Graduate,Carpentry,Construction,Agriculture,Carpentry NC II
12,Ilijan,41,Male,Unemployed,College Undergraduate,Driving,Business,Business,Driving NC II
7,Pacol,38,Male,Underemployed,Senior High,Driving,Government,Transportation,Driving NC II
8,Taloc,35,Male,Unemployed,Senior High,Baking,Hospitality,Hospitality,Bread and Pastry NC II
6,Mailum,34,Male,Self-employed,College Undergraduate,Computer Literacy,Hospitality,Business,Computer Systems Servicing NC II
8,Ma-ao,34,Male,Self-employed,Senior High,Welding,Hospitality,ICT,Shielded Metal Arc Welding NC I
12,Busay,31,Male,Wage Employed,College Undergraduate,Carpentry,Construction,Construction,Carpentry NC II
7,Caridad,34,Male,Self-employed,Junior High,Cooking,ICT,Hospitality,Cookery NC II
6,Bacong,22,Male,Underemployed,Senior High,Carpentry,Retail,Construction,Carpentry NC II
6,Bacong,33,Female,Self-employed,College Graduate,Computer Literacy,Business,ICT,Computer Systems Servicing NC II
8,Poblacion,31,Male,Underemployed,Junior High,Masonry,Manufacturing,Construction,Masonry NC II
9,Bacong,39,Male,Unemployed,Senior High,Electrical Repair,Construction,Construction,Electrical Installation and Maintenance NC II
6,Dulao,37,Male,Underemployed,College Graduate,Masonry,Manufacturing,Transportation,Masonry NC II
4,Bacong,37,Male,Self-employed,Elementary Graduate,Electrical Repair,Manufacturing,Construction,Electrical Installation and Maintenance NC II
7,Bacong,34,Female,Underemployed,Elementary Graduate,Computer Literacy,ICT,ICT,Computer Systems Servicing NC II
7,Busay,47,Female,Underemployed,College Graduate,Cooking,Government,Business,Cookery NC II
12,Atipuluan,33,Male,Unemployed,Elementary Graduate,Electrical Repair,Agriculture,Construction,Electrical Installation and Maintenance NC II
10,Ma-ao,42,Male,Self-employed,College Graduate,Masonry,None,Construction,Masonry NC II
4,Ma-ao,24,Male,Underemployed,College Undergraduate,Masonry,Manufacturing,Construction,Masonry NC II
5,Caridad,40,Female,Self-employed,College Undergraduate,Electrical Repair,None,ICT,Electrical Installation and Maintenance NC II
7,Bacong,32,Male,Unemployed,Senior High,Computer Literacy,Business,Hospitality,Computer Systems Servicing NC II
10,Atipuluan,41,Male,Unemployed,Junior High,Baking,Business,Transportation,Bread and Pastry NC II
12,Bacong,20,Male,Self-employed,Junior High,Cooking,Hospitality,Hospitality,Cookery NC II
5,Taloc,42,Female,Self-employed,Senior High,Carpentry,Agriculture,Construction,Carpentry NC II
1,Lag-asan,25,Male,Unemployed,Elementary Graduate,Carpentry,Construction,Construction,Carpentry NC II
4,Abuanan,42,Female,Wage Employed,Junior High,Cooking,None,Hospitality,Cookery NC II
9,Busay,31,Male,Unemployed,Junior High,Electrical Repair,Hospitality,Construction,Electrical Installation and Maintenance NC II
2,Ma-ao,50,Male,Wage Employed,College Graduate,Computer Literacy,Government,ICT,Computer Systems Servicing NC II
3,Napoles,30,Male,Self-employed,College Undergraduate,Driving,Transportation,Transportation,Driving NC II
1,Ilijan,22,Male,Unemployed,Senior High,Cooking,Agriculture,Hospitality,Cookery NC II
8,Alianza,20,Female,Underemployed,College Undergraduate,Driving,Transportation,Transportation,Driving NC II
2,Busay,26,Male,Self-employed,College Undergraduate,Driving,Agriculture,Transportation,Driving NC II
9,Busay,45,Male,Wage Employed,Senior High,Driving,Retail,Construction,Driving NC II
4,Pacol,42,Male,Wage Employed,Junior High,Driving,Transportation,Transportation,Driving NC II
9,Bacong,30,Male,Self-employed,Senior High,Cooking,Hospitality,Hospitality,Cookery NC II
2,Taloc,31,Male,Wage Employed,Senior High,Driving,None,Transportation,Driving NC II
12,Malingin,46,Male,Underemployed,College Undergraduate,Computer Literacy,Retail,ICT,Computer Systems Servicing NC II
8,Pacol,25,Male,Unemployed,Senior High,Driving,Agriculture,Transportation,Driving NC II
7,Taloc,28,Male,Underemployed,Elementary Graduate,Carpentry,Construction,Construction,Carpentry NC II
4,Abuanan,32,Female,Unemployed,Junior High,Driving,Transportation,Transportation,Driving NC II
2,Poblacion,20,Female,Underemployed,Senior High,Cooking,Hospitality,Hospitality,Cookery NC II
3,Calumangan,23,Male,Self-employed,College Graduate,Computer Literacy,Government,ICT,Computer Systems Servicing NC II
9,Bagroy,20,Male,Underemployed,Junior High,Carpentry,Construction,Construction,Carpentry NC II
4,Busay,55,Male,Wage Employed,College Graduate,Welding,Construction,ICT,Shielded Metal Arc Welding NC I
1,Taloc,24,Female,Unemployed,Junior High,Cooking,Hospitality,Hospitality,Cookery NC II
1,Tabunan,28,Female,Unemployed,Elementary Graduate,Computer Literacy,ICT,ICT,Computer Systems Servicing NC II
10,Busay,23,Male,Underemployed,Junior High,Computer Literacy,Business,Business,Computer Systems Servicing NC II
3,Malingin,28,Male,Self-employed,Elementary Graduate,Carpentry,Construction,Construction,Carpentry NC II
8,Mailum,31,Female,Wage Employed,College Graduate,Computer Literacy,ICT,ICT,Computer Systems Servicing NC II
10,Taloc,25,Male,Unemployed,Junior High,Carpentry,Retail,Agriculture,Carpentry NC II
6,Binubuhan,53,Female,Self-employed,College Graduate,Cooking,Agriculture,Agriculture,Cookery NC II
7,Abuanan,18,Male,Unemployed,Junior High,Carpentry,Construction,Construction,Carpentry NC II
2,Bagroy,36,Male,Self-employed,Senior High,Driving,Agriculture,Agriculture,Driving NC II
12,Tabunan,20,Female,Unemployed,Elementary Graduate,Cooking,ICT,Hospitality,Cookery NC II
5,Mailum,41,Male,Self-employed,Senior High,Cooking,Hospitality,Hospitality,Cookery NC II
3,Binubuhan,37,Male,Underemployed,Junior High,Masonry,Construction,Construction,Masonry NC II
8,Calumangan,30,Male,Underemployed,Junior High,Computer Literacy,Retail,ICT,Computer Systems Servicing NC II
1,Balingasag,35,Female,Wage Employed,Junior High,Cooking,Hospitality,Hospitality,Cookery NC II
11,Poblacion,40,Male,Unemployed,Junior High,Electrical Repair,Manufacturing,ICT,Electrical Installation and Maintenance NC II
11,Taloc,20,Female,Underemployed,Senior High,Driving,None,Business,Driving NC II
10,Poblacion,34,Female,Wage Employed,Senior High,Cooking,Hospitality,Hospitality,Cookery NC II
5,Sagasa,30,Male,Wage Employed,College Graduate,Cooking,Retail,Hospitality,Cookery NC II
6,Busay,27,Male,Unemployed,Junior High,Masonry,Agriculture,Construction,Masonry NC II
7,Busay,41,Female,Underemployed,Senior High,Cooking,Hospitality,Hospitality,Cookery NC II
9,Bacong,23,Male,Unemployed,Junior High,Carpentry,Retail,Construction,Carpentry NC II
2,Caridad,26,Female,Underemployed,Junior High,Baking,Manufacturing,Hospitality,Bread and Pastry NC II
7,Busay,38,Female,Underemployed,College Graduate,Computer Literacy,Business,Business,Computer Systems Servicing NC II
1,Bagroy,45,Female,Unemployed,Senior High,Baking,Hospitality,Hospitality,Bread and Pastry NC II
7,Poblacion,25,Male,Underemployed,College Undergraduate,Electrical Repair,Construction,Construction,Electrical Installation and Maintenance NC II
5,Mailum,33,Male,Underemployed,Junior High,Driving,Retail,Transportation,Driving NC II
1,Bacong,38,Male,Unemployed,College Undergraduate,Electrical Repair,Construction,Construction,Electrical Installation and Maintenance NC II
8,Mailum,42,Male,Self-employed,College Undergraduate,Baking,Business,Hospitality,Bread and Pastry NC II
11,Tabunan,27,Female,Unemployed,College Undergraduate,Computer Literacy,Government,ICT,Computer Systems Servicing NC II
10,Sagasa,32,Female,Underemployed,Junior High,Computer Literacy,Government,ICT,Computer Systems Servicing NC II
10,Caridad,31,Male,Underemployed,College Graduate,Computer Literacy,Retail,ICT,Computer Systems Servicing NC II
10,Poblacion,19,Male,Unemployed,Junior High,Computer Literacy,Government,ICT,Computer Systems Servicing NC II
6,Abuanan,18,Male,Unemployed,Senior High,Computer Literacy,ICT,Agriculture,Computer Systems Servicing NC II
5,Poblacion,34,Female,Unemployed,Elementary Graduate,Computer Literacy,ICT,Transportation,Computer Systems Servicing NC II
1,Poblacion,41,Male,Unemployed,Senior High,Driving,Government,Transportation,Driving NC II
1,Ma-ao,36,Male,Unemployed,Junior High,Carpentry,Construction,Construction,Carpentry NC II
5,Mailum,40,Female,Unemployed,Junior High,Cooking,Business,Hospitality,Cookery NC II
6,Taloc,36,Male,Unemployed,Senior High,Baking,Retail,Hospitality,Bread and Pastry NC II
2,Bagroy,21,Male,Wage Employed,Senior High,Cooking,Business,Hospitality,Cookery NC II
7,Mailum,33,Male,Wage Employed,College Graduate,Welding,ICT,Construction,Shielded Metal Arc Welding NC I
3,Dulao,35,Female,Unemployed,Senior High,Electrical Repair,Business,Business,Electrical Installation and Maintenance NC II
10,Bacong,22,Male,Unemployed,Junior High,Cooking,Hospitality,Hospitality,Cookery NC II
8,Tabunan,22,Male,Underemployed,Elementary Graduate,Driving,Transportation,Transportation,Driving NC II
10,Malingin,39,Male,Wage Employed,Junior High,Cooking,Hospitality,Hospitality,Cookery NC II
8,Ilijan,20,Female,Unemployed,College Undergraduate,Cooking,Hospitality,Hospitality,Cookery NC II
10,Mailum,30,Male,Self-employed,Senior High,Welding,Manufacturing,Construction,Shielded Metal Arc Welding NC I
9,Mailum,18,Female,Unemployed,Senior High,Driving,Transportation,Transportation,Driving NC II
2,Napoles,38,Female,Wage Employed,College Undergraduate,Baking,Retail,Hospitality,Bread and Pastry NC II
2,Napoles,20,Female,Unemployed,Junior High,Cooking,Hospitality,Hospitality,Cookery NC II
8,Ma-ao,19,Female,Self-employed,Senior High,Carpentry,Construction,Construction,Carpentry NC II
3,Malingin,34,Female,Underemployed,Junior High,Driving,Transportation,Transportation,Driving NC II
5,Calumangan,43,Female,Unemployed,College Undergraduate,Baking,Business,Business,Bread and Pastry NC II
12,Balingasag,48,Male,Wage Employed,College Undergraduate,Driving,Transportation,Transportation,Driving NC II
12,Taloc,19,Male,Unemployed,Junior High,Welding,Construction,Construction,Shielded Metal Arc Welding NC I
5,Bagroy,39,Female,Unemployed,Junior High,Cooking,Agriculture,Hospitality,Cookery NC II
9,Napoles,39,Male,Self-employed,Senior High,Cooking,Business,Hospitality,Cookery NC II
5,Abuanan,39,Female,Self-employed,Junior High,Cooking,Agriculture,Hospitality,Cookery NC II
8,Bagroy,37,Male,Underemployed,Elementary Graduate,Electrical Repair,Construction,Construction,Electrical Installation and Maintenance NC II
1,Taloc,34,Male,Unemployed,Junior High,Carpentry,Construction,Construction,Carpentry NC II
9,Lag-asan,38,Female,Unemployed,Junior High,Cooking,Hospitality,Hospitality,Cookery NC II
11,Poblacion,38,Female,Unemployed,College Undergraduate,Cooking,Hospitality,Business,Cookery NC II
9,Abuanan,32,Female,Wage Employed,College Graduate,Cooking,Hospitality,Hospitality,Cookery NC II
11,Lag-asan,23,Female,Wage Employed,Senior High,Masonry,Manufacturing,Construction,Masonry NC II
11,Atipuluan,42,Female,Wage Employed,Junior High,Baking,Hospitality,Hospitality,Bread and Pastry NC II
1,Dulao,23,Female,Unemployed,Junior High,Cooking,Hospitality,Hospitality,Cookery NC II
5,Ma-ao,34,Male,Unemployed,Senior High,Driving,Agriculture,Transportation,Driving NC II
12,Busay,36,Male,Wage Employed,College Undergraduate,Computer Literacy,ICT,ICT,Computer Systems Servicing NC II
4,Napoles,18,Female,Unemployed,Senior High,Cooking,Retail,Hospitality,Cookery NC II
9,Taloc,45,Male,Self-employed,Senior High,Carpentry,Agriculture,Construction,Carpentry NC II
6,Tabunan,37,Male,Unemployed,Junior High,Driving,Transportation,Hospitality,Driving NC II
7,Napoles,29,Male,Self-employed,College Undergraduate,Driving,Transportation,Transportation,Driving NC II
3,Sagasa,38,Male,Unemployed,Elementary Graduate,Welding,Construction,Construction,Shielded Metal Arc Welding NC I
9,Tabunan,36,Male,Underemployed,Elementary Graduate,Driving,Government,Transportation,Driving NC II
9,Caridad,23,Male,Unemployed,College Undergraduate,Masonry,Construction,Construction,Masonry NC II
8,Napoles,37,Female,Wage Employed,College Undergraduate,Computer Literacy,Hospitality,ICT,Computer Systems Servicing NC II
11,Alianza,30,Male,Underemployed,Elementary Graduate,Electrical Repair,Government,Construction,Electrical Installation and Maintenance NC II
5,Atipuluan,29,Male,Underemployed,Junior High,Carpentry,Agriculture,Construction,Carpentry NC II
5,Lag-asan,22,Male,Underemployed,Junior High,Carpentry,Agriculture,Construction,Carpentry NC II
7,Mailum,33,Male,Underemployed,Elementary Graduate,Masonry,Construction,Construction,Masonry NC II
11,Taloc,23,Male,Self-employed,Senior High,Masonry,Hospitality,Construction,Masonry NC II
11,Bagroy,49,Male,Wage Employed,College Graduate,Baking,Hospitality,Hospitality,Bread and Pastry NC II
3,Ma-ao,30,Male,Unemployed,Junior High,Driving,Transportation,Transportation,Driving NC II
9,Mailum,18,Female,Underemployed,Junior High,Driving,Transportation,Transportation,Driving NC II
4,Binubuhan,40,Male,Underemployed,Elementary Graduate,Masonry,Agriculture,Agriculture,Masonry NC II
6,Malingin,35,Male,Wage Employed,College Undergraduate,Masonry,Government,Construction,Masonry NC II
8,Poblacion,30,Male,Wage Employed,Junior High,Carpentry,Agriculture,Construction,Carpentry NC II
3,Malingin,21,Male,Self-employed,Junior High,Masonry,Construction,Construction,Masonry NC II
7,Taloc,43,Female,Self-employed,Senior High,Baking,Hospitality,Hospitality,Bread and Pastry NC II
8,Mailum,37,Male,Unemployed,Junior High,Cooking,Hospitality,Hospitality,Cookery NC II
3,Abuanan,39,Male,Underemployed,Junior High,Driving,Hospitality,Transportation,Driving NC II
6,Taloc,35,Female,Wage Employed,Senior High,Cooking,Hospitality,Hospitality,Cookery NC II
9,Bacong,35,Male,Unemployed,Senior High,Driving,Agriculture,Transportation,Driving NC II
1,Ma-ao,42,Male,Self-employed,Junior High,Electrical Repair,None,Construction,Electrical Installation and Maintenance NC II
2,Binubuhan,36,Male,Underemployed,College Undergraduate,Driving,Transportation,Transportation,Driving NC II
4,Ilijan,41,Male,Underemployed,Senior High,Carpentry,Agriculture,Construction,Carpentry NC II
1,Lag-asan,18,Male,Unemployed,Junior High,Carpentry,Construction,Construction,Carpentry NC II
1,Ma-ao,35,Male,Wage Employed,College Undergraduate,Electrical Repair,Manufacturing,ICT,Electrical Installation and Maintenance NC II
4,Abuanan,34,Male,Underemployed,Senior High,Computer Literacy,Transportation,ICT,Computer Systems Servicing NC II
6,Pacol,20,Male,Unemployed,Senior High,Carpentry,Agriculture,Construction,Carpentry NC II
12,Poblacion,31,Male,Underemployed,Senior High,Welding,Manufacturing,Construction,Shielded Metal Arc Welding NC I
2,Alianza,27,Female,Self-employed,Senior High,Cooking,Hospitality,Agriculture,Cookery NC II
11,Calumangan,41,Male,Unemployed,Senior High,Electrical Repair,Business,Construction,Electrical Installation and Maintenance NC II
5,Sagasa,41,Male,Underemployed,Junior High,Carpentry,None,Construction,Carpentry NC II
5,Busay,27,Female,Unemployed,College Graduate,Cooking,Transportation,Business,Cookery NC II
11,Busay,24,Female,Underemployed,College Undergraduate,Baking,Business,Hospitality,Bread and Pastry NC II
7,Atipuluan,47,Male,Wage Employed,College Graduate,Welding,Construction,Construction,Shielded Metal Arc Welding NC I
5,Sagasa,28,Male,Wage Employed,Senior High,Masonry,Construction,Construction,Masonry NC II
2,Lag-asan,34,Male,Unemployed,Senior High,Computer Literacy,Transportation,ICT,Computer Systems Servicing NC II
5,Pacol,18,Male,Underemployed,Elementary Graduate,Driving,Transportation,Transportation,Driving NC II
11,Atipuluan,20,Male,Unemployed,Junior High,Cooking,Hospitality,Hospitality,Cookery NC II
10,Mailum,20,Male,Unemployed,Elementary Graduate,Electrical Repair,Construction,Construction,Electrical Installation and Maintenance NC II
3,Binubuhan,22,Male,Underemployed,Senior High,Driving,Transportation,Transportation,Driving NC II
8,Atipuluan,41,Female,Unemployed,Junior High,Cooking,Hospitality,Hospitality,Cookery NC II
12,Mailum,25,Male,Wage Employed,Elementary Graduate,Carpentry,Construction,Construction,Carpentry NC II
4,Mailum,35,Male,Underemployed,Senior High,Driving,ICT,Transportation,Driving NC II
12,Malingin,29,Male,Unemployed,Senior High,Welding,Agriculture,Construction,Shielded Metal Arc Welding NC I
2,Lag-asan,19,Female,Underemployed,Elementary Graduate,Cooking,Retail,Hospitality,Cookery NC II
12,Alianza,44,Female,Underemployed,College Graduate,Computer Literacy,Hospitality,ICT,Computer Systems Servicing NC II
5,Dulao,35,Male,Self-employed,Elementary Graduate,Masonry,Agriculture,Construction,Masonry NC II
7,Lag-asan,28,Male,Underemployed,Junior High,Driving,Transportation,Transportation,Driving NC II
4,Sagasa,19,Male,Wage Employed,Senior High,Welding,Construction,Construction,Shielded Metal Arc Welding NC I
11,Binubuhan,21,Male,Unemployed,Junior High,Cooking,Hospitality,Hospitality,Cookery NC II
12,Lag-asan,40,Male,Unemployed,Elementary Graduate,Driving,Transportation,Transportation,Driving NC II
9,Ma-ao,37,Female,Self-employed,College Graduate,Computer Literacy,Hospitality,ICT,Computer Systems Servicing NC II
10,Lag-asan,31,Male,Self-employed,College Undergraduate,Masonry,Agriculture,Construction,Masonry NC II
9,Caridad,38,Male,Wage Employed,College Undergraduate,Driving,Transportation,Transportation,Driving NC II
6,Balingasag,41,Male,Self-employed,College Graduate,Carpentry,Government,Construction,Carpentry NC II
4,Tabunan,29,Female,Unemployed,Elementary Graduate,Baking,Hospitality,Hospitality,Bread and Pastry NC II
11,Bacong,40,Male,Unemployed,Elementary Graduate,Carpentry,Construction,Agriculture,Carpentry NC II
10,Mailum,45,Male,Unemployed,Senior High,Welding,Construction,Hospitality,Shielded Metal Arc Welding NC I
8,Caridad,22,Male,Self-employed,Senior High,Driving,Government,Agriculture,Driving NC II
7,Napoles,36,Male,Wage Employed,College Undergraduate,Computer Literacy,ICT,ICT,Computer Systems Servicing NC II
11,Dulao,26,Male,Wage Employed,College Undergraduate,Computer Literacy,ICT,ICT,Computer Systems Servicing NC II
3,Dulao,29,Male,Self-employed,Junior High,Welding,Government,Construction,Shielded Metal Arc Welding NC I
1,Poblacion,37,Female,Underemployed,Senior High,Driving,Transportation,Transportation,Driving NC II
12,Bacong,35,Male,Self-employed,Senior High,Carpentry,Agriculture,Construction,Carpentry NC II
11,Mailum,32,Male,Unemployed,Junior High,Carpentry,Business,Construction,Carpentry NC II
9,Bagroy,33,Female,Wage Employed,Junior High,Driving,Agriculture,Transportation,Driving NC II
9,Binubuhan,40,Male,Self-employed,College Undergraduate,Welding,None,Business,Shielded Metal Arc Welding NC I
7,Bacong,28,Female,Unemployed,Elementary Graduate,Computer Literacy,Construction,Business,Computer Systems Servicing NC II
9,Bacong,32,Female,Underemployed,Junior High,Cooking,Transportation,Hospitality,Cookery NC II
9,Busay,39,Male,Wage Employed,College Undergraduate,Cooking,Business,Business,Cookery NC II
12,Tabunan,27,Male,Wage Employed,Junior High,Driving,Transportation,Transportation,Driving NC II
12,Atipuluan,25,Male,Underemployed,Senior High,Carpentry,Construction,Construction,Carpentry NC II
7,Taloc,36,Male,Wage Employed,College Graduate,Computer Literacy,ICT,ICT,Computer Systems Servicing NC II
10,Poblacion,32,Female,Underemployed,Junior High,Carpentry,Construction,Construction,Carpentry NC II
4,Sagasa,34,Female,Self-employed,Junior High,Baking,Business,Hospitality,Bread and Pastry NC II
1,Ma-ao,25,Male,Unemployed,Senior High,Driving,Transportation,Transportation,Driving NC II
3,Dulao,36,Male,Unemployed,College Undergraduate,Computer Literacy,Business,ICT,Computer Systems Servicing NC II
2,Mailum,41,Female,Unemployed,Junior High,Cooking,Transportation,Hospitality,Cookery NC II
3,Bagroy,37,Female,Unemployed,College Undergraduate,Driving,Transportation,Business,Driving NC II
8,Dulao,24,Male,Unemployed,Junior High,Masonry,Construction,Construction,Masonry NC II
4,Mailum,25,Female,Wage Employed,Junior High,Driving,Transportation,Transportation,Driving NC II
5,Bagroy,19,Female,Wage Employed,Junior High,Baking,Hospitality,Business,Bread and Pastry NC II
7,Atipuluan,43,Male,Wage Employed,College Graduate,Computer Literacy,Retail,ICT,Computer Systems Servicing NC II
2,Lag-asan,19,Male,Unemployed,Junior High,Carpentry,Manufacturing,Construction,Carpentry NC II
12,Ilijan,30,Female,Unemployed,College Undergraduate,Computer Literacy,Transportation,ICT,Computer Systems Servicing NC II
7,Ma-ao,21,Male,Wage Employed,Senior High,Cooking,Retail,Hospitality,Cookery NC II
6,Bacong,34,Male,Underemployed,Senior High,Masonry,Agriculture,Construction,Masonry NC II
8,Bagroy,43,Male,Wage Employed,Senior High,Masonry,Agriculture,Construction,Masonry NC II
11,Poblacion,28,Female,Self-employed,Senior High,Computer Literacy,Government,ICT,Computer Systems Servicing NC II
5,Bacong,19,Male,Unemployed,Senior High,Cooking,Agriculture,Hospitality,Cookery NC II
2,Poblacion,26,Female,Unemployed,Junior High,Cooking,Business,Hospitality,Cookery NC II
11,Napoles,22,Male,Underemployed,Elementary Graduate,Carpentry,Transportation,Construction,Carpentry NC II
9,Alianza,46,Female,Underemployed,College Undergraduate,Cooking,None,Business,Cookery NC II
5,Bagroy,43,Male,Underemployed,College Undergraduate,Computer Literacy,ICT,ICT,Computer Systems Servicing NC II
6,Sagasa,36,Female,Self-employed,Senior High,Baking,Hospitality,Hospitality,Bread and Pastry NC II
6,Dulao,36,Male,Self-employed,Senior High,Cooking,Transportation,Hospitality,Cookery NC II
12,Mailum,40,Male,Unemployed,Elementary Graduate,Masonry,Agriculture,Construction,Masonry NC II
1,Dulao,43,Male,Unemployed,College Graduate,Electrical Repair,ICT,ICT,Computer Systems Servicing NC II
5,Mailum,40,Male,Underemployed,Junior High,Baking,Hospitality,Hospitality,Bread and Pastry NC II
6,Ma-ao,36,Male,Self-employed,Junior High,Driving,Transportation,Transportation,Driving NC II
7,Busay,36,Male,Underemployed,College Undergraduate,Driving,Transportation,Business,Driving NC II
3,Abuanan,36,Male,Underemployed,Junior High,Baking,Hospitality,Hospitality,Bread and Pastry NC II
6,Dulao,39,Female,Underemployed,Elementary Graduate,Baking,Business,Hospitality,Bread and Pastry NC II
5,Calumangan,18,Male,Wage Employed,Senior High,Masonry,None,Construction,Masonry NC II
6,Poblacion,33,Male,Underemployed,Junior High,Carpentry,Manufacturing,Construction,Carpentry NC II
7,Bacong,31,Female,Underemployed,Elementary Graduate,Computer Literacy,Manufacturing,ICT,Computer Systems Servicing NC II
12,Malingin,24,Male,Unemployed,Junior High,Carpentry,Manufacturing,Construction,Carpentry NC II
5,Taloc,33,Male,Unemployed,Junior High,Masonry,Construction,Construction,Masonry NC II
9,Dulao,36,Male,Wage Employed,Elementary Graduate,Driving,Transportation,ICT,Driving NC II
10,Busay,19,Female,Unemployed,Elementary Graduate,Computer Literacy,ICT,ICT,Computer Systems Servicing NC II
3,Busay,22,Male,Self-employed,Elementary Graduate,Welding,Construction,Construction,Shielded Metal Arc Welding NC I
9,Dulao,24,Female,Underemployed,College Undergraduate,Baking,Retail,Hospitality,Bread and Pastry NC II
10,Bagroy,25,Male,Self-employed,Senior High,Welding,Manufacturing,Agriculture,Shielded Metal Arc Welding NC I
7,Mailum,42,Female,Self-employed,Junior High,Driving,Business,Transportation,Driving NC II
7,Calumangan,24,Female,Underemployed,College Graduate,Cooking,Transportation,Business,Cookery NC II
6,Bagroy,25,Male,Underemployed,Junior High,Baking,Retail,Hospitality,Bread and Pastry NC II
1,Bagroy,29,Female,Self-employed,Senior High,Baking,Business,Hospitality,Bread and Pastry NC II
10,Tabunan,37,Male,Underemployed,Senior High,Masonry,Retail,Construction,Masonry NC II
6,Pacol,43,Male,Unemployed,College Undergraduate,Computer Literacy,ICT,ICT,Computer Systems Servicing NC II
3,Ma-ao,21,Male,Self-employed,College Undergraduate,Carpentry,Construction,ICT,Carpentry NC II
3,Malingin,28,Female,Wage Employed,College Graduate,Computer Literacy,Retail,ICT,Computer Systems Servicing NC II
2,Poblacion,42,Female,Wage Employed,Junior High,Cooking,Business,Hospitality,Cookery NC II
6,Mailum,30,Male,Underemployed,Elementary Graduate,Driving,Transportation,Transportation,Driving NC II
12,Bacong,24,Male,Self-employed,Senior High,Driving,Transportation,Transportation,Driving NC II
8,Ilijan,20,Male,Underemployed,Elementary Graduate,Welding,Agriculture,Construction,Shielded Metal Arc Welding NC I
4,Napoles,40,Female,Underemployed,College Undergraduate,Computer Literacy,None,ICT,Computer Systems Servicing NC II
2,Poblacion,23,Male,Underemployed,Senior High,Baking,Government,Hospitality,Bread and Pastry NC II
7,Napoles,32,Male,Unemployed,College Undergraduate,Driving,Transportation,Transportation,Driving NC II
6,Bagroy,21,Male,Unemployed,Elementary Graduate,Masonry,Agriculture,Construction,Masonry NC II
11,Bacong,33,Male,Unemployed,Junior High,Carpentry,Retail,Hospitality,Carpentry NC II
12,Balingasag,24,Male,Unemployed,Senior High,Driving,Retail,Transportation,Driving NC II
9,Taloc,21,Male,Underemployed,Junior High,Driving,Transportation,Transportation,Driving NC II
6,Alianza,23,Male,Underemployed,Elementary Graduate,Welding,Construction,Construction,Shielded Metal Arc Welding NC I
4,Atipuluan,44,Male,Self-employed,College Undergraduate,Masonry,Construction,Construction,Masonry NC II
2,Tabunan,42,Female,Self-employed,College Undergraduate,Baking,Business,Hospitality,Bread and Pastry NC II
1,Busay,39,Female,Wage Employed,College Undergraduate,Cooking,Transportation,Business,Cookery NC II
10,Tabunan,43,Male,Self-employed,Senior High,Baking,Business,Hospitality,Bread and Pastry NC II
10,Busay,38,Male,Unemployed,Junior High,Cooking,None,Hospitality,Cookery NC II
12,Dulao,35,Male,Wage Employed,College Undergraduate,Electrical Repair,Construction,ICT,Electrical Installation and Maintenance NC II
10,Malingin,27,Male,Wage Employed,College Graduate,Welding,Manufacturing,Construction,Shielded Metal Arc Welding NC I
12,Caridad,38,Male,Underemployed,Elementary Graduate,Carpentry,ICT,Construction,Carpentry NC II
6,Taloc,28,Male,Unemployed,Elementary Graduate,Carpentry,Agriculture,Agriculture,Carpentry NC II
11,Lag-asan,24,Male,Wage Employed,Junior High,Electrical Repair,Manufacturing,Construction,Electrical Installation and Maintenance NC II
6,Ilijan,39,Male,Underemployed,Senior High,Driving,Transportation,Transportation,Driving NC II
2,Taloc,39,Female,Unemployed,Elementary Graduate,Driving,Transportation,Transportation,Driving NC II
11,Lag-asan,22,Male,Underemployed,Senior High,Carpentry,Construction,Construction,Carpentry NC II
11,Taloc,19,Male,Unemployed,College Undergraduate,Baking,Hospitality,Hospitality,Bread and Pastry NC II
5,Bagroy,36,Male,Underemployed,Junior High,Masonry,Agriculture,Construction,Masonry NC II
11,Malingin,41,Female,Wage Employed,College Graduate,Masonry,Construction,Construction,Masonry NC II
3,Dulao,42,Female,Underemployed,College Graduate,Computer Literacy,ICT,ICT,Computer Systems Servicing NC II
8,Malingin,35,Female,Wage Employed,Elementary Graduate,Driving,Transportation,Transportation,Driving NC II
9,Bacong,22,Male,Underemployed,College Undergraduate,Driving,Government,Transportation,Driving NC II
8,Pacol,42,Male,Underemployed,Junior High,Masonry,Hospitality,Construction,Masonry NC II
6,Calumangan,30,Male,Wage Employed,Junior High,Carpentry,Business,Construction,Carpentry NC II
7,Taloc,32,Female,Unemployed,Elementary Graduate,Cooking,Hospitality,Hospitality,Cookery NC II
3,Busay,46,Male,Wage Employed,College Graduate,Carpentry,Business,Construction,Carpentry NC II
1,Dulao,36,Male,Underemployed,Junior High,Driving,Retail,Transportation,Driving NC II
8,Calumangan,40,Female,Underemployed,Senior High,Computer Literacy,ICT,ICT,Computer Systems Servicing NC II
5,Abuanan,21,Male,Underemployed,Junior High,Welding,None,Construction,Shielded Metal Arc Welding NC I
2,Mailum,30,Male,Unemployed,College Undergraduate,Computer Literacy,Construction,ICT,Computer Systems Servicing NC II
9,Calumangan,27,Male,Underemployed,Elementary Graduate,Driving,Transportation,Transportation,Driving NC II
9,Poblacion,22,Female,Underemployed,Senior High,Cooking,Retail,Hospitality,Cookery NC II
5,Ilijan,45,Male,Self-employed,College Undergraduate,Computer Literacy,Retail,ICT,Computer Systems Servicing NC II
4,Bacong,22,Male,Wage Employed,College Undergraduate,Computer Literacy,Business,ICT,Computer Systems Servicing NC II
8,Ma-ao,24,Male,Unemployed,Senior High,Electrical Repair,Construction,Construction,Electrical Installation and Maintenance NC II
12,Bagroy,23,Male,Self-employed,Elementary Graduate,Cooking,Hospitality,Hospitality,Cookery NC II
5,Napoles,37,Female,Self-employed,College Undergraduate,Computer Literacy,Government,ICT,Computer Systems Servicing NC II
6,Bagroy,24,Male,Wage Employed,College Undergraduate,Carpentry,Construction,Agriculture,Carpentry NC II
6,Alianza,29,Male,Underemployed,Junior High,Carpentry,None,Construction,Carpentry NC II
11,Malingin,31,Male,Wage Employed,Senior High,Driving,Transportation,Transportation,Driving NC II
3,Taloc,40,Male,Unemployed,Elementary Graduate,Welding,Agriculture,Construction,Shielded Metal Arc Welding NC I
11,Pacol,41,Male,Self-employed,College Undergraduate,Cooking,Hospitality,Agriculture,Cookery NC II
2,Bacong,33,Male,Underemployed,Senior High,Driving,Government,Business,Driving NC II
8,Pacol,42,Male,Self-employed,Senior High,Computer Literacy,Business,Construction,Computer Systems Servicing NC II
8,Caridad,31,Male,Unemployed,Junior High,Masonry,Construction,Construction,Masonry NC II
11,Mailum,43,Female,Underemployed,College Undergraduate,Baking,Hospitality,Business,Bread and Pastry NC II
1,Abuanan,42,Female,Underemployed,Junior High,Driving,Transportation,Transportation,Driving NC II
11,Binubuhan,31,Female,Wage Employed,Junior High,Baking,Hospitality,Hospitality,Bread and Pastry NC II
12,Busay,31,Male,Wage Employed,Junior High,Welding,Agriculture,Construction,Shielded Metal Arc Welding NC I
10,Busay,33,Female,Underemployed,Senior High,Computer Literacy,Transportation,ICT,Computer Systems Servicing NC II
12,Taloc,44,Male,Wage Employed,College Graduate,Carpentry,Construction,Business,Carpentry NC II
6,Mailum,27,Female,Self-employed,Senior High,Computer Literacy,Manufacturing,Transportation,Computer Systems Servicing NC II
8,Poblacion,36,Male,Wage Employed,Senior High,Welding,Construction,Construction,Shielded Metal Arc Welding NC I
7,Pacol,31,Male,Unemployed,Senior High,Electrical Repair,Construction,ICT,Electrical Installation and Maintenance NC II
4,Bagroy,25,Female,Self-employed,Senior High,Cooking,Agriculture,Hospitality,Cookery NC II
1,Bagroy,44,Female,Self-employed,College Undergraduate,Computer Literacy,ICT,ICT,Computer Systems Servicing NC II
12,Caridad,29,Male,Unemployed,Elementary Graduate,Cooking,None,Hospitality,Cookery NC II
6,Bacong,33,Female,Underemployed,Junior High,Carpentry,Manufacturing,Construction,Carpentry NC II
9,Alianza,32,Male,Wage Employed,Senior High,Carpentry,Agriculture,Construction,Carpentry NC II
10,Mailum,41,Male,Underemployed,College Undergraduate,Carpentry,Agriculture,Construction,Carpentry NC II
4,Bacong,40,Female,Self-employed,Senior High,Baking,Hospitality,Business,Bread and Pastry NC II
6,Dulao,24,Male,Underemployed,Senior High,Masonry,Manufacturing,Business,Masonry NC II
3,Poblacion,28,Male,Unemployed,Elementary Graduate,Electrical Repair,Manufacturing,Business,Electrical Installation and Maintenance NC II
7,Bacong,37,Male,Unemployed,Junior High,Baking,Business,Hospitality,Bread and Pastry NC II
8,Busay,37,Male,Unemployed,Elementary Graduate,Welding,Construction,Construction,Shielded Metal Arc Welding NC I
11,Taloc,26,Male,Unemployed,Senior High,Welding,Manufacturing,Construction,Shielded Metal Arc Welding NC I
2,Taloc,22,Female,Self-employed,Senior High,Cooking,Retail,Hospitality,Cookery NC II
3,Ilijan,44,Male,Wage Employed,Senior High,Baking,Hospitality,Hospitality,Bread and Pastry NC II
10,Binubuhan,26,Male,Underemployed,Senior High,Driving,Agriculture,Transportation,Driving NC II
1,Pacol,41,Male,Underemployed,Junior High,Cooking,Business,Hospitality,Cookery NC II
7,Busay,19,Female,Unemployed,College Undergraduate,Baking,Hospitality,Hospitality,Bread and Pastry NC II
2,Bacong,20,Male,Underemployed,Junior High,Carpentry,Business,Construction,Carpentry NC II
12,Bagroy,40,Male,Unemployed,Junior High,Carpentry,Agriculture,Construction,Carpentry NC II
2,Dulao,19,Female,Underemployed,Senior High,Cooking,None,Hospitality,Cookery NC II
3,Busay,21,Female,Self-employed,Junior High,Cooking,None,Hospitality,Cookery NC II
6,Mailum,48,Male,Self-employed,College Undergraduate,Computer Literacy,ICT,ICT,Computer Systems Servicing NC II
5,Ma-ao,45,Male,Self-employed,College Undergraduate,Baking,Hospitality,Hospitality,Bread and Pastry NC II
5,Poblacion,36,Male,Wage Employed,Junior High,Driving,Retail,Business,Driving NC II
7,Caridad,20,Female,Wage Employed,Senior High,Cooking,Agriculture,Hospitality,Cookery NC II
9,Ilijan,22,Male,Underemployed,Elementary Graduate,Welding,Construction,Construction,Shielded Metal Arc Welding NC I
8,Dulao,38,Male,Underemployed,Senior High,Masonry,Construction,Construction,Masonry NC II
5,Bacong,43,Male,Underemployed,Senior High,Driving,Business,Transportation,Driving NC II
10,Calumangan,39,Male,Unemployed,Elementary Graduate,Electrical Repair,Manufacturing,Hospitality,Electrical Installation and Maintenance NC II
8,Pacol,27,Female,Underemployed,Junior High,Cooking,Hospitality,Hospitality,Cookery NC II
2,Lag-asan,21,Male,Self-employed,Elementary Graduate,Carpentry,Retail,Construction,Carpentry NC II
7,Malingin,38,Female,Unemployed,College Undergraduate,Baking,Hospitality,Hospitality,Bread and Pastry NC II
9,Ma-ao,22,Male,Self-employed,Senior High,Baking,ICT,Hospitality,Bread and Pastry NC II
5,Binubuhan,33,Male,Wage Employed,Senior High,Masonry,Construction,Construction,Masonry NC II
12,Ilijan,40,Female,Underemployed,College Graduate,Cooking,Retail,Agriculture,Cookery NC II
11,Ma-ao,35,Female,Unemployed,Junior High,Driving,Retail,Transportation,Driving NC II
8,Napoles,28,Female,Wage Employed,Senior High,Driving,Agriculture,Transportation,Driving NC II
2,Malingin,46,Female,Wage Employed,College Undergraduate,Baking,Hospitality,Hospitality,Bread and Pastry NC II
3,Mailum,25,Female,Wage Employed,College Graduate,Cooking,Business,Hospitality,Cookery NC II
9,Pacol,29,Male,Self-employed,College Undergraduate,Welding,Manufacturing,ICT,Shielded Metal Arc Welding NC I
10,Poblacion,45,Male,Underemployed,College Undergraduate,Welding,Construction,Construction,Shielded Metal Arc Welding NC I
2,Ilijan,27,Female,Unemployed,Elementary Graduate,Computer Literacy,ICT,Hospitality,Computer Systems Servicing NC II
6,Atipuluan,34,Female,Underemployed,College Undergraduate,Baking,Hospitality,Hospitality,Bread and Pastry NC II
11,Poblacion,48,Male,Underemployed,College Undergraduate,Driving,Business,Transportation,Driving NC II
11,Alianza,23,Female,Wage Employed,Senior High,Baking,Agriculture,Transportation,Bread and Pastry NC II
6,Napoles,40,Female,Self-employed,Elementary Graduate,Computer Literacy,Hospitality,ICT,Computer Systems Servicing NC II
11,Poblacion,38,Female,Self-employed,Senior High,Baking,Hospitality,Hospitality,Bread and Pastry NC II
6,Busay,27,Male,Wage Employed,Senior High,Carpentry,Agriculture,ICT,Carpentry NC II
9,Busay,21,Female,Wage Employed,Senior High,Computer Literacy,ICT,ICT,Computer Systems Servicing NC II
9,Ma-ao,36,Male,Self-employed,Junior High,Welding,Agriculture,Construction,Shielded Metal Arc Welding NC I
6,Poblacion,21,Male,Self-employed,Senior High,Electrical Repair,Manufacturing,Construction,Electrical Installation and Maintenance NC II
7,Lag-asan,39,Male,Underemployed,Senior High,Driving,Transportation,Transportation,Driving NC II
12,Bacong,34,Male,Unemployed,Elementary Graduate,Carpentry,Manufacturing,Construction,Carpentry NC II
3,Alianza,31,Male,Unemployed,Junior High,Driving,Transportation,Transportation,Driving NC II
8,Poblacion,28,Male,Unemployed,College Undergraduate,Cooking,Hospitality,Hospitality,Cookery NC II
8,Dulao,31,Female,Wage Employed,College Graduate,Cooking,Hospitality,ICT,Cookery NC II
3,Mailum,39,Male,Unemployed,Elementary Graduate,Cooking,Hospitality,Hospitality,Cookery NC II
8,Lag-asan,36,Male,Underemployed,Junior High,Driving,Business,Transportation,Driving NC II
7,Ma-ao,36,Male,Wage Employed,Senior High,Welding,Transportation,Business,Shielded Metal Arc Welding NC I
2,Bagroy,21,Male,Underemployed,Senior High,Carpentry,Retail,Construction,Carpentry NC II
2,Taloc,34,Male,Wage Employed,College Graduate,Baking,Hospitality,Business,Bread and Pastry NC II
4,Caridad,35,Female,Unemployed,Elementary Graduate,Baking,Hospitality,Hospitality,Bread and Pastry NC II
3,Balingasag,32,Male,Underemployed,Elementary Graduate,Masonry,Government,Construction,Masonry NC II
8,Abuanan,37,Female,Self-employed,Junior High,Cooking,Agriculture,Hospitality,Cookery NC II
2,Caridad,36,Male,Self-employed,College Undergraduate,Welding,Construction,Construction,Shielded Metal Arc Welding NC I
4,Dulao,38,Male,Wage Employed,Senior High,Computer Literacy,Manufacturing,ICT,Computer Systems Servicing NC II
12,Caridad,18,Male,Self-employed,Senior High,Cooking,Business,Hospitality,Cookery NC II
10,Caridad,39,Male,Underemployed,Elementary Graduate,Computer Literacy,Business,ICT,Computer Systems Servicing NC II
4,Malingin,18,Male,Unemployed,Elementary Graduate,Cooking,Agriculture,Hospitality,Cookery NC II
7,Tabunan,40,Male,Wage Employed,Senior High,Cooking,Hospitality,Hospitality,Cookery NC II
4,Taloc,35,Male,Unemployed,Junior High,Baking,Hospitality,Hospitality,Bread and Pastry NC II
11,Mailum,32,Male,Underemployed,Elementary Graduate,Welding,Manufacturing,Construction,Shielded Metal Arc Welding NC I
8,Caridad,41,Female,Self-employed,Junior High,Cooking,Hospitality,Hospitality,Cookery NC II
11,Atipuluan,25,Male,Wage Employed,Senior High,Carpentry,Agriculture,Construction,Carpentry NC II
4,Lag-asan,28,Male,Underemployed,Senior High,Baking,Hospitality,Hospitality,Bread and Pastry NC II
1,Mailum,28,Female,Unemployed,Senior High,Driving,Government,Transportation,Driving NC II
8,Ma-ao,25,Female,Underemployed,Junior High,Carpentry,Construction,Construction,Carpentry NC II
10,Atipuluan,25,Female,Underemployed,College Undergraduate,Cooking,Agriculture,Hospitality,Cookery NC II
9,Ma-ao,43,Male,Underemployed,Senior High,Computer Literacy,ICT,ICT,Computer Systems Servicing NC II
4,Bagroy,19,Female,Underemployed,College Undergraduate,Computer Literacy,None,ICT,Computer Systems Servicing NC II
12,Dulao,39,Male,Unemployed,Elementary Graduate,Driving,Transportation,Transportation,Driving NC II
4,Dulao,25,Male,Unemployed,Junior High,Cooking,Agriculture,Hospitality,Cookery NC II
4,Busay,18,Male,Unemployed,Senior High,Electrical Repair,Construction,Construction,Electrical Installation and Maintenance NC II
5,Abuanan,45,Female,Underemployed,Senior High,Baking,Retail,Hospitality,Bread and Pastry NC II
10,Lag-asan,44,Male,Self-employed,College Undergraduate,Welding,Government,Construction,Shielded Metal Arc Welding NC I
10,Alianza,34,Female,Unemployed,Junior High,Welding,Manufacturing,Agriculture,Shielded Metal Arc Welding NC I
11,Malingin,33,Female,Unemployed,Senior High,Baking,Retail,Hospitality,Bread and Pastry NC II
5,Ilijan,34,Male,Underemployed,Junior High,Baking,Retail,Hospitality,Bread and Pastry NC II
9,Caridad,28,Male,Unemployed,Junior High,Driving,Retail,Transportation,Driving NC II
1,Busay,28,Female,Unemployed,Senior High,Cooking,Hospitality,Hospitality,Cookery NC II
9,Alianza,25,Male,Self-employed,Junior High,Welding,Construction,Construction,Shielded Metal Arc Welding NC I
1,Tabunan,45,Male,Wage Employed,Senior High,Masonry,Construction,Construction,Masonry NC II
12,Balingasag,42,Female,Wage Employed,Junior High,Computer Literacy,ICT,Business,Computer Systems Servicing NC II
8,Balingasag,37,Female,Wage Employed,College Graduate,Computer Literacy,ICT,ICT,Computer Systems Servicing NC II
12,Pacol,22,Female,Unemployed,Junior High,Baking,Manufacturing,Hospitality,Bread and Pastry NC II
9,Caridad,47,Female,Self-employed,College Graduate,Driving,Transportation,Agriculture,Driving NC II
2,Bagroy,44,Male,Underemployed,Senior High,Carpentry,Agriculture,Construction,Carpentry NC II
7,Bacong,48,Male,Self-employed,College Graduate,Computer Literacy,Government,ICT,Computer Systems Servicing NC II
12,Balingasag,37,Male,Underemployed,Junior High,Driving,Transportation,Transportation,Driving NC II
2,Alianza,47,Female,Unemployed,College Undergraduate,Cooking,Business,Hospitality,Cookery NC II
11,Dulao,24,Female,Unemployed,Junior High,Masonry,Construction,Construction,Masonry NC II
8,Balingasag,20,Male,Underemployed,Senior High,Masonry,Construction,Construction,Masonry NC II
12,Atipuluan,25,Male,Self-employed,College Undergraduate,Driving,Agriculture,Transportation,Driving NC II
11,Pacol,36,Female,Unemployed,Junior High,Baking,Business,Hospitality,Bread and Pastry NC II
1,Mailum,35,Male,Underemployed,Senior High,Carpentry,Construction,Construction,Carpentry NC II
2,Mailum,43,Female,Wage Employed,Senior High,Baking,Business,Hospitality,Bread and Pastry NC II
6,Abuanan,20,Male,Unemployed,Elementary Graduate,Driving,Agriculture,Transportation,Driving NC II
4,Ma-ao,34,Male,Unemployed,Elementary Graduate,Welding,Manufacturing,Construction,Shielded Metal Arc Welding NC I
5,Atipuluan,18,Female,Wage Employed,Senior High,Baking,Retail,Hospitality,Bread and Pastry NC II
11,Dulao,32,Female,Self-employed,College Graduate,Cooking,Retail,Hospitality,Cookery NC II
8,Poblacion,34,Male,Unemployed,College Undergraduate,Carpentry,Business,Construction,Carpentry NC II
8,Ilijan,50,Male,Wage Employed,College Graduate,Driving,Agriculture,Business,Driving NC II
7,Alianza,26,Male,Unemployed,Elementary Graduate,Carpentry,Construction,Business,Carpentry NC II
7,Balingasag,25,Male,Underemployed,Junior High,Cooking,Retail,Hospitality,Cookery NC II
4,Poblacion,23,Male,Unemployed,College Undergraduate,Driving,Transportation,ICT,Driving NC II
8,Sagasa,32,Female,Underemployed,Senior High,Welding,Construction,Construction,Shielded Metal Arc Welding NC I
2,Caridad,44,Female,Unemployed,College Undergraduate,Cooking,Hospitality,Hospitality,Cookery NC II
4,Bagroy,52,Male,Wage Employed,College Graduate,Computer Literacy,ICT,ICT,Computer Systems Servicing NC II
2,Taloc,23,Female,Unemployed,Junior High,Baking,Hospitality,Hospitality,Bread and Pastry NC II
7,Lag-asan,41,Male,Underemployed,College Undergraduate,Driving,Agriculture,Transportation,Driving NC II
3,Taloc,31,Female,Unemployed,Junior High,Cooking,Business,Hospitality,Cookery NC II
9,Malingin,31,Female,Unemployed,Elementary Graduate,Baking,Hospitality,Hospitality,Bread and Pastry NC II
4,Busay,42,Female,Wage Employed,Senior High,Computer Literacy,None,ICT,Computer Systems Servicing NC II
3,Bagroy,38,Male,Underemployed,Elementary Graduate,Computer Literacy,Government,ICT,Computer Systems Servicing NC II
11,Caridad,41,Female,Unemployed,Senior High,Cooking,Business,Hospitality,Cookery NC II
11,Taloc,33,Male,Unemployed,Senior High,Driving,Government,Hospitality,Driving NC II
11,Busay,52,Male,Unemployed,College Graduate,Cooking,Retail,Hospitality,Cookery NC II
3,Napoles,21,Female,Unemployed,Senior High,Cooking,Government,Hospitality,Cookery NC II
6,Taloc,34,Female,Self-employed,Junior High,Baking,Hospitality,Hospitality,Bread and Pastry NC II
8,Taloc,20,Female,Underemployed,Junior High,Cooking,Hospitality,Hospitality,Cookery NC II
11,Bacong,41,Male,Unemployed,Senior High,Driving,None,Transportation,Driving NC II
6,Bagroy,27,Male,Wage Employed,College Graduate,Carpentry,None,Business,Carpentry NC II
4,Busay,42,Male,Underemployed,College Undergraduate,Computer Literacy,Government,ICT,Computer Systems Servicing NC II
5,Binubuhan,36,Female,Wage Employed,College Undergraduate,Driving,Government,Transportation,Driving NC II
10,Alianza,30,Male,Wage Employed,Senior High,Cooking,Hospitality,Business,Cookery NC II
6,Mailum,25,Male,Self-employed,Senior High,Computer Literacy,Transportation,ICT,Computer Systems Servicing NC II
12,Ilijan,40,Female,Self-employed,Senior High,Baking,Hospitality,Hospitality,Bread and Pastry NC II
4,Poblacion,29,Female,Unemployed,College Undergraduate,Baking,Hospitality,Hospitality,Bread and Pastry NC II
6,Mailum,23,Male,Underemployed,College Graduate,Electrical Repair,Business,Construction,Electrical Installation and Maintenance NC II
12,Alianza,42,Female,Underemployed,Senior High,Computer Literacy,ICT,ICT,Computer Systems Servicing NC II
11,Ma-ao,38,Male,Underemployed,Senior High,Welding,Construction,Construction,Shielded Metal Arc Welding NC I
7,Busay,20,Male,Underemployed,College Undergraduate,Computer Literacy,ICT,ICT,Computer Systems Servicing NC II
2,Mailum,30,Female,Underemployed,Elementary Graduate,Computer Literacy,None,Construction,Computer Systems Servicing NC II
10,Ma-ao,40,Female,Self-employed,College Undergraduate,Computer Literacy,ICT,ICT,Computer Systems Servicing NC II
3,Poblacion,29,Male,Self-employed,College Undergraduate,Driving,Transportation,Transportation,Driving NC II
2,Mailum,44,Male,Unemployed,Senior High,Carpentry,Agriculture,Construction,Carpentry NC II
2,Atipuluan,35,Male,Underemployed,Senior High,Carpentry,Construction,Construction,Carpentry NC II
12,Ma-ao,27,Male,Underemployed,Junior High,Driving,Transportation,Business,Driving NC II
9,Bacong,20,Male,Unemployed,Junior High,Cooking,Agriculture,Hospitality,Cookery NC II
3,Taloc,20,Female,Underemployed,Junior High,Carpentry,Construction,Construction,Carpentry NC II
7,Busay,37,Male,Self-employed,Junior High,Welding,Transportation,Construction,Shielded Metal Arc Welding NC I
2,Busay,26,Male,Unemployed,Junior High,Driving,Agriculture,Transportation,Driving NC II
5,Ma-ao,33,Male,Self-employed,Elementary Graduate,Carpentry,Agriculture,Agriculture,Carpentry NC II
10,Caridad,35,Male,Wage Employed,Senior High,Carpentry,Retail,Agriculture,Carpentry NC II
12,Ma-ao,29,Male,Wage Employed,Elementary Graduate,Masonry,Hospitality,Construction,Masonry NC II
7,Taloc,25,Male,Wage Employed,Junior High,Driving,Transportation,Transportation,Driving NC II
11,Ma-ao,33,Female,Self-employed,Senior High,Computer Literacy,ICT,Construction,Computer Systems Servicing NC II
4,Pacol,22,Male,Self-employed,College Graduate,Driving,Transportation,Business,Driving NC II
3,Atipuluan,42,Male,Underemployed,Senior High,Driving,None,Business,Driving NC II
1,Busay,21,Male,Underemployed,Elementary Graduate,Driving,Transportation,Transportation,Driving NC II
10,Abuanan,37,Male,Self-employed,Junior High,Cooking,Business,Business,Cookery NC II
8,Bacong,34,Male,Underemployed,Senior High,Driving,Transportation,Transportation,Driving NC II
12,Bacong,32,Male,Unemployed,Elementary Graduate,Cooking,Hospitality,Hospitality,Cookery NC II
5,Taloc,23,Male,Wage Employed,Junior High,Cooking,Agriculture,Hospitality,Cookery NC II
2,Bacong,42,Male,Wage Employed,College Undergraduate,Baking,Hospitality,Hospitality,Bread and Pastry NC II
7,Ilijan,22,Male,Self-employed,College Graduate,Computer Literacy,ICT,Transportation,Computer Systems Servicing NC II
12,Bacong,34,Male,Underemployed,College Graduate,Masonry,Construction,Construction,Masonry NC II
2,Binubuhan,48,Male,Underemployed,College Undergraduate,Computer Literacy,Transportation,ICT,Computer Systems Servicing NC II
6,Busay,20,Male,Self-employed,College Undergraduate,Electrical Repair,Manufacturing,Business,Electrical Installation and Maintenance NC II
6,Taloc,37,Male,Underemployed,Senior High,Carpentry,Business,Construction,Carpentry NC II
4,Mailum,36,Male,Self-employed,Junior High,Masonry,Agriculture,Construction,Masonry NC II
9,Atipuluan,34,Male,Underemployed,College Graduate,Cooking,Retail,Hospitality,Cookery NC II
6,Tabunan,47,Female,Wage Employed,College Undergraduate,Computer Literacy,Retail,ICT,Computer Systems Servicing NC II
10,Busay,37,Male,Unemployed,Elementary Graduate,Driving,Government,Transportation,Driving NC II
5,Caridad,34,Female,Self-employed,Junior High,Cooking,Hospitality,Hospitality,Cookery NC II
9,Malingin,26,Male,Underemployed,Junior High,Masonry,Construction,Construction,Masonry NC II
9,Poblacion,19,Male,Wage Employed,Senior High,Baking,Hospitality,Hospitality,Bread and Pastry NC II
1,Ma-ao,37,Female,Unemployed,Elementary Graduate,Baking,Hospitality,Hospitality,Bread and Pastry NC II
5,Taloc,21,Female,Underemployed,Elementary Graduate,Computer Literacy,Manufacturing,Business,Computer Systems Servicing NC II
3,Dulao,22,Male,Self-employed,Junior High,Carpentry,Manufacturing,Construction,Carpentry NC II
11,Poblacion,19,Female,Wage Employed,College Undergraduate,Baking,Government,Business,Bread and Pastry NC II
1,Lag-asan,43,Female,Self-employed,Senior High,Cooking,Retail,Business,Cookery NC II
6,Napoles,43,Female,Unemployed,Senior High,Electrical Repair,Hospitality,Construction,Electrical Installation and Maintenance NC II
1,Bacong,36,Male,Self-employed,College Undergraduate,Baking,Manufacturing,Business,Bread and Pastry NC II
11,Mailum,38,Female,Underemployed,Senior High,Baking,Hospitality,Hospitality,Bread and Pastry NC II
1,Atipuluan,29,Male,Self-employed,College Graduate,Welding,Manufacturing,Construction,Shielded Metal Arc Welding NC I
6,Ilijan,29,Female,Self-employed,Senior High,Computer Literacy,Retail,ICT,Computer Systems Servicing NC II
2,Dulao,27,Male,Unemployed,Senior High,Driving,Government,Hospitality,Driving NC II
6,Poblacion,34,Male,Underemployed,College Undergraduate,Baking,Hospitality,Hospitality,Bread and Pastry NC II
12,Poblacion,18,Male,Unemployed,Junior High,Driving,Hospitality,Transportation,Driving NC II
5,Poblacion,46,Female,Wage Employed,College Graduate,Computer Literacy,Construction,ICT,Computer Systems Servicing NC II
7,Abuanan,40,Male,Underemployed,Senior High,Driving,Transportation,Transportation,Driving NC II
3,Caridad,20,Male,Underemployed,Senior High,Masonry,Agriculture,Business,Masonry NC II
3,Ma-ao,20,Male,Unemployed,Junior High,Driving,Transportation,Transportation,Driving NC II
9,Taloc,39,Male,Unemployed,Senior High,Electrical Repair,Transportation,ICT,Electrical Installation and Maintenance NC II
11,Busay,21,Male,Wage Employed,College Undergraduate,Masonry,Agriculture,Construction,Masonry NC II
2,Lag-asan,28,Male,Self-employed,Senior High,Driving,Agriculture,Transportation,Driving NC II
6,Alianza,19,Male,Wage Employed,Senior High,Driving,Construction,Transportation,Driving NC II
12,Ma-ao,23,Female,Underemployed,College Undergraduate,Computer Literacy,Hospitality,Business,Computer Systems Servicing NC II
12,Bacong,39,Male,Unemployed,Elementary Graduate,Driving,Transportation,Transportation,Driving NC II
6,Poblacion,34,Female,Underemployed,Junior High,Welding,Construction,Construction,Shielded Metal Arc Welding NC I
1,Bacong,22,Male,Self-employed,Senior High,Electrical Repair,Construction,Transportation,Electrical Installation and Maintenance NC II
2,Calumangan,23,Female,Self-employed,Elementary Graduate,Baking,Hospitality,Hospitality,Bread and Pastry NC II
7,Busay,36,Male,Unemployed,Elementary Graduate,Carpentry,Construction,Construction,Carpentry NC II
11,Alianza,26,Male,Underemployed,Junior High,Welding,Manufacturing,Construction,Shielded Metal Arc Welding NC I
8,Bacong,25,Female,Wage Employed,Senior High,Baking,Hospitality,Hospitality,Bread and Pastry NC II
8,Taloc,47,Male,Self-employed,College Graduate,Driving,Transportation,Transportation,Driving NC II
8,Poblacion,34,Male,Unemployed,Senior High,Carpentry,Construction,Construction,Carpentry NC II
9,Sagasa,20,Male,Underemployed,Senior High,Carpentry,Construction,Construction,Carpentry NC II
12,Poblacion,31,Male,Unemployed,Elementary Graduate,Carpentry,Construction,Business,Carpentry NC II
12,Napoles,20,Male,Unemployed,Senior High,Masonry,Agriculture,Construction,Masonry NC II
3,Poblacion,42,Male,Self-employed,College Undergraduate,Driving,Business,Transportation,Driving NC II
10,Taloc,25,Male,Wage Employed,College Undergraduate,Computer Literacy,Retail,Transportation,Computer Systems Servicing NC II
9,Lag-asan,32,Male,Unemployed,College Undergraduate,Computer Literacy,None,ICT,Computer Systems Servicing NC II
10,Busay,39,Male,Underemployed,Senior High,Driving,None,Transportation,Driving NC II
9,Mailum,37,Female,Unemployed,Elementary Graduate,Computer Literacy,Government,Business,Computer Systems Servicing NC II
11,Dulao,29,Male,Self-employed,College Graduate,Computer Literacy,Retail,ICT,Computer Systems Servicing NC II
1,Ma-ao,31,Male,Self-employed,Elementary Graduate,Cooking,Business,Hospitality,Cookery NC II
7,Ma-ao,25,Male,Wage Employed,Senior High,Cooking,Hospitality,Hospitality,Cookery NC II
11,Ilijan,30,Male,Unemployed,Senior High,Carpentry,Manufacturing,Construction,Carpentry NC II
2,Ma-ao,18,Male,Unemployed,Senior High,Driving,Retail,Transportation,Driving NC II
7,Poblacion,24,Male,Underemployed,Senior High,Welding,Retail,Construction,Shielded Metal Arc Welding NC I
2,Tabunan,29,Male,Self-employed,College Graduate,Computer Literacy,ICT,ICT,Computer Systems Servicing NC II
8,Busay,24,Male,Underemployed,Junior High,Driving,Hospitality,Transportation,Driving NC II
9,Abuanan,34,Female,Unemployed,College Undergraduate,Computer Literacy,ICT,ICT,Computer Systems Servicing NC II
12,Atipuluan,24,Male,Underemployed,Senior High,Computer Literacy,ICT,Hospitality,Computer Systems Servicing NC II
4,Binubuhan,35,Female,Underemployed,College Undergraduate,Computer Literacy,Government,ICT,Computer Systems Servicing NC II
5,Ma-ao,33,Female,Wage Employed,Senior High,Baking,Business,Hospitality,Bread and Pastry NC II
10,Caridad,24,Female,Unemployed,College Graduate,Computer Literacy,ICT,ICT,Computer Systems Servicing NC II
6,Bagroy,21,Male,Underemployed,College Undergraduate,Computer Literacy,Manufacturing,ICT,Computer Systems Servicing NC II
12,Ma-ao,37,Female,Unemployed,Elementary Graduate,Cooking,Hospitality,Hospitality,Cookery NC II
7,Taloc,24,Male,Unemployed,Junior High,Carpentry,Retail,Business,Carpentry NC II
7,Poblacion,18,Male,Underemployed,Elementary Graduate,Baking,Hospitality,Hospitality,Bread and Pastry NC II
6,Ma-ao,29,Male,Underemployed,College Undergraduate,Baking,Hospitality,Hospitality,Bread and Pastry NC II
3,Abuanan,21,Male,Wage Employed,Junior High,Computer Literacy,Transportation,ICT,Computer Systems Servicing NC II
1,Busay,18,Male,Self-employed,Elementary Graduate,Baking,Hospitality,Hospitality,Bread and Pastry NC II
10,Bagroy,32,Female,Underemployed,Senior High,Cooking,Hospitality,Hospitality,Cookery NC II
5,Bacong,28,Male,Wage Employed,Junior High,Electrical Repair,Manufacturing,Construction,Electrical Installation and Maintenance NC II
4,Poblacion,24,Male,Self-employed,Elementary Graduate,Carpentry,Business,Construction,Carpentry NC II
7,Taloc,54,Male,Self-employed,College Graduate,Driving,Transportation,Transportation,Driving NC II
2,Bacong,38,Male,Wage Employed,Senior High,Carpentry,None,Construction,Carpentry NC II
1,Ilijan,30,Male,Unemployed,Junior High,Carpentry,Construction,Agriculture,Carpentry NC II
4,Alianza,34,Male,Unemployed,Junior High,Driving,Transportation,Agriculture,Driving NC II
12,Balingasag,40,Female,Underemployed,Elementary Graduate,Cooking,None,Construction,Cookery NC II
12,Poblacion,40,Male,Wage Employed,Elementary Graduate,Electrical Repair,Construction,Construction,Electrical Installation and Maintenance NC II
1,Pacol,21,Female,Unemployed,Junior High,Carpentry,Construction,Agriculture,Carpentry NC II
2,Pacol,44,Male,Wage Employed,Senior High,Computer Literacy,Retail,ICT,Computer Systems Servicing NC II
11,Lag-asan,29,Female,Underemployed,Junior High,Cooking,Hospitality,Hospitality,Cookery NC II
10,Alianza,39,Female,Wage Employed,Senior High,Carpentry,Manufacturing,Construction,Carpentry NC II
11,Bagroy,50,Female,Underemployed,College Graduate,Computer Literacy,ICT,ICT,Computer Systems Servicing NC II
6,Taloc,21,Male,Self-employed,Junior High,Masonry,Agriculture,Construction,Masonry NC II
1,Caridad,41,Male,Self-employed,College Graduate,Masonry,Construction,Construction,Masonry NC II
9,Ilijan,20,Female,Unemployed,Junior High,Driving,Transportation,Transportation,Driving NC II
7,Caridad,30,Male,Underemployed,College Undergraduate,Computer Literacy,Hospitality,ICT,Computer Systems Servicing NC II
5,Bagroy,38,Male,Unemployed,Senior High,Computer Literacy,None,ICT,Computer Systems Servicing NC II
6,Calumangan,28,Female,Underemployed,Junior High,Baking,Hospitality,Hospitality,Bread and Pastry NC II
10,Caridad,27,Male,Self-employed,Senior High,Carpentry,Agriculture,Agriculture,Carpentry NC II
11,Calumangan,32,Female,Wage Employed,Senior High,Driving,Transportation,Transportation,Driving NC II
8,Ma-ao,40,Male,Unemployed,Senior High,Baking,Hospitality,Hospitality,Bread and Pastry NC II
2,Sagasa,24,Female,Underemployed,Elementary Graduate,Baking,Hospitality,Hospitality,Bread and Pastry NC II
10,Ma-ao,33,Female,Self-employed,College Graduate,Driving,Transportation,Agriculture,Driving NC II
5,Dulao,41,Female,Underemployed,Senior High,Computer Literacy,Business,ICT,Computer Systems Servicing NC II
10,Caridad,19,Male,Underemployed,College Undergraduate,Computer Literacy,Business,ICT,Computer Systems Servicing NC II
9,Ilijan,39,Male,Underemployed,College Graduate,Electrical Repair,Construction,Construction,Electrical Installation and Maintenance NC II
7,Busay,22,Male,Unemployed,Elementary Graduate,Masonry,Construction,Construction,Masonry NC II
6,Taloc,27,Female,Wage Employed,College Undergraduate,Baking,Hospitality,Hospitality,Bread and Pastry NC II
12,Poblacion,29,Male,Wage Employed,College Undergraduate,Cooking,Retail,Transportation,Cookery NC II
10,Ilijan,20,Female,Self-employed,College Undergraduate,Electrical Repair,ICT,Construction,Electrical Installation and Maintenance NC II
7,Napoles,30,Male,Unemployed,Junior High,Baking,Retail,Hospitality,Bread and Pastry NC II
6,Sagasa,30,Female,Unemployed,College Undergraduate,Computer Literacy,ICT,ICT,Computer Systems Servicing NC II
11,Dulao,33,Female,Unemployed,Junior High,Electrical Repair,Construction,Construction,Electrical Installation and Maintenance NC II
2,Malingin,23,Male,Unemployed,Senior High,Cooking,Agriculture,Hospitality,Cookery NC II
5,Dulao,35,Male,Underemployed,Junior High,Electrical Repair,Manufacturing,Construction,Electrical Installation and Maintenance NC II
10,Poblacion,42,Male,Unemployed,Junior High,Carpentry,Business,Agriculture,Carpentry NC II
8,Alianza,22,Female,Wage Employed,Elementary Graduate,Cooking,Business,Agriculture,Cookery NC II
11,Caridad,43,Male,Underemployed,Senior High,Driving,Transportation,Transportation,Driving NC II
7,Bagroy,37,Male,Underemployed,Junior High,Cooking,Business,Hospitality,Cookery NC II
2,Poblacion,43,Male,Underemployed,Senior High,Computer Literacy,Government,ICT,Computer Systems Servicing NC II
4,Pacol,29,Male,Self-employed,College Graduate,Cooking,Hospitality,Hospitality,Cookery NC II
6,Bacong,39,Male,Wage Employed,College Graduate,Driving,Transportation,Transportation,Driving NC II
1,Poblacion,35,Male,Underemployed,College Graduate,Driving,Government,Transportation,Driving NC II
1,Caridad,44,Male,Unemployed,Senior High,Masonry,None,Construction,Masonry NC II
5,Busay,29,Female,Unemployed,Senior High,Welding,Manufacturing,Construction,Shielded Metal Arc Welding NC I
11,Taloc,25,Female,Underemployed,College Graduate,Computer Literacy,ICT,ICT,Computer Systems Servicing NC II
5,Mailum,24,Female,Unemployed,Senior High,Masonry,Construction,Construction,Masonry NC II
10,Caridad,43,Male,Self-employed,Senior High,Baking,Hospitality,Hospitality,Bread and Pastry NC II
5,Atipuluan,35,Male,Underemployed,Elementary Graduate,Carpentry,Business,Construction,Carpentry NC II
2,Alianza,23,Male,Underemployed,Senior High,Carpentry,Government,Construction,Carpentry NC II
9,Poblacion,27,Male,Unemployed,College Undergraduate,Computer Literacy,Business,ICT,Computer Systems Servicing NC II
5,Ma-ao,45,Male,Underemployed,College Undergraduate,Baking,Business,ICT,Bread and Pastry NC II
10,Bagroy,23,Female,Underemployed,Junior High,Baking,Hospitality,Hospitality,Bread and Pastry NC II
11,Pacol,36,Male,Unemployed,Junior High,Baking,Hospitality,Hospitality,Bread and Pastry NC II
9,Mailum,34,Female,Underemployed,Junior High,Driving,Hospitality,Transportation,Driving NC II
7,Dulao,42,Female,Underemployed,College Undergraduate,Driving,Transportation,Transportation,Driving NC II
11,Tabunan,22,Female,Underemployed,Junior High,Carpentry,Agriculture,Construction,Carpentry NC II
2,Abuanan,37,Male,Unemployed,Senior High,Baking,Retail,Hospitality,Bread and Pastry NC II
7,Taloc,21,Male,Unemployed,College Undergraduate,Masonry,Agriculture,Construction,Masonry NC II
8,Calumangan,42,Male,Wage Employed,College Undergraduate,Masonry,Agriculture,Construction,Masonry NC II
10,Abuanan,45,Female,Wage Employed,College Undergraduate,Driving,Government,Transportation,Driving NC II
10,Tabunan,33,Female,Underemployed,Senior High,Baking,Retail,Hospitality,Bread and Pastry NC II
10,Ma-ao,41,Male,Wage Employed,Senior High,Driving,Transportation,Transportation,Driving NC II
3,Mailum,37,Male,Underemployed,Senior High,Driving,Agriculture,Transportation,Driving NC II
7,Taloc,53,Female,Wage Employed,College Graduate,Baking,Hospitality,Hospitality,Bread and Pastry NC II
11,Busay,27,Male,Underemployed,College Undergraduate,Carpentry,Business,Construction,Carpentry NC II
1,Dulao,34,Male,Underemployed,Junior High,Cooking,Hospitality,Hospitality,Cookery NC II
4,Sagasa,18,Female,Wage Employed,Elementary Graduate,Cooking,Agriculture,Hospitality,Cookery NC II
8,Dulao,45,Male,Wage Employed,Senior High,Cooking,Business,Hospitality,Cookery NC II
5,Poblacion,39,Male,Underemployed,Junior High,Cooking,Retail,Hospitality,Cookery NC II
11,Busay,42,Male,Wage Employed,Senior High,Driving,Business,Transportation,Driving NC II
5,Binubuhan,45,Female,Wage Employed,Senior High,Cooking,Agriculture,Hospitality,Cookery NC II
12,Busay,31,Male,Underemployed,Elementary Graduate,Electrical Repair,Construction,Construction,Electrical Installation and Maintenance NC II
12,Abuanan,33,Male,Unemployed,Junior High,Carpentry,Construction,Construction,Carpentry NC II
12,Caridad,34,Male,Unemployed,Senior High,Baking,Hospitality,Hospitality,Bread and Pastry NC II
3,Dulao,55,Male,Unemployed,College Graduate,Electrical Repair,Construction,Construction,Electrical Installation and Maintenance NC II
12,Napoles,26,Male,Unemployed,Elementary Graduate,Welding,Construction,Construction,Shielded Metal Arc Welding NC I
12,Caridad,40,Male,Unemployed,Senior High,Cooking,Business,Hospitality,Cookery NC II
9,Malingin,35,Female,Underemployed,Senior High,Cooking,Hospitality,Hospitality,Cookery NC II
2,Dulao,30,Male,Wage Employed,Senior High,Carpentry,Construction,Construction,Carpentry NC II
10,Lag-asan,22,Male,Unemployed,Elementary Graduate,Driving,Retail,Transportation,Driving NC II
8,Ma-ao,45,Male,Unemployed,Senior High,Carpentry,ICT,Construction,Carpentry NC II
1,Bagroy,21,Male,Unemployed,Elementary Graduate,Driving,Transportation,Transportation,Driving NC II
1,Caridad,33,Male,Self-employed,Senior High,Carpentry,Construction,Business,Carpentry NC II
12,Poblacion,22,Male,Underemployed,Junior High,Masonry,Construction,Construction,Masonry NC II
1,Dulao,52,Male,Wage Employed,College Graduate,Carpentry,Agriculture,Construction,Carpentry NC II
5,Binubuhan,34,Male,Unemployed,Senior High,Masonry,Agriculture,Construction,Masonry NC II
5,Napoles,25,Male,Wage Employed,College Undergraduate,Masonry,Construction,Construction,Masonry NC II
3,Dulao,41,Female,Underemployed,Junior High,Carpentry,Construction,Construction,Carpentry NC II
6,Mailum,18,Female,Unemployed,Junior High,Cooking,Hospitality,Hospitality,Cookery NC II
5,Taloc,18,Male,Unemployed,Junior High,Carpentry,Construction,Construction,Carpentry NC II
7,Calumangan,25,Female,Wage Employed,College Graduate,Computer Literacy,Business,ICT,Computer Systems Servicing NC II
6,Busay,34,Male,Self-employed,Elementary Graduate,Electrical Repair,Construction,Construction,Electrical Installation and Maintenance NC II
12,Poblacion,39,Female,Underemployed,College Graduate,Computer Literacy,Government,ICT,Computer Systems Servicing NC II
3,Malingin,19,Male,Self-employed,College Undergraduate,Driving,Government,Transportation,Driving NC II
11,Abuanan,45,Male,Wage Employed,Senior High,Electrical Repair,Manufacturing,Construction,Electrical Installation and Maintenance NC II
3,Napoles,39,Male,Underemployed,Junior High,Carpentry,Manufacturing,Construction,Carpentry NC II
8,Bacong,18,Male,Wage Employed,Senior High,Carpentry,Business,Construction,Carpentry NC II
6,Balingasag,19,Female,Wage Employed,College Undergraduate,Computer Literacy,Retail,ICT,Computer Systems Servicing NC II
3,Bagroy,27,Male,Self-employed,Senior High,Computer Literacy,Transportation,ICT,Computer Systems Servicing NC II
8,Mailum,29,Male,Underemployed,Senior High,Driving,Retail,Transportation,Driving NC II
12,Balingasag,38,Male,Underemployed,Junior High,Welding,Manufacturing,Construction,Shielded Metal Arc Welding NC I
10,Bacong,34,Male,Wage Employed,Senior High,Welding,None,Construction,Shielded Metal Arc Welding NC I
6,Bagroy,31,Male,Unemployed,Junior High,Masonry,Agriculture,Construction,Masonry NC II
7,Dulao,23,Male,Unemployed,Junior High,Carpentry,Construction,Transportation,Carpentry NC II
5,Bagroy,47,Male,Unemployed,College Graduate,Electrical Repair,Construction,ICT,Electrical Installation and Maintenance NC II
8,Poblacion,20,Male,Wage Employed,Senior High,Computer Literacy,Manufacturing,Business,Computer Systems Servicing NC II
1,Poblacion,40,Male,Unemployed,Senior High,Masonry,Agriculture,Construction,Masonry NC II
3,Busay,43,Female,Wage Employed,College Undergraduate,Driving,Transportation,Transportation,Driving NC II
4,Bagroy,36,Male,Self-employed,Senior High,Driving,Agriculture,Agriculture,Driving NC II
7,Mailum,22,Female,Unemployed,Junior High,Cooking,Agriculture,Hospitality,Cookery NC II
11,Napoles,18,Male,Unemployed,Senior High,Baking,Hospitality,Hospitality,Bread and Pastry NC II
5,Ma-ao,30,Male,Wage Employed,Junior High,Welding,Manufacturing,Construction,Shielded Metal Arc Welding NC I
7,Lag-asan,21,Female,Wage Employed,Senior High,Computer Literacy,ICT,ICT,Computer Systems Servicing NC II
8,Bacong,31,Female,Self-employed,Junior High,Cooking,Manufacturing,Hospitality,Cookery NC II
5,Dulao,27,Male,Self-employed,Elementary Graduate,Masonry,Transportation,Construction,Masonry NC II
8,Calumangan,38,Female,Wage Employed,Senior High,Baking,Retail,Transportation,Bread and Pastry NC II
2,Poblacion,22,Male,Self-employed,Junior High,Carpentry,Business,Construction,Carpentry NC II
2,Ma-ao,38,Male,Underemployed,Senior High,Driving,Agriculture,Transportation,Driving NC II
3,Pacol,25,Male,Wage Employed,College Undergraduate,Driving,ICT,Transportation,Driving NC II
11,Poblacion,22,Male,Self-employed,Junior High,Welding,Construction,Construction,Shielded Metal Arc Welding NC I
9,Dulao,39,Male,Wage Employed,College Undergraduate,Driving,Agriculture,Transportation,Driving NC II
2,Ma-ao,26,Female,Self-employed,Senior High,Cooking,Hospitality,Hospitality,Cookery NC II
10,Ma-ao,18,Female,Underemployed,Junior High,Baking,Retail,Agriculture,Bread and Pastry NC II
4,Caridad,37,Female,Underemployed,Senior High,Driving,Agriculture,Transportation,Driving NC II
11,Pacol,31,Male,Self-employed,Junior High,Baking,None,Hospitality,Bread and Pastry NC II
3,Bagroy,51,Male,Self-employed,College Graduate,Computer Literacy,Hospitality,ICT,Computer Systems Servicing NC II
3,Busay,28,Male,Unemployed,Senior High,Electrical Repair,Agriculture,Construction,Electrical Installation and Maintenance NC II
11,Pacol,40,Female,Wage Employed,College Undergraduate,Cooking,Retail,Hospitality,Cookery NC II
4,Tabunan,24,Male,Self-employed,Senior High,Driving,Agriculture,Transportation,Driving NC II
12,Binubuhan,28,Female,Self-employed,Junior High,Driving,Retail,Transportation,Driving NC II
10,Napoles,26,Male,Self-employed,Junior High,Cooking,None,Business,Cookery NC II
8,Mailum,29,Female,Self-employed,Junior High,Cooking,Retail,Hospitality,Cookery NC II
2,Balingasag,27,Female,Unemployed,Senior High,Driving,Agriculture,Transportation,Driving NC II
3,Pacol,30,Male,Unemployed,Junior High,Carpentry,Agriculture,Construction,Carpentry NC II
12,Pacol,41,Male,Underemployed,College Undergraduate,Driving,Transportation,Transportation,Driving NC II
10,Caridad,25,Male,Unemployed,Junior High,Baking,Hospitality,Hospitality,Bread and Pastry NC II
11,Caridad,34,Male,Underemployed,Junior High,Driving,Government,Transportation,Driving NC II
9,Poblacion,28,Female,Unemployed,Senior High,Computer Literacy,Government,ICT,Computer Systems Servicing NC II
1,Taloc,45,Female,Wage Employed,Senior High,Computer Literacy,Government,Agriculture,Computer Systems Servicing NC II
2,Ma-ao,23,Male,Underemployed,Elementary Graduate,Driving,Transportation,Transportation,Driving NC II
6,Poblacion,33,Male,Self-employed,Senior High,Electrical Repair,ICT,Construction,Electrical Installation and Maintenance NC II
8,Bacong,18,Male,Underemployed,Senior High,Carpentry,ICT,Construction,Carpentry NC II
11,Busay,24,Male,Underemployed,College Undergraduate,Computer Literacy,ICT,ICT,Computer Systems Servicing NC II
8,Ilijan,33,Male,Wage Employed,Junior High,Carpentry,Construction,Construction,Carpentry NC II
6,Ilijan,21,Male,Unemployed,Elementary Graduate,Carpentry,Construction,Agriculture,Carpentry NC II
9,Bagroy,24,Female,Underemployed,College Undergraduate,Computer Literacy,ICT,ICT,Computer Systems Servicing NC II
8,Pacol,20,Male,Unemployed,Junior High,Welding,None,Construction,Shielded Metal Arc Welding NC I
4,Binubuhan,32,Male,Underemployed,Senior High,Welding,Construction,Business,Shielded Metal Arc Welding NC I
3,Atipuluan,54,Male,Underemployed,College Graduate,Carpentry,Business,ICT,Carpentry NC II
1,Ma-ao,34,Male,Unemployed,College Undergraduate,Masonry,Agriculture,Business,Masonry NC II
10,Ma-ao,39,Male,Unemployed,Senior High,Cooking,Hospitality,Business,Cookery NC II
6,Napoles,42,Male,Unemployed,Junior High,Baking,Construction,Hospitality,Bread and Pastry NC II
11,Bacong,26,Male,Self-employed,Senior High,Cooking,Government,Hospitality,Cookery NC II
9,Busay,19,Female,Self-employed,Senior High,Carpentry,Agriculture,Agriculture,Carpentry NC II
11,Dulao,46,Female,Wage Employed,College Undergraduate,Driving,Transportation,Transportation,Driving NC II
12,Dulao,21,Male,Wage Employed,College Undergraduate,Welding,None,Construction,Shielded Metal Arc Welding NC I
6,Mailum,22,Male,Self-employed,Junior High,Carpentry,Business,Construction,Carpentry NC II
10,Abuanan,22,Male,Unemployed,Elementary Graduate,Driving,Transportation,Agriculture,Driving NC II
4,Taloc,23,Female,Unemployed,Elementary Graduate,Baking,Government,Hospitality,Bread and Pastry NC II
4,Caridad,24,Male,Wage Employed,Senior High,Driving,ICT,Transportation,Driving NC II
2,Bagroy,55,Female,Wage Employed,College Graduate,Computer Literacy,ICT,ICT,Computer Systems Servicing NC II
11,Atipuluan,44,Male,Underemployed,College Graduate,Computer Literacy,ICT,ICT,Computer Systems Servicing NC II
1,Bagroy,42,Male,Self-employed,College Graduate,Carpentry,Construction,Construction,Carpentry NC II
9,Bagroy,31,Male,Unemployed,Elementary Graduate,Baking,Hospitality,Hospitality,Bread and Pastry NC II
1,Ma-ao,39,Male,Underemployed,College Undergraduate,Electrical Repair,None,ICT,Electrical Installation and Maintenance NC II
2,Busay,33,Male,Unemployed,Senior High,Electrical Repair,ICT,Business,Electrical Installation and Maintenance NC II
3,Tabunan,18,Male,Self-employed,Junior High,Driving,Agriculture,Transportation,Driving NC II
2,Balingasag,35,Female,Self-employed,College Undergraduate,Cooking,Agriculture,Hospitality,Cookery NC II
5,Ma-ao,32,Female,Self-employed,Senior High,Computer Literacy,ICT,ICT,Computer Systems Servicing NC II
11,Abuanan,20,Female,Underemployed,College Undergraduate,Computer Literacy,ICT,ICT,Computer Systems Servicing NC II
5,Dulao,36,Female,Self-employed,Senior High,Cooking,Hospitality,Hospitality,Cookery NC II
6,Bacong,34,Male,Unemployed,College Undergraduate,Driving,Transportation,Agriculture,Driving NC II
5,Sagasa,22,Female,Unemployed,College Undergraduate,Computer Literacy,ICT,ICT,Computer Systems Servicing NC II
12,Abuanan,22,Female,Underemployed,Junior High,Computer Literacy,Transportation,Business,Computer Systems Servicing NC II
11,Mailum,34,Male,Self-employed,Senior High,Computer Literacy,ICT,ICT,Computer Systems Servicing NC II
8,Caridad,28,Male,Unemployed,Junior High,Carpentry,Retail,Construction,Carpentry NC II
3,Bagroy,20,Male,Self-employed,Senior High,Computer Literacy,Transportation,Construction,Computer Systems Servicing NC II
7,Bacong,20,Male,Self-employed,Junior High,Driving,ICT,Transportation,Driving NC II
11,Dulao,23,Male,Unemployed,Senior High,Computer Literacy,Hospitality,ICT,Computer Systems Servicing NC II
8,Bacong,19,Male,Self-employed,Elementary Graduate,Masonry,Agriculture,Construction,Masonry NC II
8,Poblacion,37,Male,Wage Employed,Junior High,Masonry,Agriculture,Construction,Masonry NC II
6,Binubuhan,34,Male,Underemployed,Senior High,Electrical Repair,Manufacturing,ICT,Electrical Installation and Maintenance NC II
10,Ma-ao,40,Female,Self-employed,Junior High,Baking,Hospitality,Hospitality,Bread and Pastry NC II
7,Ma-ao,39,Male,Wage Employed,College Graduate,Driving,Transportation,Transportation,Driving NC II
10,Abuanan,41,Male,Self-employed,Senior High,Welding,Business,Construction,Shielded Metal Arc Welding NC I
1,Busay,37,Male,Unemployed,Senior High,Masonry,Construction,Construction,Masonry NC II
2,Poblacion,43,Male,Wage Employed,College Undergraduate,Masonry,Agriculture,Construction,Masonry NC II
4,Pacol,28,Male,Self-employed,Senior High,Masonry,Agriculture,Construction,Masonry NC II
12,Caridad,43,Male,Wage Employed,College Graduate,Masonry,Construction,Agriculture,Masonry NC II
5,Poblacion,19,Male,Unemployed,Senior High,Welding,Hospitality,Construction,Shielded Metal Arc Welding NC I
4,Binubuhan,25,Male,Underemployed,Senior High,Baking,Retail,Hospitality,Bread and Pastry NC II
7,Lag-asan,37,Male,Wage Employed,College Undergraduate,Driving,Transportation,Business,Driving NC II
3,Taloc,25,Male,Unemployed,Elementary Graduate,Carpentry,Retail,Construction,Carpentry NC II
6,Balingasag,42,Male,Underemployed,College Graduate,Masonry,Agriculture,Construction,Masonry NC II
8,Abuanan,32,Male,Underemployed,College Undergraduate,Computer Literacy,Business,ICT,Computer Systems Servicing NC II
12,Ilijan,47,Female,Wage Employed,College Undergraduate,Computer Literacy,Retail,ICT,Computer Systems Servicing NC II
11,Lag-asan,35,Female,Wage Employed,College Undergraduate,Computer Literacy,ICT,ICT,Computer Systems Servicing NC II
10,Binubuhan,32,Male,Unemployed,College Undergraduate,Carpentry,Retail,Transportation,Carpentry NC II
12,Caridad,41,Female,Self-employed,College Undergraduate,Computer Literacy,ICT,Business,Computer Systems Servicing NC II
6,Mailum,24,Male,Self-employed,Senior High,Driving,Transportation,Transportation,Driving NC II
10,Abuanan,34,Male,Unemployed,Senior High,Computer Literacy,Transportation,ICT,Computer Systems Servicing NC II
12,Tabunan,22,Male,Wage Employed,Senior High,Carpentry,Retail,Construction,Carpentry NC II
6,Busay,22,Male,Wage Employed,College Undergraduate,Electrical Repair,Manufacturing,Construction,Electrical Installation and Maintenance NC II
2,Dulao,39,Female,Underemployed,Junior High,Cooking,Business,Construction,Cookery NC II
10,Malingin,33,Male,Unemployed,Elementary Graduate,Baking,Business,Agriculture,Bread and Pastry NC II
5,Pacol,24,Female,Underemployed,Junior High,Baking,Hospitality,Hospitality,Bread and Pastry NC II
1,Lag-asan,40,Female,Unemployed,Junior High,Computer Literacy,Government,Hospitality,Computer Systems Servicing NC II
11,Alianza,24,Male,Unemployed,Senior High,Driving,Construction,Transportation,Driving NC II
8,Malingin,47,Male,Underemployed,College Undergraduate,Electrical Repair,Manufacturing,Construction,Electrical Installation and Maintenance NC II
7,Bagroy,45,Female,Unemployed,College Undergraduate,Carpentry,Construction,Construction,Carpentry NC II
11,Busay,36,Male,Underemployed,Junior High,Masonry,Manufacturing,Hospitality,Masonry NC II
8,Alianza,37,Male,Underemployed,Elementary Graduate,Driving,Business,Transportation,Driving NC II
7,Taloc,41,Female,Underemployed,Senior High,Cooking,Hospitality,Hospitality,Cookery NC II
8,Taloc,46,Male,Self-employed,College Undergraduate,Electrical Repair,Construction,Construction,Electrical Installation and Maintenance NC II
9,Mailum,40,Male,Unemployed,Senior High,Driving,Transportation,Transportation,Driving NC II
7,Alianza,30,Male,Unemployed,College Undergraduate,Computer Literacy,ICT,ICT,Computer Systems Servicing NC II
6,Bagroy,21,Female,Unemployed,Junior High,Cooking,Hospitality,Hospitality,Cookery NC II
10,Abuanan,21,Male,Unemployed,Elementary Graduate,Cooking,Hospitality,Hospitality,Cookery NC II
10,Busay,33,Male,Underemployed,Senior High,Baking,Hospitality,Hospitality,Bread and Pastry NC II
11,Bagroy,32,Male,Self-employed,Junior High,Driving,Agriculture,Transportation,Driving NC II
11,Bacong,27,Male,Unemployed,Junior High,Baking,Business,Hospitality,Bread and Pastry NC II
4,Balingasag,29,Male,Unemployed,Junior High,Carpentry,Agriculture,Construction,Carpentry NC II
11,Bacong,27,Male,Unemployed,Elementary Graduate,Driving,Retail,Transportation,Driving NC II
12,Dulao,48,Female,Wage Employed,College Undergraduate,Computer Literacy,Transportation,ICT,Computer Systems Servicing NC II
3,Sagasa,22,Male,Underemployed,Elementary Graduate,Carpentry,Construction,Construction,Carpentry NC II
2,Alianza,19,Male,Unemployed,College Undergraduate,Computer Literacy,ICT,ICT,Computer Systems Servicing NC II
2,Busay,32,Male,Underemployed,Junior High,Driving,Agriculture,Transportation,Driving NC II
2,Tabunan,40,Female,Underemployed,Junior High,Electrical Repair,ICT,Construction,Electrical Installation and Maintenance NC II
8,Tabunan,48,Female,Wage Employed,College Graduate,Computer Literacy,Business,ICT,Computer Systems Servicing NC II
4,Taloc,22,Female,Unemployed,Elementary Graduate,Cooking,Government,Business,Cookery NC II
9,Binubuhan,31,Female,Underemployed,Elementary Graduate,Welding,None,Construction,Shielded Metal Arc Welding NC I
11,Taloc,31,Male,Underemployed,Junior High,Electrical Repair,Construction,ICT,Electrical Installation and Maintenance NC II
5,Taloc,33,Male,Self-employed,Junior High,Masonry,Transportation,Business,Masonry NC II
8,Atipuluan,35,Male,Self-employed,Senior High,Driving,Business,Transportation,Driving NC II
4,Poblacion,20,Male,Unemployed,Elementary Graduate,Welding,Government,Construction,Shielded Metal Arc Welding NC I
10,Mailum,32,Female,Underemployed,Junior High,Computer Literacy,ICT,Transportation,Computer Systems Servicing NC II
11,Caridad,36,Female,Underemployed,College Graduate,Cooking,Hospitality,Hospitality,Cookery NC II
4,Atipuluan,19,Male,Wage Employed,Senior High,Driving,Transportation,Transportation,Driving NC II
10,Ma-ao,25,Male,Self-employed,Senior High,Welding,Construction,Construction,Shielded Metal Arc Welding NC I
8,Atipuluan,27,Male,Self-employed,Senior High,Driving,Agriculture,Transportation,Driving NC II
12,Taloc,20,Male,Wage Employed,Elementary Graduate,Masonry,Agriculture,Construction,Masonry NC II
4,Pacol,43,Female,Underemployed,College Undergraduate,Cooking,Business,Hospitality,Cookery NC II
1,Caridad,29,Male,Unemployed,Senior High,Computer Literacy,Retail,ICT,Computer Systems Servicing NC II
7,Bacong,22,Male,Wage Employed,Junior High,Electrical Repair,Manufacturing,Construction,Electrical Installation and Maintenance NC II
3,Taloc,37,Male,Unemployed,Elementary Graduate,Driving,Transportation,Transportation,Driving NC II
5,Abuanan,53,Female,Self-employed,College Graduate,Driving,Transportation,Business,Driving NC II
8,Atipuluan,39,Female,Unemployed,Junior High,Baking,Retail,Hospitality,Bread and Pastry NC II
4,Busay,39,Male,Self-employed,College Graduate,Cooking,Agriculture,Business,Cookery NC II
2,Napoles,36,Male,Unemployed,Elementary Graduate,Driving,Government,Agriculture,Driving NC II
1,Bagroy,47,Male,Wage Employed,College Graduate,Carpentry,Agriculture,Construction,Carpentry NC II
11,Poblacion,29,Male,Underemployed,College Undergraduate,Driving,Transportation,Transportation,Driving NC II
4,Busay,27,Male,Unemployed,Junior High,Welding,Construction,Construction,Shielded Metal Arc Welding NC I
5,Busay,36,Male,Wage Employed,College Undergraduate,Welding,Hospitality,Construction,Shielded Metal Arc Welding NC I
9,Napoles,33,Male,Self-employed,Senior High,Driving,Transportation,Transportation,Driving NC II
8,Bagroy,19,Male,Self-employed,Junior High,Cooking,Hospitality,Hospitality,Cookery NC II
9,Ma-ao,29,Male,Unemployed,Junior High,Baking,Hospitality,Business,Bread and Pastry NC II
1,Ma-ao,25,Male,Wage Employed,Senior High,Masonry,Agriculture,Construction,Masonry NC II
11,Ilijan,49,Male,Wage Employed,College Graduate,Computer Literacy,Retail,Transportation,Computer Systems Servicing NC II
9,Balingasag,25,Male,Unemployed,Junior High,Cooking,Business,Hospitality,Cookery NC II
5,Bacong,25,Female,Self-employed,College Undergraduate,Baking,Hospitality,Hospitality,Bread and Pastry NC II
12,Ma-ao,48,Female,Self-employed,College Undergraduate,Computer Literacy,Transportation,ICT,Computer Systems Servicing NC II
4,Abuanan,26,Male,Self-employed,Elementary Graduate,Carpentry,Construction,Construction,Carpentry NC II
4,Taloc,55,Male,Wage Employed,College Graduate,Welding,Manufacturing,Construction,Shielded Metal Arc Welding NC I
4,Alianza,41,Male,Self-employed,Junior High,Cooking,Hospitality,Hospitality,Cookery NC II
4,Taloc,20,Male,Unemployed,Senior High,Driving,Retail,Transportation,Driving NC II
5,Ma-ao,32,Female,Self-employed,Senior High,Computer Literacy,Hospitality,Business,Computer Systems Servicing NC II
1,Ma-ao,32,Female,Self-employed,Senior High,Cooking,Hospitality,Hospitality,Cookery NC II
11,Abuanan,24,Male,Wage Employed,Senior High,Carpentry,Business,Construction,Carpentry NC II
3,Dulao,21,Female,Underemployed,College Undergraduate,Baking,Hospitality,Hospitality,Bread and Pastry NC II
11,Tabunan,27,Male,Unemployed,Junior High,Masonry,Agriculture,Construction,Masonry NC II
11,Calumangan,45,Male,Self-employed,Senior High,Driving,Transportation,Agriculture,Driving NC II
9,Bacong,47,Female,Underemployed,College Graduate,Baking,Hospitality,Hospitality,Bread and Pastry NC II
9,Poblacion,34,Male,Wage Employed,College Undergraduate,Driving,Transportation,Transportation,Driving NC II
12,Pacol,33,Female,Wage Employed,College Undergraduate,Cooking,Government,Hospitality,Cookery NC II
1,Binubuhan,35,Female,Self-employed,College Graduate,Baking,Hospitality,Hospitality,Bread and Pastry NC II
7,Busay,39,Female,Wage Employed,Senior High,Cooking,Hospitality,Hospitality,Cookery NC II
7,Sagasa,29,Male,Underemployed,Elementary Graduate,Masonry,Agriculture,Construction,Masonry NC II
12,Atipuluan,53,Male,Wage Employed,College Graduate,Computer Literacy,ICT,Business,Computer Systems Servicing NC II
1,Caridad,40,Male,Underemployed,Junior High,Welding,Manufacturing,Construction,Shielded Metal Arc Welding NC I
2,Poblacion,35,Male,Underemployed,Elementary Graduate,Driving,Business,Agriculture,Driving NC II
7,Binubuhan,44,Male,Underemployed,Senior High,Carpentry,Business,Construction,Carpentry NC II
2,Taloc,25,Male,Self-employed,Junior High,Electrical Repair,ICT,Construction,Electrical Installation and Maintenance NC II
7,Ma-ao,34,Male,Underemployed,Senior High,Baking,Hospitality,Hospitality,Bread and Pastry NC II
3,Bacong,37,Female,Self-employed,College Graduate,Driving,Transportation,Transportation,Driving NC II
3,Binubuhan,36,Female,Underemployed,Junior High,Cooking,Hospitality,Hospitality,Cookery NC II
4,Dulao,26,Male,Unemployed,Senior High,Masonry,Construction,Construction,Masonry NC II
2,Napoles,31,Male,Wage Employed,College Graduate,Masonry,Construction,ICT,Masonry NC II
12,Bagroy,45,Male,Self-employed,Senior High,Driving,Retail,Transportation,Driving NC II
9,Binubuhan,38,Female,Self-employed,Junior High,Driving,Government,Transportation,Driving NC II
6,Mailum,45,Male,Self-employed,College Graduate,Masonry,Construction,Hospitality,Masonry NC II
10,Ma-ao,40,Male,Self-employed,Senior High,Masonry,Construction,Agriculture,Masonry NC II
6,Busay,45,Female,Wage Employed,Senior High,Baking,Hospitality,Hospitality,Bread and Pastry NC II
12,Bacong,34,Female,Self-employed,College Graduate,Computer Literacy,Government,ICT,Computer Systems Servicing NC II
6,Poblacion,27,Male,Underemployed,Junior High,Masonry,Construction,Construction,Masonry NC II
7,Poblacion,37,Male,Unemployed,Junior High,Masonry,Construction,Construction,Masonry NC II
8,Ma-ao,24,Male,Underemployed,Junior High,Driving,Hospitality,Transportation,Driving NC II
2,Bacong,27,Female,Underemployed,College Undergraduate,Baking,Retail,Hospitality,Bread and Pastry NC II
5,Ma-ao,30,Male,Unemployed,Junior High,Computer Literacy,Government,ICT,Computer Systems Servicing NC II
10,Ma-ao,31,Male,Unemployed,Junior High,Computer Literacy,Government,Agriculture,Computer Systems Servicing NC II
5,Taloc,26,Male,Self-employed,College Undergraduate,Carpentry,None,Business,Carpentry NC II
4,Calumangan,26,Male,Unemployed,Junior High,Cooking,Agriculture,Hospitality,Cookery NC II
7,Taloc,29,Male,Underemployed,Junior High,Masonry,Manufacturing,Construction,Masonry NC II
2,Mailum,19,Male,Unemployed,College Undergraduate,Carpentry,Construction,Construction,Carpentry NC II
5,Tabunan,27,Male,Self-employed,College Undergraduate,Driving,Transportation,Transportation,Driving NC II
12,Bacong,25,Male,Unemployed,Elementary Graduate,Driving,Transportation,Transportation,Driving NC II
10,Atipuluan,50,Male,Wage Employed,College Graduate,Computer Literacy,Retail,ICT,Computer Systems Servicing NC II
2,Ma-ao,37,Female,Unemployed,College Graduate,Baking,Hospitality,Business,Bread and Pastry NC II
3,Busay,48,Female,Self-employed,College Undergraduate,Baking,Hospitality,Hospitality,Bread and Pastry NC II
8,Poblacion,46,Female,Self-employed,College Undergraduate,Computer Literacy,ICT,ICT,Computer Systems Servicing NC II
9,Pacol,32,Male,Underemployed,Senior High,Carpentry,Construction,Construction,Carpentry NC II
8,Ilijan,38,Male,Underemployed,College Graduate,Driving,Transportation,Business,Driving NC II
7,Abuanan,18,Female,Unemployed,Elementary Graduate,Cooking,Hospitality,Hospitality,Cookery NC II
12,Caridad,25,Female,Underemployed,Senior High,Computer Literacy,ICT,ICT,Computer Systems Servicing NC II
7,Tabunan,19,Male,Unemployed,Elementary Graduate,Driving,Transportation,Transportation,Driving NC II
3,Taloc,28,Male,Self-employed,College Undergraduate,Baking,Hospitality,Hospitality,Bread and Pastry NC II
9,Alianza,44,Female,Self-employed,College Graduate,Computer Literacy,ICT,ICT,Computer Systems Servicing NC II
8,Mailum,22,Female,Underemployed,Junior High,Driving,Retail,Transportation,Driving NC II
7,Ma-ao,18,Male,Underemployed,Senior High,Cooking,Business,Hospitality,Cookery NC II
3,Taloc,33,Female,Unemployed,Elementary Graduate,Computer Literacy,ICT,Business,Computer Systems Servicing NC II
12,Tabunan,26,Female,Wage Employed,Elementary Graduate,Computer Literacy,Government,Business,Computer Systems Servicing NC II
5,Malingin,25,Male,Underemployed,Elementary Graduate,Carpentry,Agriculture,Construction,Carpentry NC II
4,Balingasag,22,Male,Underemployed,Senior High,Carpentry,Agriculture,Construction,Carpentry NC II
6,Atipuluan,19,Male,Unemployed,Junior High,Driving,Transportation,Transportation,Driving NC II
10,Taloc,33,Female,Underemployed,Senior High,Carpentry,Government,Construction,Carpentry NC II
9,Abuanan,21,Male,Self-employed,Junior High,Carpentry,Construction,Construction,Carpentry NC II
12,Mailum,27,Male,Underemployed,Senior High,Cooking,Agriculture,Hospitality,Cookery NC II
8,Tabunan,44,Female,Self-employed,Senior High,Driving,Agriculture,Transportation,Driving NC II
4,Ilijan,38,Male,Underemployed,Senior High,Baking,Hospitality,Hospitality,Bread and Pastry NC II
5,Poblacion,37,Male,Unemployed,Junior High,Electrical Repair,Business,Construction,Electrical Installation and Maintenance NC II
12,Dulao,30,Male,Unemployed,College Graduate,Computer Literacy,Business,ICT,Computer Systems Servicing NC II
3,Alianza,40,Male,Unemployed,Elementary Graduate,Carpentry,Agriculture,Agriculture,Carpentry NC II
6,Bacong,44,Male,Unemployed,College Undergraduate,Driving,Agriculture,Transportation,Driving NC II
3,Taloc,27,Male,Self-employed,College Undergraduate,Computer Literacy,ICT,ICT,Computer Systems Servicing NC II
8,Abuanan,27,Male,Unemployed,Senior High,Baking,Hospitality,Hospitality,Bread and Pastry NC II
12,Dulao,30,Female,Unemployed,Senior High,Computer Literacy,ICT,ICT,Computer Systems Servicing NC II
8,Ma-ao,39,Female,Underemployed,College Undergraduate,Computer Literacy,ICT,ICT,Computer Systems Servicing NC II
1,Caridad,26,Female,Self-employed,College Undergraduate,Computer Literacy,Government,ICT,Computer Systems Servicing NC II
11,Poblacion,48,Male,Wage Employed,College Graduate,Driving,Transportation,Transportation,Driving NC II
4,Ma-ao,46,Female,Underemployed,College Graduate,Computer Literacy,ICT,ICT,Computer Systems Servicing NC II
3,Balingasag,42,Female,Wage Employed,College Graduate,Cooking,Hospitality,Hospitality,Cookery NC II
3,Calumangan,18,Female,Underemployed,Senior High,Driving,Agriculture,Transportation,Driving NC II
7,Balingasag,20,Female,Underemployed,Senior High,Cooking,Hospitality,Hospitality,Cookery NC II
8,Lag-asan,20,Male,Unemployed,Junior High,Computer Literacy,ICT,Business,Computer Systems Servicing NC II
10,Dulao,25,Male,Unemployed,College Undergraduate,Computer Literacy,None,ICT,Computer Systems Servicing NC II
4,Mailum,36,Male,Unemployed,Junior High,Driving,ICT,Transportation,Driving NC II
9,Napoles,20,Male,Wage Employed,Senior High,Computer Literacy,Hospitality,ICT,Computer Systems Servicing NC II
5,Poblacion,39,Male,Wage Employed,College Undergraduate,Computer Literacy,ICT,ICT,Computer Systems Servicing NC II
12,Ilijan,31,Female,Unemployed,Junior High,Driving,Hospitality,Business,Driving NC II
6,Pacol,29,Male,Self-employed,Elementary Graduate,Driving,Construction,Transportation,Driving NC II
12,Taloc,46,Male,Wage Employed,College Undergraduate,Welding,Manufacturing,Construction,Shielded Metal Arc Welding NC I
2,Atipuluan,28,Male,Underemployed,Senior High,Driving,Transportation,Transportation,Driving NC II
10,Mailum,37,Male,Self-employed,College Graduate,Computer Literacy,Government,ICT,Computer Systems Servicing NC II
5,Napoles,26,Female,Wage Employed,College Undergraduate,Driving,Business,Transportation,Driving NC II
10,Ma-ao,27,Male,Self-employed,Junior High,Carpentry,Retail,Construction,Carpentry NC II
11,Ma-ao,24,Male,Underemployed,Junior High,Electrical Repair,Construction,Construction,Electrical Installation and Maintenance NC II
4,Abuanan,24,Female,Self-employed,Senior High,Baking,Retail,Hospitality,Bread and Pastry NC II
5,Lag-asan,29,Male,Unemployed,College Undergraduate,Cooking,Business,Hospitality,Cookery NC II
3,Dulao,26,Male,Underemployed,Elementary Graduate,Driving,Transportation,Transportation,Driving NC II
2,Pacol,31,Male,Unemployed,Elementary Graduate,Cooking,Hospitality,Hospitality,Cookery NC II
11,Busay,39,Female,Wage Employed,College Graduate,Computer Literacy,Retail,ICT,Computer Systems Servicing NC II
7,Busay,26,Female,Underemployed,Junior High,Computer Literacy,Transportation,Business,Computer Systems Servicing NC II
11,Taloc,38,Male,Wage Employed,College Undergraduate,Driving,Hospitality,Transportation,Driving NC II
5,Pacol,23,Male,Underemployed,Junior High,Driving,Transportation,Transportation,Driving NC II
6,Sagasa,24,Male,Self-employed,Junior High,Cooking,Business,Hospitality,Cookery NC II
12,Caridad,31,Female,Unemployed,Elementary Graduate,Driving,Transportation,Business,Driving NC II
10,Busay,48,Female,Self-employed,College Undergraduate,Computer Literacy,Hospitality,ICT,Computer Systems Servicing NC II
3,Busay,42,Male,Self-employed,Junior High,Welding,Manufacturing,Construction,Shielded Metal Arc Welding NC I
6,Caridad,35,Male,Unemployed,Junior High,Cooking,Business,Hospitality,Cookery NC II
4,Bagroy,22,Male,Unemployed,Junior High,Driving,Government,Transportation,Driving NC II
3,Malingin,43,Female,Underemployed,College Undergraduate,Carpentry,Construction,Construction,Carpentry NC II
2,Bagroy,20,Male,Unemployed,Elementary Graduate,Cooking,Business,Hospitality,Cookery NC II
10,Bagroy,36,Female,Underemployed,Junior High,Driving,Agriculture,Transportation,Driving NC II
5,Bagroy,42,Female,Self-employed,College Undergraduate,Computer Literacy,Transportation,ICT,Computer Systems Servicing NC II
12,Mailum,21,Male,Underemployed,Elementary Graduate,Cooking,Agriculture,Hospitality,Cookery NC II
9,Busay,20,Male,Underemployed,Junior High,Computer Literacy,Business,ICT,Computer Systems Servicing NC II
2,Ma-ao,41,Male,Wage Employed,College Undergraduate,Baking,Hospitality,Hospitality,Bread and Pastry NC II
12,Sagasa,22,Male,Wage Employed,College Graduate,Driving,Agriculture,Transportation,Driving NC II
12,Tabunan,35,Male,Unemployed,Elementary Graduate,Baking,Hospitality,Hospitality,Bread and Pastry NC II
11,Bagroy,26,Female,Underemployed,Elementary Graduate,Baking,None,Hospitality,Bread and Pastry NC II
8,Ma-ao,28,Male,Self-employed,Senior High,Computer Literacy,Retail,ICT,Computer Systems Servicing NC II
3,Binubuhan,33,Female,Unemployed,Senior High,Cooking,Hospitality,Hospitality,Cookery NC II
4,Alianza,35,Male,Self-employed,Senior High,Driving,ICT,Transportation,Driving NC II
1,Calumangan,34,Male,Wage Employed,Elementary Graduate,Welding,Construction,Construction,Shielded Metal Arc Welding NC I
4,Ilijan,38,Male,Underemployed,Junior High,Computer Literacy,Government,Business,Computer Systems Servicing NC II
11,Lag-asan,37,Male,Wage Employed,Senior High,Driving,Transportation,Transportation,Driving NC II
5,Taloc,34,Male,Self-employed,Senior High,Computer Literacy,Business,ICT,Computer Systems Servicing NC II
12,Poblacion,45,Male,Self-employed,Senior High,Baking,Hospitality,Agriculture,Bread and Pastry NC II
9,Ilijan,31,Female,Self-employed,Senior High,Driving,Business,Business,Driving NC II
12,Ma-ao,28,Male,Wage Employed,Junior High,Driving,Transportation,Transportation,Driving NC II
10,Lag-asan,42,Male,Underemployed,Senior High,Cooking,Hospitality,Hospitality,Cookery NC II
10,Bagroy,41,Male,Unemployed,Senior High,Carpentry,Agriculture,Construction,Carpentry NC II
9,Ma-ao,20,Male,Underemployed,Senior High,Baking,Hospitality,Hospitality,Bread and Pastry NC II
1,Poblacion,18,Male,Underemployed,Junior High,Computer Literacy,Transportation,Business,Computer Systems Servicing NC II
2,Taloc,35,Female,Unemployed,Senior High,Baking,Retail,Hospitality,Bread and Pastry NC II
9,Bacong,20,Male,Self-employed,Junior High,Driving,None,Transportation,Driving NC II
10,Taloc,30,Female,Unemployed,Senior High,Cooking,Retail,Hospitality,Cookery NC II
12,Caridad,41,Female,Wage Employed,Junior High,Baking,Retail,Hospitality,Bread and Pastry NC II
1,Bacong,34,Male,Self-employed,Junior High,Cooking,Hospitality,Hospitality,Cookery NC II
6,Dulao,43,Female,Unemployed,College Undergraduate,Cooking,Government,Business,Cookery NC II
9,Dulao,27,Male,Unemployed,Senior High,Carpentry,Government,Construction,Carpentry NC II
6,Poblacion,18,Male,Wage Employed,Senior High,Cooking,Retail,Hospitality,Cookery NC II
12,Dulao,41,Male,Unemployed,Senior High,Welding,Construction,Construction,Shielded Metal Arc Welding NC I
3,Ma-ao,40,Male,Wage Employed,Junior High,Baking,Hospitality,Hospitality,Bread and Pastry NC II
11,Pacol,35,Male,Underemployed,Elementary Graduate,Masonry,Agriculture,Construction,Masonry NC II
9,Busay,37,Male,Unemployed,College Graduate,Computer Literacy,Business,ICT,Computer Systems Servicing NC II
7,Taloc,25,Male,Self-employed,Senior High,Masonry,Manufacturing,Business,Masonry NC II
9,Balingasag,31,Male,Unemployed,Senior High,Cooking,Retail,Hospitality,Cookery NC II
5,Abuanan,30,Female,Unemployed,College Graduate,Computer Literacy,Government,ICT,Computer Systems Servicing NC II
3,Ma-ao,34,Male,Unemployed,Senior High,Computer Literacy,Manufacturing,ICT,Computer Systems Servicing NC II
3,Taloc,33,Male,Underemployed,Senior High,Cooking,Agriculture,Hospitality,Cookery NC II
5,Poblacion,21,Female,Unemployed,Junior High,Computer Literacy,ICT,Business,Computer Systems Servicing NC II
9,Lag-asan,27,Female,Unemployed,Senior High,Cooking,Retail,Hospitality,Cookery NC II
10,Tabunan,18,Male,Unemployed,Senior High,Baking,Construction,Hospitality,Bread and Pastry NC II
5,Mailum,30,Female,Unemployed,Senior High,Cooking,Hospitality,Hospitality,Cookery NC II
9,Calumangan,31,Male,Underemployed,Junior High,Cooking,Hospitality,Hospitality,Cookery NC II
9,Abuanan,38,Male,Wage Employed,College Undergraduate,Computer Literacy,ICT,ICT,Computer Systems Servicing NC II
8,Caridad,23,Male,Unemployed,Elementary Graduate,Carpentry,Business,Construction,Carpentry NC II
11,Poblacion,21,Female,Underemployed,Senior High,Cooking,Transportation,Business,Cookery NC II
10,Balingasag,27,Male,Underemployed,Junior High,Masonry,Agriculture,Construction,Masonry NC II
3,Lag-asan,22,Male,Unemployed,Junior High,Carpentry,Agriculture,Business,Carpentry NC II
7,Lag-asan,33,Male,Underemployed,College Graduate,Computer Literacy,Government,Business,Computer Systems Servicing NC II
9,Bacong,45,Male,Wage Employed,Senior High,Welding,Construction,Construction,Shielded Metal Arc Welding NC I
8,Bacong,49,Male,Underemployed,College Graduate,Masonry,Construction,Construction,Masonry NC II
3,Balingasag,18,Male,Unemployed,Senior High,Carpentry,Business,Construction,Carpentry NC II
3,Caridad,50,Female,Self-employed,College Graduate,Welding,Construction,ICT,Shielded Metal Arc Welding NC I
4,Mailum,24,Male,Underemployed,College Graduate,Driving,Business,Business,Driving NC II
9,Binubuhan,19,Female,Self-employed,Elementary Graduate,Driving,Agriculture,Transportation,Driving NC II
5,Mailum,38,Male,Unemployed,College Undergraduate,Masonry,Agriculture,Business,Masonry NC II
4,Caridad,26,Female,Underemployed,College Undergraduate,Carpentry,Agriculture,Construction,Carpentry NC II
7,Lag-asan,39,Female,Self-employed,Senior High,Driving,Transportation,Transportation,Driving NC II
9,Poblacion,24,Male,Underemployed,Elementary Graduate,Driving,Transportation,Transportation,Driving NC II
10,Caridad,45,Male,Underemployed,Senior High,Carpentry,Agriculture,Construction,Carpentry NC II
10,Caridad,26,Male,Wage Employed,Senior High,Driving,Agriculture,Transportation,Driving NC II
4,Balingasag,39,Male,Underemployed,College Graduate,Cooking,Agriculture,Hospitality,Cookery NC II
6,Dulao,43,Male,Self-employed,College Undergraduate,Driving,Transportation,Transportation,Driving NC II
9,Ilijan,21,Male,Self-employed,Senior High,Driving,Agriculture,Transportation,Driving NC II
5,Busay,28,Male,Unemployed,Elementary Graduate,Cooking,Business,Hospitality,Cookery NC II
12,Napoles,29,Male,Unemployed,Junior High,Welding,Construction,Construction,Shielded Metal Arc Welding NC I
6,Napoles,45,Female,Self-employed,College Undergraduate,Cooking,Agriculture,ICT,Cookery NC II
12,Poblacion,19,Male,Underemployed,College Undergraduate,Baking,Retail,Agriculture,Bread and Pastry NC II
3,Ma-ao,18,Male,Unemployed,Senior High,Electrical Repair,Manufacturing,Construction,Electrical Installation and Maintenance NC II
7,Poblacion,28,Female,Wage Employed,Senior High,Computer Literacy,ICT,ICT,Computer Systems Servicing NC II
5,Tabunan,31,Female,Unemployed,Junior High,Baking,Hospitality,Hospitality,Bread and Pastry NC II
2,Bacong,23,Male,Self-employed,College Undergraduate,Driving,Transportation,Transportation,Driving NC II
4,Atipuluan,26,Female,Underemployed,College Undergraduate,Computer Literacy,ICT,ICT,Computer Systems Servicing NC II
12,Caridad,19,Male,Self-employed,Senior High,Driving,Hospitality,Transportation,Driving NC II
7,Taloc,33,Female,Underemployed,Junior High,Masonry,Construction,Construction,Masonry NC II
2,Taloc,40,Female,Unemployed,Senior High,Driving,Transportation,Transportation,Driving NC II
12,Atipuluan,22,Male,Unemployed,Senior High,Driving,Transportation,Transportation,Driving NC II
3,Mailum,30,Female,Unemployed,Junior High,Baking,Hospitality,Hospitality,Bread and Pastry NC II
12,Taloc,26,Male,Wage Employed,College Graduate,Computer Literacy,ICT,ICT,Computer Systems Servicing NC II
8,Balingasag,33,Male,Underemployed,Senior High,Driving,Transportation,Transportation,Driving NC II
7,Balingasag,36,Female,Unemployed,Elementary Graduate,Electrical Repair,ICT,Business,Electrical Installation and Maintenance NC II
4,Calumangan,25,Female,Underemployed,Elementary Graduate,Carpentry,Manufacturing,Construction,Carpentry NC II
1,Busay,38,Male,Unemployed,Senior High,Computer Literacy,ICT,Business,Computer Systems Servicing NC II
10,Abuanan,45,Male,Underemployed,College Undergraduate,Baking,Retail,Hospitality,Bread and Pastry NC II
9,Bacong,34,Male,Self-employed,College Undergraduate,Cooking,Construction,Business,Cookery NC II
1,Bagroy,41,Female,Self-employed,Senior High,Computer Literacy,Government,Transportation,Computer Systems Servicing NC II
9,Binubuhan,22,Male,Unemployed,Junior High,Welding,Construction,Construction,Shielded Metal Arc Welding NC I
10,Poblacion,30,Male,Underemployed,Senior High,Electrical Repair,Agriculture,Business,Electrical Installation and Maintenance NC II
6,Ma-ao,32,Male,Wage Employed,College Graduate,Carpentry,Agriculture,Business,Carpentry NC II
10,Balingasag,36,Female,Wage Employed,Senior High,Baking,Business,Business,Bread and Pastry NC II
3,Pacol,40,Female,Wage Employed,Senior High,Driving,Transportation,Transportation,Driving NC II
12,Calumangan,41,Female,Underemployed,Senior High,Baking,Hospitality,Hospitality,Bread and Pastry NC II
11,Dulao,27,Male,Unemployed,Senior High,Carpentry,Government,Construction,Carpentry NC II
10,Sagasa,39,Female,Wage Employed,College Undergraduate,Computer Literacy,ICT,ICT,Computer Systems Servicing NC II
1,Tabunan,26,Male,Unemployed,Junior High,Cooking,Business,Hospitality,Cookery NC II
6,Caridad,51,Male,Unemployed,College Graduate,Computer Literacy,ICT,ICT,Computer Systems Servicing NC II
7,Taloc,22,Male,Wage Employed,Senior High,Driving,Transportation,Transportation,Driving NC II
4,Abuanan,20,Female,Underemployed,Junior High,Baking,Hospitality,Hospitality,Bread and Pastry NC II
4,Busay,22,Female,Underemployed,College Graduate,Baking,Hospitality,Hospitality,Bread and Pastry NC II
6,Ma-ao,27,Female,Underemployed,Junior High,Computer Literacy,Hospitality,Business,Computer Systems Servicing NC II
9,Bacong,21,Male,Unemployed,Elementary Graduate,Driving,Agriculture,Transportation,Driving NC II
9,Ma-ao,33,Female,Wage Employed,Junior High,Baking,Hospitality,Hospitality,Bread and Pastry NC II
2,Mailum,20,Female,Underemployed,Senior High,Cooking,Hospitality,Hospitality,Cookery NC II
4,Bacong,27,Male,Underemployed,Senior High,Carpentry,Construction,Hospitality,Carpentry NC II
11,Binubuhan,18,Female,Unemployed,Junior High,Cooking,Hospitality,Hospitality,Cookery NC II
2,Poblacion,31,Female,Self-employed,Junior High,Computer Literacy,ICT,ICT,Computer Systems Servicing NC II
1,Bacong,24,Male,Unemployed,Junior High,Driving,Transportation,Transportation,Driving NC II
12,Pacol,35,Male,Self-employed,Senior High,Driving,Transportation,Transportation,Driving NC II
10,Mailum,35,Female,Wage Employed,College Undergraduate,Cooking,Retail,Agriculture,Cookery NC II
5,Ma-ao,29,Male,Self-employed,College Graduate,Electrical Repair,Manufacturing,Business,Electrical Installation and Maintenance NC II
9,Malingin,35,Male,Wage Employed,College Graduate,Computer Literacy,Hospitality,ICT,Computer Systems Servicing NC II
3,Taloc,23,Female,Wage Employed,Senior High,Computer Literacy,Business,Business,Computer Systems Servicing NC II
9,Busay,39,Male,Unemployed,Senior High,Baking,Hospitality,Hospitality,Bread and Pastry NC II
8,Atipuluan,50,Female,Underemployed,College Graduate,Computer Literacy,Government,ICT,Computer Systems Servicing NC II
3,Busay,36,Female,Unemployed,College Undergraduate,Carpentry,None,Business,Carpentry NC II
1,Balingasag,29,Male,Wage Employed,Senior High,Electrical Repair,Construction,Construction,Electrical Installation and Maintenance NC II
11,Pacol,27,Male,Self-employed,College Graduate,Computer Literacy,ICT,ICT,Computer Systems Servicing NC II
11,Ma-ao,22,Male,Wage Employed,Junior High,Driving,Hospitality,Transportation,Driving NC II
9,Alianza,36,Male,Underemployed,Senior High,Driving,Government,Transportation,Driving NC II
11,Mailum,32,Female,Underemployed,Senior High,Baking,Retail,Hospitality,Bread and Pastry NC II
9,Busay,26,Female,Underemployed,Elementary Graduate,Driving,Agriculture,Transportation,Driving NC II
10,Abuanan,48,Female,Underemployed,College Graduate,Cooking,Agriculture,Hospitality,Cookery NC II
8,Pacol,30,Female,Wage Employed,Senior High,Baking,None,Hospitality,Bread and Pastry NC II
3,Ma-ao,37,Female,Unemployed,College Graduate,Cooking,Retail,Hospitality,Cookery NC II
7,Ilijan,20,Female,Unemployed,College Undergraduate,Welding,None,Construction,Shielded Metal Arc Welding NC I
12,Sagasa,21,Male,Underemployed,Senior High,Driving,Agriculture,Agriculture,Driving NC II
10,Ma-ao,42,Male,Self-employed,Junior High,Masonry,Construction,Construction,Masonry NC II
4,Taloc,30,Male,Wage Employed,College Graduate,Computer Literacy,ICT,ICT,Computer Systems Servicing NC II
9,Malingin,25,Male,Underemployed,Elementary Graduate,Masonry,Manufacturing,Agriculture,Masonry NC II
11,Napoles,39,Male,Unemployed,Junior High,Driving,Transportation,Agriculture,Driving NC II
10,Atipuluan,34,Male,Unemployed,College Undergraduate,Electrical Repair,Construction,Construction,Electrical Installation and Maintenance NC II
1,Caridad,27,Male,Underemployed,College Undergraduate,Driving,Transportation,Transportation,Driving NC II
9,Tabunan,27,Male,Unemployed,Junior High,Baking,Hospitality,Hospitality,Bread and Pastry NC II
1,Busay,46,Female,Underemployed,College Undergraduate,Baking,Retail,Hospitality,Bread and Pastry NC II
7,Caridad,46,Male,Unemployed,College Undergraduate,Baking,Retail,Hospitality,Bread and Pastry NC II
7,Taloc,25,Female,Underemployed,Junior High,Computer Literacy,ICT,ICT,Computer Systems Servicing NC II
2,Busay,34,Male,Wage Employed,College Undergraduate,Carpentry,Construction,Business,Carpentry NC II
9,Abuanan,55,Male,Unemployed,College Graduate,Driving,Agriculture,Transportation,Driving NC II
1,Taloc,37,Male,Underemployed,Senior High,Baking,Hospitality,Hospitality,Bread and Pastry NC II
8,Binubuhan,30,Male,Wage Employed,College Graduate,Computer Literacy,Government,ICT,Computer Systems Servicing NC II
5,Ilijan,23,Male,Self-employed,Junior High,Masonry,Agriculture,Construction,Masonry NC II
6,Busay,20,Male,Self-employed,College Undergraduate,Baking,Hospitality,Hospitality,Bread and Pastry NC II
12,Pacol,32,Male,Self-employed,Elementary Graduate,Welding,Construction,Construction,Shielded Metal Arc Welding NC I
3,Bagroy,27,Male,Unemployed,Elementary Graduate,Masonry,None,Construction,Masonry NC II
4,Lag-asan,19,Male,Self-employed,Senior High,Baking,Hospitality,Hospitality,Bread and Pastry NC II
4,Busay,31,Male,Self-employed,College Graduate,Carpentry,Manufacturing,Construction,Carpentry NC II
6,Poblacion,29,Male,Unemployed,Junior High,Electrical Repair,Manufacturing,Construction,Electrical Installation and Maintenance NC II
8,Ma-ao,29,Male,Self-employed,Senior High,Baking,None,Hospitality,Bread and Pastry NC II
5,Ilijan,22,Female,Underemployed,Junior High,Cooking,Business,Hospitality,Cookery NC II
8,Taloc,40,Male,Self-employed,Junior High,Masonry,Manufacturing,Construction,Masonry NC II
4,Bacong,46,Female,Unemployed,College Graduate,Computer Literacy,Retail,ICT,Computer Systems Servicing NC II
10,Balingasag,39,Male,Wage Employed,Senior High,Carpentry,Manufacturing,Construction,Carpentry NC II
1,Tabunan,21,Male,Underemployed,Senior High,Electrical Repair,Construction,Construction,Electrical Installation and Maintenance NC II
5,Ma-ao,52,Male,Underemployed,College Graduate,Baking,Hospitality,Hospitality,Bread and Pastry NC II
5,Poblacion,20,Male,Underemployed,Senior High,Carpentry,Construction,Transportation,Carpentry NC II
1,Poblacion,21,Female,Self-employed,Elementary Graduate,Cooking,Agriculture,Hospitality,Cookery NC II
7,Alianza,44,Male,Unemployed,Senior High,Computer Literacy,Transportation,Transportation,Computer Systems Servicing NC II
5,Taloc,20,Female,Unemployed,Elementary Graduate,Computer Literacy,None,Hospitality,Computer Systems Servicing NC II
7,Pacol,37,Female,Underemployed,Senior High,Cooking,Hospitality,Hospitality,Cookery NC II
9,Ma-ao,18,Male,Underemployed,Junior High,Masonry,Agriculture,Construction,Masonry NC II
7,Ma-ao,50,Male,Wage Employed,College Graduate,Computer Literacy,Government,ICT,Computer Systems Servicing NC II
7,Sagasa,39,Female,Unemployed,College Undergraduate,Cooking,Hospitality,Hospitality,Cookery NC II
2,Taloc,33,Female,Self-employed,College Undergraduate,Baking,Hospitality,Business,Bread and Pastry NC II
7,Poblacion,35,Male,Unemployed,Junior High,Driving,Transportation,Transportation,Driving NC II
2,Taloc,38,Female,Underemployed,College Graduate,Computer Literacy,Government,Business,Computer Systems Servicing NC II
1,Ilijan,22,Male,Self-employed,Elementary Graduate,Electrical Repair,Manufacturing,Construction,Electrical Installation and Maintenance NC II
8,Busay,32,Male,Wage Employed,Junior High,Welding,Business,ICT,Shielded Metal Arc Welding NC I
12,Bagroy,38,Female,Self-employed,Junior High,Driving,None,Agriculture,Driving NC II
9,Ilijan,18,Male,Self-employed,Junior High,Carpentry,Construction,Construction,Carpentry NC II
1,Atipuluan,39,Female,Underemployed,Elementary Graduate,Cooking,Retail,Hospitality,Cookery NC II
8,Abuanan,32,Female,Unemployed,College Undergraduate,Computer Literacy,ICT,ICT,Computer Systems Servicing NC II
7,Lag-asan,43,Male,Underemployed,Senior High,Electrical Repair,Construction,Agriculture,Electrical Installation and Maintenance NC II
3,Lag-asan,27,Female,Self-employed,College Graduate,Carpentry,Retail,Construction,Carpentry NC II
4,Ma-ao,22,Male,Self-employed,Senior High,Computer Literacy,None,ICT,Computer Systems Servicing NC II
9,Bagroy,44,Male,Self-employed,Senior High,Driving,Business,Agriculture,Driving NC II
9,Ilijan,38,Female,Underemployed,College Graduate,Computer Literacy,Hospitality,ICT,Computer Systems Servicing NC II
8,Dulao,35,Male,Self-employed,Elementary Graduate,Electrical Repair,Construction,Business,Electrical Installation and Maintenance NC II
6,Busay,22,Female,Self-employed,College Graduate,Computer Literacy,Government,ICT,Computer Systems Servicing NC II
10,Caridad,21,Female,Unemployed,Elementary Graduate,Baking,Hospitality,Hospitality,Bread and Pastry NC II
6,Taloc,18,Male,Underemployed,Senior High,Computer Literacy,None,Business,Computer Systems Servicing NC II
1,Calumangan,28,Female,Unemployed,Elementary Graduate,Computer Literacy,ICT,Construction,Computer Systems Servicing NC II
5,Malingin,29,Male,Wage Employed,Senior High,Baking,Hospitality,Hospitality,Bread and Pastry NC II
12,Taloc,22,Male,Underemployed,Senior High,Driving,Transportation,Transportation,Driving NC II
1,Poblacion,40,Female,Underemployed,College Undergraduate,Computer Literacy,ICT,ICT,Computer Systems Servicing NC II
11,Caridad,42,Male,Wage Employed,Junior High,Carpentry,Construction,Construction,Carpentry NC II
1,Busay,41,Male,Unemployed,Senior High,Baking,Retail,Business,Bread and Pastry NC II
8,Napoles,35,Female,Underemployed,Junior High,Cooking,Agriculture,Hospitality,Cookery NC II
6,Ma-ao,24,Male,Underemployed,Senior High,Electrical Repair,Construction,Construction,Electrical Installation and Maintenance NC II
5,Caridad,29,Male,Unemployed,Senior High,Carpentry,Manufacturing,Construction,Carpentry NC II
2,Busay,42,Female,Underemployed,Junior High,Cooking,Hospitality,Hospitality,Cookery NC II
2,Tabunan,50,Female,Wage Employed,College Graduate,Cooking,Hospitality,Business,Cookery NC II
9,Ma-ao,28,Male,Wage Employed,Senior High,Cooking,Agriculture,Hospitality,Cookery NC II
1,Sagasa,44,Female,Underemployed,Senior High,Cooking,Transportation,Agriculture,Cookery NC II
3,Poblacion,18,Female,Wage Employed,Junior High,Electrical Repair,Manufacturing,Construction,Electrical Installation and Maintenance NC II
9,Poblacion,20,Male,Underemployed,Elementary Graduate,Carpentry,Construction,Construction,Carpentry NC II
10,Sagasa,24,Male,Unemployed,Senior High,Cooking,Retail,Hospitality,Cookery NC II
12,Pacol,29,Female,Underemployed,College Undergraduate,Computer Literacy,ICT,ICT,Computer Systems Servicing NC II
11,Sagasa,39,Male,Underemployed,College Graduate,Computer Literacy,Retail,Business,Computer Systems Servicing NC II
2,Atipuluan,37,Female,Unemployed,Senior High,Cooking,Hospitality,Hospitality,Cookery NC II
11,Malingin,29,Male,Underemployed,Junior High,Carpentry,Construction,Construction,Carpentry NC II
3,Poblacion,31,Male,Wage Employed,College Graduate,Cooking,Hospitality,Construction,Cookery NC II
1,Mailum,32,Female,Unemployed,College Undergraduate,Baking,Business,Business,Bread and Pastry NC II
10,Mailum,22,Male,Wage Employed,Elementary Graduate,Driving,Agriculture,Transportation,Driving NC II
1,Bacong,36,Male,Underemployed,Elementary Graduate,Baking,Hospitality,Hospitality,Bread and Pastry NC II
1,Abuanan,24,Female,Self-employed,Senior High,Welding,Construction,Construction,Shielded Metal Arc Welding NC I
10,Bagroy,30,Male,Self-employed,Junior High,Carpentry,Agriculture,Construction,Carpentry NC II
4,Ma-ao,28,Female,Unemployed,Senior High,Driving,Transportation,Transportation,Driving NC II
7,Binubuhan,31,Female,Unemployed,Senior High,Baking,Business,Hospitality,Bread and Pastry NC II
8,Lag-asan,35,Male,Underemployed,College Undergraduate,Driving,Business,Transportation,Driving NC II
5,Mailum,40,Male,Self-employed,Elementary Graduate,Driving,Government,Agriculture,Driving NC II
4,Binubuhan,29,Male,Wage Employed,Senior High,Electrical Repair,Construction,Construction,Electrical Installation and Maintenance NC II
8,Busay,47,Male,Self-employed,College Graduate,Electrical Repair,Construction,Construction,Electrical Installation and Maintenance NC II
6,Taloc,39,Female,Underemployed,College Graduate,Computer Literacy,ICT,ICT,Computer Systems Servicing NC II
5,Dulao,54,Male,Self-employed,College Graduate,Computer Literacy,Government,ICT,Computer Systems Servicing NC II
7,Bagroy,27,Female,Underemployed,Junior High,Cooking,Hospitality,Transportation,Cookery NC II
12,Binubuhan,32,Female,Underemployed,Senior High,Carpentry,Retail,Construction,Carpentry NC II
2,Taloc,25,Female,Wage Employed,College Undergraduate,Cooking,Retail,Hospitality,Cookery NC II
11,Tabunan,39,Female,Underemployed,Senior High,Masonry,Construction,Construction,Masonry NC II
6,Bagroy,48,Female,Underemployed,College Undergraduate,Computer Literacy,Business,ICT,Computer Systems Servicing NC II
4,Malingin,47,Female,Wage Employed,College Undergraduate,Computer Literacy,ICT,Business,Computer Systems Servicing NC II
7,Bacong,25,Female,Wage Employed,Senior High,Computer Literacy,Retail,ICT,Computer Systems Servicing NC II
9,Dulao,41,Male,Underemployed,College Undergraduate,Driving,Agriculture,Transportation,Driving NC II
6,Balingasag,23,Male,Self-employed,Elementary Graduate,Cooking,Hospitality,Hospitality,Cookery NC II
2,Ma-ao,24,Male,Self-employed,Junior High,Driving,Transportation,Transportation,Driving NC II
12,Bagroy,48,Male,Underemployed,College Undergraduate,Driving,Transportation,Transportation,Driving NC II
8,Mailum,48,Female,Wage Employed,College Undergraduate,Baking,Retail,Hospitality,Bread and Pastry NC II
4,Balingasag,44,Female,Unemployed,College Undergraduate,Electrical Repair,Construction,Construction,Electrical Installation and Maintenance NC II
9,Bacong,46,Female,Self-employed,College Graduate,Computer Literacy,Agriculture,ICT,Computer Systems Servicing NC II
11,Mailum,35,Male,Self-employed,Junior High,Computer Literacy,ICT,Hospitality,Computer Systems Servicing NC II
5,Busay,26,Male,Underemployed,Elementary Graduate,Driving,None,Transportation,Driving NC II
3,Binubuhan,38,Male,Underemployed,Junior High,Computer Literacy,Hospitality,ICT,Computer Systems Servicing NC II
6,Tabunan,26,Female,Unemployed,Junior High,Cooking,Agriculture,Hospitality,Cookery NC II
2,Ilijan,29,Male,Wage Employed,College Graduate,Electrical Repair,Construction,ICT,Electrical Installation and Maintenance NC II
11,Bagroy,39,Male,Underemployed,Senior High,Welding,Manufacturing,Construction,Shielded Metal Arc Welding NC I
2,Binubuhan,43,Female,Wage Employed,Senior High,Baking,Hospitality,Hospitality,Bread and Pastry NC II
11,Ma-ao,29,Male,Unemployed,College Undergraduate,Computer Literacy,ICT,ICT,Computer Systems Servicing NC II
11,Taloc,18,Female,Unemployed,Senior High,Baking,Hospitality,Hospitality,Bread and Pastry NC II
8,Ma-ao,42,Male,Underemployed,Junior High,Baking,Hospitality,Transportation,Bread and Pastry NC II
7,Dulao,18,Female,Unemployed,Senior High,Driving,Transportation,Transportation,Driving NC II
10,Mailum,45,Male,Underemployed,College Undergraduate,Driving,Business,Business,Driving NC II
4,Busay,40,Female,Unemployed,College Undergraduate,Computer Literacy,Government,ICT,Computer Systems Servicing NC II
1,Busay,37,Male,Unemployed,College Undergraduate,Cooking,Hospitality,Business,Cookery NC II
2,Busay,36,Male,Unemployed,Elementary Graduate,Carpentry,Business,Construction,Carpentry NC II
5,Lag-asan,27,Female,Unemployed,Senior High,Cooking,Agriculture,Agriculture,Cookery NC II
10,Ilijan,25,Male,Underemployed,Elementary Graduate,Carpentry,Retail,Construction,Carpentry NC II
10,Taloc,20,Female,Underemployed,Senior High,Computer Literacy,Transportation,ICT,Computer Systems Servicing NC II
4,Busay,26,Male,Wage Employed,Elementary Graduate,Masonry,Manufacturing,Construction,Masonry NC II
10,Busay,26,Male,Wage Employed,College Undergraduate,Carpentry,Construction,Construction,Carpentry NC II
3,Ilijan,22,Female,Underemployed,Junior High,Cooking,Transportation,Hospitality,Cookery NC II
10,Taloc,26,Male,Self-employed,Elementary Graduate,Carpentry,Retail,Construction,Carpentry NC II
3,Ma-ao,24,Female,Unemployed,Senior High,Baking,Transportation,Hospitality,Bread and Pastry NC II
6,Napoles,20,Female,Self-employed,College Undergraduate,Computer Literacy,Hospitality,ICT,Computer Systems Servicing NC II
1,Dulao,24,Female,Unemployed,Senior High,Cooking,Hospitality,Hospitality,Cookery NC II
2,Balingasag,26,Male,Underemployed,Senior High,Driving,Retail,Transportation,Driving NC II
5,Busay,23,Male,Wage Employed,College Undergraduate,Masonry,Construction,Construction,Masonry NC II
1,Poblacion,39,Male,Underemployed,Junior High,Welding,Construction,Construction,Shielded Metal Arc Welding NC I
11,Bacong,20,Male,Wage Employed,College Undergraduate,Carpentry,Retail,Construction,Carpentry NC II
10,Poblacion,33,Male,Unemployed,Junior High,Baking,None,Hospitality,Bread and Pastry NC II
3,Bacong,33,Female,Unemployed,Junior High,Computer Literacy,Government,ICT,Computer Systems Servicing NC II
6,Poblacion,40,Male,Unemployed,Elementary Graduate,Driving,Agriculture,Transportation,Driving NC II
2,Balingasag,19,Male,Self-employed,Elementary Graduate,Electrical Repair,Government,Construction,Electrical Installation and Maintenance NC II
5,Bacong,48,Female,Self-employed,College Undergraduate,Computer Literacy,Government,ICT,Computer Systems Servicing NC II
6,Alianza,23,Male,Underemployed,Senior High,Driving,Transportation,Transportation,Driving NC II
10,Bacong,30,Female,Unemployed,Junior High,Baking,Hospitality,Hospitality,Bread and Pastry NC II
2,Sagasa,33,Female,Self-employed,Senior High,Computer Literacy,Government,ICT,Computer Systems Servicing NC II
4,Binubuhan,34,Male,Underemployed,Junior High,Carpentry,Construction,Construction,Carpentry NC II
9,Taloc,34,Male,Wage Employed,Senior High,Driving,Retail,Construction,Driving NC II
10,Taloc,27,Male,Underemployed,Senior High,Masonry,Agriculture,Agriculture,Masonry NC II
7,Tabunan,34,Male,Wage Employed,College Undergraduate,Computer Literacy,Hospitality,ICT,Computer Systems Servicing NC II
11,Ma-ao,40,Male,Self-employed,College Undergraduate,Computer Literacy,ICT,ICT,Computer Systems Servicing NC II
9,Busay,32,Male,Underemployed,Senior High,Cooking,Agriculture,Hospitality,Cookery NC II
6,Ma-ao,43,Female,Wage Employed,College Undergraduate,Computer Literacy,Transportation,ICT,Computer Systems Servicing NC II
8,Busay,37,Male,Wage Employed,Elementary Graduate,Masonry,Construction,Agriculture,Masonry NC II
10,Mailum,19,Female,Unemployed,Junior High,Driving,Government,Transportation,Driving NC II
4,Ma-ao,34,Male,Unemployed,Junior High,Computer Literacy,Business,ICT,Computer Systems Servicing NC II
5,Taloc,19,Male,Wage Employed,Elementary Graduate,Masonry,Agriculture,Construction,Masonry NC II
12,Poblacion,19,Male,Wage Employed,Senior High,Welding,Retail,Construction,Shielded Metal Arc Welding NC I
9,Malingin,34,Male,Wage Employed,Senior High,Welding,Manufacturing,Construction,Shielded Metal Arc Welding NC I
3,Taloc,22,Female,Unemployed,Senior High,Cooking,Hospitality,Hospitality,Cookery NC II
7,Poblacion,26,Male,Underemployed,College Undergraduate,Welding,Manufacturing,Construction,Shielded Metal Arc Welding NC I
3,Dulao,23,Male,Unemployed,Junior High,Carpentry,Retail,Construction,Carpentry NC II
10,Taloc,27,Male,Wage Employed,Senior High,Carpentry,Construction,Construction,Carpentry NC II
9,Mailum,35,Female,Unemployed,Senior High,Computer Literacy,ICT,ICT,Computer Systems Servicing NC II
3,Bagroy,18,Male,Underemployed,Senior High,Computer Literacy,Business,Business,Computer Systems Servicing NC II
6,Abuanan,34,Female,Underemployed,Senior High,Driving,Transportation,Transportation,Driving NC II
7,Dulao,36,Male,Self-employed,College Undergraduate,Baking,Retail,Hospitality,Bread and Pastry NC II
12,Dulao,47,Female,Wage Employed,College Undergraduate,Computer Literacy,Government,Business,Computer Systems Servicing NC II
2,Taloc,22,Female,Underemployed,College Undergraduate,Cooking,Hospitality,Hospitality,Cookery NC II
3,Calumangan,46,Female,Wage Employed,College Undergraduate,Baking,Hospitality,Hospitality,Bread and Pastry NC II
7,Mailum,47,Male,Underemployed,College Undergraduate,Driving,Transportation,Transportation,Driving NC II
8,Dulao,37,Female,Underemployed,College Graduate,Computer Literacy,ICT,ICT,Computer Systems Servicing NC II
1,Napoles,38,Male,Unemployed,Junior High,Driving,None,Transportation,Driving NC II
5,Dulao,25,Male,Unemployed,Junior High,Cooking,None,Hospitality,Cookery NC II
10,Ma-ao,32,Male,Unemployed,Elementary Graduate,Carpentry,Retail,Construction,Carpentry NC II
10,Ma-ao,47,Female,Self-employed,College Graduate,Baking,Hospitality,Hospitality,Bread and Pastry NC II
2,Poblacion,24,Female,Wage Employed,Senior High,Driving,Transportation,Transportation,Driving NC II
5,Abuanan,31,Female,Underemployed,College Undergraduate,Cooking,Agriculture,Hospitality,Cookery NC II
7,Dulao,19,Male,Wage Employed,Senior High,Driving,Agriculture,Transportation,Driving NC II
4,Ma-ao,26,Female,Self-employed,College Undergraduate,Cooking,Agriculture,Agriculture,Cookery NC II
1,Sagasa,41,Male,Unemployed,Junior High,Electrical Repair,Manufacturing,Construction,Electrical Installation and Maintenance NC II
6,Poblacion,30,Female,Self-employed,Junior High,Baking,Hospitality,Hospitality,Bread and Pastry NC II
8,Busay,36,Male,Underemployed,College Undergraduate,Driving,Retail,Transportation,Driving NC II
6,Balingasag,24,Male,Self-employed,College Graduate,Computer Literacy,Retail,ICT,Computer Systems Servicing NC II
7,Caridad,33,Male,Underemployed,Senior High,Welding,Manufacturing,Construction,Shielded Metal Arc Welding NC I
3,Taloc,31,Female,Self-employed,Senior High,Computer Literacy,ICT,Hospitality,Computer Systems Servicing NC II
9,Caridad,26,Male,Underemployed,Elementary Graduate,Carpentry,Construction,Construction,Carpentry NC II
5,Taloc,29,Male,Underemployed,College Undergraduate,Masonry,Construction,Construction,Masonry NC II
4,Malingin,23,Female,Unemployed,Junior High,Driving,Agriculture,Agriculture,Driving NC II
3,Ma-ao,25,Male,Unemployed,Junior High,Driving,Government,Transportation,Driving NC II
1,Alianza,31,Male,Unemployed,Senior High,Carpentry,Construction,Construction,Carpentry NC II
12,Sagasa,22,Male,Unemployed,Senior High,Driving,Transportation,Transportation,Driving NC II
1,Ma-ao,25,Male,Wage Employed,College Undergraduate,Computer Literacy,ICT,ICT,Computer Systems Servicing NC II
3,Ma-ao,25,Male,Self-employed,Senior High,Carpentry,Agriculture,Construction,Carpentry NC II
6,Dulao,32,Male,Unemployed,Senior High,Carpentry,Agriculture,Construction,Carpentry NC II
10,Bacong,43,Male,Underemployed,Senior High,Cooking,Business,Hospitality,Cookery NC II
5,Taloc,23,Male,Self-employed,Senior High,Carpentry,Manufacturing,Construction,Carpentry NC II
12,Poblacion,19,Male,Self-employed,Elementary Graduate,Carpentry,Construction,Construction,Carpentry NC II
7,Lag-asan,43,Male,Underemployed,College Graduate,Masonry,Hospitality,Construction,Masonry NC II
3,Calumangan,39,Female,Underemployed,Junior High,Baking,Business,Hospitality,Bread and Pastry NC II
2,Bagroy,41,Male,Wage Employed,Senior High,Driving,Retail,Transportation,Driving NC II
2,Sagasa,36,Male,Underemployed,College Undergraduate,Driving,Transportation,Agriculture,Driving NC II
7,Bagroy,24,Male,Self-employed,Senior High,Driving,Transportation,Agriculture,Driving NC II
9,Taloc,42,Female,Unemployed,Senior High,Baking,None,Hospitality,Bread and Pastry NC II
8,Poblacion,41,Male,Wage Employed,Junior High,Cooking,Hospitality,Transportation,Cookery NC II
1,Ilijan,39,Female,Underemployed,College Undergraduate,Computer Literacy,Transportation,ICT,Computer Systems Servicing NC II
4,Atipuluan,21,Female,Wage Employed,Senior High,Computer Literacy,ICT,ICT,Computer Systems Servicing NC II
9,Busay,19,Male,Self-employed,Senior High,Electrical Repair,None,Construction,Electrical Installation and Maintenance NC II
9,Poblacion,20,Female,Underemployed,Senior High,Computer Literacy,ICT,Construction,Computer Systems Servicing NC II
1,Atipuluan,24,Male,Underemployed,Junior High,Driving,Transportation,Transportation,Driving NC II
7,Caridad,25,Male,Underemployed,Junior High,Carpentry,Retail,Construction,Carpentry NC II
8,Tabunan,19,Male,Self-employed,Senior High,Carpentry,Construction,Construction,Carpentry NC II
5,Calumangan,27,Male,Underemployed,Junior High,Driving,Transportation,Transportation,Driving NC II
5,Mailum,24,Female,Underemployed,Junior High,Cooking,Hospitality,Hospitality,Cookery NC II
3,Balingasag,18,Female,Wage Employed,Junior High,Cooking,Agriculture,Hospitality,Cookery NC II
1,Ma-ao,35,Female,Self-employed,College Graduate,Computer Literacy,Government,ICT,Computer Systems Servicing NC II
10,Busay,33,Male,Self-employed,College Graduate,Masonry,Agriculture,Construction,Masonry NC II
4,Dulao,38,Female,Unemployed,Senior High,Cooking,Transportation,Hospitality,Cookery NC II
9,Ma-ao,19,Female,Self-employed,Elementary Graduate,Baking,Hospitality,Agriculture,Bread and Pastry NC II
12,Bacong,43,Male,Wage Employed,College Graduate,Computer Literacy,Government,ICT,Computer Systems Servicing NC II
1,Poblacion,34,Male,Unemployed,Junior High,Driving,Hospitality,Transportation,Driving NC II
1,Atipuluan,22,Male,Unemployed,Elementary Graduate,Electrical Repair,Government,Construction,Electrical Installation and Maintenance NC II
12,Malingin,36,Female,Self-employed,College Undergraduate,Computer Literacy,Business,ICT,Computer Systems Servicing NC II
10,Binubuhan,33,Male,Underemployed,Junior High,Welding,Retail,Construction,Shielded Metal Arc Welding NC I
2,Caridad,40,Male,Underemployed,Senior High,Carpentry,Agriculture,Construction,Carpentry NC II
3,Alianza,32,Male,Unemployed,Junior High,Driving,Transportation,Transportation,Driving NC II
8,Abuanan,31,Female,Self-employed,Senior High,Computer Literacy,ICT,ICT,Computer Systems Servicing NC II
11,Alianza,24,Male,Underemployed,Junior High,Driving,Transportation,Transportation,Driving NC II
5,Poblacion,33,Male,Self-employed,Senior High,Driving,Transportation,Transportation,Driving NC II
5,Calumangan,20,Female,Self-employed,Senior High,Cooking,Agriculture,Hospitality,Cookery NC II
3,Bagroy,23,Male,Self-employed,College Undergraduate,Driving,Construction,Transportation,Driving NC II
10,Bagroy,32,Male,Unemployed,Elementary Graduate,Welding,Construction,Construction,Shielded Metal Arc Welding NC I
11,Abuanan,37,Male,Self-employed,Senior High,Cooking,Hospitality,Hospitality,Cookery NC II
2,Taloc,19,Male,Unemployed,Senior High,Baking,Hospitality,Hospitality,Bread and Pastry NC II
11,Taloc,35,Male,Unemployed,Elementary Graduate,Electrical Repair,Construction,Construction,Electrical Installation and Maintenance NC II
10,Bacong,22,Male,Unemployed,Senior High,Carpentry,Agriculture,Hospitality,Carpentry NC II
4,Tabunan,43,Female,Wage Employed,College Undergraduate,Computer Literacy,Hospitality,ICT,Computer Systems Servicing NC II
9,Ma-ao,32,Male,Unemployed,Senior High,Masonry,Agriculture,Construction,Masonry NC II
4,Busay,22,Female,Underemployed,Elementary Graduate,Driving,Agriculture,Transportation,Driving NC II
9,Napoles,37,Female,Underemployed,College Undergraduate,Cooking,ICT,Hospitality,Cookery NC II
4,Bagroy,30,Male,Wage Employed,Senior High,Carpentry,Retail,Construction,Carpentry NC II
5,Dulao,38,Male,Wage Employed,College Undergraduate,Driving,Hospitality,Transportation,Driving NC II
2,Bacong,25,Male,Wage Employed,College Graduate,Driving,Transportation,Agriculture,Driving NC II
5,Pacol,40,Male,Underemployed,Elementary Graduate,Computer Literacy,Business,ICT,Computer Systems Servicing NC II
10,Ma-ao,31,Male,Unemployed,Junior High,Welding,Hospitality,Construction,Shielded Metal Arc Welding NC I
2,Lag-asan,38,Male,Unemployed,Senior High,Welding,Construction,Construction,Shielded Metal Arc Welding NC I
2,Ilijan,30,Female,Underemployed,Senior High,Cooking,Business,Hospitality,Cookery NC II
2,Caridad,38,Male,Wage Employed,College Graduate,Cooking,Transportation,Hospitality,Cookery NC II
10,Busay,38,Male,Wage Employed,Junior High,Electrical Repair,Hospitality,Construction,Electrical Installation and Maintenance NC II
3,Binubuhan,18,Male,Self-employed,Senior High,Driving,Hospitality,Transportation,Driving NC II
11,Abuanan,31,Male,Wage Employed,Senior High,Welding,Transportation,Construction,Shielded Metal Arc Welding NC I
12,Busay,41,Female,Self-employed,Senior High,Driving,Government,Transportation,Driving NC II
8,Abuanan,18,Male,Unemployed,Junior High,Baking,Hospitality,Agriculture,Bread and Pastry NC II
6,Bagroy,20,Male,Wage Employed,Senior High,Carpentry,Business,Construction,Carpentry NC II
7,Taloc,40,Female,Self-employed,Elementary Graduate,Computer Literacy,ICT,Business,Computer Systems Servicing NC II
8,Ma-ao,34,Male,Underemployed,Junior High,Baking,None,Business,Bread and Pastry NC II
3,Busay,27,Female,Self-employed,Senior High,Baking,Transportation,Construction,Bread and Pastry NC II
5,Mailum,21,Female,Underemployed,Elementary Graduate,Cooking,Hospitality,Hospitality,Cookery NC II
12,Bacong,38,Male,Self-employed,Junior High,Cooking,Retail,Hospitality,Cookery NC II
9,Ilijan,28,Female,Unemployed,Elementary Graduate,Computer Literacy,Retail,Hospitality,Computer Systems Servicing NC II
1,Bacong,18,Male,Self-employed,Elementary Graduate,Computer Literacy,ICT,ICT,Computer Systems Servicing NC II
12,Sagasa,21,Male,Self-employed,Elementary Graduate,Electrical Repair,Construction,Construction,Electrical Installation and Maintenance NC II
2,Binubuhan,19,Male,Unemployed,Elementary Graduate,Electrical Repair,None,Construction,Electrical Installation and Maintenance NC II
2,Bacong,41,Female,Unemployed,College Graduate,Computer Literacy,Retail,Business,Computer Systems Servicing NC II
6,Pacol,43,Male,Unemployed,College Undergraduate,Computer Literacy,ICT,ICT,Computer Systems Servicing NC II
11,Taloc,45,Male,Wage Employed,College Undergraduate,Driving,Business,Agriculture,Driving NC II
8,Bagroy,36,Female,Unemployed,Senior High,Cooking,Hospitality,Hospitality,Cookery NC II
11,Tabunan,33,Male,Self-employed,Junior High,Baking,Retail,Hospitality,Bread and Pastry NC II
1,Sagasa,24,Male,Underemployed,College Graduate,Computer Literacy,Retail,ICT,Computer Systems Servicing NC II
3,Poblacion,21,Male,Unemployed,Junior High,Carpentry,Construction,Construction,Carpentry NC II
11,Busay,30,Male,Underemployed,Elementary Graduate,Carpentry,Construction,Construction,Carpentry NC II
2,Taloc,29,Male,Wage Employed,Senior High,Driving,Transportation,Transportation,Driving NC II
9,Poblacion,29,Female,Underemployed,Senior High,Cooking,Agriculture,Hospitality,Cookery NC II
1,Atipuluan,40,Female,Self-employed,College Graduate,Computer Literacy,ICT,ICT,Computer Systems Servicing NC II
12,Napoles,29,Male,Underemployed,Senior High,Baking,Hospitality,Hospitality,Bread and Pastry NC II
2,Abuanan,35,Female,Unemployed,Elementary Graduate,Baking,Retail,Hospitality,Bread and Pastry NC II
12,Busay,21,Male,Underemployed,Junior High,Electrical Repair,Manufacturing,Business,Electrical Installation and Maintenance NC II
6,Bacong,30,Female,Unemployed,College Undergraduate,Computer Literacy,ICT,Business,Computer Systems Servicing NC II
6,Napoles,27,Male,Underemployed,Senior High,Electrical Repair,Construction,Transportation,Electrical Installation and Maintenance NC II
11,Busay,33,Male,Unemployed,College Undergraduate,Computer Literacy,ICT,ICT,Computer Systems Servicing NC II
5,Atipuluan,18,Female,Unemployed,Junior High,Driving,Transportation,Transportation,Driving NC II
9,Bagroy,31,Female,Unemployed,Senior High,Driving,Transportation,Transportation,Driving NC II
4,Taloc,21,Female,Self-employed,College Undergraduate,Electrical Repair,Manufacturing,Construction,Electrical Installation and Maintenance NC II
12,Taloc,45,Male,Wage Employed,College Undergraduate,Computer Literacy,Business,ICT,Computer Systems Servicing NC II
11,Abuanan,42,Male,Self-employed,Senior High,Driving,Hospitality,Transportation,Driving NC II
11,Busay,49,Female,Underemployed,College Graduate,Driving,Transportation,Transportation,Driving NC II
9,Binubuhan,49,Female,Wage Employed,College Graduate,Computer Literacy,Business,ICT,Computer Systems Servicing NC II
2,Bacong,23,Female,Underemployed,Elementary Graduate,Masonry,Construction,Construction,Masonry NC II
5,Bacong,23,Male,Self-employed,Senior High,Carpentry,Manufacturing,Construction,Carpentry NC II
10,Caridad,22,Male,Unemployed,Junior High,Carpentry,Manufacturing,Construction,Carpentry NC II
1,Sagasa,18,Female,Self-employed,Junior High,Driving,ICT,Transportation,Driving NC II
8,Caridad,27,Female,Wage Employed,Junior High,Computer Literacy,Government,ICT,Computer Systems Servicing NC II
12,Ma-ao,21,Male,Unemployed,Senior High,Masonry,Construction,Construction,Masonry NC II
12,Bacong,38,Male,Self-employed,College Undergraduate,Driving,Agriculture,Transportation,Driving NC II
3,Dulao,28,Male,Wage Employed,College Undergraduate,Cooking,Hospitality,Hospitality,Cookery NC II
6,Ma-ao,20,Male,Unemployed,Senior High,Electrical Repair,Manufacturing,Construction,Electrical Installation and Maintenance NC II
11,Ma-ao,46,Male,Wage Employed,College Undergraduate,Baking,Hospitality,Hospitality,Bread and Pastry NC II
5,Alianza,27,Female,Underemployed,Elementary Graduate,Carpentry,Business,Construction,Carpentry NC II
11,Ilijan,25,Male,Wage Employed,Senior High,Driving,Transportation,Transportation,Driving NC II
9,Ilijan,19,Male,Self-employed,Senior High,Driving,ICT,Agriculture,Driving NC II
1,Poblacion,23,Female,Underemployed,Senior High,Computer Literacy,ICT,ICT,Computer Systems Servicing NC II
7,Pacol,36,Male,Unemployed,Elementary Graduate,Carpentry,Agriculture,Construction,Carpentry NC II
1,Atipuluan,53,Male,Wage Employed,College Graduate,Masonry,Agriculture,Construction,Masonry NC II
2,Malingin,22,Female,Underemployed,Senior High,Cooking,Agriculture,Hospitality,Cookery NC II
1,Bacong,28,Male,Unemployed,Senior High,Driving,Transportation,Transportation,Driving NC II
3,Atipuluan,27,Male,Underemployed,College Undergraduate,Computer Literacy,Government,ICT,Computer Systems Servicing NC II
1,Mailum,36,Male,Underemployed,Senior High,Welding,Business,Construction,Shielded Metal Arc Welding NC I
4,Pacol,22,Male,Underemployed,Elementary Graduate,Computer Literacy,Transportation,ICT,Computer Systems Servicing NC II
8,Alianza,27,Male,Wage Employed,Elementary Graduate,Driving,Business,Agriculture,Driving NC II
9,Dulao,25,Male,Unemployed,Junior High,Cooking,Retail,Hospitality,Cookery NC II
12,Poblacion,45,Male,Underemployed,College Undergraduate,Baking,Business,Hospitality,Bread and Pastry NC II
11,Sagasa,23,Male,Underemployed,Junior High,Driving,Agriculture,Transportation,Driving NC II
11,Mailum,35,Male,Self-employed,Senior High,Welding,Manufacturing,Construction,Shielded Metal Arc Welding NC I
5,Bagroy,21,Male,Wage Employed,College Undergraduate,Cooking,Agriculture,Hospitality,Cookery NC II
6,Busay,19,Female,Underemployed,Junior High,Cooking,Hospitality,Hospitality,Cookery NC II
4,Atipuluan,37,Male,Wage Employed,Senior High,Masonry,Manufacturing,Construction,Masonry NC II
9,Abuanan,45,Male,Underemployed,Senior High,Masonry,Construction,Construction,Masonry NC II
9,Balingasag,32,Male,Self-employed,College Undergraduate,Cooking,Hospitality,Hospitality,Cookery NC II
4,Balingasag,22,Male,Underemployed,Junior High,Cooking,Business,Hospitality,Cookery NC II
5,Tabunan,40,Male,Self-employed,Elementary Graduate,Computer Literacy,ICT,ICT,Computer Systems Servicing NC II
5,Balingasag,42,Female,Wage Employed,Senior High,Cooking,Hospitality,Hospitality,Cookery NC II
10,Malingin,32,Male,Unemployed,Junior High,Carpentry,Retail,Construction,Carpentry NC II
7,Busay,20,Male,Self-employed,Senior High,Baking,Retail,Business,Bread and Pastry NC II
3,Poblacion,35,Male,Self-employed,Elementary Graduate,Computer Literacy,ICT,ICT,Computer Systems Servicing NC II
11,Sagasa,19,Male,Unemployed,College Undergraduate,Driving,Agriculture,Transportation,Driving NC II
2,Dulao,44,Male,Self-employed,College Undergraduate,Computer Literacy,Manufacturing,ICT,Computer Systems Servicing NC II
12,Alianza,34,Male,Wage Employed,Senior High,Masonry,Construction,Construction,Masonry NC II
2,Taloc,36,Male,Unemployed,Senior High,Carpentry,Agriculture,Construction,Carpentry NC II
5,Poblacion,32,Male,Unemployed,Junior High,Masonry,Agriculture,Construction,Masonry NC II
8,Busay,19,Male,Wage Employed,Senior High,Masonry,Agriculture,Construction,Masonry NC II
3,Ma-ao,40,Male,Self-employed,Elementary Graduate,Masonry,Construction,Construction,Masonry NC II
9,Busay,32,Male,Underemployed,Elementary Graduate,Masonry,Construction,Agriculture,Masonry NC II
8,Ilijan,54,Female,Underemployed,College Graduate,Computer Literacy,ICT,ICT,Computer Systems Servicing NC II
11,Atipuluan,23,Female,Wage Employed,College Undergraduate,Electrical Repair,None,Construction,Electrical Installation and Maintenance NC II
10,Balingasag,45,Male,Self-employed,College Undergraduate,Carpentry,Manufacturing,Business,Carpentry NC II
3,Lag-asan,20,Male,Self-employed,Junior High,Cooking,Government,Agriculture,Cookery NC II
5,Poblacion,48,Female,Underemployed,College Undergraduate,Driving,Transportation,Agriculture,Driving NC II
10,Taloc,28,Female,Wage Employed,College Graduate,Computer Literacy,Retail,ICT,Computer Systems Servicing NC II
9,Taloc,46,Female,Wage Employed,College Graduate,Baking,Business,Agriculture,Bread and Pastry NC II
9,Dulao,40,Male,Underemployed,Elementary Graduate,Carpentry,Construction,Construction,Carpentry NC II
1,Tabunan,34,Female,Unemployed,Junior High,Baking,Hospitality,Agriculture,Bread and Pastry NC II
8,Alianza,18,Female,Unemployed,Elementary Graduate,Cooking,Hospitality,Business,Cookery NC II
10,Lag-asan,34,Female,Unemployed,Senior High,Cooking,Hospitality,Hospitality,Cookery NC II
6,Mailum,18,Male,Self-employed,Senior High,Driving,Government,Transportation,Driving NC II
3,Sagasa,41,Male,Self-employed,Senior High,Masonry,None,Construction,Masonry NC II
11,Caridad,43,Female,Self-employed,College Undergraduate,Computer Literacy,ICT,ICT,Computer Systems Servicing NC II
3,Abuanan,40,Female,Unemployed,College Undergraduate,Computer Literacy,Government,ICT,Computer Systems Servicing NC II
8,Taloc,36,Female,Underemployed,Elementary Graduate,Baking,Hospitality,Hospitality,Bread and Pastry NC II
4,Caridad,39,Male,Wage Employed,College Undergraduate,Masonry,Agriculture,Construction,Masonry NC II
5,Poblacion,20,Male,Underemployed,Junior High,Cooking,Agriculture,Hospitality,Cookery NC II
5,Lag-asan,36,Male,Unemployed,Junior High,Carpentry,Business,Construction,Carpentry NC II
10,Bacong,55,Male,Self-employed,College Graduate,Computer Literacy,Government,ICT,Computer Systems Servicing NC II
10,Caridad,35,Female,Self-employed,College Undergraduate,Cooking,Agriculture,Hospitality,Cookery NC II
3,Mailum,33,Male,Unemployed,Senior High,Cooking,Hospitality,Agriculture,Cookery NC II
3,Dulao,35,Male,Wage Employed,Junior High,Driving,Retail,Transportation,Driving NC II
4,Lag-asan,36,Male,Unemployed,Junior High,Driving,Agriculture,Transportation,Driving NC II
10,Bagroy,39,Male,Underemployed,Elementary Graduate,Cooking,None,Hospitality,Cookery NC II
10,Balingasag,20,Male,Wage Employed,Senior High,Carpentry,Business,Construction,Carpentry NC II
12,Mailum,30,Male,Self-employed,Junior High,Driving,Transportation,Transportation,Driving NC II
2,Caridad,36,Male,Unemployed,Elementary Graduate,Cooking,Hospitality,Hospitality,Cookery NC II
3,Caridad,24,Male,Unemployed,College Graduate,Carpentry,Retail,Agriculture,Carpentry NC II
12,Pacol,34,Female,Unemployed,Senior High,Welding,Manufacturing,Agriculture,Shielded Metal Arc Welding NC I
7,Ma-ao,25,Male,Unemployed,Junior High,Carpentry,Retail,Construction,Carpentry NC II
10,Busay,33,Female,Self-employed,College Graduate,Carpentry,Hospitality,Construction,Carpentry NC II
5,Poblacion,40,Female,Underemployed,College Graduate,Computer Literacy,ICT,ICT,Computer Systems Servicing NC II
10,Busay,26,Female,Wage Employed,College Graduate,Computer Literacy,Transportation,ICT,Computer Systems Servicing NC II
5,Calumangan,39,Female,Underemployed,Senior High,Cooking,Hospitality,Hospitality,Cookery NC II
8,Busay,20,Male,Underemployed,Junior High,Driving,Agriculture,Transportation,Driving NC II
1,Ma-ao,34,Male,Self-employed,College Undergraduate,Welding,Construction,Construction,Shielded Metal Arc Welding NC I
4,Abuanan,22,Female,Underemployed,Junior High,Baking,Business,Agriculture,Bread and Pastry NC II
8,Abuanan,37,Male,Unemployed,Senior High,Cooking,Retail,Hospitality,Cookery NC II
7,Busay,35,Female,Self-employed,College Graduate,Carpentry,Transportation,Construction,Carpentry NC II
9,Taloc,39,Female,Unemployed,Junior High,Baking,Hospitality,Hospitality,Bread and Pastry NC II
4,Busay,45,Male,Underemployed,College Undergraduate,Driving,Transportation,Transportation,Driving NC II
2,Bagroy,18,Female,Unemployed,Senior High,Baking,Hospitality,Hospitality,Bread and Pastry NC II
5,Calumangan,33,Female,Unemployed,Senior High,Cooking,Hospitality,Hospitality,Cookery NC II
12,Lag-asan,20,Male,Self-employed,Elementary Graduate,Electrical Repair,Construction,Agriculture,Electrical Installation and Maintenance NC II
7,Pacol,31,Female,Underemployed,Junior High,Cooking,Hospitality,Hospitality,Cookery NC II
1,Lag-asan,32,Male,Unemployed,Senior High,Carpentry,Government,Construction,Carpentry NC II
1,Dulao,47,Male,Wage Employed,College Undergraduate,Carpentry,Agriculture,ICT,Carpentry NC II
6,Ma-ao,18,Female,Underemployed,Senior High,Cooking,Retail,Hospitality,Cookery NC II
12,Sagasa,33,Female,Self-employed,College Graduate,Computer Literacy,Hospitality,ICT,Computer Systems Servicing NC II
12,Caridad,22,Female,Unemployed,Junior High,Electrical Repair,Transportation,ICT,Electrical Installation and Maintenance NC II
4,Calumangan,35,Male,Underemployed,Senior High,Driving,Retail,Transportation,Driving NC II
7,Ma-ao,18,Male,Unemployed,Senior High,Masonry,Construction,Business,Masonry NC II
3,Caridad,37,Male,Unemployed,Junior High,Cooking,Hospitality,Hospitality,Cookery NC II
2,Caridad,39,Male,Self-employed,Senior High,Carpentry,Construction,Construction,Carpentry NC II
5,Lag-asan,24,Male,Unemployed,Senior High,Masonry,Agriculture,Construction,Masonry NC II
9,Pacol,21,Male,Wage Employed,Junior High,Cooking,Business,Hospitality,Cookery NC II
8,Malingin,18,Female,Unemployed,Junior High,Baking,Retail,Hospitality,Bread and Pastry NC II
2,Poblacion,41,Male,Underemployed,Senior High,Masonry,Construction,Construction,Masonry NC II
11,Dulao,23,Male,Unemployed,Junior High,Driving,Transportation,Transportation,Driving NC II
10,Dulao,30,Male,Underemployed,Elementary Graduate,Baking,Hospitality,Hospitality,Bread and Pastry NC II
11,Busay,28,Male,Underemployed,Elementary Graduate,Welding,Manufacturing,Agriculture,Shielded Metal Arc Welding NC I
10,Mailum,26,Male,Unemployed,Senior High,Carpentry,Construction,Construction,Carpentry NC II
8,Taloc,28,Male,Underemployed,Senior High,Computer Literacy,Retail,ICT,Computer Systems Servicing NC II
7,Poblacion,26,Male,Unemployed,Junior High,Masonry,Agriculture,Agriculture,Masonry NC II
7,Lag-asan,34,Male,Underemployed,Senior High,Cooking,None,Hospitality,Cookery NC II
3,Poblacion,38,Male,Self-employed,College Undergraduate,Computer Literacy,Government,ICT,Computer Systems Servicing NC II
6,Poblacion,39,Male,Underemployed,Senior High,Electrical Repair,Retail,Construction,Electrical Installation and Maintenance NC II
6,Ilijan,25,Male,Wage Employed,Senior High,Driving,Transportation,Agriculture,Driving NC II
9,Balingasag,28,Male,Unemployed,Elementary Graduate,Carpentry,Retail,Construction,Carpentry NC II
1,Ilijan,20,Male,Wage Employed,Junior High,Driving,Government,Transportation,Driving NC II
12,Bacong,42,Male,Self-employed,Junior High,Baking,Retail,Business,Bread and Pastry NC II
10,Bacong,38,Male,Underemployed,Junior High,Electrical Repair,Construction,Construction,Electrical Installation and Maintenance NC II
9,Ma-ao,23,Male,Wage Employed,Junior High,Carpentry,Construction,Transportation,Carpentry NC II
9,Poblacion,41,Male,Wage Employed,College Undergraduate,Computer Literacy,Business,Business,Computer Systems Servicing NC II
12,Atipuluan,20,Female,Wage Employed,Senior High,Cooking,Hospitality,Hospitality,Cookery NC II
7,Busay,26,Male,Self-employed,Junior High,Welding,Construction,Construction,Shielded Metal Arc Welding NC I
1,Poblacion,48,Male,Wage Employed,College Undergraduate,Computer Literacy,Business,ICT,Computer Systems Servicing NC II
6,Taloc,41,Male,Wage Employed,Senior High,Driving,Manufacturing,Transportation,Driving NC II
7,Abuanan,38,Male,Underemployed,College Graduate,Computer Literacy,Transportation,ICT,Computer Systems Servicing NC II
5,Bagroy,30,Male,Underemployed,College Undergraduate,Driving,Transportation,Transportation,Driving NC II
9,Caridad,34,Male,Underemployed,Senior High,Masonry,Manufacturing,Construction,Masonry NC II
9,Taloc,35,Female,Unemployed,Junior High,Computer Literacy,ICT,ICT,Computer Systems Servicing NC II
11,Balingasag,43,Male,Unemployed,College Undergraduate,Cooking,Retail,Hospitality,Cookery NC II
3,Busay,47,Female,Unemployed,College Undergraduate,Baking,Retail,Agriculture,Bread and Pastry NC II
1,Taloc,30,Male,Unemployed,Elementary Graduate,Baking,Retail,Hospitality,Bread and Pastry NC II
12,Abuanan,19,Male,Self-employed,Junior High,Computer Literacy,Retail,ICT,Computer Systems Servicing NC II
1,Ma-ao,43,Male,Wage Employed,College Undergraduate,Computer Literacy,Retail,ICT,Computer Systems Servicing NC II
5,Bacong,29,Male,Underemployed,Junior High,Driving,Transportation,Transportation,Driving NC II
7,Mailum,22,Male,Self-employed,Senior High,Baking,Hospitality,Hospitality,Bread and Pastry NC II
5,Ma-ao,39,Male,Unemployed,Senior High,Baking,Business,Hospitality,Bread and Pastry NC II
2,Taloc,19,Male,Unemployed,Junior High,Masonry,Construction,Construction,Masonry NC II
9,Caridad,28,Male,Unemployed,Junior High,Carpentry,Agriculture,Construction,Carpentry NC II
8,Bagroy,30,Male,Unemployed,Senior High,Carpentry,Retail,Construction,Carpentry NC II
5,Pacol,39,Male,Wage Employed,College Undergraduate,Cooking,Business,Hospitality,Cookery NC II
10,Ma-ao,55,Female,Wage Employed,College Graduate,Computer Literacy,ICT,ICT,Computer Systems Servicing NC II
7,Malingin,25,Male,Unemployed,Senior High,Driving,Business,Transportation,Driving NC II
10,Busay,39,Male,Wage Employed,Junior High,Carpentry,Construction,Construction,Carpentry NC II
9,Poblacion,28,Male,Self-employed,College Graduate,Driving,Agriculture,Transportation,Driving NC II
1,Taloc,30,Male,Underemployed,Senior High,Driving,Retail,Transportation,Driving NC II
7,Mailum,25,Male,Wage Employed,Senior High,Masonry,Manufacturing,Construction,Masonry NC II
4,Balingasag,45,Female,Self-employed,Senior High,Computer Literacy,Business,Transportation,Computer Systems Servicing NC II
11,Mailum,24,Male,Wage Employed,Senior High,Driving,Agriculture,Transportation,Driving NC II
1,Busay,25,Male,Wage Employed,Senior High,Carpentry,Manufacturing,Hospitality,Carpentry NC II
6,Taloc,28,Male,Self-employed,College Graduate,Carpentry,Agriculture,Construction,Carpentry NC II
10,Sagasa,19,Male,Underemployed,Elementary Graduate,Electrical Repair,Manufacturing,Construction,Electrical Installation and Maintenance NC II
1,Poblacion,38,Male,Self-employed,College Graduate,Driving,Transportation,Business,Driving NC II
9,Pacol,23,Male,Unemployed,College Undergraduate,Cooking,Government,Hospitality,Cookery NC II
9,Caridad,39,Female,Self-employed,Senior High,Baking,Business,Hospitality,Bread and Pastry NC II
12,Caridad,25,Male,Underemployed,Junior High,Computer Literacy,ICT,ICT,Computer Systems Servicing NC II
5,Dulao,27,Male,Wage Employed,Junior High,Masonry,Agriculture,Construction,Masonry NC II
6,Abuanan,37,Male,Underemployed,Senior High,Carpentry,Agriculture,Construction,Carpentry NC II
11,Poblacion,21,Female,Underemployed,Senior High,Cooking,Hospitality,Hospitality,Cookery NC II
5,Lag-asan,18,Female,Unemployed,Junior High,Driving,Transportation,Transportation,Driving NC II
3,Caridad,23,Male,Unemployed,College Graduate,Carpentry,Business,Construction,Carpentry NC II
4,Caridad,22,Female,Unemployed,College Graduate,Cooking,Hospitality,Hospitality,Cookery NC II
12,Binubuhan,36,Male,Unemployed,Elementary Graduate,Electrical Repair,Construction,Construction,Electrical Installation and Maintenance NC II
2,Poblacion,28,Male,Self-employed,Senior High,Driving,Agriculture,Transportation,Driving NC II
9,Alianza,26,Male,Unemployed,Junior High,Baking,Construction,Hospitality,Bread and Pastry NC II
8,Mailum,35,Male,Unemployed,Senior High,Driving,Agriculture,Transportation,Driving NC II
6,Pacol,35,Male,Self-employed,Junior High,Carpentry,Business,Construction,Carpentry NC II
4,Tabunan,30,Female,Wage Employed,Senior High,Cooking,Agriculture,Hospitality,Cookery NC II
3,Poblacion,29,Male,Self-employed,Senior High,Driving,Retail,Transportation,Driving NC II
5,Dulao,41,Male,Self-employed,College Undergraduate,Masonry,Agriculture,Construction,Masonry NC II
4,Bacong,40,Male,Unemployed,Elementary Graduate,Masonry,Construction,Construction,Masonry NC II
2,Mailum,33,Male,Self-employed,Senior High,Carpentry,Retail,Construction,Carpentry NC II
10,Caridad,38,Male,Wage Employed,Junior High,Baking,Hospitality,Hospitality,Bread and Pastry NC II
6,Dulao,22,Male,Unemployed,Junior High,Driving,Business,Business,Driving NC II
8,Ma-ao,28,Female,Self-employed,College Undergraduate,Computer Literacy,None,ICT,Computer Systems Servicing NC II
3,Bacong,35,Male,Unemployed,College Graduate,Cooking,Hospitality,Hospitality,Cookery NC II
1,Ma-ao,19,Male,Self-employed,College Undergraduate,Computer Literacy,Construction,ICT,Computer Systems Servicing NC II
4,Balingasag,31,Female,Unemployed,Senior High,Welding,Manufacturing,Construction,Shielded Metal Arc Welding NC I
3,Poblacion,43,Male,Underemployed,Senior High,Carpentry,Business,Construction,Carpentry NC II
4,Tabunan,32,Male,Underemployed,Junior High,Masonry,Construction,Construction,Masonry NC II
6,Caridad,39,Female,Unemployed,Junior High,Welding,Construction,Construction,Shielded Metal Arc Welding NC I
6,Dulao,31,Male,Underemployed,Senior High,Carpentry,Retail,Business,Carpentry NC II
9,Busay,49,Male,Underemployed,College Graduate,Welding,Construction,Construction,Shielded Metal Arc Welding NC I
8,Taloc,26,Female,Unemployed,Junior High,Carpentry,Retail,Construction,Carpentry NC II
7,Mailum,36,Male,Unemployed,College Graduate,Computer Literacy,Government,ICT,Computer Systems Servicing NC II
9,Pacol,29,Male,Unemployed,Junior High,Driving,Transportation,Transportation,Driving NC II
4,Ilijan,21,Female,Unemployed,Senior High,Cooking,ICT,Hospitality,Cookery NC II
3,Abuanan,33,Female,Unemployed,Elementary Graduate,Driving,Transportation,Transportation,Driving NC II
3,Mailum,43,Male,Underemployed,College Undergraduate,Driving,Agriculture,Transportation,Driving NC II
10,Sagasa,31,Male,Wage Employed,College Graduate,Computer Literacy,ICT,ICT,Computer Systems Servicing NC II
8,Busay,31,Male,Underemployed,Senior High,Cooking,Retail,Hospitality,Cookery NC II
10,Calumangan,21,Female,Underemployed,Senior High,Computer Literacy,Hospitality,Transportation,Computer Systems Servicing NC II
7,Taloc,27,Male,Unemployed,College Undergraduate,Baking,Hospitality,Hospitality,Bread and Pastry NC II
7,Atipuluan,26,Male,Self-employed,Senior High,Welding,Manufacturing,Construction,Shielded Metal Arc Welding NC I
1,Abuanan,36,Male,Self-employed,Senior High,Driving,Transportation,Transportation,Driving NC II
2,Pacol,18,Female,Unemployed,Senior High,Computer Literacy,Manufacturing,ICT,Computer Systems Servicing NC II
4,Taloc,27,Male,Wage Employed,Senior High,Welding,Manufacturing,Business,Shielded Metal Arc Welding NC I
12,Bacong,46,Female,Wage Employed,College Graduate,Cooking,Agriculture,Agriculture,Cookery NC II
3,Sagasa,23,Male,Unemployed,College Undergraduate,Welding,Manufacturing,Construction,Shielded Metal Arc Welding NC I
4,Sagasa,19,Female,Unemployed,Junior High,Electrical Repair,None,Hospitality,Electrical Installation and Maintenance NC II
2,Busay,20,Male,Self-employed,Junior High,Carpentry,None,Construction,Carpentry NC II
1,Balingasag,40,Male,Underemployed,Senior High,Driving,Business,Transportation,Driving NC II
2,Busay,24,Male,Unemployed,College Undergraduate,Cooking,Agriculture,Hospitality,Cookery NC II
10,Caridad,34,Female,Underemployed,Junior High,Cooking,Hospitality,Hospitality,Cookery NC II
4,Taloc,31,Male,Underemployed,Junior High,Electrical Repair,Construction,Construction,Electrical Installation and Maintenance NC II
1,Lag-asan,20,Male,Unemployed,Junior High,Driving,Agriculture,Business,Driving NC II
5,Sagasa,34,Male,Underemployed,Elementary Graduate,Driving,Transportation,Transportation,Driving NC II
2,Taloc,38,Female,Underemployed,College Undergraduate,Cooking,Hospitality,Business,Cookery NC II
9,Bagroy,22,Male,Self-employed,Senior High,Driving,Transportation,Transportation,Driving NC II
5,Pacol,18,Male,Unemployed,Elementary Graduate,Computer Literacy,Hospitality,ICT,Computer Systems Servicing NC II
8,Poblacion,42,Male,Wage Employed,Senior High,Driving,Transportation,Transportation,Driving NC II
8,Alianza,45,Female,Self-employed,College Graduate,Driving,Government,Agriculture,Driving NC II
3,Dulao,28,Male,Wage Employed,Senior High,Driving,Transportation,Hospitality,Driving NC II
11,Atipuluan,38,Male,Underemployed,Junior High,Electrical Repair,ICT,Construction,Electrical Installation and Maintenance NC II
2,Ma-ao,23,Male,Underemployed,College Graduate,Driving,Transportation,Construction,Driving NC II
9,Dulao,30,Male,Self-employed,Junior High,Electrical Repair,Business,ICT,Electrical Installation and Maintenance NC II
10,Taloc,41,Male,Underemployed,Senior High,Carpentry,Agriculture,Construction,Carpentry NC II
6,Pacol,25,Female,Unemployed,Senior High,Baking,Retail,Hospitality,Bread and Pastry NC II
5,Abuanan,35,Male,Unemployed,Junior High,Carpentry,Transportation,Construction,Carpentry NC II
1,Sagasa,45,Female,Wage Employed,Senior High,Welding,Construction,Construction,Shielded Metal Arc Welding NC I
7,Busay,31,Male,Unemployed,Junior High,Driving,Transportation,Transportation,Driving NC II
1,Calumangan,40,Female,Unemployed,Senior High,Baking,Retail,Hospitality,Bread and Pastry NC II
9,Poblacion,20,Male,Underemployed,Senior High,Carpentry,Construction,Construction,Carpentry NC II
10,Taloc,32,Female,Underemployed,Elementary Graduate,Cooking,Agriculture,Hospitality,Cookery NC II
1,Balingasag,23,Male,Unemployed,Elementary Graduate,Cooking,Hospitality,Hospitality,Cookery NC II
11,Caridad,33,Female,Unemployed,Junior High,Cooking,Agriculture,Agriculture,Cookery NC II
2,Busay,19,Female,Unemployed,Junior High,Cooking,Retail,Hospitality,Cookery NC II
3,Taloc,35,Male,Unemployed,Senior High,Carpentry,Agriculture,Construction,Carpentry NC II
5,Pacol,32,Male,Self-employed,Senior High,Welding,Construction,Business,Shielded Metal Arc Welding NC I
2,Bacong,24,Male,Self-employed,Senior High,Masonry,Agriculture,Construction,Masonry NC II
3,Poblacion,31,Male,Self-employed,Elementary Graduate,Computer Literacy,Business,ICT,Computer Systems Servicing NC II
9,Dulao,25,Male,Underemployed,Senior High,Computer Literacy,Retail,ICT,Computer Systems Servicing NC II
3,Atipuluan,21,Female,Self-employed,Senior High,Baking,Business,Hospitality,Bread and Pastry NC II
12,Abuanan,37,Male,Underemployed,Junior High,Masonry,Agriculture,Construction,Masonry NC II
11,Calumangan,20,Male,Underemployed,Elementary Graduate,Welding,Construction,Construction,Shielded Metal Arc Welding NC I
2,Busay,34,Male,Unemployed,Senior High,Baking,Retail,Agriculture,Bread and Pastry NC II
7,Busay,29,Male,Self-employed,Junior High,Welding,Manufacturing,Construction,Shielded Metal Arc Welding NC I
6,Ilijan,25,Female,Wage Employed,Senior High,Driving,Transportation,Transportation,Driving NC II
6,Busay,24,Male,Underemployed,College Undergraduate,Driving,Business,Business,Driving NC II
7,Mailum,33,Male,Unemployed,Senior High,Carpentry,Manufacturing,Construction,Carpentry NC II
3,Sagasa,36,Female,Self-employed,Senior High,Computer Literacy,ICT,ICT,Computer Systems Servicing NC II
12,Malingin,33,Female,Underemployed,Senior High,Cooking,Hospitality,Hospitality,Cookery NC II
4,Dulao,34,Female,Unemployed,Elementary Graduate,Baking,Business,Hospitality,Bread and Pastry NC II
1,Bagroy,34,Male,Underemployed,College Graduate,Carpentry,Construction,Construction,Carpentry NC II
9,Poblacion,30,Female,Unemployed,Junior High,Computer Literacy,Government,Business,Computer Systems Servicing NC II
3,Taloc,42,Male,Unemployed,College Undergraduate,Cooking,Agriculture,Hospitality,Cookery NC II
12,Taloc,18,Male,Underemployed,Junior High,Cooking,Agriculture,Hospitality,Cookery NC II
1,Ma-ao,27,Female,Unemployed,Elementary Graduate,Driving,Transportation,Transportation,Driving NC II
11,Caridad,45,Male,Unemployed,Senior High,Baking,Retail,Hospitality,Bread and Pastry NC II
9,Alianza,40,Male,Self-employed,Senior High,Cooking,None,Hospitality,Cookery NC II
4,Atipuluan,26,Male,Unemployed,Senior High,Driving,Business,Transportation,Driving NC II
9,Lag-asan,24,Male,Unemployed,Senior High,Carpentry,Manufacturing,Construction,Carpentry NC II
7,Mailum,23,Female,Wage Employed,College Undergraduate,Computer Literacy,Government,ICT,Computer Systems Servicing NC II
2,Caridad,31,Female,Wage Employed,Senior High,Driving,Government,Transportation,Driving NC II
9,Busay,33,Male,Unemployed,Senior High,Driving,Retail,Transportation,Driving NC II
9,Ma-ao,28,Female,Unemployed,Junior High,Masonry,Construction,Construction,Masonry NC II
8,Caridad,24,Male,Unemployed,Junior High,Masonry,Construction,Construction,Masonry NC II
11,Ma-ao,23,Male,Wage Employed,Senior High,Driving,Retail,Transportation,Driving NC II
8,Poblacion,31,Male,Wage Employed,Senior High,Welding,Construction,Construction,Shielded Metal Arc Welding NC I
8,Bagroy,25,Female,Self-employed,Junior High,Computer Literacy,ICT,Business,Computer Systems Servicing NC II
10,Bagroy,38,Male,Unemployed,Junior High,Electrical Repair,ICT,Construction,Electrical Installation and Maintenance NC II
12,Alianza,33,Female,Self-employed,Senior High,Cooking,Hospitality,Transportation,Cookery NC II
7,Dulao,21,Male,Self-employed,Elementary Graduate,Driving,Business,Transportation,Driving NC II
1,Poblacion,34,Male,Self-employed,Senior High,Carpentry,Agriculture,Construction,Carpentry NC II
3,Taloc,34,Male,Underemployed,College Graduate,Cooking,Hospitality,Hospitality,Cookery NC II
6,Bacong,39,Female,Underemployed,Senior High,Cooking,Hospitality,Agriculture,Cookery NC II
3,Alianza,22,Male,Wage Employed,Senior High,Driving,Transportation,Transportation,Driving NC II
4,Ilijan,24,Male,Wage Employed,Junior High,Masonry,Agriculture,Construction,Masonry NC II
5,Mailum,40,Male,Underemployed,Senior High,Masonry,Agriculture,Construction,Masonry NC II
7,Bacong,31,Female,Underemployed,Junior High,Cooking,Business,Hospitality,Cookery NC II
9,Bacong,40,Male,Underemployed,Junior High,Cooking,Transportation,Agriculture,Cookery NC II
4,Taloc,36,Male,Wage Employed,College Graduate,Computer Literacy,Agriculture,ICT,Computer Systems Servicing NC II
2,Poblacion,40,Male,Unemployed,Elementary Graduate,Driving,Business,Transportation,Driving NC II
1,Poblacion,18,Male,Underemployed,Senior High,Cooking,Government,Transportation,Cookery NC II
5,Binubuhan,37,Male,Self-employed,Senior High,Electrical Repair,Construction,Business,Electrical Installation and Maintenance NC II
9,Mailum,20,Male,Underemployed,Junior High,Computer Literacy,Business,Transportation,Computer Systems Servicing NC II
2,Taloc,44,Male,Underemployed,College Graduate,Baking,Hospitality,Hospitality,Bread and Pastry NC II
2,Taloc,37,Female,Self-employed,Elementary Graduate,Baking,Hospitality,Hospitality,Bread and Pastry NC II
2,Dulao,23,Male,Wage Employed,College Graduate,Driving,Retail,Transportation,Driving NC II
11,Caridad,32,Female,Unemployed,Senior High,Cooking,Transportation,Hospitality,Cookery NC II
6,Taloc,39,Male,Unemployed,Junior High,Carpentry,Construction,Construction,Carpentry NC II
10,Busay,41,Male,Unemployed,Senior High,Welding,Construction,Construction,Shielded Metal Arc Welding NC I
2,Busay,29,Female,Wage Employed,Senior High,Driving,Transportation,Transportation,Driving NC II
6,Taloc,26,Female,Self-employed,College Graduate,Computer Literacy,Government,ICT,Computer Systems Servicing NC II
10,Busay,45,Male,Wage Employed,College Graduate,Welding,Manufacturing,Construction,Shielded Metal Arc Welding NC I
12,Bacong,18,Male,Unemployed,Senior High,Carpentry,Business,Agriculture,Carpentry NC II
3,Calumangan,18,Male,Self-employed,Junior High,Welding,Manufacturing,Construction,Shielded Metal Arc Welding NC I
3,Busay,32,Male,Unemployed,Junior High,Masonry,Construction,Construction,Masonry NC II
12,Busay,28,Female,Wage Employed,College Undergraduate,Computer Literacy,Government,ICT,Computer Systems Servicing NC II
4,Tabunan,26,Female,Self-employed,Elementary Graduate,Cooking,Hospitality,Hospitality,Cookery NC II
9,Taloc,35,Male,Underemployed,Junior High,Cooking,Agriculture,Hospitality,Cookery NC II
4,Poblacion,32,Male,Unemployed,Senior High,Carpentry,Construction,Construction,Carpentry NC II
3,Busay,19,Female,Underemployed,College Undergraduate,Driving,Agriculture,Transportation,Driving NC II
1,Sagasa,32,Female,Unemployed,College Undergraduate,Computer Literacy,ICT,ICT,Computer Systems Servicing NC II
4,Alianza,32,Female,Underemployed,Senior High,Cooking,Agriculture,Hospitality,Cookery NC II
6,Busay,22,Male,Underemployed,Junior High,Welding,Construction,Construction,Shielded Metal Arc Welding NC I
5,Mailum,19,Male,Underemployed,Senior High,Cooking,Business,Hospitality,Cookery NC II
4,Mailum,26,Male,Underemployed,Elementary Graduate,Baking,None,Hospitality,Bread and Pastry NC II
6,Bagroy,25,Male,Unemployed,Junior High,Computer Literacy,ICT,ICT,Computer Systems Servicing NC II
9,Lag-asan,19,Male,Underemployed,Senior High,Carpentry,Construction,Construction,Carpentry NC II
11,Atipuluan,27,Female,Underemployed,College Graduate,Baking,Business,Hospitality,Bread and Pastry NC II
4,Caridad,33,Female,Underemployed,Junior High,Cooking,Government,Hospitality,Cookery NC II
5,Pacol,42,Male,Underemployed,College Undergraduate,Carpentry,Construction,Construction,Carpentry NC II
4,Poblacion,36,Male,Unemployed,Elementary Graduate,Electrical Repair,Manufacturing,Construction,Electrical Installation and Maintenance NC II
12,Dulao,19,Female,Wage Employed,Senior High,Cooking,Hospitality,Hospitality,Cookery NC II
9,Poblacion,24,Male,Unemployed,College Undergraduate,Cooking,Retail,Business,Cookery NC II
3,Sagasa,36,Male,Unemployed,Junior High,Computer Literacy,Government,ICT,Computer Systems Servicing NC II
1,Busay,37,Female,Underemployed,Senior High,Cooking,Retail,Hospitality,Cookery NC II
11,Alianza,26,Female,Wage Employed,College Undergraduate,Computer Literacy,ICT,Business,Computer Systems Servicing NC II
7,Ma-ao,21,Female,Self-employed,Senior High,Carpentry,Business,Construction,Carpentry NC II
10,Ilijan,20,Male,Self-employed,Senior High,Cooking,Government,Hospitality,Cookery NC II
11,Ma-ao,33,Male,Unemployed,Senior High,Masonry,Hospitality,Agriculture,Masonry NC II
1,Balingasag,26,Male,Unemployed,Elementary Graduate,Welding,Transportation,Construction,Shielded Metal Arc Welding NC I
6,Sagasa,38,Female,Wage Employed,Senior High,Baking,Hospitality,Hospitality,Bread and Pastry NC II
12,Atipuluan,28,Male,Unemployed,Junior High,Driving,Transportation,Transportation,Driving NC II
5,Binubuhan,20,Female,Unemployed,Senior High,Computer Literacy,Business,ICT,Computer Systems Servicing NC II
11,Atipuluan,18,Male,Unemployed,Junior High,Carpentry,Agriculture,Construction,Carpentry NC II
7,Binubuhan,38,Male,Self-employed,Senior High,Cooking,Agriculture,Hospitality,Cookery NC II
8,Poblacion,21,Male,Self-employed,College Undergraduate,Computer Literacy,Retail,ICT,Computer Systems Servicing NC II
6,Abuanan,28,Male,Wage Employed,Senior High,Computer Literacy,Government,ICT,Computer Systems Servicing NC II
2,Busay,34,Female,Unemployed,Senior High,Baking,Hospitality,Hospitality,Bread and Pastry NC II
6,Binubuhan,32,Female,Underemployed,College Undergraduate,Computer Literacy,Retail,ICT,Computer Systems Servicing NC II
9,Poblacion,24,Male,Self-employed,Junior High,Carpentry,Agriculture,Agriculture,Carpentry NC II
3,Tabunan,30,Male,Unemployed,Junior High,Computer Literacy,Transportation,ICT,Computer Systems Servicing NC II
9,Bagroy,23,Male,Self-employed,Senior High,Driving,Transportation,Transportation,Driving NC II
9,Caridad,28,Male,Self-employed,Senior High,Electrical Repair,Construction,Construction,Electrical Installation and Maintenance NC II
12,Napoles,38,Female,Underemployed,College Undergraduate,Computer Literacy,Government,ICT,Computer Systems Servicing NC II
5,Ma-ao,35,Female,Wage Employed,College Graduate,Carpentry,Manufacturing,Business,Carpentry NC II
2,Bagroy,23,Female,Underemployed,Senior High,Cooking,Hospitality,Hospitality,Cookery NC II
5,Dulao,55,Male,Self-employed,College Graduate,Driving,Transportation,Transportation,Driving NC II
12,Calumangan,32,Female,Wage Employed,College Undergraduate,Computer Literacy,Retail,Business,Computer Systems Servicing NC II
7,Bacong,40,Female,Underemployed,Elementary Graduate,Baking,Hospitality,Business,Bread and Pastry NC II
8,Caridad,21,Male,Underemployed,Elementary Graduate,Masonry,Construction,Construction,Masonry NC II
1,Bagroy,19,Male,Wage Employed,Senior High,Computer Literacy,Government,ICT,Computer Systems Servicing NC II
2,Bagroy,30,Female,Underemployed,Senior High,Baking,Hospitality,Hospitality,Bread and Pastry NC II
6,Bagroy,44,Male,Wage Employed,Senior High,Computer Literacy,ICT,ICT,Computer Systems Servicing NC II
5,Bagroy,36,Female,Underemployed,Elementary Graduate,Computer Literacy,ICT,ICT,Computer Systems Servicing NC II
12,Atipuluan,36,Male,Unemployed,Junior High,Masonry,None,Construction,Masonry NC II
12,Alianza,24,Male,Wage Employed,College Undergraduate,Masonry,Manufacturing,Construction,Masonry NC II
1,Ma-ao,29,Male,Self-employed,College Undergraduate,Driving,Transportation,Transportation,Driving NC II
8,Ma-ao,39,Male,Underemployed,Junior High,Driving,Government,Transportation,Driving NC II
7,Taloc,41,Female,Unemployed,Senior High,Baking,Hospitality,Hospitality,Bread and Pastry NC II
1,Busay,21,Male,Wage Employed,Junior High,Driving,Agriculture,Transportation,Driving NC II
4,Taloc,42,Male,Unemployed,Senior High,Cooking,Business,Hospitality,Cookery NC II
3,Poblacion,27,Male,Unemployed,Elementary Graduate,Masonry,Construction,Construction,Masonry NC II
2,Caridad,29,Female,Unemployed,Senior High,Cooking,Business,Hospitality,Cookery NC II
5,Alianza,40,Female,Underemployed,Junior High,Baking,None,Hospitality,Bread and Pastry NC II
10,Caridad,20,Male,Unemployed,Junior High,Masonry,Manufacturing,Construction,Masonry NC II
3,Bagroy,39,Female,Underemployed,Junior High,Welding,Construction,Construction,Shielded Metal Arc Welding NC I
5,Poblacion,37,Female,Self-employed,Junior High,Computer Literacy,Retail,Construction,Computer Systems Servicing NC II
4,Lag-asan,24,Male,Underemployed,Junior High,Baking,Hospitality,Hospitality,Bread and Pastry NC II
3,Poblacion,35,Male,Wage Employed,College Undergraduate,Carpentry,None,Business,Carpentry NC II
9,Calumangan,44,Male,Underemployed,Senior High,Carpentry,Construction,Agriculture,Carpentry NC II
7,Ma-ao,25,Male,Self-employed,Elementary Graduate,Driving,Retail,Transportation,Driving NC II
5,Ma-ao,24,Male,Unemployed,Senior High,Welding,Construction,Construction,Shielded Metal Arc Welding NC I
5,Ma-ao,31,Female,Unemployed,Elementary Graduate,Cooking,Hospitality,Agriculture,Cookery NC II
2,Tabunan,27,Female,Self-employed,College Graduate,Driving,Transportation,Transportation,Driving NC II
6,Abuanan,44,Female,Self-employed,College Graduate,Baking,Hospitality,Agriculture,Bread and Pastry NC II
6,Taloc,23,Female,Self-employed,Senior High,Cooking,Hospitality,Hospitality,Cookery NC II
10,Poblacion,38,Female,Self-employed,Elementary Graduate,Baking,Retail,Hospitality,Bread and Pastry NC II
6,Bagroy,18,Female,Unemployed,Senior High,Computer Literacy,ICT,Transportation,Computer Systems Servicing NC II
7,Bagroy,41,Female,Underemployed,College Undergraduate,Driving,ICT,Transportation,Driving NC II
4,Ilijan,48,Female,Wage Employed,College Graduate,Computer Literacy,Manufacturing,ICT,Computer Systems Servicing NC II
6,Taloc,36,Female,Unemployed,Junior High,Cooking,Hospitality,Transportation,Cookery NC II
5,Balingasag,22,Male,Unemployed,Senior High,Baking,Hospitality,Hospitality,Bread and Pastry NC II
8,Balingasag,20,Female,Underemployed,Senior High,Computer Literacy,Business,ICT,Computer Systems Servicing NC II
11,Caridad,46,Male,Underemployed,College Undergraduate,Welding,Business,Construction,Shielded Metal Arc Welding NC I
6,Poblacion,37,Male,Underemployed,Junior High,Driving,Agriculture,Transportation,Driving NC II
1,Poblacion,42,Male,Self-employed,College Undergraduate,Computer Literacy,Retail,ICT,Computer Systems Servicing NC II
8,Busay,33,Male,Wage Employed,Senior High,Carpentry,None,Construction,Carpentry NC II
12,Calumangan,19,Male,Underemployed,Senior High,Driving,Agriculture,Transportation,Driving NC II
6,Calumangan,44,Female,Underemployed,College Undergraduate,Cooking,Hospitality,Hospitality,Cookery NC II
1,Mailum,18,Female,Underemployed,Junior High,Electrical Repair,None,Construction,Electrical Installation and Maintenance NC II
10,Ma-ao,26,Male,Underemployed,College Graduate,Welding,Manufacturing,Construction,Shielded Metal Arc Welding NC I
12,Atipuluan,43,Male,Wage Employed,Senior High,Baking,Retail,Agriculture,Bread and Pastry NC II
7,Mailum,41,Male,Wage Employed,Junior High,Electrical Repair,Construction,Construction,Electrical Installation and Maintenance NC II
12,Malingin,30,Male,Unemployed,Senior High,Driving,Transportation,Transportation,Driving NC II
5,Bagroy,21,Male,Unemployed,Senior High,Welding,Construction,Construction,Shielded Metal Arc Welding NC I
9,Napoles,36,Female,Underemployed,Senior High,Driving,Hospitality,Transportation,Driving NC II
11,Ilijan,40,Female,Unemployed,Junior High,Driving,Agriculture,Transportation,Driving NC II
4,Atipuluan,33,Male,Self-employed,Junior High,Carpentry,Construction,Construction,Carpentry NC II
10,Binubuhan,29,Male,Underemployed,College Undergraduate,Welding,Government,ICT,Shielded Metal Arc Welding NC I
11,Malingin,20,Female,Unemployed,College Undergraduate,Computer Literacy,Government,ICT,Computer Systems Servicing NC II
4,Ma-ao,22,Female,Unemployed,College Undergraduate,Baking,ICT,Agriculture,Bread and Pastry NC II
5,Lag-asan,41,Male,Self-employed,Senior High,Driving,Transportation,Transportation,Driving NC II
1,Taloc,36,Male,Wage Employed,Senior High,Welding,Manufacturing,Construction,Shielded Metal Arc Welding NC I
11,Busay,38,Male,Unemployed,Senior High,Welding,Manufacturing,Construction,Shielded Metal Arc Welding NC I
10,Tabunan,35,Male,Unemployed,Elementary Graduate,Driving,Agriculture,Construction,Driving NC II
5,Taloc,37,Female,Underemployed,College Graduate,Computer Literacy,None,ICT,Computer Systems Servicing NC II
12,Taloc,31,Male,Wage Employed,College Graduate,Computer Literacy,Hospitality,ICT,Computer Systems Servicing NC II
12,Binubuhan,38,Male,Unemployed,Junior High,Driving,ICT,Transportation,Driving NC II
10,Poblacion,30,Female,Wage Employed,Junior High,Cooking,Hospitality,Hospitality,Cookery NC II
11,Mailum,25,Male,Unemployed,Junior High,Computer Literacy,ICT,ICT,Computer Systems Servicing NC II
8,Busay,32,Female,Wage Employed,Senior High,Driving,Agriculture,Transportation,Driving NC II
11,Ilijan,43,Female,Wage Employed,Senior High,Cooking,Business,Hospitality,Cookery NC II
5,Ilijan,44,Male,Underemployed,Senior High,Driving,Hospitality,Transportation,Driving NC II
6,Ma-ao,20,Female,Underemployed,Senior High,Computer Literacy,Manufacturing,Business,Computer Systems Servicing NC II
12,Ilijan,30,Male,Unemployed,Junior High,Driving,Agriculture,Business,Driving NC II
10,Bacong,31,Male,Wage Employed,Senior High,Carpentry,Manufacturing,Construction,Carpentry NC II
10,Atipuluan,39,Male,Underemployed,Elementary Graduate,Cooking,Hospitality,Hospitality,Cookery NC II
10,Taloc,28,Male,Underemployed,Elementary Graduate,Cooking,Retail,Hospitality,Cookery NC II
12,Sagasa,22,Male,Underemployed,Senior High,Welding,Construction,Construction,Shielded Metal Arc Welding NC I
11,Caridad,27,Female,Unemployed,College Undergraduate,Driving,Agriculture,Transportation,Driving NC II
9,Tabunan,39,Male,Underemployed,Elementary Graduate,Driving,Transportation,Transportation,Driving NC II
7,Busay,30,Female,Unemployed,Senior High,Cooking,Government,Hospitality,Cookery NC II
6,Ma-ao,41,Male,Wage Employed,Junior High,Driving,Transportation,Business,Driving NC II
8,Lag-asan,19,Male,Unemployed,Senior High,Baking,Hospitality,ICT,Bread and Pastry NC II
2,Pacol,32,Male,Unemployed,Elementary Graduate,Welding,None,Construction,Shielded Metal Arc Welding NC I
8,Ma-ao,38,Male,Self-employed,Senior High,Computer Literacy,ICT,ICT,Computer Systems Servicing NC II
1,Bagroy,19,Female,Self-employed,Senior High,Computer Literacy,Transportation,Transportation,Computer Systems Servicing NC II
3,Mailum,43,Male,Self-employed,Senior High,Baking,Hospitality,Hospitality,Bread and Pastry NC II
4,Abuanan,46,Male,Unemployed,College Undergraduate,Driving,Transportation,Transportation,Driving NC II
6,Bacong,30,Male,Self-employed,Elementary Graduate,Carpentry,Construction,Construction,Carpentry NC II
11,Bacong,23,Male,Unemployed,Senior High,Cooking,Agriculture,Hospitality,Cookery NC II
11,Napoles,44,Male,Self-employed,Senior High,Cooking,Agriculture,Hospitality,Cookery NC II
1,Ma-ao,43,Male,Wage Employed,Senior High,Baking,Hospitality,Hospitality,Bread and Pastry NC II
12,Busay,29,Male,Wage Employed,Senior High,Carpentry,Business,Construction,Carpentry NC II
6,Malingin,36,Male,Unemployed,Senior High,Masonry,Agriculture,Construction,Masonry NC II
11,Bagroy,31,Female,Underemployed,Elementary Graduate,Masonry,Agriculture,Construction,Masonry NC II
5,Napoles,27,Male,Wage Employed,College Graduate,Computer Literacy,ICT,ICT,Computer Systems Servicing NC II
1,Bacong,32,Female,Underemployed,College Undergraduate,Computer Literacy,Retail,Business,Computer Systems Servicing NC II
1,Bacong,24,Male,Unemployed,Elementary Graduate,Carpentry,Manufacturing,Construction,Carpentry NC II
9,Busay,39,Male,Unemployed,Elementary Graduate,Carpentry,Business,Construction,Carpentry NC II
6,Caridad,42,Female,Wage Employed,College Undergraduate,Computer Literacy,Transportation,ICT,Computer Systems Servicing NC II
10,Ilijan,18,Male,Unemployed,Junior High,Welding,Manufacturing,Construction,Shielded Metal Arc Welding NC I
3,Bagroy,27,Male,Wage Employed,College Undergraduate,Electrical Repair,Construction,ICT,Electrical Installation and Maintenance NC II
5,Napoles,36,Female,Unemployed,Elementary Graduate,Welding,Construction,Construction,Shielded Metal Arc Welding NC I
4,Lag-asan,28,Female,Unemployed,Elementary Graduate,Computer Literacy,Business,ICT,Computer Systems Servicing NC II
1,Mailum,33,Male,Self-employed,College Undergraduate,Driving,Transportation,Transportation,Driving NC II
7,Mailum,33,Female,Self-employed,College Graduate,Computer Literacy,ICT,ICT,Computer Systems Servicing NC II
7,Taloc,32,Male,Underemployed,Junior High,Driving,Government,Transportation,Driving NC II
4,Taloc,31,Female,Unemployed,Senior High,Cooking,Transportation,Hospitality,Cookery NC II
11,Caridad,55,Female,Wage Employed,College Graduate,Computer Literacy,ICT,ICT,Computer Systems Servicing NC II
11,Taloc,18,Male,Unemployed,Elementary Graduate,Driving,Government,Transportation,Driving NC II
6,Taloc,30,Male,Self-employed,Junior High,Carpentry,Hospitality,Construction,Carpentry NC II
10,Dulao,34,Male,Underemployed,Senior High,Masonry,Construction,Construction,Masonry NC II
11,Ilijan,20,Female,Unemployed,Senior High,Baking,Hospitality,Hospitality,Bread and Pastry NC II
12,Taloc,38,Male,Self-employed,College Graduate,Driving,Transportation,Transportation,Driving NC II
7,Atipuluan,46,Male,Underemployed,College Undergraduate,Electrical Repair,Construction,ICT,Electrical Installation and Maintenance NC II
9,Napoles,37,Male,Self-employed,College Undergraduate,Carpentry,Government,Construction,Carpentry NC II
5,Binubuhan,18,Male,Unemployed,Junior High,Electrical Repair,Construction,Construction,Electrical Installation and Maintenance NC II
1,Tabunan,42,Female,Self-employed,Senior High,Cooking,None,Hospitality,Cookery NC II
12,Mailum,37,Male,Underemployed,Senior High,Carpentry,Business,Construction,Carpentry NC II
4,Poblacion,39,Male,Underemployed,Junior High,Welding,Manufacturing,Hospitality,Shielded Metal Arc Welding NC I
6,Alianza,21,Female,Underemployed,Junior High,Baking,Hospitality,Hospitality,Bread and Pastry NC II
5,Abuanan,42,Male,Unemployed,College Undergraduate,Baking,Business,Hospitality,Bread and Pastry NC II
3,Taloc,36,Female,Underemployed,College Undergraduate,Computer Literacy,Hospitality,ICT,Computer Systems Servicing NC II
3,Busay,30,Male,Self-employed,Senior High,Cooking,Retail,Hospitality,Cookery NC II
4,Taloc,22,Female,Unemployed,Junior High,Baking,Agriculture,Hospitality,Bread and Pastry NC II
2,Busay,30,Male,Self-employed,College Undergraduate,Welding,Construction,Construction,Shielded Metal Arc Welding NC I
9,Bacong,27,Male,Self-employed,Senior High,Driving,Transportation,Transportation,Driving NC II
8,Atipuluan,51,Male,Unemployed,College Graduate,Computer Literacy,Construction,ICT,Computer Systems Servicing NC II
5,Taloc,41,Female,Unemployed,College Undergraduate,Baking,Business,Business,Bread and Pastry NC II
11,Dulao,32,Male,Self-employed,Junior High,Driving,Transportation,Transportation,Driving NC II
2,Binubuhan,33,Male,Wage Employed,College Undergraduate,Carpentry,Agriculture,Construction,Carpentry NC II
5,Tabunan,28,Male,Underemployed,Junior High,Cooking,Retail,Hospitality,Cookery NC II
2,Bacong,32,Male,Wage Employed,Senior High,Welding,None,Construction,Shielded Metal Arc Welding NC I
8,Busay,29,Male,Wage Employed,Senior High,Electrical Repair,None,Construction,Electrical Installation and Maintenance NC II
10,Bagroy,42,Male,Underemployed,College Undergraduate,Driving,Agriculture,Business,Driving NC II
7,Taloc,36,Male,Self-employed,Junior High,Computer Literacy,ICT,ICT,Computer Systems Servicing NC II
3,Napoles,40,Female,Wage Employed,Junior High,Driving,Transportation,Transportation,Driving NC II
7,Caridad,18,Female,Unemployed,Junior High,Computer Literacy,Government,ICT,Computer Systems Servicing NC II
7,Ma-ao,25,Female,Underemployed,Elementary Graduate,Carpentry,Construction,Construction,Carpentry NC II
4,Ma-ao,41,Male,Unemployed,Junior High,Carpentry,Construction,Agriculture,Carpentry NC II
10,Abuanan,26,Male,Wage Employed,Junior High,Electrical Repair,Construction,ICT,Electrical Installation and Maintenance NC II
7,Alianza,25,Male,Wage Employed,Junior High,Carpentry,Agriculture,Construction,Carpentry NC II
1,Lag-asan,36,Male,Unemployed,Elementary Graduate,Electrical Repair,Manufacturing,Construction,Electrical Installation and Maintenance NC II
8,Poblacion,27,Female,Self-employed,Junior High,Electrical Repair,Construction,Construction,Electrical Installation and Maintenance NC II
8,Atipuluan,35,Female,Unemployed,Junior High,Baking,Retail,Agriculture,Bread and Pastry NC II
9,Dulao,36,Male,Underemployed,Junior High,Baking,Hospitality,Hospitality,Bread and Pastry NC II
8,Poblacion,29,Male,Underemployed,Senior High,Electrical Repair,ICT,Construction,Electrical Installation and Maintenance NC II
3,Alianza,19,Male,Self-employed,College Undergraduate,Computer Literacy,Government,ICT,Computer Systems Servicing NC II
5,Calumangan,42,Female,Self-employed,College Undergraduate,Driving,Transportation,Transportation,Driving NC II
6,Poblacion,51,Female,Self-employed,College Graduate,Baking,Hospitality,Business,Bread and Pastry NC II
4,Taloc,43,Male,Self-employed,College Graduate,Welding,Construction,Construction,Shielded Metal Arc Welding NC I
6,Sagasa,18,Male,Underemployed,Junior High,Masonry,Construction,Construction,Masonry NC II
10,Napoles,35,Male,Unemployed,Junior High,Driving,Transportation,Transportation,Driving NC II
3,Napoles,45,Male,Underemployed,Senior High,Cooking,Agriculture,Hospitality,Cookery NC II
9,Bacong,28,Male,Underemployed,Elementary Graduate,Electrical Repair,Construction,Construction,Electrical Installation and Maintenance NC II
8,Tabunan,28,Female,Underemployed,College Undergraduate,Computer Literacy,None,ICT,Computer Systems Servicing NC II
10,Bacong,25,Male,Underemployed,Elementary Graduate,Carpentry,Agriculture,Business,Carpentry NC II
8,Dulao,50,Female,Self-employed,College Graduate,Cooking,Hospitality,Construction,Cookery NC II
6,Sagasa,34,Male,Wage Employed,Senior High,Driving,Transportation,Transportation,Driving NC II
5,Busay,37,Female,Self-employed,Elementary Graduate,Driving,Transportation,Transportation,Driving NC II
8,Ilijan,40,Male,Underemployed,College Graduate,Driving,Government,Transportation,Driving NC II
10,Ma-ao,37,Male,Unemployed,Elementary Graduate,Masonry,Construction,Construction,Masonry NC II
3,Pacol,31,Male,Unemployed,Junior High,Carpentry,Construction,Agriculture,Carpentry NC II
4,Ma-ao,26,Male,Underemployed,College Graduate,Electrical Repair,ICT,Business,Electrical Installation and Maintenance NC II
7,Busay,43,Female,Underemployed,Senior High,Masonry,Construction,Construction,Masonry NC II
8,Napoles,23,Male,Self-employed,Senior High,Computer Literacy,Business,Business,Computer Systems Servicing NC II
11,Caridad,19,Female,Underemployed,Senior High,Baking,Business,Construction,Bread and Pastry NC II
8,Caridad,27,Male,Self-employed,Senior High,Carpentry,Agriculture,Construction,Carpentry NC II
10,Ma-ao,24,Male,Unemployed,Elementary Graduate,Driving,Retail,Transportation,Driving NC II
9,Poblacion,36,Female,Self-employed,College Graduate,Cooking,Hospitality,Hospitality,Cookery NC II
5,Bagroy,25,Female,Unemployed,Elementary Graduate,Cooking,Hospitality,Hospitality,Cookery NC II
3,Alianza,24,Male,Unemployed,College Graduate,Computer Literacy,ICT,ICT,Computer Systems Servicing NC II
1,Taloc,39,Female,Unemployed,Senior High,Carpentry,Construction,Transportation,Carpentry NC II
4,Bacong,29,Male,Wage Employed,Senior High,Welding,Construction,Construction,Shielded Metal Arc Welding NC I
12,Pacol,29,Female,Wage Employed,Junior High,Computer Literacy,Transportation,ICT,Computer Systems Servicing NC II
7,Bacong,42,Female,Underemployed,Junior High,Baking,Business,Hospitality,Bread and Pastry NC II
9,Mailum,38,Female,Unemployed,Senior High,Cooking,Agriculture,Hospitality,Cookery NC II
9,Sagasa,19,Male,Underemployed,Senior High,Driving,Business,Transportation,Driving NC II
10,Alianza,31,Female,Underemployed,Senior High,Baking,Business,Hospitality,Bread and Pastry NC II
4,Lag-asan,34,Male,Unemployed,Elementary Graduate,Driving,Hospitality,Transportation,Driving NC II
11,Lag-asan,40,Male,Underemployed,Junior High,Driving,Hospitality,Transportation,Driving NC II
1,Bagroy,35,Male,Self-employed,Junior High,Masonry,Agriculture,Construction,Masonry NC II
6,Dulao,27,Female,Wage Employed,Junior High,Baking,Hospitality,Hospitality,Bread and Pastry NC II
11,Ma-ao,32,Female,Self-employed,Senior High,Masonry,Agriculture,Construction,Masonry NC II
9,Caridad,31,Male,Unemployed,Junior High,Masonry,None,Construction,Masonry NC II
5,Balingasag,25,Male,Unemployed,Senior High,Cooking,Business,Hospitality,Cookery NC II
4,Caridad,30,Male,Unemployed,College Undergraduate,Masonry,Construction,Construction,Masonry NC II
5,Bacong,36,Male,Underemployed,Junior High,Masonry,Construction,Construction,Masonry NC II
1,Busay,42,Male,Wage Employed,College Graduate,Driving,Transportation,Transportation,Driving NC II
2,Busay,25,Male,Self-employed,Senior High,Driving,Transportation,Agriculture,Driving NC II
4,Busay,27,Male,Wage Employed,Elementary Graduate,Electrical Repair,Agriculture,Construction,Electrical Installation and Maintenance NC II
12,Ma-ao,48,Male,Unemployed,College Graduate,Driving,None,Transportation,Driving NC II
5,Busay,23,Male,Unemployed,Elementary Graduate,Masonry,Construction,Construction,Masonry NC II
11,Lag-asan,41,Male,Unemployed,Senior High,Baking,Hospitality,Agriculture,Bread and Pastry NC II
5,Lag-asan,23,Male,Underemployed,Senior High,Electrical Repair,Construction,Hospitality,Electrical Installation and Maintenance NC II
5,Poblacion,29,Female,Underemployed,College Undergraduate,Computer Literacy,ICT,ICT,Computer Systems Servicing NC II
5,Dulao,41,Male,Unemployed,Senior High,Carpentry,Construction,Construction,Carpentry NC II
10,Poblacion,37,Female,Underemployed,College Undergraduate,Driving,Agriculture,Transportation,Driving NC II
10,Poblacion,44,Female,Wage Employed,Senior High,Computer Literacy,ICT,ICT,Computer Systems Servicing NC II
4,Taloc,40,Female,Wage Employed,College Undergraduate,Computer Literacy,Hospitality,ICT,Computer Systems Servicing NC II
6,Binubuhan,24,Female,Wage Employed,College Graduate,Carpentry,Construction,Hospitality,Carpentry NC II
5,Dulao,19,Female,Wage Employed,Junior High,Computer Literacy,Retail,Construction,Computer Systems Servicing NC II
6,Bagroy,28,Male,Unemployed,Elementary Graduate,Computer Literacy,Business,Construction,Computer Systems Servicing NC II
9,Taloc,26,Female,Underemployed,Junior High,Baking,Business,Transportation,Bread and Pastry NC II
3,Abuanan,49,Male,Wage Employed,College Graduate,Driving,Transportation,Transportation,Driving NC II
11,Ma-ao,20,Male,Unemployed,Junior High,Carpentry,Agriculture,Construction,Carpentry NC II
7,Sagasa,34,Male,Self-employed,Senior High,Driving,Agriculture,Transportation,Driving NC II
8,Dulao,28,Female,Wage Employed,College Graduate,Computer Literacy,ICT,ICT,Computer Systems Servicing NC II
2,Dulao,42,Male,Unemployed,Senior High,Carpentry,Hospitality,Construction,Carpentry NC II
6,Ilijan,29,Female,Wage Employed,College Graduate,Cooking,Hospitality,Hospitality,Cookery NC II
2,Ma-ao,28,Male,Wage Employed,Elementary Graduate,Welding,Manufacturing,Construction,Shielded Metal Arc Welding NC I
7,Caridad,40,Female,Unemployed,Elementary Graduate,Driving,Transportation,Transportation,Driving NC II
12,Pacol,24,Female,Wage Employed,Senior High,Computer Literacy,None,ICT,Computer Systems Servicing NC II
10,Binubuhan,31,Female,Unemployed,Junior High,Computer Literacy,Government,Business,Computer Systems Servicing NC II
10,Pacol,36,Female,Underemployed,Senior High,Baking,Hospitality,Hospitality,Bread and Pastry NC II
6,Caridad,23,Male,Underemployed,College Undergraduate,Carpentry,Agriculture,Construction,Carpentry NC II
5,Abuanan,36,Female,Underemployed,Senior High,Baking,Hospitality,Business,Bread and Pastry NC II
7,Pacol,41,Male,Self-employed,College Undergraduate,Baking,Business,Hospitality,Bread and Pastry NC II
11,Alianza,23,Female,Underemployed,Junior High,Cooking,Agriculture,Hospitality,Cookery NC II
12,Binubuhan,33,Female,Unemployed,Junior High,Baking,Hospitality,Hospitality,Bread and Pastry NC II
10,Taloc,25,Female,Wage Employed,College Undergraduate,Cooking,Retail,Construction,Cookery NC II
2,Busay,24,Male,Underemployed,Junior High,Driving,Retail,Transportation,Driving NC II
2,Bacong,41,Male,Wage Employed,Senior High,Computer Literacy,Transportation,ICT,Computer Systems Servicing NC II
11,Tabunan,29,Male,Underemployed,College Graduate,Computer Literacy,ICT,ICT,Computer Systems Servicing NC II
7,Ma-ao,24,Female,Underemployed,Junior High,Cooking,None,Hospitality,Cookery NC II
3,Tabunan,23,Female,Underemployed,Senior High,Welding,Manufacturing,Construction,Shielded Metal Arc Welding NC I
6,Taloc,33,Male,Unemployed,Junior High,Electrical Repair,Manufacturing,Construction,Electrical Installation and Maintenance NC II
2,Dulao,49,Male,Underemployed,College Graduate,Welding,Construction,Construction,Shielded Metal Arc Welding NC I
6,Poblacion,28,Male,Underemployed,Junior High,Welding,Manufacturing,Construction,Shielded Metal Arc Welding NC I
10,Ilijan,34,Female,Underemployed,College Undergraduate,Driving,Business,Transportation,Driving NC II
4,Bagroy,30,Female,Wage Employed,Senior High,Baking,Hospitality,Hospitality,Bread and Pastry NC II
4,Poblacion,25,Male,Underemployed,Elementary Graduate,Carpentry,Agriculture,Agriculture,Carpentry NC II
11,Malingin,52,Female,Wage Employed,College Graduate,Computer Literacy,Retail,ICT,Computer Systems Servicing NC II
5,Taloc,49,Male,Self-employed,College Graduate,Electrical Repair,Construction,Transportation,Electrical Installation and Maintenance NC II
11,Binubuhan,31,Male,Underemployed,College Graduate,Cooking,Business,Hospitality,Cookery NC II
12,Dulao,34,Female,Self-employed,Senior High,Cooking,Retail,Business,Cookery NC II
11,Dulao,18,Male,Self-employed,Elementary Graduate,Cooking,Agriculture,Hospitality,Cookery NC II
1,Abuanan,39,Female,Unemployed,Junior High,Cooking,Hospitality,Hospitality,Cookery NC II
1,Ma-ao,22,Male,Unemployed,Senior High,Cooking,None,Hospitality,Cookery NC II
8,Busay,39,Female,Self-employed,Senior High,Baking,None,Transportation,Bread and Pastry NC II
7,Tabunan,28,Male,Unemployed,Junior High,Driving,Agriculture,Transportation,Driving NC II
5,Dulao,21,Female,Unemployed,College Undergraduate,Computer Literacy,Retail,ICT,Computer Systems Servicing NC II
12,Taloc,33,Male,Self-employed,Senior High,Welding,Retail,Construction,Shielded Metal Arc Welding NC I
12,Bacong,38,Female,Unemployed,College Undergraduate,Baking,Construction,ICT,Bread and Pastry NC II
4,Poblacion,35,Female,Self-employed,Senior High,Computer Literacy,ICT,ICT,Computer Systems Servicing NC II
10,Mailum,48,Female,Wage Employed,College Graduate,Masonry,None,Agriculture,Masonry NC II
7,Lag-asan,32,Male,Wage Employed,Senior High,Driving,Agriculture,Transportation,Driving NC II
10,Malingin,35,Female,Self-employed,Senior High,Carpentry,Hospitality,Construction,Carpentry NC II
5,Taloc,25,Male,Wage Employed,Elementary Graduate,Driving,Transportation,Transportation,Driving NC II
4,Taloc,37,Female,Underemployed,Junior High,Carpentry,Business,Transportation,Carpentry NC II
7,Bacong,38,Male,Self-employed,College Graduate,Computer Literacy,ICT,ICT,Computer Systems Servicing NC II
12,Balingasag,45,Male,Wage Employed,College Graduate,Driving,Hospitality,Transportation,Driving NC II
4,Ma-ao,39,Male,Wage Employed,College Undergraduate,Driving,Transportation,Transportation,Driving NC II
3,Poblacion,38,Female,Self-employed,Senior High,Baking,Hospitality,Hospitality,Bread and Pastry NC II
3,Mailum,33,Female,Underemployed,Junior High,Computer Literacy,Transportation,Business,Computer Systems Servicing NC II
1,Malingin,37,Female,Underemployed,College Graduate,Computer Literacy,Transportation,ICT,Computer Systems Servicing NC II
8,Busay,41,Male,Self-employed,Junior High,Cooking,Business,Construction,Cookery NC II
6,Mailum,23,Male,Wage Employed,Senior High,Baking,Business,Hospitality,Bread and Pastry NC II
10,Lag-asan,26,Male,Wage Employed,College Undergraduate,Welding,Construction,Business,Shielded Metal Arc Welding NC I
4,Ilijan,29,Male,Wage Employed,Junior High,Driving,Transportation,Transportation,Driving NC II
8,Balingasag,41,Male,Wage Employed,College Graduate,Computer Literacy,Government,ICT,Computer Systems Servicing NC II
3,Caridad,23,Male,Wage Employed,College Graduate,Welding,Business,Business,Shielded Metal Arc Welding NC I
4,Balingasag,33,Male,Unemployed,Junior High,Baking,Hospitality,Hospitality,Bread and Pastry NC II
3,Ma-ao,40,Female,Self-employed,Senior High,Cooking,Hospitality,Hospitality,Cookery NC II
6,Busay,19,Male,Self-employed,Senior High,Carpentry,Construction,Construction,Carpentry NC II
5,Calumangan,27,Female,Self-employed,Junior High,Cooking,Business,Hospitality,Cookery NC II
7,Abuanan,33,Female,Wage Employed,Senior High,Computer Literacy,ICT,ICT,Computer Systems Servicing NC II
12,Caridad,23,Male,Self-employed,College Graduate,Carpentry,Agriculture,Construction,Carpentry NC II
8,Ilijan,24,Male,Underemployed,Junior High,Cooking,Agriculture,Hospitality,Cookery NC II
3,Alianza,27,Female,Wage Employed,College Graduate,Computer Literacy,ICT,ICT,Computer Systems Servicing NC II
1,Bagroy,37,Male,Unemployed,College Undergraduate,Computer Literacy,Business,ICT,Computer Systems Servicing NC II
11,Dulao,18,Male,Wage Employed,Senior High,Baking,Retail,Hospitality,Bread and Pastry NC II
4,Ma-ao,21,Female,Self-employed,Junior High,Baking,Hospitality,Hospitality,Bread and Pastry NC II
6,Abuanan,44,Male,Unemployed,College Undergraduate,Driving,Business,Transportation,Driving NC II
1,Dulao,35,Male,Unemployed,Senior High,Carpentry,Construction,Construction,Carpentry NC II
12,Mailum,30,Male,Underemployed,Senior High,Carpentry,Agriculture,Construction,Carpentry NC II
5,Napoles,29,Female,Unemployed,Senior High,Cooking,ICT,Hospitality,Cookery NC II
3,Taloc,41,Male,Underemployed,College Undergraduate,Masonry,Transportation,Construction,Masonry NC II
1,Dulao,36,Male,Unemployed,Junior High,Masonry,Agriculture,Construction,Masonry NC II
7,Bagroy,18,Male,Unemployed,Senior High,Driving,None,Transportation,Driving NC II
9,Napoles,31,Male,Unemployed,Junior High,Welding,Business,Construction,Shielded Metal Arc Welding NC I
4,Ma-ao,45,Male,Self-employed,College Graduate,Driving,Transportation,Transportation,Driving NC II
10,Atipuluan,20,Female,Self-employed,Senior High,Driving,Government,Transportation,Driving NC II
2,Sagasa,43,Male,Wage Employed,College Undergraduate,Baking,Hospitality,Hospitality,Bread and Pastry NC II
12,Caridad,31,Male,Unemployed,Junior High,Carpentry,Agriculture,Agriculture,Carpentry NC II
8,Bacong,19,Male,Self-employed,Elementary Graduate,Cooking,Hospitality,Hospitality,Cookery NC II
2,Bagroy,38,Male,Self-employed,Senior High,Driving,Retail,Hospitality,Driving NC II
4,Busay,40,Male,Underemployed,Junior High,Baking,Hospitality,Hospitality,Bread and Pastry NC II
11,Napoles,40,Male,Self-employed,College Undergraduate,Carpentry,Manufacturing,Construction,Carpentry NC II
4,Binubuhan,39,Male,Underemployed,Junior High,Cooking,Retail,Hospitality,Cookery NC II
11,Bacong,40,Male,Wage Employed,College Undergraduate,Driving,Transportation,Transportation,Driving NC II
9,Caridad,18,Female,Unemployed,Senior High,Computer Literacy,Government,ICT,Computer Systems Servicing NC II
1,Busay,19,Male,Underemployed,Senior High,Baking,Hospitality,Hospitality,Bread and Pastry NC II
9,Tabunan,21,Female,Unemployed,Senior High,Baking,Retail,Hospitality,Bread and Pastry NC II
6,Atipuluan,28,Male,Wage Employed,Junior High,Driving,Agriculture,Transportation,Driving NC II
3,Sagasa,35,Male,Underemployed,Elementary Graduate,Electrical Repair,Manufacturing,Construction,Electrical Installation and Maintenance NC II
8,Sagasa,34,Male,Unemployed,Junior High,Cooking,Business,Agriculture,Cookery NC II
1,Busay,37,Female,Underemployed,Junior High,Computer Literacy,Government,Business,Computer Systems Servicing NC II
8,Dulao,23,Male,Self-employed,Senior High,Electrical Repair,Construction,Construction,Electrical Installation and Maintenance NC II
9,Ma-ao,54,Female,Underemployed,College Graduate,Computer Literacy,Agriculture,ICT,Computer Systems Servicing NC II
12,Taloc,19,Male,Self-employed,College Undergraduate,Driving,Transportation,Transportation,Driving NC II
4,Poblacion,30,Male,Unemployed,Junior High,Carpentry,Government,Agriculture,Carpentry NC II
2,Caridad,40,Male,Wage Employed,College Graduate,Masonry,Construction,Hospitality,Masonry NC II
9,Ma-ao,33,Male,Underemployed,College Undergraduate,Electrical Repair,None,Construction,Electrical Installation and Maintenance NC II
11,Sagasa,21,Male,Unemployed,Junior High,Cooking,Hospitality,Hospitality,Cookery NC II
4,Ma-ao,20,Male,Underemployed,Junior High,Cooking,Business,Hospitality,Cookery NC II
9,Ma-ao,28,Male,Unemployed,Elementary Graduate,Masonry,Transportation,Agriculture,Masonry NC II
3,Bacong,35,Male,Wage Employed,Junior High,Driving,Agriculture,Transportation,Driving NC II
9,Bagroy,40,Male,Unemployed,Elementary Graduate,Driving,Government,Transportation,Driving NC II
8,Ma-ao,39,Female,Underemployed,Elementary Graduate,Cooking,Government,Hospitality,Cookery NC II
8,Sagasa,40,Female,Self-employed,College Graduate,Baking,Hospitality,Hospitality,Bread and Pastry NC II
8,Ilijan,19,Female,Underemployed,College Undergraduate,Computer Literacy,Transportation,ICT,Computer Systems Servicing NC II
11,Sagasa,26,Male,Self-employed,Elementary Graduate,Driving,Transportation,Business,Driving NC II
6,Calumangan,38,Male,Unemployed,Elementary Graduate,Baking,Business,Hospitality,Bread and Pastry NC II
8,Taloc,22,Male,Underemployed,Junior High,Welding,Construction,Construction,Shielded Metal Arc Welding NC I
4,Malingin,31,Male,Underemployed,Senior High,Welding,Government,Construction,Shielded Metal Arc Welding NC I
5,Mailum,45,Male,Unemployed,Senior High,Electrical Repair,None,Construction,Electrical Installation and Maintenance NC II
11,Busay,26,Male,Underemployed,Junior High,Driving,Agriculture,Transportation,Driving NC II
1,Dulao,30,Male,Wage Employed,College Undergraduate,Driving,Agriculture,Transportation,Driving NC II
1,Ma-ao,24,Female,Self-employed,College Undergraduate,Cooking,Business,Hospitality,Cookery NC II
7,Ilijan,29,Female,Self-employed,College Graduate,Cooking,Retail,Business,Cookery NC II
8,Balingasag,39,Male,Unemployed,Junior High,Cooking,Hospitality,Hospitality,Cookery NC II
10,Dulao,28,Female,Underemployed,Junior High,Masonry,Construction,Construction,Masonry NC II
12,Mailum,29,Female,Unemployed,Junior High,Masonry,Agriculture,Construction,Masonry NC II
12,Taloc,20,Male,Unemployed,Elementary Graduate,Driving,Retail,Hospitality,Driving NC II
6,Tabunan,33,Male,Unemployed,Senior High,Masonry,Agriculture,Construction,Masonry NC II
11,Bacong,18,Male,Unemployed,Junior High,Welding,Hospitality,Construction,Shielded Metal Arc Welding NC I
2,Bagroy,41,Male,Underemployed,Senior High,Driving,Agriculture,Transportation,Driving NC II
5,Abuanan,40,Female,Self-employed,College Graduate,Computer Literacy,ICT,ICT,Computer Systems Servicing NC II
8,Busay,36,Male,Underemployed,Junior High,Cooking,Hospitality,Hospitality,Cookery NC II
5,Bacong,37,Female,Wage Employed,Senior High,Cooking,Retail,Hospitality,Cookery NC II
7,Caridad,32,Female,Wage Employed,College Undergraduate,Computer Literacy,ICT,ICT,Computer Systems Servicing NC II
1,Busay,41,Female,Unemployed,College Undergraduate,Cooking,Hospitality,Hospitality,Cookery NC II
6,Busay,20,Male,Underemployed,Junior High,Cooking,Hospitality,Agriculture,Cookery NC II
2,Malingin,30,Male,Unemployed,Elementary Graduate,Baking,Hospitality,Business,Bread and Pastry NC II
4,Tabunan,26,Female,Underemployed,College Graduate,Driving,Transportation,Transportation,Driving NC II
4,Bagroy,21,Female,Wage Employed,Senior High,Cooking,Business,Hospitality,Cookery NC II
12,Calumangan,25,Male,Self-employed,College Graduate,Welding,Construction,Business,Shielded Metal Arc Welding NC I
2,Ilijan,25,Male,Self-employed,College Undergraduate,Baking,Hospitality,Hospitality,Bread and Pastry NC II
7,Ma-ao,18,Male,Self-employed,Junior High,Baking,Hospitality,Hospitality,Bread and Pastry NC II
3,Sagasa,30,Male,Underemployed,Junior High,Electrical Repair,Manufacturing,Construction,Electrical Installation and Maintenance NC II
1,Busay,37,Male,Wage Employed,College Undergraduate,Masonry,None,ICT,Masonry NC II
9,Malingin,27,Female,Self-employed,Junior High,Cooking,Retail,Hospitality,Cookery NC II
6,Caridad,24,Male,Unemployed,Senior High,Carpentry,Construction,Construction,Carpentry NC II
7,Pacol,22,Male,Unemployed,Junior High,Driving,ICT,Transportation,Driving NC II
5,Binubuhan,35,Male,Wage Employed,Elementary Graduate,Driving,Transportation,Transportation,Driving NC II
2,Caridad,22,Male,Unemployed,Junior High,Carpentry,Agriculture,Construction,Carpentry NC II
3,Mailum,19,Male,Unemployed,Senior High,Driving,Transportation,Transportation,Driving NC II
9,Atipuluan,18,Female,Underemployed,Senior High,Driving,Transportation,Agriculture,Driving NC II
9,Binubuhan,23,Male,Wage Employed,Senior High,Driving,Retail,Transportation,Driving NC II
6,Mailum,27,Female,Underemployed,Senior High,Electrical Repair,ICT,Business,Electrical Installation and Maintenance NC II
3,Ilijan,34,Male,Unemployed,Junior High,Welding,Construction,Construction,Shielded Metal Arc Welding NC I
9,Caridad,50,Female,Underemployed,College Graduate,Computer Literacy,None,Business,Computer Systems Servicing NC II
2,Ma-ao,24,Male,Underemployed,Elementary Graduate,Electrical Repair,Construction,Agriculture,Electrical Installation and Maintenance NC II
9,Ma-ao,18,Male,Self-employed,Elementary Graduate,Carpentry,Agriculture,Construction,Carpentry NC II
3,Busay,36,Male,Unemployed,Senior High,Electrical Repair,Construction,Construction,Electrical Installation and Maintenance NC II
7,Taloc,40,Female,Wage Employed,Senior High,Baking,Retail,Hospitality,Bread and Pastry NC II
5,Balingasag,46,Female,Unemployed,College Undergraduate,Baking,Hospitality,Hospitality,Bread and Pastry NC II
12,Busay,36,Male,Wage Employed,College Undergraduate,Driving,Transportation,Transportation,Driving NC II
11,Busay,21,Male,Wage Employed,Senior High,Driving,Transportation,Transportation,Driving NC II
11,Busay,40,Male,Self-employed,College Graduate,Driving,Agriculture,Transportation,Driving NC II
8,Mailum,24,Male,Self-employed,Elementary Graduate,Carpentry,Business,Construction,Carpentry NC II
2,Malingin,30,Male,Wage Employed,Senior High,Driving,Business,Transportation,Driving NC II
1,Taloc,18,Male,Unemployed,Senior High,Carpentry,Manufacturing,Construction,Carpentry NC II
10,Binubuhan,21,Female,Self-employed,Senior High,Driving,Transportation,Transportation,Driving NC II
12,Ilijan,43,Female,Self-employed,College Graduate,Driving,Transportation,Agriculture,Driving NC II
2,Busay,39,Male,Unemployed,College Undergraduate,Computer Literacy,Business,ICT,Computer Systems Servicing NC II
12,Caridad,37,Female,Wage Employed,College Undergraduate,Baking,Hospitality,Hospitality,Bread and Pastry NC II
9,Poblacion,21,Female,Underemployed,College Undergraduate,Cooking,Hospitality,Hospitality,Cookery NC II
1,Ilijan,18,Female,Self-employed,Junior High,Baking,Hospitality,Hospitality,Bread and Pastry NC II
10,Malingin,34,Female,Self-employed,College Undergraduate,Driving,Transportation,Transportation,Driving NC II
1,Caridad,29,Male,Unemployed,Junior High,Baking,None,Hospitality,Bread and Pastry NC II
8,Ilijan,26,Male,Unemployed,Senior High,Carpentry,Manufacturing,Construction,Carpentry NC II
10,Bagroy,22,Male,Underemployed,Senior High,Carpentry,None,Construction,Carpentry NC II
8,Alianza,32,Female,Wage Employed,Senior High,Baking,None,Hospitality,Bread and Pastry NC II
3,Calumangan,39,Male,Self-employed,College Graduate,Computer Literacy,ICT,ICT,Computer Systems Servicing NC II
4,Caridad,25,Male,Unemployed,College Undergraduate,Carpentry,Agriculture,Construction,Carpentry NC II
4,Tabunan,42,Male,Self-employed,Junior High,Carpentry,Construction,Construction,Carpentry NC II
12,Pacol,40,Male,Self-employed,Senior High,Driving,Transportation,Transportation,Driving NC II
9,Ma-ao,42,Female,Underemployed,Senior High,Cooking,Retail,Hospitality,Cookery NC II
12,Ma-ao,26,Male,Wage Employed,Junior High,Masonry,Construction,Construction,Masonry NC II
6,Poblacion,38,Male,Self-employed,Elementary Graduate,Carpentry,Retail,Construction,Carpentry NC II
11,Malingin,31,Male,Self-employed,Senior High,Welding,Construction,ICT,Shielded Metal Arc Welding NC I
1,Poblacion,55,Female,Unemployed,College Graduate,Computer Literacy,Manufacturing,ICT,Computer Systems Servicing NC II
6,Ma-ao,29,Male,Underemployed,Senior High,Electrical Repair,Construction,ICT,Electrical Installation and Maintenance NC II
9,Napoles,31,Male,Self-employed,College Undergraduate,Computer Literacy,ICT,ICT,Computer Systems Servicing NC II
9,Binubuhan,36,Male,Self-employed,Junior High,Driving,Agriculture,Transportation,Driving NC II
11,Caridad,22,Female,Unemployed,Senior High,Cooking,Retail,Hospitality,Cookery NC II
7,Pacol,35,Male,Underemployed,Senior High,Driving,Transportation,Transportation,Driving NC II
8,Poblacion,20,Male,Wage Employed,Senior High,Masonry,Agriculture,Construction,Masonry NC II
5,Napoles,41,Female,Self-employed,College Undergraduate,Computer Literacy,Government,Business,Computer Systems Servicing NC II
12,Caridad,37,Male,Unemployed,Senior High,Driving,Government,Transportation,Driving NC II
11,Ma-ao,35,Female,Unemployed,Senior High,Computer Literacy,Hospitality,ICT,Computer Systems Servicing NC II
11,Malingin,31,Male,Underemployed,Senior High,Driving,Government,Transportation,Driving NC II
12,Poblacion,45,Male,Unemployed,College Undergraduate,Driving,Agriculture,Transportation,Driving NC II
2,Dulao,37,Male,Self-employed,College Undergraduate,Carpentry,None,Construction,Carpentry NC II
7,Alianza,30,Male,Unemployed,Senior High,Driving,Retail,Transportation,Driving NC II
10,Caridad,36,Female,Underemployed,Junior High,Driving,Transportation,Transportation,Driving NC II
1,Calumangan,21,Male,Underemployed,Senior High,Driving,None,Agriculture,Driving NC II
7,Malingin,18,Male,Unemployed,Senior High,Welding,Manufacturing,Construction,Shielded Metal Arc Welding NC I
11,Napoles,41,Male,Unemployed,Senior High,Masonry,Construction,Construction,Masonry NC II
9,Bacong,19,Male,Self-employed,Elementary Graduate,Carpentry,Agriculture,Construction,Carpentry NC II
10,Abuanan,26,Male,Unemployed,Junior High,Baking,Retail,Hospitality,Bread and Pastry NC II
2,Pacol,29,Female,Underemployed,Senior High,Driving,Agriculture,Transportation,Driving NC II
2,Bacong,49,Male,Wage Employed,College Graduate,Computer Literacy,Government,ICT,Computer Systems Servicing NC II
10,Mailum,21,Male,Wage Employed,College Undergraduate,Computer Literacy,Business,ICT,Computer Systems Servicing NC II
10,Malingin,45,Male,Underemployed,College Graduate,Computer Literacy,Government,ICT,Computer Systems Servicing NC II
5,Poblacion,19,Male,Wage Employed,Senior High,Masonry,Agriculture,Construction,Masonry NC II
1,Binubuhan,44,Male,Self-employed,College Graduate,Driving,Hospitality,Agriculture,Driving NC II
10,Lag-asan,38,Male,Underemployed,Junior High,Masonry,Agriculture,Business,Masonry NC II
3,Mailum,20,Female,Wage Employed,Senior High,Cooking,None,Hospitality,Cookery NC II
12,Ilijan,36,Male,Self-employed,Senior High,Masonry,Manufacturing,Construction,Masonry NC II
1,Poblacion,34,Male,Underemployed,Junior High,Electrical Repair,Government,Construction,Electrical Installation and Maintenance NC II
7,Binubuhan,27,Male,Wage Employed,College Graduate,Carpentry,Manufacturing,Construction,Carpentry NC II
12,Malingin,31,Male,Self-employed,Junior High,Baking,Hospitality,Business,Bread and Pastry NC II
12,Taloc,29,Male,Unemployed,Junior High,Baking,Retail,Hospitality,Bread and Pastry NC II
11,Calumangan,21,Male,Unemployed,Senior High,Carpentry,Agriculture,Construction,Carpentry NC II
11,Poblacion,35,Male,Unemployed,Junior High,Baking,Hospitality,Hospitality,Bread and Pastry NC II
11,Lag-asan,45,Female,Underemployed,Senior High,Computer Literacy,ICT,ICT,Computer Systems Servicing NC II
7,Dulao,40,Male,Wage Employed,College Undergraduate,Driving,Agriculture,Agriculture,Driving NC II
11,Ma-ao,27,Male,Underemployed,College Undergraduate,Cooking,Hospitality,Hospitality,Cookery NC II
8,Ilijan,27,Male,Wage Employed,Senior High,Carpentry,None,ICT,Carpentry NC II
12,Dulao,30,Male,Wage Employed,Senior High,Welding,None,Construction,Shielded Metal Arc Welding NC I
6,Tabunan,22,Male,Unemployed,Junior High,Electrical Repair,Manufacturing,Construction,Electrical Installation and Maintenance NC II
12,Bacong,27,Male,Self-employed,Senior High,Welding,Construction,Construction,Shielded Metal Arc Welding NC I
2,Mailum,43,Male,Self-employed,Senior High,Cooking,Business,Business,Cookery NC II
9,Dulao,45,Male,Self-employed,College Undergraduate,Driving,Construction,Transportation,Driving NC II
9,Tabunan,38,Male,Self-employed,College Undergraduate,Cooking,Hospitality,Business,Cookery NC II
4,Poblacion,32,Female,Unemployed,Elementary Graduate,Cooking,Hospitality,Transportation,Cookery NC II
12,Bagroy,27,Female,Self-employed,Senior High,Computer Literacy,Business,ICT,Computer Systems Servicing NC II
5,Taloc,52,Female,Wage Employed,College Graduate,Computer Literacy,ICT,ICT,Computer Systems Servicing NC II
9,Lag-asan,30,Female,Underemployed,Elementary Graduate,Masonry,Agriculture,Business,Masonry NC II
7,Balingasag,25,Male,Self-employed,College Undergraduate,Driving,Transportation,Transportation,Driving NC II
11,Balingasag,27,Female,Unemployed,Senior High,Cooking,Retail,Hospitality,Cookery NC II
4,Taloc,29,Male,Self-employed,Elementary Graduate,Carpentry,ICT,Construction,Carpentry NC II
10,Ma-ao,43,Female,Wage Employed,Senior High,Baking,Hospitality,Hospitality,Bread and Pastry NC II
11,Napoles,37,Male,Unemployed,Senior High,Electrical Repair,Transportation,Construction,Electrical Installation and Maintenance NC II
10,Bagroy,22,Female,Underemployed,Elementary Graduate,Baking,Hospitality,Hospitality,Bread and Pastry NC II
10,Binubuhan,24,Male,Underemployed,Junior High,Electrical Repair,Construction,Construction,Electrical Installation and Maintenance NC II
9,Poblacion,41,Male,Wage Employed,Senior High,Cooking,Agriculture,Hospitality,Cookery NC II
8,Taloc,42,Male,Wage Employed,Senior High,Driving,Transportation,Transportation,Driving NC II
9,Balingasag,30,Male,Self-employed,College Graduate,Driving,Agriculture,Transportation,Driving NC II
6,Napoles,23,Female,Unemployed,Junior High,Driving,Agriculture,Transportation,Driving NC II
5,Bagroy,22,Female,Unemployed,Junior High,Baking,Retail,Hospitality,Bread and Pastry NC II
3,Calumangan,41,Female,Underemployed,College Graduate,Carpentry,Business,Construction,Carpentry NC II
5,Poblacion,35,Male,Underemployed,Senior High,Cooking,None,Hospitality,Cookery NC II
4,Atipuluan,36,Male,Unemployed,Senior High,Cooking,Retail,Hospitality,Cookery NC II
6,Dulao,30,Male,Unemployed,Senior High,Computer Literacy,Transportation,ICT,Computer Systems Servicing NC II
9,Ma-ao,30,Male,Self-employed,College Undergraduate,Computer Literacy,Retail,Business,Computer Systems Servicing NC II
2,Alianza,30,Female,Underemployed,Junior High,Cooking,Business,Hospitality,Cookery NC II
10,Poblacion,38,Female,Self-employed,College Undergraduate,Cooking,Hospitality,Hospitality,Cookery NC II
11,Tabunan,32,Male,Unemployed,Elementary Graduate,Welding,Hospitality,Construction,Shielded Metal Arc Welding NC I
1,Dulao,30,Female,Wage Employed,Senior High,Baking,Retail,Hospitality,Bread and Pastry NC II
3,Dulao,34,Male,Underemployed,Senior High,Cooking,Retail,Hospitality,Cookery NC II
2,Dulao,24,Male,Underemployed,Junior High,Driving,Government,Transportation,Driving NC II
9,Ma-ao,45,Female,Self-employed,Senior High,Baking,Hospitality,Business,Bread and Pastry NC II
8,Ilijan,35,Male,Unemployed,Senior High,Masonry,Agriculture,Construction,Masonry NC II
7,Bagroy,33,Male,Underemployed,Senior High,Masonry,Manufacturing,Construction,Masonry NC II
10,Ma-ao,33,Male,Underemployed,College Undergraduate,Masonry,Manufacturing,Construction,Masonry NC II
3,Tabunan,45,Male,Wage Employed,Senior High,Driving,Retail,Transportation,Driving NC II
5,Mailum,38,Male,Wage Employed,College Undergraduate,Carpentry,Construction,Construction,Carpentry NC II
7,Lag-asan,28,Male,Unemployed,Senior High,Carpentry,Agriculture,Construction,Carpentry NC II
1,Dulao,43,Female,Underemployed,Senior High,Computer Literacy,Retail,ICT,Computer Systems Servicing NC II
7,Sagasa,28,Female,Self-employed,Junior High,Cooking,None,Business,Cookery NC II
7,Poblacion,31,Male,Underemployed,Senior High,Carpentry,Agriculture,Construction,Carpentry NC II
12,Poblacion,26,Male,Self-employed,Senior High,Welding,Manufacturing,Business,Shielded Metal Arc Welding NC I
7,Busay,36,Male,Underemployed,College Undergraduate,Electrical Repair,None,Business,Electrical Installation and Maintenance NC II
6,Balingasag,18,Male,Self-employed,Junior High,Welding,Construction,Construction,Shielded Metal Arc Welding NC I
1,Bagroy,39,Male,Wage Employed,Senior High,Driving,Transportation,Transportation,Driving NC II
10,Taloc,40,Male,Underemployed,Junior High,Welding,Construction,Construction,Shielded Metal Arc Welding NC I
12,Mailum,34,Male,Unemployed,Senior High,Masonry,Construction,Construction,Masonry NC II
11,Alianza,18,Male,Self-employed,Senior High,Carpentry,Business,Agriculture,Carpentry NC II
9,Busay,25,Female,Self-employed,College Undergraduate,Computer Literacy,ICT,ICT,Computer Systems Servicing NC II
5,Abuanan,28,Male,Wage Employed,Junior High,Cooking,Business,Construction,Cookery NC II
5,Poblacion,26,Male,Unemployed,College Undergraduate,Electrical Repair,Manufacturing,Construction,Electrical Installation and Maintenance NC II
6,Ma-ao,47,Male,Unemployed,College Undergraduate,Masonry,Construction,Construction,Masonry NC II
1,Ma-ao,41,Male,Self-employed,College Undergraduate,Cooking,None,Agriculture,Cookery NC II
3,Poblacion,24,Female,Unemployed,Elementary Graduate,Cooking,Hospitality,Hospitality,Cookery NC II
3,Atipuluan,41,Male,Unemployed,Senior High,Carpentry,Government,Business,Carpentry NC II
11,Balingasag,29,Female,Underemployed,College Undergraduate,Cooking,Business,Business,Cookery NC II
1,Ma-ao,46,Male,Underemployed,College Undergraduate,Computer Literacy,Government,ICT,Computer Systems Servicing NC II
5,Pacol,24,Male,Underemployed,Junior High,Driving,Government,Transportation,Driving NC II
5,Bacong,39,Male,Underemployed,Senior High,Carpentry,Manufacturing,Construction,Carpentry NC II
6,Atipuluan,55,Male,Self-employed,College Graduate,Masonry,Manufacturing,ICT,Masonry NC II
6,Mailum,42,Male,Underemployed,College Undergraduate,Carpentry,Retail,Construction,Carpentry NC II
5,Caridad,37,Female,Self-employed,College Undergraduate,Cooking,Hospitality,Hospitality,Cookery NC II
9,Busay,42,Male,Self-employed,Senior High,Cooking,Hospitality,Hospitality,Cookery NC II
3,Caridad,38,Male,Wage Employed,Senior High,Electrical Repair,Hospitality,Construction,Electrical Installation and Maintenance NC II
1,Malingin,38,Male,Self-employed,College Undergraduate,Driving,Agriculture,Transportation,Driving NC II
7,Bacong,26,Female,Underemployed,Junior High,Carpentry,Business,Construction,Carpentry NC II
12,Busay,18,Male,Unemployed,Senior High,Cooking,Hospitality,Hospitality,Cookery NC II
2,Calumangan,44,Male,Underemployed,College Undergraduate,Computer Literacy,ICT,ICT,Computer Systems Servicing NC II
6,Busay,23,Female,Unemployed,Junior High,Cooking,Business,Hospitality,Cookery NC II
7,Pacol,39,Male,Wage Employed,Senior High,Carpentry,Government,Construction,Carpentry NC II
2,Atipuluan,43,Male,Wage Employed,College Undergraduate,Driving,Transportation,Transportation,Driving NC II
4,Ma-ao,32,Female,Unemployed,Junior High,Carpentry,Agriculture,Construction,Carpentry NC II
9,Ilijan,18,Female,Underemployed,Elementary Graduate,Electrical Repair,Manufacturing,Business,Electrical Installation and Maintenance NC II
10,Balingasag,39,Male,Wage Employed,Senior High,Cooking,Construction,Hospitality,Cookery NC II
10,Pacol,38,Female,Underemployed,Junior High,Driving,Agriculture,Transportation,Driving NC II
9,Napoles,26,Female,Unemployed,Elementary Graduate,Electrical Repair,Construction,Construction,Electrical Installation and Maintenance NC II
11,Busay,31,Male,Self-employed,Senior High,Carpentry,Construction,Construction,Carpentry NC II
5,Dulao,34,Male,Self-employed,Senior High,Driving,Retail,Transportation,Driving NC II
7,Busay,43,Male,Self-employed,College Graduate,Masonry,Construction,Construction,Masonry NC II
7,Taloc,31,Female,Unemployed,Junior High,Driving,Agriculture,Business,Driving NC II
11,Mailum,44,Female,Wage Employed,College Undergraduate,Cooking,Agriculture,Business,Cookery NC II
9,Atipuluan,19,Male,Self-employed,Senior High,Baking,Hospitality,Hospitality,Bread and Pastry NC II
6,Tabunan,28,Male,Self-employed,Senior High,Masonry,Agriculture,Business,Masonry NC II
12,Atipuluan,39,Female,Unemployed,Junior High,Baking,Business,Business,Bread and Pastry NC II
2,Ma-ao,25,Female,Underemployed,Junior High,Baking,Hospitality,Hospitality,Bread and Pastry NC II
6,Bacong,31,Male,Wage Employed,Junior High,Carpentry,Construction,Construction,Carpentry NC II
9,Balingasag,31,Female,Self-employed,Junior High,Cooking,Hospitality,Hospitality,Cookery NC II
8,Bagroy,31,Male,Self-employed,Elementary Graduate,Masonry,Agriculture,Agriculture,Masonry NC II
8,Napoles,43,Female,Underemployed,Senior High,Cooking,Business,Hospitality,Cookery NC II
1,Ma-ao,37,Male,Unemployed,College Undergraduate,Cooking,Hospitality,Construction,Cookery NC II
8,Abuanan,55,Male,Wage Employed,College Graduate,Driving,Agriculture,Transportation,Driving NC II
6,Dulao,22,Male,Wage Employed,Senior High,Driving,Transportation,Transportation,Driving NC II
7,Bacong,23,Male,Self-employed,College Undergraduate,Computer Literacy,ICT,ICT,Computer Systems Servicing NC II
7,Busay,30,Female,Unemployed,Senior High,Cooking,Agriculture,Hospitality,Cookery NC II
11,Tabunan,18,Male,Underemployed,Senior High,Driving,Transportation,Transportation,Driving NC II
10,Sagasa,34,Male,Underemployed,Senior High,Computer Literacy,Government,ICT,Computer Systems Servicing NC II
6,Ma-ao,29,Male,Unemployed,Elementary Graduate,Carpentry,Construction,Construction,Carpentry NC II
11,Bagroy,35,Male,Self-employed,College Undergraduate,Computer Literacy,None,ICT,Computer Systems Servicing NC II
6,Ilijan,20,Male,Unemployed,Junior High,Electrical Repair,Construction,Construction,Electrical Installation and Maintenance NC II
8,Busay,45,Male,Wage Employed,College Graduate,Cooking,Hospitality,Hospitality,Cookery NC II
1,Poblacion,24,Male,Unemployed,College Graduate,Masonry,Business,Construction,Masonry NC II
11,Taloc,45,Male,Unemployed,College Undergraduate,Electrical Repair,Manufacturing,Construction,Electrical Installation and Maintenance NC II
12,Ilijan,45,Male,Self-employed,College Graduate,Computer Literacy,ICT,ICT,Computer Systems Servicing NC II
4,Pacol,37,Male,Unemployed,College Undergraduate,Welding,Construction,Transportation,Shielded Metal Arc Welding NC I
12,Ilijan,26,Male,Self-employed,Senior High,Masonry,Construction,Agriculture,Masonry NC II
7,Taloc,32,Male,Wage Employed,Senior High,Carpentry,Business,Construction,Carpentry NC II
7,Poblacion,33,Male,Self-employed,College Graduate,Computer Literacy,Manufacturing,ICT,Computer Systems Servicing NC II
4,Sagasa,23,Male,Self-employed,College Graduate,Driving,Hospitality,Transportation,Driving NC II
11,Malingin,45,Male,Underemployed,Senior High,Welding,Agriculture,Construction,Shielded Metal Arc Welding NC I
12,Dulao,19,Male,Underemployed,Junior High,Driving,Construction,Transportation,Driving NC II
6,Balingasag,32,Female,Underemployed,College Undergraduate,Cooking,Agriculture,Hospitality,Cookery NC II
12,Caridad,45,Male,Underemployed,Senior High,Masonry,None,Construction,Masonry NC II
12,Sagasa,29,Male,Unemployed,Junior High,Carpentry,Manufacturing,Construction,Carpentry NC II
10,Caridad,27,Male,Underemployed,Junior High,Driving,Transportation,Transportation,Driving NC II
2,Poblacion,42,Male,Underemployed,Junior High,Carpentry,Government,Construction,Carpentry NC II
6,Bagroy,36,Male,Underemployed,Junior High,Carpentry,Retail,Construction,Carpentry NC II
3,Poblacion,31,Male,Unemployed,Senior High,Welding,Construction,Construction,Shielded Metal Arc Welding NC I
4,Mailum,35,Male,Underemployed,Senior High,Driving,Agriculture,Transportation,Driving NC II
4,Abuanan,34,Male,Wage Employed,Junior High,Masonry,Construction,Construction,Masonry NC II
10,Poblacion,41,Male,Unemployed,College Undergraduate,Driving,Retail,Transportation,Driving NC II
10,Calumangan,40,Female,Unemployed,Senior High,Cooking,Hospitality,Hospitality,Cookery NC II
10,Bagroy,32,Male,Wage Employed,Senior High,Cooking,Hospitality,Hospitality,Cookery NC II
10,Busay,42,Male,Self-employed,College Graduate,Carpentry,Construction,Agriculture,Carpentry NC II
10,Busay,33,Male,Underemployed,Elementary Graduate,Driving,Retail,Transportation,Driving NC II
11,Bagroy,37,Male,Underemployed,Elementary Graduate,Cooking,Hospitality,Hospitality,Cookery NC II
6,Busay,41,Male,Unemployed,College Undergraduate,Carpentry,Retail,Construction,Carpentry NC II
3,Abuanan,26,Female,Unemployed,Junior High,Cooking,Agriculture,Hospitality,Cookery NC II
4,Pacol,19,Male,Wage Employed,College Undergraduate,Computer Literacy,None,ICT,Computer Systems Servicing NC II
4,Caridad,39,Female,Unemployed,Elementary Graduate,Baking,Business,Business,Bread and Pastry NC II
3,Balingasag,26,Male,Unemployed,Junior High,Carpentry,Government,Agriculture,Carpentry NC II
4,Busay,34,Male,Wage Employed,Senior High,Masonry,Construction,Agriculture,Masonry NC II
9,Sagasa,43,Female,Unemployed,College Graduate,Masonry,Construction,Construction,Masonry NC II
2,Poblacion,27,Male,Self-employed,Senior High,Cooking,Hospitality,Hospitality,Cookery NC II
12,Calumangan,20,Female,Underemployed,Senior High,Baking,Retail,Business,Bread and Pastry NC II
1,Busay,44,Male,Wage Employed,Senior High,Driving,Agriculture,Transportation,Driving NC II
3,Pacol,25,Female,Unemployed,Junior High,Baking,Hospitality,Hospitality,Bread and Pastry NC II
2,Mailum,31,Male,Underemployed,Senior High,Driving,Transportation,Transportation,Driving NC II
9,Calumangan,28,Male,Unemployed,Elementary Graduate,Baking,None,Hospitality,Bread and Pastry NC II
7,Bagroy,47,Female,Unemployed,College Undergraduate,Computer Literacy,ICT,ICT,Computer Systems Servicing NC II
1,Dulao,26,Female,Self-employed,Senior High,Baking,Transportation,Hospitality,Bread and Pastry NC II
7,Caridad,53,Female,Self-employed,College Graduate,Computer Literacy,ICT,ICT,Computer Systems Servicing NC II
1,Malingin,29,Male,Self-employed,College Undergraduate,Carpentry,Government,Agriculture,Carpentry NC II
8,Busay,46,Male,Wage Employed,College Undergraduate,Carpentry,Construction,Construction,Carpentry NC II
7,Taloc,40,Male,Underemployed,College Undergraduate,Computer Literacy,ICT,ICT,Computer Systems Servicing NC II
7,Bagroy,24,Female,Unemployed,College Undergraduate,Computer Literacy,ICT,ICT,Computer Systems Servicing NC II
8,Binubuhan,24,Male,Unemployed,College Graduate,Computer Literacy,Retail,ICT,Computer Systems Servicing NC II
5,Busay,23,Female,Underemployed,Elementary Graduate,Computer Literacy,ICT,ICT,Computer Systems Servicing NC II
11,Ma-ao,31,Male,Unemployed,Junior High,Baking,Business,Agriculture,Bread and Pastry NC II
10,Dulao,19,Male,Unemployed,Junior High,Carpentry,Retail,Construction,Carpentry NC II
1,Bagroy,28,Female,Unemployed,Senior High,Cooking,Agriculture,Hospitality,Cookery NC II
6,Ilijan,48,Male,Wage Employed,College Undergraduate,Computer Literacy,ICT,ICT,Computer Systems Servicing NC II
8,Busay,42,Female,Underemployed,College Undergraduate,Baking,Hospitality,Hospitality,Bread and Pastry NC II
11,Taloc,20,Female,Underemployed,College Undergraduate,Welding,Manufacturing,Construction,Shielded Metal Arc Welding NC I
5,Taloc,42,Male,Wage Employed,College Undergraduate,Welding,Construction,Construction,Shielded Metal Arc Welding NC I
4,Ilijan,36,Male,Self-employed,Senior High,Carpentry,Business,Construction,Carpentry NC II
10,Pacol,25,Female,Underemployed,Junior High,Baking,Hospitality,Agriculture,Bread and Pastry NC II
3,Taloc,45,Male,Self-employed,College Graduate,Welding,Manufacturing,Agriculture,Shielded Metal Arc Welding NC I
4,Poblacion,27,Female,Unemployed,Senior High,Cooking,Hospitality,Hospitality,Cookery NC II
12,Binubuhan,24,Male,Underemployed,Senior High,Masonry,Construction,Construction,Masonry NC II
6,Bacong,18,Male,Unemployed,Elementary Graduate,Carpentry,Construction,Construction,Carpentry NC II
12,Pacol,36,Male,Underemployed,College Graduate,Carpentry,Agriculture,Construction,Carpentry NC II
8,Tabunan,37,Male,Wage Employed,College Undergraduate,Driving,Transportation,Transportation,Driving NC II
10,Ma-ao,37,Male,Underemployed,Junior High,Driving,Transportation,Transportation,Driving NC II
11,Poblacion,37,Male,Unemployed,Junior High,Driving,Transportation,Transportation,Driving NC II
11,Tabunan,28,Male,Unemployed,Senior High,Driving,Business,Transportation,Driving NC II
6,Bacong,42,Male,Self-employed,College Graduate,Computer Literacy,ICT,ICT,Computer Systems Servicing NC II
8,Caridad,32,Male,Self-employed,College Undergraduate,Driving,Government,Transportation,Driving NC II
4,Napoles,37,Female,Unemployed,Junior High,Baking,Hospitality,Hospitality,Bread and Pastry NC II
10,Lag-asan,32,Male,Underemployed,Junior High,Carpentry,Business,Construction,Carpentry NC II
1,Calumangan,41,Male,Unemployed,Junior High,Driving,Government,Business,Driving NC II
5,Tabunan,40,Male,Underemployed,College Undergraduate,Computer Literacy,ICT,Business,Computer Systems Servicing NC II
8,Busay,23,Female,Unemployed,College Undergraduate,Computer Literacy,Hospitality,ICT,Computer Systems Servicing NC II
12,Poblacion,25,Female,Underemployed,Elementary Graduate,Baking,Hospitality,Hospitality,Bread and Pastry NC II
11,Binubuhan,37,Female,Underemployed,Junior High,Electrical Repair,Construction,Construction,Electrical Installation and Maintenance NC II
7,Bacong,41,Female,Underemployed,Junior High,Baking,Hospitality,Agriculture,Bread and Pastry NC II
2,Bacong,32,Male,Self-employed,College Undergraduate,Electrical Repair,Manufacturing,Construction,Electrical Installation and Maintenance NC II
4,Calumangan,45,Male,Self-employed,College Undergraduate,Computer Literacy,ICT,ICT,Computer Systems Servicing NC II
3,Balingasag,43,Female,Wage Employed,Senior High,Computer Literacy,Government,ICT,Computer Systems Servicing NC II
8,Abuanan,18,Male,Wage Employed,Senior High,Masonry,Agriculture,Construction,Masonry NC II
8,Poblacion,26,Female,Wage Employed,Senior High,Baking,Hospitality,Hospitality,Bread and Pastry NC II
10,Busay,44,Male,Underemployed,Senior High,Driving,Business,Transportation,Driving NC II
12,Lag-asan,30,Female,Unemployed,Junior High,Baking,Retail,Hospitality,Bread and Pastry NC II
6,Ma-ao,35,Male,Wage Employed,College Graduate,Computer Literacy,Retail,ICT,Computer Systems Servicing NC II
12,Sagasa,48,Female,Underemployed,College Undergraduate,Computer Literacy,Transportation,ICT,Computer Systems Servicing NC II
8,Malingin,22,Male,Self-employed,Junior High,Welding,Business,Construction,Shielded Metal Arc Welding NC I
9,Poblacion,19,Male,Underemployed,Senior High,Driving,Transportation,Transportation,Driving NC II
9,Tabunan,33,Male,Self-employed,Junior High,Electrical Repair,Manufacturing,Construction,Electrical Installation and Maintenance NC II
6,Poblacion,32,Male,Underemployed,Senior High,Driving,Agriculture,Transportation,Driving NC II
3,Bagroy,36,Female,Unemployed,Junior High,Cooking,Business,Hospitality,Cookery NC II
5,Poblacion,18,Male,Unemployed,Junior High,Cooking,Agriculture,Hospitality,Cookery NC II
5,Ilijan,25,Male,Underemployed,Senior High,Masonry,Construction,Agriculture,Masonry NC II
4,Dulao,41,Female,Wage Employed,Senior High,Baking,Retail,Hospitality,Bread and Pastry NC II
4,Ma-ao,20,Female,Unemployed,Junior High,Carpentry,Business,Construction,Carpentry NC II
6,Busay,19,Male,Wage Employed,Senior High,Driving,Agriculture,Transportation,Driving NC II
8,Bagroy,43,Female,Self-employed,Senior High,Cooking,Hospitality,Agriculture,Cookery NC II
4,Balingasag,51,Male,Wage Employed,College Graduate,Computer Literacy,ICT,ICT,Computer Systems Servicing NC II
10,Pacol,34,Male,Self-employed,Senior High,Cooking,Agriculture,Hospitality,Cookery NC II
7,Malingin,38,Male,Underemployed,Senior High,Masonry,Construction,Hospitality,Masonry NC II
1,Calumangan,34,Male,Underemployed,College Undergraduate,Welding,None,Agriculture,Shielded Metal Arc Welding NC I
3,Balingasag,39,Female,Wage Employed,College Graduate,Cooking,Retail,Hospitality,Cookery NC II
10,Taloc,39,Male,Self-employed,Senior High,Carpentry,Retail,Construction,Carpentry NC II
2,Sagasa,36,Male,Self-employed,College Undergraduate,Cooking,Retail,Hospitality,Cookery NC II
10,Dulao,22,Male,Self-employed,Senior High,Computer Literacy,Transportation,ICT,Computer Systems Servicing NC II
7,Lag-asan,34,Female,Wage Employed,College Graduate,Computer Literacy,Government,ICT,Computer Systems Servicing NC II
8,Ma-ao,18,Male,Wage Employed,Senior High,Electrical Repair,Manufacturing,ICT,Electrical Installation and Maintenance NC II
8,Sagasa,28,Male,Self-employed,College Graduate,Driving,Retail,Transportation,Driving NC II
4,Busay,19,Male,Unemployed,Junior High,Masonry,Construction,Construction,Masonry NC II
4,Busay,30,Male,Underemployed,Elementary Graduate,Driving,Business,Transportation,Driving NC II
12,Mailum,33,Male,Unemployed,College Undergraduate,Welding,Manufacturing,Agriculture,Shielded Metal Arc Welding NC I
7,Poblacion,43,Female,Wage Employed,College Undergraduate,Cooking,Agriculture,Business,Cookery NC II
3,Atipuluan,29,Male,Wage Employed,College Undergraduate,Driving,Transportation,Transportation,Driving NC II
1,Dulao,26,Female,Wage Employed,Junior High,Electrical Repair,Construction,Construction,Electrical Installation and Maintenance NC II
10,Tabunan,44,Male,Underemployed,College Undergraduate,Cooking,Construction,Hospitality,Cookery NC II
8,Calumangan,28,Male,Wage Employed,Elementary Graduate,Driving,Hospitality,Business,Driving NC II
3,Malingin,36,Female,Underemployed,Junior High,Cooking,None,Hospitality,Cookery NC II
4,Alianza,35,Male,Underemployed,Elementary Graduate,Driving,Agriculture,Transportation,Driving NC II
10,Lag-asan,34,Female,Underemployed,Senior High,Cooking,Hospitality,Agriculture,Cookery NC II
5,Caridad,19,Female,Underemployed,Senior High,Cooking,Government,Hospitality,Cookery NC II
8,Caridad,28,Female,Underemployed,College Undergraduate,Computer Literacy,ICT,ICT,Computer Systems Servicing NC II
12,Poblacion,26,Male,Unemployed,Junior High,Baking,Hospitality,Hospitality,Bread and Pastry NC II
11,Sagasa,27,Female,Underemployed,College Undergraduate,Cooking,Agriculture,Hospitality,Cookery NC II
10,Balingasag,39,Female,Self-employed,College Undergraduate,Baking,Hospitality,Hospitality,Bread and Pastry NC II
5,Malingin,24,Male,Wage Employed,Senior High,Masonry,Manufacturing,Construction,Masonry NC II
7,Mailum,26,Female,Self-employed,Junior High,Baking,Business,Hospitality,Bread and Pastry NC II
11,Taloc,29,Male,Underemployed,Elementary Graduate,Carpentry,Agriculture,Construction,Carpentry NC II
12,Ilijan,24,Female,Unemployed,College Graduate,Computer Literacy,Government,ICT,Computer Systems Servicing NC II
10,Lag-asan,37,Female,Self-employed,College Undergraduate,Computer Literacy,Government,ICT,Computer Systems Servicing NC II
10,Ma-ao,29,Male,Wage Employed,Senior High,Cooking,Retail,Hospitality,Cookery NC II
4,Ma-ao,24,Female,Unemployed,Senior High,Carpentry,Manufacturing,Construction,Carpentry NC II
5,Sagasa,23,Male,Wage Employed,College Graduate,Carpentry,Construction,Hospitality,Carpentry NC II
7,Binubuhan,33,Female,Unemployed,Senior High,Baking,Business,Hospitality,Bread and Pastry NC II
11,Taloc,24,Male,Self-employed,Elementary Graduate,Baking,Retail,Hospitality,Bread and Pastry NC II
12,Malingin,35,Male,Self-employed,Senior High,Masonry,Construction,Construction,Masonry NC II
12,Bacong,37,Male,Underemployed,Elementary Graduate,Driving,Transportation,Agriculture,Driving NC II
2,Calumangan,40,Male,Self-employed,College Graduate,Carpentry,Agriculture,Construction,Carpentry NC II
2,Poblacion,30,Male,Underemployed,College Graduate,Driving,Transportation,Transportation,Driving NC II
6,Bacong,40,Male,Self-employed,College Undergraduate,Electrical Repair,Retail,Construction,Electrical Installation and Maintenance NC II
6,Bacong,31,Female,Self-employed,Senior High,Computer Literacy,Retail,ICT,Computer Systems Servicing NC II
5,Lag-asan,30,Female,Self-employed,Senior High,Cooking,Agriculture,Agriculture,Cookery NC II
4,Lag-asan,24,Male,Self-employed,College Undergraduate,Carpentry,Hospitality,Construction,Carpentry NC II
10,Taloc,35,Male,Unemployed,College Undergraduate,Computer Literacy,ICT,ICT,Computer Systems Servicing NC II
6,Binubuhan,33,Female,Underemployed,Senior High,Cooking,Retail,Hospitality,Cookery NC II
4,Calumangan,29,Male,Unemployed,Senior High,Carpentry,Business,Construction,Carpentry NC II
12,Poblacion,40,Female,Underemployed,College Undergraduate,Cooking,Agriculture,Business,Cookery NC II
8,Dulao,25,Male,Unemployed,Junior High,Welding,Manufacturing,Construction,Shielded Metal Arc Welding NC I
10,Poblacion,40,Female,Underemployed,Senior High,Carpentry,Retail,Construction,Carpentry NC II
3,Taloc,47,Male,Wage Employed,College Graduate,Welding,Manufacturing,Construction,Shielded Metal Arc Welding NC I
5,Calumangan,42,Male,Self-employed,College Graduate,Cooking,Hospitality,Agriculture,Cookery NC II
12,Malingin,36,Male,Underemployed,Elementary Graduate,Carpentry,Construction,Construction,Carpentry NC II
8,Tabunan,34,Male,Unemployed,Elementary Graduate,Welding,Hospitality,Construction,Shielded Metal Arc Welding NC I
3,Balingasag,36,Female,Unemployed,Junior High,Computer Literacy,Government,Business,Computer Systems Servicing NC II
11,Taloc,33,Male,Underemployed,Junior High,Carpentry,Agriculture,Agriculture,Carpentry NC II
2,Lag-asan,43,Male,Wage Employed,College Undergraduate,Baking,Hospitality,Hospitality,Bread and Pastry NC II
8,Poblacion,34,Male,Underemployed,Senior High,Masonry,Agriculture,Construction,Masonry NC II
4,Binubuhan,38,Female,Underemployed,Senior High,Carpentry,Agriculture,Construction,Carpentry NC II
5,Bacong,23,Female,Wage Employed,Junior High,Driving,Transportation,Transportation,Driving NC II
1,Busay,26,Male,Unemployed,Senior High,Masonry,Agriculture,Construction,Masonry NC II
11,Busay,41,Male,Unemployed,Junior High,Carpentry,Construction,Transportation,Carpentry NC II
11,Ma-ao,22,Male,Underemployed,Elementary Graduate,Welding,Construction,Construction,Shielded Metal Arc Welding NC I
8,Abuanan,33,Female,Underemployed,Elementary Graduate,Baking,Retail,Business,Bread and Pastry NC II
9,Busay,18,Male,Underemployed,Junior High,Driving,Transportation,Transportation,Driving NC II
7,Bagroy,31,Male,Self-employed,Senior High,Masonry,Agriculture,Construction,Masonry NC II
12,Taloc,28,Male,Wage Employed,College Undergraduate,Cooking,Retail,Hospitality,Cookery NC II
2,Caridad,26,Female,Unemployed,Elementary Graduate,Carpentry,Retail,Construction,Carpentry NC II
12,Pacol,23,Female,Underemployed,Elementary Graduate,Computer Literacy,Hospitality,ICT,Computer Systems Servicing NC II
11,Poblacion,18,Male,Underemployed,Senior High,Driving,Transportation,Business,Driving NC II
11,Balingasag,20,Male,Underemployed,College Undergraduate,Cooking,Business,Hospitality,Cookery NC II
8,Balingasag,23,Male,Self-employed,College Undergraduate,Carpentry,Construction,ICT,Carpentry NC II
6,Ilijan,19,Male,Unemployed,College Undergraduate,Computer Literacy,Retail,ICT,Computer Systems Servicing NC II
1,Atipuluan,38,Male,Self-employed,Elementary Graduate,Baking,Construction,Hospitality,Bread and Pastry NC II
4,Abuanan,22,Female,Self-employed,College Undergraduate,Cooking,Retail,Construction,Cookery NC II
8,Pacol,38,Female,Self-employed,Senior High,Baking,Hospitality,Business,Bread and Pastry NC II
2,Poblacion,25,Male,Self-employed,College Undergraduate,Cooking,Agriculture,Hospitality,Cookery NC II
3,Lag-asan,50,Male,Unemployed,College Graduate,Computer Literacy,Agriculture,ICT,Computer Systems Servicing NC II
3,Mailum,34,Male,Self-employed,College Graduate,Computer Literacy,Government,ICT,Computer Systems Servicing NC II
6,Napoles,21,Male,Self-employed,College Undergraduate,Electrical Repair,Manufacturing,Construction,Electrical Installation and Maintenance NC II
12,Taloc,34,Male,Unemployed,Senior High,Carpentry,Construction,Construction,Carpentry NC II
3,Caridad,32,Male,Self-employed,Senior High,Masonry,Construction,Transportation,Masonry NC II
5,Poblacion,18,Male,Underemployed,Senior High,Computer Literacy,None,ICT,Computer Systems Servicing NC II
11,Atipuluan,26,Male,Underemployed,College Graduate,Driving,Hospitality,Transportation,Driving NC II
8,Binubuhan,19,Female,Underemployed,Junior High,Cooking,Agriculture,Construction,Cookery NC II
12,Busay,19,Female,Underemployed,Senior High,Cooking,Retail,Hospitality,Cookery NC II
4,Ma-ao,19,Male,Unemployed,Junior High,Driving,Government,Transportation,Driving NC II
3,Calumangan,18,Male,Unemployed,Junior High,Cooking,Hospitality,Hospitality,Cookery NC II
6,Busay,21,Male,Self-employed,College Undergraduate,Carpentry,Construction,Construction,Carpentry NC II
1,Mailum,26,Female,Underemployed,Junior High,Driving,Government,Transportation,Driving NC II
12,Caridad,40,Male,Unemployed,Senior High,Welding,Construction,Construction,Shielded Metal Arc Welding NC I
5,Ma-ao,36,Female,Self-employed,Junior High,Cooking,Agriculture,Hospitality,Cookery NC II
8,Binubuhan,38,Male,Self-employed,College Graduate,Carpentry,Agriculture,Construction,Carpentry NC II
9,Lag-asan,38,Male,Underemployed,Junior High,Driving,Transportation,Agriculture,Driving NC II
5,Bagroy,46,Female,Wage Employed,College Graduate,Driving,Transportation,Business,Driving NC II
4,Mailum,27,Female,Self-employed,Junior High,Cooking,Hospitality,Hospitality,Cookery NC II
3,Poblacion,31,Male,Wage Employed,Senior High,Driving,Retail,Transportation,Driving NC II
1,Binubuhan,46,Male,Self-employed,College Undergraduate,Computer Literacy,Transportation,ICT,Computer Systems Servicing NC II
9,Sagasa,31,Female,Wage Employed,Junior High,Cooking,Hospitality,Hospitality,Cookery NC II
3,Sagasa,38,Female,Self-employed,Junior High,Driving,Agriculture,Transportation,Driving NC II
3,Napoles,44,Female,Underemployed,Senior High,Cooking,Hospitality,Hospitality,Cookery NC II
5,Bagroy,27,Male,Unemployed,College Undergraduate,Electrical Repair,Manufacturing,ICT,Electrical Installation and Maintenance NC II
11,Ilijan,48,Female,Self-employed,College Undergraduate,Computer Literacy,Business,Business,Computer Systems Servicing NC II
10,Dulao,44,Female,Wage Employed,College Undergraduate,Cooking,Retail,ICT,Cookery NC II
7,Bacong,20,Male,Underemployed,Senior High,Carpentry,Construction,Construction,Carpentry NC II
7,Abuanan,19,Male,Unemployed,Junior High,Baking,None,Hospitality,Bread and Pastry NC II
2,Poblacion,37,Female,Wage Employed,Junior High,Cooking,Business,Transportation,Cookery NC II
6,Tabunan,29,Female,Unemployed,Elementary Graduate,Computer Literacy,Transportation,ICT,Computer Systems Servicing NC II
9,Taloc,31,Female,Unemployed,Senior High,Cooking,Hospitality,Hospitality,Cookery NC II
7,Caridad,20,Female,Unemployed,Senior High,Cooking,None,Hospitality,Cookery NC II
4,Mailum,41,Male,Wage Employed,College Graduate,Driving,Retail,Agriculture,Driving NC II
8,Ma-ao,28,Male,Underemployed,Junior High,Carpentry,Manufacturing,Construction,Carpentry NC II
11,Ma-ao,18,Male,Underemployed,Elementary Graduate,Masonry,None,Construction,Masonry NC II
6,Lag-asan,35,Male,Unemployed,Junior High,Masonry,Manufacturing,Construction,Masonry NC II
11,Caridad,35,Female,Unemployed,College Undergraduate,Baking,Hospitality,Agriculture,Bread and Pastry NC II
2,Bacong,31,Male,Unemployed,Junior High,Cooking,None,Hospitality,Cookery NC II
9,Busay,22,Female,Self-employed,Elementary Graduate,Driving,Transportation,Transportation,Driving NC II
8,Busay,32,Male,Underemployed,Elementary Graduate,Masonry,Agriculture,Construction,Masonry NC II
12,Napoles,43,Male,Underemployed,Senior High,Driving,Business,Transportation,Driving NC II
3,Busay,38,Female,Unemployed,Senior High,Baking,Hospitality,Hospitality,Bread and Pastry NC II
11,Ilijan,23,Male,Unemployed,Elementary Graduate,Carpentry,Manufacturing,Construction,Carpentry NC II
12,Busay,19,Male,Underemployed,Junior High,Carpentry,Manufacturing,Hospitality,Carpentry NC II
12,Dulao,39,Male,Unemployed,Senior High,Cooking,Hospitality,Hospitality,Cookery NC II
7,Busay,22,Male,Unemployed,Senior High,Masonry,Construction,Hospitality,Masonry NC II
2,Alianza,24,Male,Wage Employed,Junior High,Baking,Hospitality,Hospitality,Bread and Pastry NC II
5,Caridad,39,Male,Underemployed,Junior High,Computer Literacy,Business,ICT,Computer Systems Servicing NC II
1,Ma-ao,24,Female,Wage Employed,Elementary Graduate,Cooking,Hospitality,Business,Cookery NC II
6,Poblacion,32,Male,Underemployed,Elementary Graduate,Cooking,Business,Business,Cookery NC II
6,Binubuhan,38,Male,Underemployed,College Undergraduate,Computer Literacy,ICT,ICT,Computer Systems Servicing NC II
4,Bagroy,36,Female,Unemployed,College Undergraduate,Computer Literacy,ICT,ICT,Computer Systems Servicing NC II
3,Abuanan,26,Male,Wage Employed,College Graduate,Carpentry,Construction,Construction,Carpentry NC II
7,Taloc,35,Male,Underemployed,College Undergraduate,Computer Literacy,ICT,ICT,Computer Systems Servicing NC II
6,Dulao,19,Female,Unemployed,Elementary Graduate,Baking,None,Hospitality,Bread and Pastry NC II
3,Caridad,32,Male,Underemployed,Elementary Graduate,Electrical Repair,Manufacturing,Construction,Electrical Installation and Maintenance NC II
12,Taloc,37,Male,Wage Employed,Elementary Graduate,Driving,Transportation,Transportation,Driving NC II
10,Binubuhan,31,Male,Wage Employed,Junior High,Masonry,Agriculture,Construction,Masonry NC II
2,Abuanan,33,Male,Unemployed,Senior High,Computer Literacy,Hospitality,ICT,Computer Systems Servicing NC II
8,Balingasag,42,Female,Unemployed,College Undergraduate,Driving,Transportation,Transportation,Driving NC II
11,Alianza,20,Female,Underemployed,Senior High,Cooking,Hospitality,Hospitality,Cookery NC II
7,Pacol,36,Male,Self-employed,Senior High,Driving,Transportation,Construction,Driving NC II
8,Pacol,24,Female,Underemployed,Elementary Graduate,Electrical Repair,Manufacturing,Construction,Electrical Installation and Maintenance NC II
6,Malingin,30,Male,Underemployed,College Undergraduate,Carpentry,Business,Construction,Carpentry NC II
10,Abuanan,40,Male,Unemployed,Senior High,Welding,Manufacturing,Construction,Shielded Metal Arc Welding NC I
3,Atipuluan,22,Male,Unemployed,Elementary Graduate,Carpentry,Manufacturing,Agriculture,Carpentry NC II
7,Malingin,47,Male,Unemployed,College Undergraduate,Driving,Agriculture,Business,Driving NC II
8,Balingasag,31,Female,Unemployed,Elementary Graduate,Computer Literacy,Retail,ICT,Computer Systems Servicing NC II
3,Taloc,32,Female,Wage Employed,College Undergraduate,Cooking,Retail,Hospitality,Cookery NC II
11,Taloc,34,Female,Unemployed,Elementary Graduate,Computer Literacy,Transportation,ICT,Computer Systems Servicing NC II
8,Calumangan,26,Female,Unemployed,Senior High,Baking,Hospitality,Hospitality,Bread and Pastry NC II
4,Bagroy,40,Male,Underemployed,Senior High,Driving,Agriculture,Transportation,Driving NC II
7,Poblacion,28,Female,Self-employed,Junior High,Cooking,Hospitality,Hospitality,Cookery NC II
3,Caridad,40,Female,Unemployed,Senior High,Baking,Hospitality,Agriculture,Bread and Pastry NC II
4,Alianza,20,Female,Unemployed,Elementary Graduate,Cooking,Business,Hospitality,Cookery NC II
5,Ma-ao,23,Female,Underemployed,Junior High,Baking,Retail,Hospitality,Bread and Pastry NC II
4,Mailum,25,Female,Wage Employed,Junior High,Cooking,Agriculture,Hospitality,Cookery NC II
12,Poblacion,32,Male,Unemployed,Junior High,Cooking,Business,Hospitality,Cookery NC II
10,Poblacion,28,Male,Underemployed,College Undergraduate,Masonry,Construction,Construction,Masonry NC II
8,Dulao,20,Female,Self-employed,Elementary Graduate,Baking,Hospitality,Hospitality,Bread and Pastry NC II
7,Poblacion,23,Female,Underemployed,Junior High,Driving,Agriculture,Transportation,Driving NC II
4,Poblacion,27,Male,Underemployed,Senior High,Cooking,Hospitality,Business,Cookery NC II
1,Poblacion,40,Female,Wage Employed,College Graduate,Baking,Business,Hospitality,Bread and Pastry NC II
6,Poblacion,36,Male,Wage Employed,Junior High,Cooking,Business,Hospitality,Cookery NC II
11,Poblacion,18,Male,Wage Employed,Elementary Graduate,Welding,None,Construction,Shielded Metal Arc Welding NC I
9,Ma-ao,25,Female,Wage Employed,Senior High,Masonry,Construction,Business,Masonry NC II
5,Busay,18,Female,Underemployed,Junior High,Cooking,Hospitality,Hospitality,Cookery NC II
4,Sagasa,37,Male,Unemployed,Junior High,Driving,Transportation,Transportation,Driving NC II
7,Busay,18,Male,Self-employed,Senior High,Cooking,Retail,Hospitality,Cookery NC II
2,Balingasag,21,Male,Underemployed,Junior High,Computer Literacy,Government,ICT,Computer Systems Servicing NC II
2,Busay,24,Male,Unemployed,College Graduate,Cooking,Hospitality,Hospitality,Cookery NC II
9,Dulao,20,Female,Wage Employed,College Undergraduate,Computer Literacy,ICT,ICT,Computer Systems Servicing NC II
1,Mailum,43,Male,Unemployed,College Undergraduate,Driving,Transportation,Transportation,Driving NC II
11,Mailum,24,Female,Unemployed,Junior High,Cooking,Retail,Hospitality,Cookery NC II
3,Ma-ao,37,Male,Underemployed,Junior High,Carpentry,Construction,Construction,Carpentry NC II
8,Lag-asan,43,Male,Wage Employed,College Undergraduate,Carpentry,Business,Construction,Carpentry NC II
5,Tabunan,28,Male,Underemployed,Junior High,Baking,Business,Agriculture,Bread and Pastry NC II
3,Caridad,18,Female,Self-employed,Senior High,Baking,Hospitality,Hospitality,Bread and Pastry NC II
5,Calumangan,33,Male,Unemployed,Senior High,Cooking,Business,Hospitality,Cookery NC II
3,Atipuluan,41,Female,Unemployed,Senior High,Cooking,Retail,Business,Cookery NC II
9,Alianza,33,Male,Unemployed,College Undergraduate,Electrical Repair,None,Construction,Electrical Installation and Maintenance NC II
11,Ma-ao,45,Male,Underemployed,Senior High,Cooking,Retail,Hospitality,Cookery NC II
6,Caridad,27,Female,Underemployed,College Undergraduate,Computer Literacy,Government,ICT,Computer Systems Servicing NC II
11,Napoles,22,Female,Underemployed,Elementary Graduate,Carpentry,Construction,Construction,Carpentry NC II
4,Binubuhan,29,Female,Unemployed,College Undergraduate,Computer Literacy,Manufacturing,ICT,Computer Systems Servicing NC II
10,Abuanan,42,Female,Self-employed,Senior High,Driving,Transportation,Transportation,Driving NC II
11,Binubuhan,28,Male,Underemployed,Senior High,Driving,Transportation,Agriculture,Driving NC II
2,Alianza,28,Male,Unemployed,Junior High,Masonry,Construction,Construction,Masonry NC II
12,Taloc,43,Male,Unemployed,Senior High,Carpentry,Agriculture,Construction,Carpentry NC II
5,Taloc,38,Male,Underemployed,Elementary Graduate,Welding,Manufacturing,Construction,Shielded Metal Arc Welding NC I
12,Pacol,26,Male,Self-employed,Senior High,Driving,Transportation,Transportation,Driving NC II
12,Bagroy,20,Male,Wage Employed,Junior High,Welding,Construction,Agriculture,Shielded Metal Arc Welding NC I
5,Busay,45,Female,Unemployed,Senior High,Welding,Construction,Construction,Shielded Metal Arc Welding NC I
3,Balingasag,25,Female,Underemployed,Senior High,Cooking,Hospitality,Hospitality,Cookery NC II
9,Poblacion,46,Male,Underemployed,College Graduate,Driving,Transportation,Agriculture,Driving NC II
11,Busay,31,Male,Wage Employed,Senior High,Cooking,Retail,Hospitality,Cookery NC II
11,Poblacion,25,Male,Unemployed,Senior High,Carpentry,Construction,Construction,Carpentry NC II
3,Caridad,19,Male,Underemployed,Senior High,Electrical Repair,Construction,Construction,Electrical Installation and Maintenance NC II
7,Mailum,39,Male,Self-employed,Junior High,Driving,Transportation,Transportation,Driving NC II
7,Pacol,41,Male,Wage Employed,College Undergraduate,Computer Literacy,ICT,ICT,Computer Systems Servicing NC II
3,Taloc,32,Male,Wage Employed,Senior High,Carpentry,Construction,Construction,Carpentry NC II
1,Taloc,42,Male,Self-employed,Junior High,Carpentry,Construction,Construction,Carpentry NC II
7,Poblacion,44,Male,Underemployed,Senior High,Carpentry,Construction,Construction,Carpentry NC II
6,Atipuluan,32,Female,Unemployed,Junior High,Computer Literacy,Government,Hospitality,Computer Systems Servicing NC II
11,Atipuluan,44,Female,Underemployed,Senior High,Baking,Hospitality,Hospitality,Bread and Pastry NC II
2,Dulao,48,Male,Self-employed,College Undergraduate,Driving,Government,Transportation,Driving NC II
9,Bagroy,29,Male,Self-employed,Senior High,Electrical Repair,Construction,Construction,Electrical Installation and Maintenance NC II
11,Ilijan,29,Female,Underemployed,Junior High,Driving,Business,Transportation,Driving NC II
4,Dulao,19,Male,Underemployed,Senior High,Carpentry,Agriculture,Construction,Carpentry NC II
8,Balingasag,42,Male,Wage Employed,Senior High,Welding,None,Construction,Shielded Metal Arc Welding NC I
5,Caridad,39,Male,Underemployed,Senior High,Carpentry,Construction,Construction,Carpentry NC II
9,Bacong,34,Male,Wage Employed,Junior High,Carpentry,Construction,Construction,Carpentry NC II
10,Bacong,39,Male,Underemployed,Senior High,Driving,Agriculture,Transportation,Driving NC II
12,Ma-ao,26,Female,Self-employed,Senior High,Baking,Hospitality,Hospitality,Bread and Pastry NC II
6,Lag-asan,34,Male,Self-employed,Senior High,Driving,Hospitality,Transportation,Driving NC II
8,Poblacion,27,Male,Unemployed,Senior High,Cooking,Business,Hospitality,Cookery NC II
5,Ma-ao,44,Male,Unemployed,Senior High,Welding,Construction,Construction,Shielded Metal Arc Welding NC I
9,Dulao,32,Female,Underemployed,Junior High,Cooking,Hospitality,Hospitality,Cookery NC II
4,Binubuhan,26,Male,Self-employed,Junior High,Carpentry,Construction,Construction,Carpentry NC II
7,Napoles,44,Male,Underemployed,College Graduate,Driving,Transportation,Business,Driving NC II
8,Poblacion,23,Male,Underemployed,College Graduate,Computer Literacy,Hospitality,ICT,Computer Systems Servicing NC II
6,Caridad,27,Male,Wage Employed,College Graduate,Computer Literacy,Manufacturing,ICT,Computer Systems Servicing NC II
4,Calumangan,24,Male,Underemployed,Senior High,Masonry,Manufacturing,Agriculture,Masonry NC II
5,Ma-ao,53,Male,Underemployed,College Graduate,Cooking,Government,Hospitality,Cookery NC II
10,Caridad,32,Male,Underemployed,Junior High,Electrical Repair,Government,Construction,Electrical Installation and Maintenance NC II
8,Malingin,29,Male,Wage Employed,College Undergraduate,Computer Literacy,Retail,ICT,Computer Systems Servicing NC II
9,Poblacion,42,Female,Underemployed,Senior High,Computer Literacy,Government,ICT,Computer Systems Servicing NC II
6,Napoles,18,Female,Underemployed,Senior High,Computer Literacy,Retail,ICT,Computer Systems Servicing NC II
7,Calumangan,32,Female,Underemployed,College Undergraduate,Baking,Business,Hospitality,Bread and Pastry NC II
1,Calumangan,39,Male,Unemployed,Junior High,Electrical Repair,None,Construction,Electrical Installation and Maintenance NC II
7,Bagroy,32,Female,Self-employed,Senior High,Computer Literacy,ICT,ICT,Computer Systems Servicing NC II
12,Dulao,26,Male,Underemployed,Senior High,Driving,Transportation,Agriculture,Driving NC II
9,Taloc,28,Male,Underemployed,Junior High,Baking,Retail,Hospitality,Bread and Pastry NC II
6,Malingin,27,Male,Wage Employed,College Graduate,Driving,Government,Transportation,Driving NC II
1,Balingasag,38,Male,Underemployed,Senior High,Driving,Retail,Transportation,Driving NC II
1,Bagroy,30,Male,Unemployed,Elementary Graduate,Carpentry,Construction,Construction,Carpentry NC II
3,Pacol,28,Female,Self-employed,Senior High,Cooking,Agriculture,Hospitality,Cookery NC II
3,Taloc,41,Male,Underemployed,Junior High,Carpentry,None,Construction,Carpentry NC II
8,Busay,29,Male,Wage Employed,College Undergraduate,Welding,Manufacturing,Construction,Shielded Metal Arc Welding NC I
6,Tabunan,31,Male,Self-employed,Senior High,Baking,Hospitality,Hospitality,Bread and Pastry NC II
11,Bagroy,33,Female,Self-employed,Junior High,Cooking,Business,Hospitality,Cookery NC II
12,Mailum,23,Female,Underemployed,Junior High,Cooking,Hospitality,Hospitality,Cookery NC II
9,Binubuhan,35,Male,Unemployed,Junior High,Welding,Manufacturing,Construction,Shielded Metal Arc Welding NC I
3,Poblacion,35,Female,Self-employed,Elementary Graduate,Cooking,Hospitality,Hospitality,Cookery NC II
9,Ma-ao,32,Male,Underemployed,College Graduate,Driving,Agriculture,Transportation,Driving NC II
6,Taloc,35,Male,Wage Employed,Junior High,Driving,Transportation,Transportation,Driving NC II
8,Taloc,30,Male,Underemployed,College Undergraduate,Carpentry,Retail,Construction,Carpentry NC II
6,Sagasa,32,Male,Underemployed,Senior High,Carpentry,Business,Construction,Carpentry NC II
12,Busay,30,Female,Self-employed,Senior High,Cooking,Transportation,Hospitality,Cookery NC II
1,Taloc,19,Female,Self-employed,Senior High,Computer Literacy,ICT,ICT,Computer Systems Servicing NC II
5,Binubuhan,37,Male,Underemployed,Junior High,Cooking,Hospitality,Hospitality,Cookery NC II
9,Napoles,42,Female,Underemployed,Senior High,Carpentry,Retail,Construction,Carpentry NC II
1,Busay,21,Male,Unemployed,Elementary Graduate,Carpentry,Manufacturing,Construction,Carpentry NC II
10,Poblacion,34,Male,Unemployed,Junior High,Electrical Repair,Agriculture,Construction,Electrical Installation and Maintenance NC II
5,Bagroy,47,Male,Underemployed,College Undergraduate,Carpentry,Retail,Business,Carpentry NC II
8,Bagroy,35,Male,Underemployed,College Undergraduate,Cooking,Government,Hospitality,Cookery NC II
4,Bagroy,23,Male,Underemployed,Senior High,Computer Literacy,ICT,ICT,Computer Systems Servicing NC II
11,Taloc,28,Male,Unemployed,Junior High,Carpentry,Construction,Construction,Carpentry NC II
9,Calumangan,27,Male,Underemployed,Elementary Graduate,Driving,Hospitality,Transportation,Driving NC II
9,Tabunan,33,Female,Underemployed,Senior High,Masonry,Agriculture,Construction,Masonry NC II
2,Ma-ao,42,Male,Wage Employed,Senior High,Computer Literacy,Government,ICT,Computer Systems Servicing NC II
11,Bacong,38,Female,Unemployed,Elementary Graduate,Computer Literacy,Transportation,ICT,Computer Systems Servicing NC II
3,Caridad,23,Male,Unemployed,Junior High,Driving,Transportation,Transportation,Driving NC II
6,Ma-ao,21,Female,Self-employed,Elementary Graduate,Baking,None,Hospitality,Bread and Pastry NC II
8,Abuanan,45,Male,Wage Employed,Senior High,Carpentry,None,Construction,Carpentry NC II
11,Poblacion,36,Male,Self-employed,Senior High,Driving,Transportation,Transportation,Driving NC II
11,Dulao,41,Male,Wage Employed,Senior High,Driving,Construction,Transportation,Driving NC II
2,Malingin,39,Female,Underemployed,College Undergraduate,Computer Literacy,ICT,Business,Computer Systems Servicing NC II
6,Poblacion,18,Female,Unemployed,Junior High,Cooking,Hospitality,Hospitality,Cookery NC II
3,Dulao,25,Male,Unemployed,Junior High,Carpentry,Retail,Construction,Carpentry NC II
7,Lag-asan,21,Male,Underemployed,College Undergraduate,Driving,Transportation,Transportation,Driving NC II
12,Abuanan,45,Male,Wage Employed,Senior High,Computer Literacy,None,ICT,Computer Systems Servicing NC II
10,Sagasa,41,Male,Self-employed,College Graduate,Computer Literacy,ICT,ICT,Computer Systems Servicing NC II
12,Ma-ao,28,Female,Underemployed,Junior High,Baking,Business,Hospitality,Bread and Pastry NC II
4,Taloc,55,Male,Wage Employed,College Graduate,Computer Literacy,Business,ICT,Computer Systems Servicing NC II
11,Binubuhan,35,Male,Underemployed,Senior High,Carpentry,Manufacturing,Construction,Carpentry NC II
10,Pacol,33,Female,Unemployed,Junior High,Driving,Agriculture,Transportation,Driving NC II
1,Bacong,18,Male,Self-employed,Junior High,Driving,Government,Transportation,Driving NC II
1,Ma-ao,36,Female,Self-employed,Elementary Graduate,Baking,Hospitality,Hospitality,Bread and Pastry NC II
3,Dulao,38,Male,Wage Employed,Junior High,Cooking,Retail,Hospitality,Cookery NC II
9,Busay,29,Male,Unemployed,Elementary Graduate,Masonry,Construction,Construction,Masonry NC II
6,Taloc,46,Female,Wage Employed,College Undergraduate,Driving,Construction,Transportation,Driving NC II
8,Lag-asan,30,Male,Wage Employed,Senior High,Masonry,Construction,Construction,Masonry NC II
9,Bagroy,20,Male,Underemployed,Senior High,Driving,Agriculture,Transportation,Driving NC II
8,Mailum,48,Male,Self-employed,College Graduate,Cooking,Hospitality,Hospitality,Cookery NC II
6,Balingasag,33,Female,Unemployed,Senior High,Driving,Hospitality,Hospitality,Driving NC II
9,Abuanan,30,Male,Underemployed,Junior High,Driving,ICT,Transportation,Driving NC II
3,Taloc,42,Male,Underemployed,College Undergraduate,Computer Literacy,ICT,ICT,Computer Systems Servicing NC II
7,Dulao,30,Male,Underemployed,Elementary Graduate,Masonry,Business,Construction,Masonry NC II
7,Tabunan,31,Male,Unemployed,College Undergraduate,Computer Literacy,Business,ICT,Computer Systems Servicing NC II
1,Poblacion,41,Female,Wage Employed,Junior High,Electrical Repair,Construction,Construction,Electrical Installation and Maintenance NC II
11,Taloc,40,Male,Self-employed,Elementary Graduate,Electrical Repair,Manufacturing,Transportation,Electrical Installation and Maintenance NC II
6,Atipuluan,30,Male,Underemployed,Elementary Graduate,Electrical Repair,Construction,Construction,Electrical Installation and Maintenance NC II
3,Malingin,37,Female,Underemployed,Junior High,Welding,Construction,Hospitality,Shielded Metal Arc Welding NC I
7,Poblacion,30,Female,Wage Employed,Junior High,Cooking,None,Hospitality,Cookery NC II
6,Ma-ao,37,Male,Unemployed,Senior High,Carpentry,Hospitality,Construction,Carpentry NC II
12,Sagasa,22,Female,Underemployed,Elementary Graduate,Baking,Hospitality,Hospitality,Bread and Pastry NC II
6,Poblacion,40,Male,Unemployed,Elementary Graduate,Driving,Transportation,Agriculture,Driving NC II
11,Caridad,32,Male,Wage Employed,College Undergraduate,Computer Literacy,None,ICT,Computer Systems Servicing NC II
6,Taloc,43,Male,Self-employed,College Undergraduate,Carpentry,Construction,Construction,Carpentry NC II
1,Busay,18,Male,Unemployed,Senior High,Masonry,Business,Construction,Masonry NC II
12,Poblacion,31,Female,Unemployed,Junior High,Baking,Hospitality,Hospitality,Bread and Pastry NC II
4,Ma-ao,44,Male,Underemployed,Senior High,Driving,Transportation,Transportation,Driving NC II
8,Bagroy,37,Female,Underemployed,Junior High,Electrical Repair,Construction,Construction,Electrical Installation and Maintenance NC II
10,Caridad,42,Male,Wage Employed,College Graduate,Welding,Construction,Business,Shielded Metal Arc Welding NC I
6,Pacol,31,Male,Wage Employed,Junior High,Driving,Transportation,Transportation,Driving NC II
5,Dulao,38,Female,Underemployed,Junior High,Cooking,Retail,Hospitality,Cookery NC II
10,Poblacion,26,Female,Underemployed,Junior High,Driving,Transportation,Agriculture,Driving NC II
9,Busay,32,Male,Underemployed,Senior High,Carpentry,Government,Construction,Carpentry NC II
11,Ma-ao,34,Male,Self-employed,Junior High,Masonry,Construction,Construction,Masonry NC II
7,Dulao,28,Male,Wage Employed,Senior High,Driving,Transportation,Transportation,Driving NC II
4,Ma-ao,42,Male,Unemployed,Senior High,Driving,Agriculture,Transportation,Driving NC II
10,Tabunan,37,Female,Underemployed,Elementary Graduate,Driving,Government,Transportation,Driving NC II
8,Busay,33,Male,Underemployed,Senior High,Carpentry,Business,Construction,Carpentry NC II
12,Poblacion,33,Male,Unemployed,Elementary Graduate,Driving,Transportation,Transportation,Driving NC II
5,Malingin,22,Male,Unemployed,College Graduate,Masonry,Construction,ICT,Masonry NC II
8,Abuanan,42,Male,Wage Employed,Junior High,Carpentry,Construction,Construction,Carpentry NC II
7,Napoles,28,Male,Underemployed,Senior High,Driving,Retail,Transportation,Driving NC II
9,Poblacion,38,Male,Unemployed,Elementary Graduate,Carpentry,Transportation,Construction,Carpentry NC II
8,Ma-ao,18,Male,Unemployed,Senior High,Masonry,Transportation,Construction,Masonry NC II
3,Bagroy,24,Female,Unemployed,Junior High,Baking,Hospitality,Hospitality,Bread and Pastry NC II
3,Ma-ao,27,Male,Unemployed,Senior High,Driving,Transportation,Transportation,Driving NC II
6,Napoles,40,Female,Underemployed,Junior High,Baking,Hospitality,Hospitality,Bread and Pastry NC II
7,Lag-asan,21,Male,Underemployed,Junior High,Masonry,Transportation,Construction,Masonry NC II
12,Busay,40,Female,Unemployed,Junior High,Cooking,Agriculture,Hospitality,Cookery NC II
9,Napoles,44,Female,Wage Employed,College Undergraduate,Computer Literacy,ICT,ICT,Computer Systems Servicing NC II
3,Lag-asan,43,Male,Self-employed,Senior High,Driving,Hospitality,Transportation,Driving NC II
2,Taloc,21,Male,Underemployed,Elementary Graduate,Electrical Repair,Construction,Hospitality,Electrical Installation and Maintenance NC II
1,Alianza,38,Male,Unemployed,Junior High,Driving,Agriculture,Transportation,Driving NC II
7,Tabunan,36,Male,Underemployed,Junior High,Carpentry,Manufacturing,Agriculture,Carpentry NC II
4,Mailum,20,Female,Underemployed,College Undergraduate,Masonry,Agriculture,Construction,Masonry NC II
5,Atipuluan,55,Female,Self-employed,College Graduate,Computer Literacy,Retail,ICT,Computer Systems Servicing NC II
5,Napoles,40,Male,Wage Employed,College Undergraduate,Welding,Manufacturing,Construction,Shielded Metal Arc Welding NC I
5,Busay,31,Female,Underemployed,Elementary Graduate,Cooking,Agriculture,Hospitality,Cookery NC II
7,Caridad,36,Female,Underemployed,Junior High,Cooking,Hospitality,Hospitality,Cookery NC II
5,Lag-asan,35,Female,Self-employed,Senior High,Cooking,None,Hospitality,Cookery NC II
3,Caridad,33,Male,Self-employed,College Undergraduate,Carpentry,Agriculture,Construction,Carpentry NC II
8,Ma-ao,35,Female,Unemployed,Junior High,Computer Literacy,ICT,ICT,Computer Systems Servicing NC II
5,Busay,30,Male,Self-employed,Junior High,Baking,Hospitality,ICT,Bread and Pastry NC II
7,Bagroy,39,Male,Wage Employed,Senior High,Driving,Transportation,Transportation,Driving NC II
7,Ilijan,32,Male,Unemployed,Elementary Graduate,Carpentry,Business,Construction,Carpentry NC II
8,Abuanan,23,Male,Unemployed,Elementary Graduate,Baking,Hospitality,Hospitality,Bread and Pastry NC II
7,Calumangan,29,Male,Unemployed,Elementary Graduate,Masonry,Construction,Construction,Masonry NC II
6,Ma-ao,29,Female,Wage Employed,Senior High,Baking,Hospitality,Hospitality,Bread and Pastry NC II
3,Sagasa,38,Male,Unemployed,Senior High,Electrical Repair,Construction,Construction,Electrical Installation and Maintenance NC II
3,Poblacion,33,Female,Self-employed,Senior High,Computer Literacy,Business,ICT,Computer Systems Servicing NC II
2,Ilijan,37,Male,Unemployed,Elementary Graduate,Driving,Agriculture,Transportation,Driving NC II
2,Bagroy,37,Male,Self-employed,College Undergraduate,Driving,Retail,Transportation,Driving NC II
11,Abuanan,40,Male,Underemployed,Junior High,Welding,Construction,Business,Shielded Metal Arc Welding NC I
6,Ma-ao,39,Female,Unemployed,Senior High,Carpentry,Agriculture,Construction,Carpentry NC II
7,Lag-asan,41,Female,Underemployed,Junior High,Baking,Construction,Hospitality,Bread and Pastry NC II
4,Sagasa,41,Male,Underemployed,College Undergraduate,Carpentry,Construction,Construction,Carpentry NC II
11,Atipuluan,20,Male,Unemployed,Elementary Graduate,Baking,Hospitality,Hospitality,Bread and Pastry NC II
5,Poblacion,31,Female,Wage Employed,Senior High,Carpentry,Agriculture,Construction,Carpentry NC II
2,Taloc,22,Female,Wage Employed,Junior High,Carpentry,Manufacturing,Agriculture,Carpentry NC II
7,Mailum,37,Female,Underemployed,Junior High,Computer Literacy,Government,ICT,Computer Systems Servicing NC II
4,Taloc,31,Female,Underemployed,College Undergraduate,Baking,Hospitality,Business,Bread and Pastry NC II
5,Dulao,24,Male,Underemployed,Senior High,Carpentry,Agriculture,Construction,Carpentry NC II
1,Alianza,39,Male,Underemployed,Elementary Graduate,Computer Literacy,ICT,Business,Computer Systems Servicing NC II
8,Balingasag,34,Male,Underemployed,Elementary Graduate,Carpentry,Retail,Construction,Carpentry NC II
5,Alianza,23,Female,Self-employed,Senior High,Masonry,Construction,Construction,Masonry NC II
10,Busay,21,Female,Self-employed,College Undergraduate,Baking,Retail,Hospitality,Bread and Pastry NC II
8,Lag-asan,30,Male,Unemployed,Elementary Graduate,Carpentry,Construction,Construction,Carpentry NC II
1,Dulao,19,Female,Unemployed,Senior High,Carpentry,Manufacturing,Construction,Carpentry NC II
6,Binubuhan,32,Female,Unemployed,Senior High,Baking,Retail,Hospitality,Bread and Pastry NC II
3,Ma-ao,24,Female,Underemployed,Senior High,Baking,Business,Hospitality,Bread and Pastry NC II
9,Busay,43,Male,Unemployed,Senior High,Computer Literacy,None,ICT,Computer Systems Servicing NC II
11,Bacong,42,Female,Underemployed,College Undergraduate,Cooking,None,Hospitality,Cookery NC II
7,Calumangan,50,Female,Self-employed,College Graduate,Computer Literacy,Retail,ICT,Computer Systems Servicing NC II
7,Taloc,23,Female,Unemployed,College Undergraduate,Computer Literacy,None,ICT,Computer Systems Servicing NC II
10,Caridad,29,Male,Unemployed,Junior High,Carpentry,Transportation,Construction,Carpentry NC II
7,Calumangan,33,Male,Self-employed,Junior High,Baking,Hospitality,Hospitality,Bread and Pastry NC II
8,Binubuhan,31,Male,Wage Employed,College Undergraduate,Carpentry,None,Construction,Carpentry NC II
8,Taloc,27,Female,Self-employed,Senior High,Driving,None,Construction,Driving NC II
6,Busay,18,Male,Underemployed,Senior High,Electrical Repair,Construction,ICT,Electrical Installation and Maintenance NC II
7,Dulao,33,Male,Unemployed,Elementary Graduate,Computer Literacy,Business,ICT,Computer Systems Servicing NC II
1,Balingasag,38,Male,Underemployed,Senior High,Cooking,Hospitality,Hospitality,Cookery NC II
1,Caridad,40,Male,Unemployed,Senior High,Computer Literacy,Government,Business,Computer Systems Servicing NC II
2,Malingin,40,Male,Underemployed,Senior High,Computer Literacy,Business,ICT,Computer Systems Servicing NC II
7,Atipuluan,31,Male,Underemployed,College Graduate,Computer Literacy,Manufacturing,ICT,Computer Systems Servicing NC II
10,Dulao,37,Female,Wage Employed,Senior High,Computer Literacy,Government,Hospitality,Computer Systems Servicing NC II
10,Sagasa,41,Female,Unemployed,Junior High,Baking,Hospitality,Hospitality,Bread and Pastry NC II
11,Mailum,38,Female,Wage Employed,Junior High,Cooking,ICT,Hospitality,Cookery NC II
8,Pacol,29,Male,Unemployed,Junior High,Driving,Agriculture,Transportation,Driving NC II
4,Poblacion,26,Male,Underemployed,Elementary Graduate,Masonry,ICT,Construction,Masonry NC II
6,Poblacion,18,Male,Unemployed,Senior High,Masonry,Construction,Construction,Masonry NC II
6,Bacong,33,Male,Wage Employed,Senior High,Electrical Repair,Manufacturing,Construction,Electrical Installation and Maintenance NC II
8,Ilijan,39,Female,Wage Employed,Senior High,Driving,Retail,Transportation,Driving NC II
10,Bacong,35,Male,Wage Employed,College Graduate,Computer Literacy,Government,ICT,Computer Systems Servicing NC II
9,Abuanan,34,Male,Underemployed,Elementary Graduate,Cooking,Agriculture,Business,Cookery NC II
3,Ma-ao,36,Female,Underemployed,Senior High,Cooking,None,Hospitality,Cookery NC II
7,Dulao,46,Male,Self-employed,College Undergraduate,Carpentry,Construction,Construction,Carpentry NC II
5,Malingin,21,Male,Unemployed,Senior High,Carpentry,Construction,Construction,Carpentry NC II
2,Ilijan,33,Male,Underemployed,Senior High,Welding,Construction,Construction,Shielded Metal Arc Welding NC I
1,Mailum,43,Female,Underemployed,College Graduate,Cooking,Retail,Business,Cookery NC II
8,Ilijan,30,Male,Underemployed,Junior High,Electrical Repair,Manufacturing,Construction,Electrical Installation and Maintenance NC II
11,Mailum,21,Female,Wage Employed,College Undergraduate,Cooking,Retail,Hospitality,Cookery NC II
5,Lag-asan,30,Male,Underemployed,Elementary Graduate,Cooking,Hospitality,Construction,Cookery NC II
8,Malingin,25,Female,Underemployed,Elementary Graduate,Cooking,Business,Hospitality,Cookery NC II
8,Lag-asan,29,Female,Wage Employed,Senior High,Baking,Hospitality,Hospitality,Bread and Pastry NC II
2,Balingasag,18,Male,Underemployed,Senior High,Carpentry,Retail,Construction,Carpentry NC II
11,Mailum,25,Male,Self-employed,Junior High,Driving,Agriculture,Transportation,Driving NC II
8,Busay,23,Male,Underemployed,Senior High,Driving,Agriculture,Transportation,Driving NC II
2,Bacong,24,Female,Unemployed,Elementary Graduate,Welding,Manufacturing,Construction,Shielded Metal Arc Welding NC I
3,Ma-ao,39,Male,Underemployed,College Graduate,Masonry,ICT,Construction,Masonry NC II
7,Abuanan,25,Male,Self-employed,Elementary Graduate,Welding,None,Construction,Shielded Metal Arc Welding NC I
10,Taloc,20,Male,Unemployed,Elementary Graduate,Carpentry,Agriculture,Construction,Carpentry NC II
4,Abuanan,33,Male,Underemployed,Senior High,Driving,Agriculture,Transportation,Driving NC II
2,Bagroy,29,Male,Unemployed,Elementary Graduate,Driving,Transportation,Transportation,Driving NC II
6,Ma-ao,43,Female,Underemployed,Senior High,Carpentry,Agriculture,Construction,Carpentry NC II
12,Bagroy,23,Male,Wage Employed,College Undergraduate,Carpentry,Manufacturing,Agriculture,Carpentry NC II
7,Ma-ao,18,Female,Underemployed,Junior High,Computer Literacy,Business,Business,Computer Systems Servicing NC II
5,Mailum,41,Female,Self-employed,Senior High,Computer Literacy,Transportation,ICT,Computer Systems Servicing NC II
5,Poblacion,40,Male,Wage Employed,Junior High,Electrical Repair,Construction,ICT,Electrical Installation and Maintenance NC II
5,Ma-ao,18,Female,Unemployed,Junior High,Cooking,Hospitality,Hospitality,Cookery NC II
1,Abuanan,31,Male,Underemployed,Elementary Graduate,Carpentry,Manufacturing,Agriculture,Carpentry NC II
3,Dulao,22,Male,Unemployed,Senior High,Cooking,Hospitality,Hospitality,Cookery NC II
8,Alianza,19,Male,Underemployed,Junior High,Driving,Agriculture,Transportation,Driving NC II
10,Bacong,40,Female,Self-employed,College Undergraduate,Cooking,Retail,Hospitality,Cookery NC II
8,Dulao,20,Male,Self-employed,Elementary Graduate,Baking,Agriculture,Hospitality,Bread and Pastry NC II
10,Binubuhan,25,Male,Underemployed,Senior High,Carpentry,Manufacturing,Construction,Carpentry NC II
3,Ilijan,29,Male,Unemployed,Senior High,Driving,Transportation,Transportation,Driving NC II
12,Busay,25,Female,Underemployed,Senior High,Electrical Repair,Construction,Construction,Electrical Installation and Maintenance NC II
10,Lag-asan,29,Female,Wage Employed,College Graduate,Computer Literacy,Business,ICT,Computer Systems Servicing NC II
9,Ma-ao,36,Female,Unemployed,Elementary Graduate,Cooking,None,Hospitality,Cookery NC II
1,Dulao,46,Male,Unemployed,College Undergraduate,Driving,Transportation,Transportation,Driving NC II
12,Dulao,30,Male,Unemployed,Senior High,Driving,Agriculture,Transportation,Driving NC II
8,Balingasag,28,Male,Underemployed,Senior High,Masonry,None,Hospitality,Masonry NC II
4,Dulao,19,Male,Wage Employed,College Undergraduate,Cooking,Agriculture,Hospitality,Cookery NC II
6,Busay,33,Female,Underemployed,Junior High,Computer Literacy,ICT,ICT,Computer Systems Servicing NC II
10,Mailum,27,Male,Unemployed,Junior High,Computer Literacy,ICT,ICT,Computer Systems Servicing NC II
12,Calumangan,26,Male,Wage Employed,Junior High,Baking,Business,Hospitality,Bread and Pastry NC II
10,Busay,23,Male,Underemployed,Junior High,Carpentry,Agriculture,Agriculture,Carpentry NC II
9,Busay,42,Male,Underemployed,Junior High,Driving,Government,Transportation,Driving NC II
7,Ma-ao,31,Female,Underemployed,Junior High,Computer Literacy,Manufacturing,Business,Computer Systems Servicing NC II
4,Taloc,43,Female,Wage Employed,College Undergraduate,Computer Literacy,ICT,ICT,Computer Systems Servicing NC II
2,Busay,32,Male,Wage Employed,Senior High,Driving,Business,Transportation,Driving NC II
6,Ma-ao,39,Female,Self-employed,Junior High,Cooking,Agriculture,Hospitality,Cookery NC II
12,Bagroy,40,Female,Self-employed,College Undergraduate,Cooking,Hospitality,Hospitality,Cookery NC II
9,Busay,39,Male,Unemployed,Senior High,Carpentry,Construction,Construction,Carpentry NC II
2,Atipuluan,24,Male,Unemployed,Senior High,Baking,Hospitality,Business,Bread and Pastry NC II
12,Binubuhan,31,Male,Unemployed,College Graduate,Computer Literacy,Transportation,ICT,Computer Systems Servicing NC II
8,Balingasag,27,Male,Underemployed,Junior High,Masonry,None,Construction,Masonry NC II
1,Poblacion,25,Male,Underemployed,Junior High,Masonry,Agriculture,Agriculture,Masonry NC II
6,Calumangan,25,Female,Self-employed,College Undergraduate,Driving,Business,Transportation,Driving NC II
12,Taloc,25,Male,Underemployed,Junior High,Carpentry,Agriculture,Construction,Carpentry NC II
9,Dulao,23,Female,Underemployed,Junior High,Driving,Transportation,Transportation,Driving NC II
7,Taloc,23,Male,Self-employed,Elementary Graduate,Driving,Transportation,Transportation,Driving NC II
2,Dulao,26,Male,Underemployed,Senior High,Driving,Agriculture,Transportation,Driving NC II
6,Caridad,28,Female,Unemployed,Senior High,Driving,Retail,Transportation,Driving NC II
2,Taloc,45,Female,Self-employed,College Graduate,Baking,Agriculture,Hospitality,Bread and Pastry NC II
4,Poblacion,32,Male,Underemployed,Senior High,Computer Literacy,ICT,ICT,Computer Systems Servicing NC II
1,Atipuluan,33,Male,Self-employed,Junior High,Baking,Hospitality,Agriculture,Bread and Pastry NC II
4,Atipuluan,34,Female,Wage Employed,College Graduate,Cooking,Hospitality,Hospitality,Cookery NC II
8,Poblacion,40,Male,Wage Employed,College Graduate,Driving,Transportation,Agriculture,Driving NC II
6,Ma-ao,25,Male,Self-employed,Senior High,Baking,Hospitality,Transportation,Bread and Pastry NC II
8,Poblacion,43,Female,Self-employed,Senior High,Carpentry,Retail,Construction,Carpentry NC II
5,Busay,29,Female,Unemployed,Junior High,Computer Literacy,None,ICT,Computer Systems Servicing NC II
8,Lag-asan,46,Male,Underemployed,College Undergraduate,Computer Literacy,ICT,ICT,Computer Systems Servicing NC II
6,Sagasa,20,Female,Unemployed,Elementary Graduate,Computer Literacy,ICT,ICT,Computer Systems Servicing NC II
12,Taloc,27,Female,Self-employed,Senior High,Baking,Government,Hospitality,Bread and Pastry NC II
8,Bacong,45,Female,Self-employed,Senior High,Cooking,Hospitality,Hospitality,Cookery NC II
2,Mailum,20,Male,Unemployed,Junior High,Carpentry,Business,Construction,Carpentry NC II
8,Calumangan,20,Female,Self-employed,Junior High,Electrical Repair,Construction,Construction,Electrical Installation and Maintenance NC II
1,Alianza,45,Female,Self-employed,Senior High,Baking,Hospitality,Hospitality,Bread and Pastry NC II
3,Ma-ao,19,Female,Unemployed,College Undergraduate,Computer Literacy,ICT,ICT,Computer Systems Servicing NC II
3,Balingasag,33,Male,Underemployed,Junior High,Driving,Transportation,Transportation,Driving NC II
4,Lag-asan,51,Female,Wage Employed,College Graduate,Computer Literacy,Retail,ICT,Computer Systems Servicing NC II
5,Busay,19,Female,Underemployed,Junior High,Cooking,Agriculture,Hospitality,Cookery NC II
9,Bacong,23,Male,Wage Employed,Junior High,Driving,Business,Transportation,Driving NC II
11,Alianza,31,Male,Unemployed,College Undergraduate,Cooking,Construction,Hospitality,Cookery NC II
12,Atipuluan,31,Male,Underemployed,College Undergraduate,Driving,Agriculture,Agriculture,Driving NC II
7,Taloc,20,Male,Underemployed,College Undergraduate,Carpentry,Agriculture,Construction,Carpentry NC II
9,Ma-ao,18,Male,Wage Employed,Senior High,Driving,Transportation,Hospitality,Driving NC II
1,Bacong,24,Female,Underemployed,Junior High,Computer Literacy,ICT,ICT,Computer Systems Servicing NC II
5,Abuanan,36,Male,Self-employed,Elementary Graduate,Computer Literacy,None,ICT,Computer Systems Servicing NC II
11,Ma-ao,33,Male,Wage Employed,Senior High,Cooking,Agriculture,Hospitality,Cookery NC II
1,Malingin,35,Female,Underemployed,Senior High,Electrical Repair,Construction,Construction,Electrical Installation and Maintenance NC II
2,Poblacion,42,Female,Self-employed,Senior High,Baking,Hospitality,Hospitality,Bread and Pastry NC II
9,Caridad,28,Male,Self-employed,College Undergraduate,Carpentry,Government,Construction,Carpentry NC II
4,Alianza,20,Male,Underemployed,Junior High,Carpentry,Construction,Construction,Carpentry NC II
12,Ma-ao,30,Male,Self-employed,College Undergraduate,Driving,Agriculture,Transportation,Driving NC II
5,Alianza,18,Female,Wage Employed,Junior High,Cooking,Hospitality,Hospitality,Cookery NC II
10,Ma-ao,37,Female,Underemployed,Junior High,Baking,Business,Business,Bread and Pastry NC II
4,Ma-ao,19,Male,Unemployed,Elementary Graduate,Masonry,Construction,Construction,Masonry NC II
10,Poblacion,19,Male,Unemployed,Junior High,Cooking,Agriculture,Hospitality,Cookery NC II
10,Malingin,37,Female,Unemployed,Junior High,Welding,Construction,Construction,Shielded Metal Arc Welding NC I
2,Mailum,27,Male,Underemployed,Senior High,Driving,None,Transportation,Driving NC II
4,Binubuhan,27,Male,Unemployed,College Undergraduate,Driving,Transportation,Transportation,Driving NC II
1,Abuanan,39,Male,Wage Employed,Elementary Graduate,Driving,Business,Transportation,Driving NC II
8,Dulao,23,Male,Self-employed,College Undergraduate,Computer Literacy,ICT,Business,Computer Systems Servicing NC II
1,Bagroy,55,Female,Self-employed,College Graduate,Carpentry,Business,Construction,Carpentry NC II
1,Bacong,21,Male,Underemployed,Junior High,Masonry,Retail,Construction,Masonry NC II
9,Sagasa,23,Male,Wage Employed,Senior High,Carpentry,Retail,Agriculture,Carpentry NC II
3,Busay,48,Male,Self-employed,College Undergraduate,Computer Literacy,Government,Business,Computer Systems Servicing NC II
8,Ma-ao,23,Male,Underemployed,Elementary Graduate,Driving,Agriculture,Agriculture,Driving NC II
8,Tabunan,29,Male,Wage Employed,Junior High,Baking,None,Hospitality,Bread and Pastry NC II
11,Taloc,36,Male,Wage Employed,College Undergraduate,Electrical Repair,Retail,ICT,Electrical Installation and Maintenance NC II
10,Ma-ao,28,Female,Wage Employed,College Undergraduate,Cooking,Hospitality,Business,Cookery NC II
3,Dulao,36,Male,Unemployed,Senior High,Driving,Transportation,ICT,Driving NC II
2,Balingasag,38,Male,Unemployed,Senior High,Carpentry,Agriculture,Construction,Carpentry NC II
9,Bacong,41,Male,Self-employed,Senior High,Electrical Repair,Construction,Construction,Electrical Installation and Maintenance NC II
7,Busay,19,Male,Self-employed,College Undergraduate,Baking,Hospitality,Business,Bread and Pastry NC II
3,Calumangan,34,Male,Self-employed,Senior High,Cooking,Construction,Hospitality,Cookery NC II
7,Taloc,37,Male,Unemployed,Junior High,Cooking,Agriculture,Hospitality,Cookery NC II
4,Balingasag,21,Male,Unemployed,Senior High,Driving,Transportation,Construction,Driving NC II
7,Ma-ao,38,Male,Underemployed,Senior High,Driving,Retail,Transportation,Driving NC II
7,Ma-ao,27,Female,Self-employed,College Graduate,Computer Literacy,None,ICT,Computer Systems Servicing NC II
7,Ma-ao,45,Female,Wage Employed,Senior High,Cooking,Hospitality,Hospitality,Cookery NC II
12,Taloc,36,Male,Self-employed,Elementary Graduate,Cooking,Hospitality,Hospitality,Cookery NC II
11,Abuanan,38,Male,Underemployed,Elementary Graduate,Carpentry,Construction,Construction,Carpentry NC II
7,Bagroy,19,Male,Self-employed,Elementary Graduate,Driving,Agriculture,Transportation,Driving NC II
8,Bacong,30,Male,Self-employed,Senior High,Welding,None,Construction,Shielded Metal Arc Welding NC I
10,Busay,31,Male,Wage Employed,Junior High,Cooking,Hospitality,Hospitality,Cookery NC II
2,Poblacion,27,Female,Wage Employed,Senior High,Baking,Retail,Hospitality,Bread and Pastry NC II
9,Ma-ao,36,Male,Unemployed,College Undergraduate,Cooking,Hospitality,Hospitality,Cookery NC II
4,Bagroy,34,Female,Wage Employed,Junior High,Computer Literacy,Transportation,ICT,Computer Systems Servicing NC II
11,Busay,38,Male,Unemployed,College Undergraduate,Cooking,Hospitality,Hospitality,Cookery NC II
1,Sagasa,33,Female,Wage Employed,Senior High,Computer Literacy,ICT,ICT,Computer Systems Servicing NC II
4,Poblacion,22,Male,Underemployed,Junior High,Masonry,Construction,Construction,Masonry NC II
9,Bagroy,50,Female,Unemployed,College Graduate,Computer Literacy,Business,ICT,Computer Systems Servicing NC II
5,Balingasag,34,Female,Unemployed,Senior High,Carpentry,Construction,Construction,Carpentry NC II
7,Calumangan,38,Male,Self-employed,College Graduate,Computer Literacy,Transportation,ICT,Computer Systems Servicing NC II
2,Mailum,18,Male,Unemployed,Senior High,Driving,Agriculture,Transportation,Driving NC II
12,Balingasag,42,Female,Unemployed,College Graduate,Computer Literacy,Government,ICT,Computer Systems Servicing NC II
9,Pacol,35,Male,Unemployed,Junior High,Computer Literacy,Business,Hospitality,Computer Systems Servicing NC II
4,Caridad,23,Male,Self-employed,College Graduate,Driving,Transportation,Transportation,Driving NC II
5,Lag-asan,19,Female,Underemployed,College Undergraduate,Electrical Repair,Construction,ICT,Electrical Installation and Maintenance NC II
10,Mailum,39,Male,Underemployed,Junior High,Masonry,Business,Construction,Masonry NC II
9,Balingasag,39,Female,Underemployed,Senior High,Driving,Retail,Transportation,Driving NC II
10,Ma-ao,43,Female,Underemployed,Senior High,Driving,Government,Transportation,Driving NC II
11,Atipuluan,41,Male,Wage Employed,Junior High,Driving,Agriculture,Transportation,Driving NC II
7,Sagasa,37,Female,Self-employed,Junior High,Driving,Transportation,Transportation,Driving NC II
11,Poblacion,42,Male,Self-employed,Senior High,Cooking,Agriculture,Hospitality,Cookery NC II
10,Bagroy,19,Female,Self-employed,Junior High,Computer Literacy,Government,ICT,Computer Systems Servicing NC II
11,Ilijan,35,Male,Unemployed,Senior High,Cooking,Business,Business,Cookery NC II
9,Poblacion,29,Male,Wage Employed,Senior High,Welding,Manufacturing,Construction,Shielded Metal Arc Welding NC I
12,Bacong,37,Male,Underemployed,Senior High,Driving,Transportation,Transportation,Driving NC II
12,Poblacion,24,Female,Unemployed,Elementary Graduate,Baking,Retail,Agriculture,Bread and Pastry NC II
2,Busay,29,Male,Underemployed,College Undergraduate,Electrical Repair,Manufacturing,Construction,Electrical Installation and Maintenance NC II
12,Busay,19,Male,Underemployed,College Undergraduate,Computer Literacy,Government,ICT,Computer Systems Servicing NC II
1,Binubuhan,41,Female,Wage Employed,Junior High,Cooking,Agriculture,Hospitality,Cookery NC II
8,Calumangan,45,Male,Wage Employed,Senior High,Baking,ICT,Hospitality,Bread and Pastry NC II
4,Napoles,37,Male,Wage Employed,Elementary Graduate,Carpentry,Manufacturing,Business,Carpentry NC II
6,Taloc,31,Male,Underemployed,Senior High,Masonry,Construction,Construction,Masonry NC II
11,Lag-asan,37,Male,Unemployed,Elementary Graduate,Masonry,Construction,Construction,Masonry NC II
4,Ma-ao,19,Male,Underemployed,Junior High,Driving,Government,Agriculture,Driving NC II
10,Balingasag,34,Male,Unemployed,College Undergraduate,Driving,Agriculture,Transportation,Driving NC II
9,Sagasa,20,Male,Underemployed,Junior High,Baking,Retail,Hospitality,Bread and Pastry NC II
7,Calumangan,23,Male,Unemployed,College Undergraduate,Welding,Construction,Construction,Shielded Metal Arc Welding NC I
8,Ma-ao,19,Female,Wage Employed,College Undergraduate,Carpentry,None,Construction,Carpentry NC II
2,Napoles,35,Female,Underemployed,College Graduate,Baking,Hospitality,Agriculture,Bread and Pastry NC II
11,Taloc,27,Male,Underemployed,Senior High,Cooking,Hospitality,Agriculture,Cookery NC II
6,Mailum,23,Male,Self-employed,Senior High,Masonry,Manufacturing,Construction,Masonry NC II
10,Caridad,18,Female,Unemployed,Junior High,Computer Literacy,Government,ICT,Computer Systems Servicing NC II
10,Bacong,39,Female,Self-employed,Senior High,Driving,ICT,Transportation,Driving NC II
10,Alianza,35,Male,Wage Employed,College Graduate,Electrical Repair,ICT,Construction,Electrical Installation and Maintenance NC II
12,Caridad,46,Male,Underemployed,College Undergraduate,Computer Literacy,Transportation,ICT,Computer Systems Servicing NC II
12,Napoles,25,Male,Underemployed,College Graduate,Masonry,Agriculture,Construction,Masonry NC II
1,Taloc,28,Male,Wage Employed,Junior High,Baking,None,Hospitality,Bread and Pastry NC II
11,Ma-ao,23,Male,Underemployed,Junior High,Masonry,Construction,Construction,Masonry NC II
3,Atipuluan,29,Male,Underemployed,Senior High,Driving,Government,Transportation,Driving NC II
11,Busay,39,Male,Unemployed,Senior High,Welding,Manufacturing,Construction,Shielded Metal Arc Welding NC I
6,Bacong,23,Male,Unemployed,Senior High,Carpentry,Construction,Construction,Carpentry NC II
4,Binubuhan,29,Male,Underemployed,Elementary Graduate,Baking,Retail,Hospitality,Bread and Pastry NC II
3,Binubuhan,41,Male,Self-employed,College Undergraduate,Electrical Repair,Transportation,Construction,Electrical Installation and Maintenance NC II
12,Abuanan,32,Male,Unemployed,Senior High,Cooking,Hospitality,Hospitality,Cookery NC II
7,Bagroy,19,Male,Self-employed,Elementary Graduate,Welding,Construction,Construction,Shielded Metal Arc Welding NC I
8,Ilijan,23,Male,Self-employed,Elementary Graduate,Masonry,Construction,Construction,Masonry NC II
6,Taloc,41,Female,Self-employed,College Undergraduate,Computer Literacy,Business,ICT,Computer Systems Servicing NC II
8,Busay,43,Male,Unemployed,College Undergraduate,Computer Literacy,Manufacturing,ICT,Computer Systems Servicing NC II
9,Dulao,32,Female,Underemployed,Senior High,Driving,Transportation,Transportation,Driving NC II
10,Taloc,34,Female,Wage Employed,College Graduate,Computer Literacy,Hospitality,ICT,Computer Systems Servicing NC II
3,Taloc,25,Male,Unemployed,Junior High,Carpentry,Agriculture,Construction,Carpentry NC II
9,Bacong,18,Male,Unemployed,Junior High,Driving,Government,Transportation,Driving NC II
11,Lag-asan,35,Male,Unemployed,Junior High,Welding,Hospitality,Construction,Shielded Metal Arc Welding NC I
2,Ilijan,26,Male,Unemployed,Junior High,Carpentry,Manufacturing,Construction,Carpentry NC II
7,Poblacion,33,Male,Self-employed,College Graduate,Computer Literacy,ICT,ICT,Computer Systems Servicing NC II
7,Lag-asan,35,Male,Underemployed,Junior High,Baking,Retail,Hospitality,Bread and Pastry NC II
1,Caridad,30,Male,Underemployed,Senior High,Computer Literacy,ICT,ICT,Computer Systems Servicing NC II
12,Sagasa,21,Female,Underemployed,Senior High,Driving,Transportation,Transportation,Driving NC II
4,Caridad,39,Female,Wage Employed,Elementary Graduate,Carpentry,Business,Construction,Carpentry NC II
9,Ma-ao,41,Female,Underemployed,College Undergraduate,Driving,Transportation,Business,Driving NC II
10,Caridad,25,Male,Underemployed,Junior High,Electrical Repair,ICT,Construction,Electrical Installation and Maintenance NC II
8,Sagasa,42,Female,Unemployed,Senior High,Cooking,Business,Transportation,Cookery NC II
3,Sagasa,26,Male,Underemployed,Senior High,Carpentry,Manufacturing,Construction,Carpentry NC II
6,Bagroy,20,Male,Underemployed,Elementary Graduate,Driving,Manufacturing,Transportation,Driving NC II
10,Poblacion,18,Male,Unemployed,Junior High,Baking,Hospitality,Hospitality,Bread and Pastry NC II
11,Bagroy,33,Male,Self-employed,College Undergraduate,Driving,Agriculture,Transportation,Driving NC II
2,Calumangan,29,Male,Self-employed,Senior High,Computer Literacy,ICT,ICT,Computer Systems Servicing NC II
2,Calumangan,33,Male,Wage Employed,Senior High,Computer Literacy,None,ICT,Computer Systems Servicing NC II
2,Caridad,31,Male,Underemployed,College Graduate,Computer Literacy,ICT,ICT,Computer Systems Servicing NC II
4,Busay,55,Female,Self-employed,College Graduate,Computer Literacy,Retail,ICT,Computer Systems Servicing NC II
7,Caridad,33,Male,Self-employed,Senior High,Carpentry,Retail,Hospitality,Carpentry NC II
12,Napoles,29,Female,Self-employed,Senior High,Driving,Transportation,Business,Driving NC II
6,Lag-asan,22,Male,Underemployed,Elementary Graduate,Carpentry,Business,Construction,Carpentry NC II
3,Ma-ao,30,Male,Unemployed,Senior High,Driving,Hospitality,Transportation,Driving NC II
4,Taloc,40,Male,Wage Employed,College Undergraduate,Carpentry,Agriculture,Construction,Carpentry NC II
9,Binubuhan,24,Female,Wage Employed,College Undergraduate,Baking,Business,Hospitality,Bread and Pastry NC II
12,Taloc,26,Female,Underemployed,Senior High,Cooking,None,Hospitality,Cookery NC II
11,Alianza,18,Female,Unemployed,Elementary Graduate,Driving,Transportation,Transportation,Driving NC II
7,Binubuhan,43,Male,Underemployed,Senior High,Carpentry,Retail,Construction,Carpentry NC II
4,Alianza,40,Male,Underemployed,Senior High,Electrical Repair,Retail,Agriculture,Electrical Installation and Maintenance NC II
12,Calumangan,34,Male,Unemployed,College Graduate,Driving,Agriculture,ICT,Driving NC II
10,Taloc,19,Male,Unemployed,Elementary Graduate,Computer Literacy,Hospitality,Business,Computer Systems Servicing NC II
9,Abuanan,30,Male,Self-employed,Senior High,Cooking,Hospitality,Hospitality,Cookery NC II
8,Poblacion,27,Male,Wage Employed,Elementary Graduate,Welding,Construction,Construction,Shielded Metal Arc Welding NC I
4,Taloc,20,Male,Self-employed,Junior High,Cooking,Agriculture,Hospitality,Cookery NC II
2,Mailum,31,Male,Unemployed,Junior High,Computer Literacy,ICT,ICT,Computer Systems Servicing NC II
9,Ma-ao,35,Male,Self-employed,Elementary Graduate,Electrical Repair,Construction,Construction,Electrical Installation and Maintenance NC II
4,Dulao,43,Female,Unemployed,College Undergraduate,Computer Literacy,ICT,ICT,Computer Systems Servicing NC II
7,Dulao,18,Male,Unemployed,Senior High,Cooking,Hospitality,Transportation,Cookery NC II
5,Taloc,36,Male,Wage Employed,Senior High,Carpentry,Retail,Construction,Carpentry NC II
9,Dulao,25,Female,Self-employed,Junior High,Computer Literacy,None,ICT,Computer Systems Servicing NC II
4,Napoles,28,Male,Unemployed,Junior High,Driving,Retail,Transportation,Driving NC II
7,Ma-ao,36,Male,Self-employed,Senior High,Carpentry,Construction,Construction,Carpentry NC II
9,Taloc,34,Male,Self-employed,Senior High,Driving,ICT,Transportation,Driving NC II
4,Busay,18,Female,Unemployed,Junior High,Driving,Transportation,Transportation,Driving NC II
8,Sagasa,25,Male,Unemployed,Senior High,Driving,Agriculture,Transportation,Driving NC II
8,Dulao,32,Male,Unemployed,College Graduate,Driving,Business,Transportation,Driving NC II
11,Bagroy,28,Male,Underemployed,College Undergraduate,Carpentry,Manufacturing,Construction,Carpentry NC II
4,Balingasag,38,Female,Wage Employed,Junior High,Baking,Hospitality,Hospitality,Bread and Pastry NC II
2,Busay,34,Male,Unemployed,Junior High,Baking,Hospitality,Hospitality,Bread and Pastry NC II
7,Busay,24,Male,Underemployed,College Undergraduate,Driving,Transportation,Transportation,Driving NC II
3,Bacong,34,Female,Self-employed,Senior High,Baking,Hospitality,Hospitality,Bread and Pastry NC II
7,Mailum,42,Male,Underemployed,College Undergraduate,Driving,Retail,ICT,Driving NC II
8,Bagroy,22,Male,Unemployed,Junior High,Welding,Construction,Construction,Shielded Metal Arc Welding NC I
8,Balingasag,37,Male,Self-employed,College Graduate,Computer Literacy,ICT,ICT,Computer Systems Servicing NC II
3,Abuanan,35,Female,Self-employed,College Undergraduate,Baking,Hospitality,Hospitality,Bread and Pastry NC II
10,Binubuhan,20,Male,Self-employed,Senior High,Driving,Agriculture,Transportation,Driving NC II
5,Lag-asan,23,Female,Self-employed,Elementary Graduate,Computer Literacy,Retail,ICT,Computer Systems Servicing NC II
9,Busay,23,Male,Wage Employed,Elementary Graduate,Masonry,Agriculture,Construction,Masonry NC II
10,Atipuluan,40,Male,Wage Employed,Elementary Graduate,Driving,Agriculture,Agriculture,Driving NC II
9,Bagroy,50,Female,Wage Employed,College Graduate,Electrical Repair,Construction,Business,Electrical Installation and Maintenance NC II
3,Busay,35,Male,Self-employed,Senior High,Masonry,Construction,Construction,Masonry NC II
1,Sagasa,40,Male,Underemployed,Junior High,Computer Literacy,ICT,Business,Computer Systems Servicing NC II
6,Poblacion,39,Male,Unemployed,Senior High,Driving,Agriculture,Transportation,Driving NC II
9,Taloc,36,Male,Underemployed,Junior High,Electrical Repair,Agriculture,Construction,Electrical Installation and Maintenance NC II
1,Taloc,23,Male,Self-employed,Junior High,Driving,Construction,Transportation,Driving NC II
9,Taloc,34,Male,Wage Employed,Elementary Graduate,Masonry,Construction,Construction,Masonry NC II
12,Ilijan,27,Male,Unemployed,Elementary Graduate,Carpentry,Transportation,Construction,Carpentry NC II
7,Abuanan,31,Male,Underemployed,College Undergraduate,Carpentry,None,Hospitality,Carpentry NC II
11,Alianza,24,Male,Unemployed,Junior High,Computer Literacy,ICT,Business,Computer Systems Servicing NC II
2,Bagroy,31,Male,Unemployed,Junior High,Driving,Transportation,Transportation,Driving NC II
5,Pacol,25,Male,Unemployed,Junior High,Masonry,None,Construction,Masonry NC II
8,Taloc,46,Female,Unemployed,College Undergraduate,Cooking,Hospitality,ICT,Cookery NC II
7,Tabunan,27,Male,Underemployed,Junior High,Welding,Agriculture,Construction,Shielded Metal Arc Welding NC I
9,Binubuhan,23,Male,Unemployed,Elementary Graduate,Electrical Repair,Manufacturing,Construction,Electrical Installation and Maintenance NC II
8,Bacong,46,Female,Wage Employed,College Undergraduate,Driving,Transportation,Business,Driving NC II
2,Pacol,26,Male,Underemployed,Elementary Graduate,Computer Literacy,ICT,ICT,Computer Systems Servicing NC II
2,Balingasag,37,Male,Self-employed,Junior High,Cooking,Government,Business,Cookery NC II
9,Poblacion,18,Female,Unemployed,Junior High,Baking,Business,Hospitality,Bread and Pastry NC II
1,Taloc,20,Male,Underemployed,Junior High,Driving,Transportation,Business,Driving NC II
10,Bacong,24,Male,Underemployed,Junior High,Masonry,Construction,Construction,Masonry NC II
9,Taloc,35,Male,Unemployed,Junior High,Driving,Agriculture,Transportation,Driving NC II
8,Caridad,34,Male,Unemployed,Senior High,Baking,Business,Hospitality,Bread and Pastry NC II
5,Taloc,31,Male,Underemployed,Junior High,Masonry,Construction,Business,Masonry NC II
3,Alianza,26,Female,Self-employed,Junior High,Cooking,Hospitality,Transportation,Cookery NC II
2,Dulao,35,Male,Underemployed,Junior High,Masonry,Agriculture,Construction,Masonry NC II
10,Taloc,18,Male,Wage Employed,Junior High,Welding,Manufacturing,Construction,Shielded Metal Arc Welding NC I
4,Mailum,18,Female,Underemployed,Junior High,Cooking,Business,Hospitality,Cookery NC II
2,Poblacion,41,Male,Unemployed,College Graduate,Welding,Manufacturing,Business,Shielded Metal Arc Welding NC I
9,Balingasag,26,Male,Self-employed,College Graduate,Computer Literacy,ICT,ICT,Computer Systems Servicing NC II
7,Calumangan,34,Male,Self-employed,Junior High,Driving,Agriculture,Construction,Driving NC II
5,Mailum,25,Female,Wage Employed,Junior High,Driving,Agriculture,Transportation,Driving NC II
9,Ilijan,37,Female,Self-employed,Junior High,Baking,Hospitality,Business,Bread and Pastry NC II
1,Ma-ao,30,Male,Wage Employed,Junior High,Welding,Hospitality,Construction,Shielded Metal Arc Welding NC I
12,Busay,22,Male,Self-employed,College Undergraduate,Cooking,Government,Hospitality,Cookery NC II
7,Poblacion,34,Male,Underemployed,College Graduate,Masonry,Construction,Business,Masonry NC II
6,Tabunan,30,Male,Unemployed,Senior High,Cooking,Government,Agriculture,Cookery NC II
3,Calumangan,26,Male,Underemployed,College Undergraduate,Cooking,Hospitality,Hospitality,Cookery NC II
7,Busay,19,Male,Underemployed,Elementary Graduate,Masonry,Construction,Agriculture,Masonry NC II
4,Busay,34,Female,Unemployed,Elementary Graduate,Driving,Transportation,Transportation,Driving NC II
1,Pacol,35,Male,Underemployed,Junior High,Electrical Repair,Manufacturing,Construction,Electrical Installation and Maintenance NC II
1,Busay,45,Male,Self-employed,Senior High,Driving,Transportation,Transportation,Driving NC II
5,Taloc,26,Male,Unemployed,Elementary Graduate,Driving,Transportation,Transportation,Driving NC II
8,Balingasag,41,Male,Underemployed,Junior High,Driving,Agriculture,Transportation,Driving NC II
12,Ma-ao,26,Male,Self-employed,Senior High,Cooking,Hospitality,Hospitality,Cookery NC II
6,Binubuhan,19,Female,Wage Employed,Senior High,Driving,Agriculture,Transportation,Driving NC II
11,Tabunan,23,Female,Self-employed,Junior High,Carpentry,Business,Construction,Carpentry NC II
9,Taloc,29,Male,Self-employed,Senior High,Masonry,Agriculture,Construction,Masonry NC II
8,Calumangan,20,Female,Wage Employed,Senior High,Driving,Business,Transportation,Driving NC II
2,Abuanan,55,Male,Wage Employed,College Graduate,Driving,Transportation,Business,Driving NC II
6,Pacol,40,Male,Self-employed,Junior High,Driving,Retail,Transportation,Driving NC II
1,Poblacion,31,Male,Unemployed,Junior High,Electrical Repair,Manufacturing,Construction,Electrical Installation and Maintenance NC II
5,Tabunan,43,Female,Underemployed,Senior High,Computer Literacy,ICT,ICT,Computer Systems Servicing NC II
8,Abuanan,25,Male,Unemployed,Junior High,Carpentry,Construction,Construction,Carpentry NC II
11,Mailum,21,Male,Unemployed,Senior High,Masonry,Construction,Construction,Masonry NC II
8,Abuanan,48,Female,Self-employed,College Graduate,Baking,Hospitality,Hospitality,Bread and Pastry NC II
11,Bagroy,40,Male,Self-employed,College Undergraduate,Cooking,Business,Hospitality,Cookery NC II
7,Caridad,33,Female,Unemployed,Elementary Graduate,Cooking,Hospitality,Hospitality,Cookery NC II
12,Busay,32,Male,Unemployed,Junior High,Carpentry,Business,Construction,Carpentry NC II
2,Atipuluan,28,Male,Unemployed,Senior High,Carpentry,Construction,Construction,Carpentry NC II
1,Bacong,41,Male,Self-employed,Junior High,Carpentry,Transportation,Construction,Carpentry NC II
4,Poblacion,32,Female,Self-employed,Junior High,Baking,Business,Hospitality,Bread and Pastry NC II
10,Napoles,18,Male,Wage Employed,Elementary Graduate,Masonry,Agriculture,Construction,Masonry NC II
5,Balingasag,35,Male,Self-employed,Junior High,Masonry,Manufacturing,Construction,Masonry NC II
4,Dulao,42,Male,Self-employed,Senior High,Masonry,Manufacturing,Construction,Masonry NC II
4,Taloc,34,Female,Self-employed,College Undergraduate,Computer Literacy,ICT,ICT,Computer Systems Servicing NC II
12,Poblacion,23,Female,Underemployed,College Graduate,Cooking,Hospitality,Hospitality,Cookery NC II
5,Ilijan,27,Male,Self-employed,College Graduate,Carpentry,Government,Business,Carpentry NC II
10,Bacong,33,Male,Self-employed,College Undergraduate,Carpentry,Construction,Construction,Carpentry NC II
11,Balingasag,18,Male,Unemployed,Junior High,Driving,Transportation,Transportation,Driving NC II
10,Binubuhan,41,Male,Unemployed,College Graduate,Carpentry,Transportation,ICT,Carpentry NC II
8,Mailum,30,Male,Underemployed,Junior High,Carpentry,Manufacturing,Construction,Carpentry NC II
1,Napoles,39,Male,Wage Employed,Elementary Graduate,Baking,Business,Hospitality,Bread and Pastry NC II
7,Ma-ao,29,Male,Self-employed,Junior High,Cooking,Hospitality,Hospitality,Cookery NC II
10,Taloc,20,Male,Underemployed,Junior High,Baking,Business,Hospitality,Bread and Pastry NC II
1,Tabunan,39,Male,Unemployed,Elementary Graduate,Masonry,None,Construction,Masonry NC II
6,Lag-asan,24,Female,Self-employed,Junior High,Cooking,Agriculture,Transportation,Cookery NC II
4,Taloc,55,Male,Self-employed,College Graduate,Computer Literacy,Government,ICT,Computer Systems Servicing NC II
3,Ilijan,26,Male,Unemployed,Senior High,Electrical Repair,Construction,Construction,Electrical Installation and Maintenance NC II
1,Malingin,28,Female,Unemployed,Junior High,Baking,Retail,Hospitality,Bread and Pastry NC II
9,Pacol,29,Female,Unemployed,College Undergraduate,Computer Literacy,Retail,ICT,Computer Systems Servicing NC II
5,Pacol,54,Male,Wage Employed,College Graduate,Computer Literacy,Government,ICT,Computer Systems Servicing NC II
9,Bagroy,21,Male,Underemployed,Senior High,Carpentry,Agriculture,Construction,Carpentry NC II
7,Alianza,39,Male,Unemployed,Elementary Graduate,Masonry,Construction,Construction,Masonry NC II
11,Lag-asan,41,Male,Unemployed,Senior High,Carpentry,Agriculture,Construction,Carpentry NC II
5,Poblacion,18,Male,Unemployed,Elementary Graduate,Carpentry,Government,Construction,Carpentry NC II
4,Poblacion,19,Male,Self-employed,Senior High,Baking,Hospitality,Hospitality,Bread and Pastry NC II
11,Malingin,26,Male,Unemployed,Elementary Graduate,Carpentry,Retail,Construction,Carpentry NC II
10,Abuanan,29,Female,Underemployed,College Undergraduate,Cooking,Hospitality,Agriculture,Cookery NC II
3,Ma-ao,43,Male,Underemployed,Senior High,Cooking,Hospitality,Agriculture,Cookery NC II
7,Busay,18,Male,Unemployed,Junior High,Electrical Repair,Construction,Construction,Electrical Installation and Maintenance NC II
6,Abuanan,32,Male,Self-employed,College Undergraduate,Carpentry,Retail,Agriculture,Carpentry NC II
9,Taloc,24,Male,Underemployed,Senior High,Electrical Repair,Retail,Construction,Electrical Installation and Maintenance NC II
7,Tabunan,20,Female,Underemployed,College Undergraduate,Driving,Business,Transportation,Driving NC II
9,Taloc,18,Male,Unemployed,Junior High,Cooking,Retail,Hospitality,Cookery NC II
7,Mailum,27,Female,Underemployed,Elementary Graduate,Electrical Repair,Hospitality,Construction,Electrical Installation and Maintenance NC II
6,Busay,44,Male,Wage Employed,Senior High,Electrical Repair,Construction,Construction,Electrical Installation and Maintenance NC II
4,Lag-asan,32,Male,Underemployed,Junior High,Masonry,Agriculture,Construction,Masonry NC II
3,Malingin,35,Male,Self-employed,Elementary Graduate,Welding,Construction,Construction,Shielded Metal Arc Welding NC I
11,Busay,28,Male,Unemployed,College Undergraduate,Welding,Retail,Construction,Shielded Metal Arc Welding NC I
2,Sagasa,35,Male,Self-employed,Elementary Graduate,Carpentry,Hospitality,Construction,Carpentry NC II
9,Ma-ao,36,Female,Wage Employed,Senior High,Driving,Transportation,Transportation,Driving NC II
10,Abuanan,39,Male,Underemployed,Elementary Graduate,Carpentry,None,Business,Carpentry NC II
6,Tabunan,23,Male,Unemployed,College Undergraduate,Computer Literacy,Government,ICT,Computer Systems Servicing NC II
3,Balingasag,38,Male,Self-employed,Elementary Graduate,Welding,Manufacturing,Construction,Shielded Metal Arc Welding NC I
8,Tabunan,21,Male,Wage Employed,Senior High,Welding,Construction,Construction,Shielded Metal Arc Welding NC I
4,Dulao,27,Female,Self-employed,Elementary Graduate,Computer Literacy,Government,ICT,Computer Systems Servicing NC II
4,Poblacion,39,Male,Wage Employed,Junior High,Driving,None,Transportation,Driving NC II
8,Sagasa,24,Male,Wage Employed,College Undergraduate,Welding,Construction,Construction,Shielded Metal Arc Welding NC I
6,Calumangan,33,Male,Underemployed,Elementary Graduate,Welding,Manufacturing,Construction,Shielded Metal Arc Welding NC I
11,Lag-asan,26,Female,Self-employed,Senior High,Carpentry,Agriculture,Construction,Carpentry NC II
9,Dulao,28,Male,Underemployed,Junior High,Carpentry,Agriculture,Construction,Carpentry NC II
4,Caridad,29,Male,Self-employed,Senior High,Masonry,Agriculture,Construction,Masonry NC II
6,Ma-ao,35,Male,Unemployed,Junior High,Cooking,Transportation,Hospitality,Cookery NC II
2,Dulao,35,Male,Unemployed,Junior High,Computer Literacy,Retail,ICT,Computer Systems Servicing NC II
9,Sagasa,42,Female,Unemployed,Senior High,Cooking,Hospitality,Hospitality,Cookery NC II
9,Malingin,38,Male,Self-employed,Senior High,Driving,Agriculture,Transportation,Driving NC II
1,Lag-asan,46,Male,Underemployed,College Graduate,Driving,Transportation,Agriculture,Driving NC II
4,Dulao,19,Male,Underemployed,Elementary Graduate,Driving,Transportation,Transportation,Driving NC II
6,Busay,36,Female,Unemployed,College Undergraduate,Computer Literacy,Business,ICT,Computer Systems Servicing NC II
2,Sagasa,25,Male,Unemployed,Senior High,Driving,Transportation,Transportation,Driving NC II
12,Poblacion,37,Female,Self-employed,College Undergraduate,Computer Literacy,ICT,ICT,Computer Systems Servicing NC II
5,Busay,40,Male,Unemployed,Elementary Graduate,Driving,Transportation,Transportation,Driving NC II
7,Alianza,19,Female,Wage Employed,Senior High,Baking,Retail,Hospitality,Bread and Pastry NC II
6,Binubuhan,41,Female,Underemployed,Senior High,Baking,Hospitality,Hospitality,Bread and Pastry NC II
11,Busay,19,Male,Unemployed,Junior High,Carpentry,Agriculture,Construction,Carpentry NC II
3,Alianza,24,Female,Unemployed,Senior High,Computer Literacy,None,ICT,Computer Systems Servicing NC II
7,Alianza,29,Male,Self-employed,Senior High,Electrical Repair,Manufacturing,Construction,Electrical Installation and Maintenance NC II
1,Ilijan,38,Male,Underemployed,Junior High,Carpentry,Government,Construction,Carpentry NC II
4,Busay,45,Female,Wage Employed,College Graduate,Computer Literacy,ICT,ICT,Computer Systems Servicing NC II
1,Tabunan,35,Male,Self-employed,College Graduate,Baking,Retail,Hospitality,Bread and Pastry NC II
1,Poblacion,48,Male,Underemployed,College Undergraduate,Computer Literacy,Transportation,ICT,Computer Systems Servicing NC II
12,Ma-ao,28,Male,Underemployed,Junior High,Carpentry,Agriculture,Construction,Carpentry NC II
8,Poblacion,21,Male,Underemployed,Senior High,Cooking,Business,Hospitality,Cookery NC II
3,Alianza,27,Female,Unemployed,Elementary Graduate,Masonry,Manufacturing,Construction,Masonry NC II
5,Taloc,40,Male,Unemployed,Elementary Graduate,Driving,Transportation,Transportation,Driving NC II
3,Taloc,18,Female,Unemployed,Junior High,Baking,Hospitality,Hospitality,Bread and Pastry NC II
7,Busay,28,Male,Underemployed,Junior High,Driving,Transportation,Transportation,Driving NC II
10,Lag-asan,46,Male,Self-employed,College Graduate,Computer Literacy,Hospitality,ICT,Computer Systems Servicing NC II
1,Binubuhan,25,Male,Self-employed,College Graduate,Computer Literacy,Manufacturing,ICT,Computer Systems Servicing NC II
3,Bagroy,48,Female,Underemployed,College Undergraduate,Driving,Hospitality,Transportation,Driving NC II
7,Atipuluan,27,Male,Underemployed,Senior High,Welding,Construction,Construction,Shielded Metal Arc Welding NC I
1,Ma-ao,27,Male,Unemployed,Junior High,Carpentry,Construction,Construction,Carpentry NC II
6,Bagroy,22,Female,Wage Employed,College Undergraduate,Driving,Agriculture,Transportation,Driving NC II
11,Sagasa,25,Male,Self-employed,Senior High,Carpentry,Government,Construction,Carpentry NC II
4,Sagasa,22,Male,Unemployed,Junior High,Cooking,Agriculture,Hospitality,Cookery NC II
12,Tabunan,28,Male,Underemployed,Elementary Graduate,Masonry,Construction,Construction,Masonry NC II
2,Ma-ao,22,Male,Unemployed,Junior High,Masonry,Construction,Construction,Masonry NC II
11,Napoles,37,Female,Unemployed,Junior High,Baking,Retail,Hospitality,Bread and Pastry NC II
11,Poblacion,39,Male,Wage Employed,Senior High,Masonry,Agriculture,Construction,Masonry NC II
2,Mailum,29,Male,Self-employed,Junior High,Driving,Business,Agriculture,Driving NC II
4,Alianza,28,Male,Wage Employed,Elementary Graduate,Cooking,Hospitality,Hospitality,Cookery NC II
11,Taloc,46,Male,Self-employed,College Undergraduate,Cooking,Agriculture,Hospitality,Cookery NC II
2,Busay,29,Female,Underemployed,Elementary Graduate,Cooking,Hospitality,Agriculture,Cookery NC II
3,Pacol,25,Male,Self-employed,Senior High,Welding,Hospitality,Construction,Shielded Metal Arc Welding NC I
9,Busay,38,Male,Underemployed,Junior High,Welding,Construction,Construction,Shielded Metal Arc Welding NC I
5,Taloc,41,Male,Self-employed,Senior High,Driving,Agriculture,Transportation,Driving NC II
1,Ma-ao,38,Male,Underemployed,Elementary Graduate,Carpentry,Transportation,Agriculture,Carpentry NC II
7,Abuanan,23,Female,Self-employed,College Graduate,Cooking,Business,Hospitality,Cookery NC II
6,Balingasag,44,Male,Self-employed,College Undergraduate,Carpentry,Construction,ICT,Carpentry NC II
2,Calumangan,39,Male,Self-employed,College Graduate,Computer Literacy,Business,ICT,Computer Systems Servicing NC II
2,Taloc,26,Female,Underemployed,College Undergraduate,Computer Literacy,Agriculture,ICT,Computer Systems Servicing NC II
6,Caridad,21,Female,Unemployed,Junior High,Cooking,Hospitality,Hospitality,Cookery NC II
6,Bagroy,33,Female,Unemployed,Senior High,Baking,Hospitality,Business,Bread and Pastry NC II
3,Mailum,44,Male,Underemployed,College Undergraduate,Carpentry,Business,Construction,Carpentry NC II
2,Ma-ao,37,Male,Self-employed,College Graduate,Cooking,Agriculture,Hospitality,Cookery NC II
10,Taloc,37,Male,Underemployed,Junior High,Computer Literacy,Government,Transportation,Computer Systems Servicing NC II
5,Poblacion,45,Male,Wage Employed,Senior High,Baking,Hospitality,Hospitality,Bread and Pastry NC II
5,Poblacion,32,Male,Unemployed,College Undergraduate,Baking,Retail,ICT,Bread and Pastry NC II
8,Ma-ao,45,Male,Underemployed,College Undergraduate,Driving,Transportation,Transportation,Driving NC II
11,Poblacion,26,Female,Wage Employed,Senior High,Driving,Transportation,Transportation,Driving NC II
7,Poblacion,22,Male,Unemployed,Junior High,Cooking,Agriculture,Hospitality,Cookery NC II
9,Sagasa,38,Male,Underemployed,Senior High,Carpentry,Retail,Construction,Carpentry NC II
11,Mailum,37,Male,Self-employed,Senior High,Driving,Government,Business,Driving NC II
12,Caridad,32,Male,Unemployed,Junior High,Cooking,Government,Hospitality,Cookery NC II
1,Ma-ao,48,Male,Underemployed,College Undergraduate,Carpentry,Agriculture,Construction,Carpentry NC II
10,Atipuluan,31,Female,Wage Employed,Senior High,Carpentry,Agriculture,Construction,Carpentry NC II
11,Bacong,24,Male,Self-employed,College Graduate,Computer Literacy,ICT,ICT,Computer Systems Servicing NC II
2,Taloc,18,Female,Unemployed,Junior High,Cooking,Transportation,Hospitality,Cookery NC II
6,Sagasa,31,Female,Unemployed,Senior High,Computer Literacy,None,ICT,Computer Systems Servicing NC II
4,Ma-ao,31,Male,Unemployed,College Undergraduate,Electrical Repair,ICT,ICT,Computer Systems Servicing NC II
8,Mailum,20,Female,Self-employed,Senior High,Carpentry,Agriculture,Agriculture,Carpentry NC II
2,Abuanan,24,Male,Self-employed,Senior High,Carpentry,Construction,Hospitality,Carpentry NC II
6,Mailum,37,Male,Unemployed,Elementary Graduate,Baking,Hospitality,Hospitality,Bread and Pastry NC II
10,Busay,25,Female,Unemployed,Senior High,Driving,Transportation,Agriculture,Driving NC II
1,Dulao,40,Female,Wage Employed,Senior High,Electrical Repair,Construction,Construction,Electrical Installation and Maintenance NC II
3,Busay,46,Male,Wage Employed,College Undergraduate,Cooking,Agriculture,Hospitality,Cookery NC II
4,Busay,23,Male,Unemployed,Senior High,Driving,Government,Transportation,Driving NC II
8,Mailum,25,Male,Unemployed,Junior High,Electrical Repair,Manufacturing,Construction,Electrical Installation and Maintenance NC II
2,Pacol,32,Male,Self-employed,Junior High,Driving,Government,Business,Driving NC II
11,Caridad,28,Male,Underemployed,Elementary Graduate,Driving,Transportation,Transportation,Driving NC II
7,Lag-asan,37,Male,Self-employed,Junior High,Driving,Hospitality,Transportation,Driving NC II
5,Poblacion,22,Male,Unemployed,Elementary Graduate,Carpentry,Manufacturing,Construction,Carpentry NC II
7,Pacol,25,Male,Wage Employed,College Undergraduate,Driving,Business,Transportation,Driving NC II
9,Bagroy,34,Male,Unemployed,Junior High,Masonry,None,Hospitality,Masonry NC II
8,Lag-asan,37,Female,Wage Employed,Junior High,Cooking,Business,Hospitality,Cookery NC II
9,Sagasa,26,Female,Wage Employed,Senior High,Driving,Transportation,Transportation,Driving NC II
6,Bagroy,24,Male,Unemployed,Senior High,Baking,Hospitality,Hospitality,Bread and Pastry NC II
6,Dulao,40,Female,Unemployed,Junior High,Cooking,Hospitality,Hospitality,Cookery NC II
4,Sagasa,40,Male,Self-employed,Senior High,Computer Literacy,Agriculture,ICT,Computer Systems Servicing NC II
12,Dulao,41,Male,Self-employed,Junior High,Carpentry,Construction,Construction,Carpentry NC II
11,Malingin,28,Male,Underemployed,Senior High,Driving,Hospitality,Transportation,Driving NC II
12,Abuanan,42,Male,Wage Employed,Junior High,Driving,Agriculture,Transportation,Driving NC II
4,Dulao,38,Male,Self-employed,Elementary Graduate,Baking,Hospitality,Hospitality,Bread and Pastry NC II
5,Bagroy,21,Male,Underemployed,Junior High,Computer Literacy,Retail,ICT,Computer Systems Servicing NC II
8,Mailum,29,Female,Underemployed,College Undergraduate,Baking,Business,Hospitality,Bread and Pastry NC II
8,Binubuhan,34,Male,Self-employed,Senior High,Carpentry,Agriculture,Construction,Carpentry NC II
7,Ilijan,20,Male,Self-employed,College Undergraduate,Driving,Agriculture,Transportation,Driving NC II
3,Sagasa,38,Male,Wage Employed,Elementary Graduate,Masonry,Agriculture,Business,Masonry NC II
11,Binubuhan,47,Male,Self-employed,College Undergraduate,Electrical Repair,Manufacturing,Construction,Electrical Installation and Maintenance NC II
1,Poblacion,27,Female,Underemployed,Junior High,Baking,None,Hospitality,Bread and Pastry NC II
11,Taloc,42,Male,Underemployed,College Undergraduate,Baking,Hospitality,Hospitality,Bread and Pastry NC II
8,Dulao,51,Female,Wage Employed,College Graduate,Baking,Retail,Business,Bread and Pastry NC II
8,Lag-asan,34,Female,Underemployed,College Undergraduate,Computer Literacy,ICT,ICT,Computer Systems Servicing NC II
11,Busay,43,Male,Underemployed,College Undergraduate,Welding,Construction,Agriculture,Shielded Metal Arc Welding NC I
11,Dulao,20,Female,Wage Employed,Senior High,Computer Literacy,Business,ICT,Computer Systems Servicing NC II
9,Calumangan,31,Female,Underemployed,College Undergraduate,Computer Literacy,Retail,Business,Computer Systems Servicing NC II
4,Poblacion,35,Male,Self-employed,College Undergraduate,Computer Literacy,Business,ICT,Computer Systems Servicing NC II
3,Busay,21,Female,Self-employed,Senior High,Electrical Repair,Construction,Construction,Electrical Installation and Maintenance NC II
11,Caridad,18,Male,Unemployed,Elementary Graduate,Carpentry,Manufacturing,Construction,Carpentry NC II
1,Busay,31,Male,Self-employed,College Undergraduate,Cooking,Retail,Business,Cookery NC II
6,Caridad,23,Male,Underemployed,Senior High,Welding,Manufacturing,Construction,Shielded Metal Arc Welding NC I
9,Calumangan,25,Female,Unemployed,Senior High,Computer Literacy,ICT,ICT,Computer Systems Servicing NC II
4,Lag-asan,21,Female,Unemployed,Junior High,Computer Literacy,Business,ICT,Computer Systems Servicing NC II
3,Taloc,21,Male,Underemployed,Elementary Graduate,Carpentry,Agriculture,Construction,Carpentry NC II
2,Bacong,34,Male,Unemployed,Senior High,Computer Literacy,ICT,ICT,Computer Systems Servicing NC II
12,Ma-ao,33,Female,Wage Employed,Junior High,Cooking,Hospitality,Hospitality,Cookery NC II
1,Bacong,32,Female,Unemployed,Senior High,Electrical Repair,Construction,Business,Electrical Installation and Maintenance NC II
4,Ilijan,19,Female,Wage Employed,Elementary Graduate,Computer Literacy,ICT,ICT,Computer Systems Servicing NC II
5,Bacong,27,Male,Self-employed,College Graduate,Baking,Hospitality,Business,Bread and Pastry NC II
11,Mailum,29,Male,Self-employed,Elementary Graduate,Carpentry,Construction,Construction,Carpentry NC II
4,Atipuluan,37,Male,Wage Employed,Junior High,Cooking,Retail,Hospitality,Cookery NC II
10,Caridad,28,Male,Unemployed,College Undergraduate,Welding,Agriculture,Construction,Shielded Metal Arc Welding NC I
5,Ma-ao,24,Female,Wage Employed,Senior High,Driving,None,Transportation,Driving NC II
4,Bagroy,33,Male,Unemployed,Junior High,Welding,Construction,Construction,Shielded Metal Arc Welding NC I
9,Napoles,39,Female,Self-employed,Elementary Graduate,Computer Literacy,ICT,ICT,Computer Systems Servicing NC II
7,Bacong,38,Male,Unemployed,Junior High,Carpentry,Retail,Transportation,Carpentry NC II
10,Tabunan,44,Male,Wage Employed,College Undergraduate,Driving,Retail,Construction,Driving NC II
6,Taloc,33,Male,Self-employed,Junior High,Carpentry,Construction,Agriculture,Carpentry NC II
9,Alianza,20,Male,Unemployed,Junior High,Driving,Hospitality,Transportation,Driving NC II
8,Alianza,37,Male,Underemployed,Elementary Graduate,Carpentry,Business,Agriculture,Carpentry NC II
5,Atipuluan,28,Female,Wage Employed,College Undergraduate,Cooking,Hospitality,Hospitality,Cookery NC II
4,Ma-ao,19,Male,Unemployed,College Undergraduate,Driving,Transportation,Business,Driving NC II
11,Napoles,21,Male,Underemployed,Junior High,Cooking,Business,Hospitality,Cookery NC II
7,Poblacion,40,Male,Wage Employed,Senior High,Electrical Repair,Construction,Transportation,Electrical Installation and Maintenance NC II
11,Binubuhan,21,Female,Underemployed,College Undergraduate,Driving,Hospitality,Transportation,Driving NC II
12,Ma-ao,24,Female,Unemployed,Senior High,Baking,Hospitality,Hospitality,Bread and Pastry NC II
1,Poblacion,28,Female,Wage Employed,College Undergraduate,Cooking,Agriculture,Hospitality,Cookery NC II
9,Bagroy,26,Male,Unemployed,Junior High,Welding,Hospitality,Construction,Shielded Metal Arc Welding NC I
10,Busay,43,Male,Underemployed,Senior High,Carpentry,Business,Construction,Carpentry NC II
5,Napoles,18,Male,Underemployed,Junior High,Cooking,Retail,Hospitality,Cookery NC II
1,Taloc,33,Male,Wage Employed,Junior High,Masonry,Construction,Construction,Masonry NC II
5,Bacong,47,Male,Unemployed,College Undergraduate,Welding,Manufacturing,Construction,Shielded Metal Arc Welding NC I
11,Lag-asan,18,Male,Unemployed,Senior High,Driving,Retail,Transportation,Driving NC II
1,Busay,42,Male,Wage Employed,College Graduate,Cooking,Business,Business,Cookery NC II
3,Balingasag,23,Male,Unemployed,College Undergraduate,Carpentry,Agriculture,Business,Carpentry NC II
11,Mailum,25,Female,Underemployed,Senior High,Cooking,Construction,Hospitality,Cookery NC II
7,Ma-ao,22,Female,Wage Employed,Junior High,Cooking,Hospitality,Hospitality,Cookery NC II
6,Binubuhan,39,Female,Wage Employed,College Undergraduate,Computer Literacy,Retail,ICT,Computer Systems Servicing NC II
8,Alianza,37,Female,Self-employed,College Undergraduate,Cooking,Hospitality,Hospitality,Cookery NC II
1,Poblacion,20,Female,Underemployed,Senior High,Baking,Hospitality,Hospitality,Bread and Pastry NC II
7,Balingasag,35,Male,Unemployed,Elementary Graduate,Carpentry,Business,Construction,Carpentry NC II
2,Bacong,48,Female,Unemployed,College Graduate,Computer Literacy,Government,ICT,Computer Systems Servicing NC II
6,Ilijan,25,Male,Underemployed,Junior High,Driving,Retail,Transportation,Driving NC II
12,Taloc,43,Female,Underemployed,College Graduate,Computer Literacy,Retail,ICT,Computer Systems Servicing NC II
2,Ma-ao,18,Male,Underemployed,Junior High,Driving,Agriculture,Construction,Driving NC II
4,Busay,34,Male,Unemployed,Elementary Graduate,Electrical Repair,Manufacturing,Construction,Electrical Installation and Maintenance NC II
9,Caridad,22,Male,Wage Employed,College Undergraduate,Driving,Transportation,Transportation,Driving NC II
12,Tabunan,27,Male,Underemployed,Junior High,Masonry,Construction,Construction,Masonry NC II
11,Busay,27,Male,Unemployed,Senior High,Masonry,None,Construction,Masonry NC II
6,Mailum,38,Male,Underemployed,Elementary Graduate,Masonry,Agriculture,Construction,Masonry NC II
9,Ma-ao,36,Female,Wage Employed,Senior High,Cooking,None,Hospitality,Cookery NC II
7,Lag-asan,21,Male,Self-employed,Junior High,Driving,Agriculture,ICT,Driving NC II
1,Busay,21,Male,Unemployed,Senior High,Carpentry,Agriculture,Construction,Carpentry NC II
7,Alianza,41,Male,Self-employed,Senior High,Carpentry,Agriculture,Construction,Carpentry NC II
6,Caridad,35,Male,Wage Employed,College Graduate,Driving,Transportation,Agriculture,Driving NC II
5,Binubuhan,39,Female,Underemployed,Senior High,Cooking,Hospitality,Hospitality,Cookery NC II
4,Caridad,20,Female,Underemployed,College Undergraduate,Cooking,Hospitality,Business,Cookery NC II
2,Calumangan,48,Male,Underemployed,College Graduate,Computer Literacy,Government,ICT,Computer Systems Servicing NC II
3,Bagroy,40,Male,Self-employed,College Undergraduate,Computer Literacy,Government,ICT,Computer Systems Servicing NC II
7,Atipuluan,23,Male,Wage Employed,Senior High,Carpentry,Retail,Construction,Carpentry NC II
3,Ilijan,21,Male,Unemployed,Junior High,Carpentry,None,Construction,Carpentry NC II
4,Caridad,24,Male,Unemployed,Senior High,Carpentry,Business,Construction,Carpentry NC II
6,Pacol,24,Male,Unemployed,College Undergraduate,Computer Literacy,Retail,ICT,Computer Systems Servicing NC II
1,Poblacion,31,Male,Underemployed,College Undergraduate,Computer Literacy,Retail,ICT,Computer Systems Servicing NC II
5,Pacol,28,Male,Underemployed,College Undergraduate,Driving,Agriculture,Transportation,Driving NC II
3,Taloc,42,Male,Self-employed,Senior High,Carpentry,Construction,Construction,Carpentry NC II
1,Poblacion,29,Male,Wage Employed,Senior High,Masonry,None,Business,Masonry NC II
12,Calumangan,53,Female,Unemployed,College Graduate,Computer Literacy,Government,ICT,Computer Systems Servicing NC II
2,Ma-ao,37,Male,Wage Employed,Senior High,Electrical Repair,Construction,Construction,Electrical Installation and Maintenance NC II
4,Lag-asan,24,Male,Unemployed,Junior High,Carpentry,Retail,Construction,Carpentry NC II
6,Mailum,34,Male,Unemployed,College Undergraduate,Masonry,Agriculture,Business,Masonry NC II
3,Alianza,26,Male,Unemployed,Senior High,Masonry,Manufacturing,Construction,Masonry NC II
2,Balingasag,23,Female,Self-employed,College Undergraduate,Computer Literacy,ICT,ICT,Computer Systems Servicing NC II
10,Malingin,23,Male,Self-employed,College Undergraduate,Carpentry,Construction,Construction,Carpentry NC II
3,Ilijan,30,Male,Self-employed,Junior High,Carpentry,Construction,Construction,Carpentry NC II
9,Atipuluan,38,Female,Underemployed,Junior High,Carpentry,ICT,Construction,Carpentry NC II
6,Poblacion,40,Female,Unemployed,Junior High,Baking,Hospitality,Agriculture,Bread and Pastry NC II
6,Poblacion,23,Male,Self-employed,Senior High,Electrical Repair,Manufacturing,Construction,Electrical Installation and Maintenance NC II
7,Taloc,27,Male,Unemployed,College Undergraduate,Welding,Construction,Construction,Shielded Metal Arc Welding NC I
7,Ma-ao,29,Male,Wage Employed,College Undergraduate,Cooking,Agriculture,Hospitality,Cookery NC II
4,Ilijan,33,Male,Underemployed,Elementary Graduate,Welding,ICT,Construction,Shielded Metal Arc Welding NC I
4,Poblacion,28,Female,Wage Employed,Senior High,Computer Literacy,Government,ICT,Computer Systems Servicing NC II
10,Ma-ao,38,Male,Self-employed,Junior High,Cooking,Agriculture,Business,Cookery NC II
11,Poblacion,28,Male,Underemployed,College Undergraduate,Cooking,Hospitality,Hospitality,Cookery NC II
8,Bacong,45,Female,Self-employed,Senior High,Cooking,Hospitality,Construction,Cookery NC II
9,Bagroy,40,Male,Underemployed,Junior High,Cooking,Transportation,Hospitality,Cookery NC II
12,Lag-asan,39,Female,Underemployed,Senior High,Baking,Hospitality,Business,Bread and Pastry NC II
12,Taloc,22,Male,Unemployed,Junior High,Welding,Retail,Construction,Shielded Metal Arc Welding NC I
12,Ma-ao,34,Male,Self-employed,College Graduate,Welding,Construction,Construction,Shielded Metal Arc Welding NC I
3,Malingin,31,Female,Unemployed,Elementary Graduate,Cooking,Agriculture,Hospitality,Cookery NC II
9,Bacong,34,Male,Underemployed,Senior High,Cooking,Hospitality,Hospitality,Cookery NC II
4,Busay,23,Male,Unemployed,Senior High,Cooking,Agriculture,Hospitality,Cookery NC II
5,Abuanan,30,Female,Unemployed,Junior High,Cooking,Business,Agriculture,Cookery NC II
6,Pacol,26,Male,Self-employed,Junior High,Carpentry,Construction,Construction,Carpentry NC II
8,Ma-ao,37,Male,Wage Employed,Senior High,Baking,None,Hospitality,Bread and Pastry NC II
12,Dulao,32,Female,Underemployed,Junior High,Baking,None,Hospitality,Bread and Pastry NC II
6,Dulao,29,Male,Unemployed,Elementary Graduate,Driving,Business,Transportation,Driving NC II
7,Bacong,19,Male,Wage Employed,Junior High,Carpentry,Agriculture,Construction,Carpentry NC II
11,Bagroy,42,Male,Wage Employed,Senior High,Driving,Transportation,Transportation,Driving NC II
5,Balingasag,37,Male,Underemployed,Senior High,Baking,Business,Hospitality,Bread and Pastry NC II
11,Caridad,25,Male,Underemployed,Junior High,Welding,Construction,Construction,Shielded Metal Arc Welding NC I
7,Taloc,33,Male,Unemployed,Junior High,Driving,Retail,Transportation,Driving NC II
11,Busay,31,Male,Self-employed,Junior High,Masonry,Agriculture,Construction,Masonry NC II
10,Malingin,38,Female,Unemployed,Junior High,Cooking,Hospitality,Hospitality,Cookery NC II
3,Poblacion,45,Male,Self-employed,Senior High,Masonry,Construction,Construction,Masonry NC II
1,Taloc,40,Female,Underemployed,Elementary Graduate,Cooking,Agriculture,Hospitality,Cookery NC II
11,Busay,32,Male,Wage Employed,Senior High,Masonry,Construction,Construction,Masonry NC II
7,Busay,23,Male,Underemployed,Senior High,Baking,Retail,Hospitality,Bread and Pastry NC II
10,Binubuhan,22,Male,Unemployed,Elementary Graduate,Cooking,Hospitality,Hospitality,Cookery NC II
6,Malingin,32,Female,Wage Employed,Senior High,Baking,Hospitality,Transportation,Bread and Pastry NC II
3,Busay,28,Male,Wage Employed,College Undergraduate,Carpentry,Agriculture,Construction,Carpentry NC II
12,Alianza,31,Male,Self-employed,Junior High,Welding,Manufacturing,Construction,Shielded Metal Arc Welding NC I
10,Busay,43,Male,Wage Employed,Senior High,Carpentry,Construction,Construction,Carpentry NC II
11,Napoles,38,Male,Underemployed,Junior High,Baking,Hospitality,Agriculture,Bread and Pastry NC II
7,Bacong,21,Male,Self-employed,Junior High,Welding,Construction,Construction,Shielded Metal Arc Welding NC I
9,Abuanan,55,Male,Self-employed,College Graduate,Driving,Business,Business,Driving NC II
6,Poblacion,18,Female,Underemployed,Junior High,Computer Literacy,ICT,Business,Computer Systems Servicing NC II
9,Malingin,29,Male,Underemployed,Elementary Graduate,Driving,Transportation,Transportation,Driving NC II
6,Dulao,37,Male,Unemployed,Elementary Graduate,Masonry,Agriculture,Construction,Masonry NC II
4,Ma-ao,34,Male,Underemployed,Elementary Graduate,Cooking,Retail,Agriculture,Cookery NC II
4,Busay,23,Male,Wage Employed,Junior High,Carpentry,Retail,Construction,Carpentry NC II
6,Calumangan,25,Female,Underemployed,Junior High,Driving,Government,Transportation,Driving NC II
5,Ma-ao,40,Female,Wage Employed,College Undergraduate,Cooking,Business,Agriculture,Cookery NC II
8,Napoles,24,Male,Underemployed,Junior High,Driving,Transportation,Hospitality,Driving NC II
5,Abuanan,20,Female,Unemployed,Junior High,Driving,Transportation,Transportation,Driving NC II
6,Dulao,23,Male,Underemployed,Elementary Graduate,Welding,Hospitality,Construction,Shielded Metal Arc Welding NC I
3,Poblacion,41,Male,Wage Employed,Junior High,Electrical Repair,Manufacturing,Construction,Electrical Installation and Maintenance NC II
12,Calumangan,22,Male,Underemployed,College Undergraduate,Carpentry,Agriculture,Construction,Carpentry NC II
12,Ma-ao,41,Male,Underemployed,Senior High,Masonry,Agriculture,Construction,Masonry NC II
6,Poblacion,42,Male,Self-employed,Junior High,Cooking,Retail,Hospitality,Cookery NC II
2,Abuanan,37,Male,Unemployed,Junior High,Welding,None,Construction,Shielded Metal Arc Welding NC I
10,Abuanan,26,Male,Underemployed,College Graduate,Carpentry,Retail,ICT,Carpentry NC II
5,Ma-ao,37,Female,Underemployed,Junior High,Cooking,Hospitality,Hospitality,Cookery NC II
8,Bacong,20,Male,Underemployed,College Undergraduate,Cooking,Business,Hospitality,Cookery NC II
11,Poblacion,44,Male,Self-employed,Senior High,Masonry,Agriculture,Construction,Masonry NC II
10,Dulao,21,Female,Wage Employed,Junior High,Carpentry,Business,Construction,Carpentry NC II
4,Taloc,21,Male,Unemployed,Senior High,Electrical Repair,Manufacturing,Transportation,Electrical Installation and Maintenance NC II
10,Mailum,25,Female,Wage Employed,Elementary Graduate,Driving,Agriculture,Transportation,Driving NC II
2,Dulao,30,Female,Wage Employed,College Graduate,Computer Literacy,Business,ICT,Computer Systems Servicing NC II
6,Taloc,19,Female,Wage Employed,Senior High,Baking,Hospitality,Hospitality,Bread and Pastry NC II
11,Balingasag,37,Male,Wage Employed,Senior High,Carpentry,Retail,Construction,Carpentry NC II
7,Ma-ao,20,Male,Underemployed,Senior High,Welding,None,Construction,Shielded Metal Arc Welding NC I
8,Binubuhan,47,Female,Underemployed,College Undergraduate,Cooking,Agriculture,Hospitality,Cookery NC II
11,Bacong,18,Female,Underemployed,Junior High,Carpentry,Agriculture,Business,Carpentry NC II
10,Poblacion,45,Male,Underemployed,Senior High,Driving,Agriculture,Transportation,Driving NC II
5,Mailum,37,Male,Unemployed,Junior High,Welding,Manufacturing,Construction,Shielded Metal Arc Welding NC I
5,Taloc,44,Female,Underemployed,Senior High,Cooking,Retail,Hospitality,Cookery NC II
4,Mailum,24,Male,Underemployed,Senior High,Cooking,Agriculture,Hospitality,Cookery NC II
9,Pacol,36,Male,Unemployed,Senior High,Electrical Repair,Construction,Construction,Electrical Installation and Maintenance NC II
3,Busay,38,Female,Unemployed,Senior High,Baking,Hospitality,Hospitality,Bread and Pastry NC II
10,Dulao,31,Male,Self-employed,Senior High,Masonry,Construction,Construction,Masonry NC II
12,Mailum,19,Male,Underemployed,Senior High,Driving,Retail,Business,Driving NC II
6,Mailum,21,Male,Unemployed,Junior High,Welding,Construction,Construction,Shielded Metal Arc Welding NC I
4,Poblacion,19,Male,Underemployed,Senior High,Cooking,None,Hospitality,Cookery NC II
12,Bagroy,28,Male,Underemployed,Senior High,Welding,Manufacturing,Construction,Shielded Metal Arc Welding NC I
8,Taloc,18,Male,Unemployed,Junior High,Baking,ICT,Hospitality,Bread and Pastry NC II
5,Poblacion,19,Male,Underemployed,Junior High,Carpentry,Retail,Construction,Carpentry NC II
6,Tabunan,35,Female,Unemployed,Junior High,Baking,Hospitality,Hospitality,Bread and Pastry NC II
2,Poblacion,36,Female,Self-employed,Elementary Graduate,Cooking,Hospitality,Business,Cookery NC II
3,Dulao,37,Male,Unemployed,Elementary Graduate,Electrical Repair,Manufacturing,Construction,Electrical Installation and Maintenance NC II
7,Calumangan,21,Female,Unemployed,Junior High,Baking,Business,Hospitality,Bread and Pastry NC II
9,Tabunan,28,Male,Self-employed,Senior High,Carpentry,Agriculture,Construction,Carpentry NC II
10,Atipuluan,18,Female,Unemployed,Senior High,Driving,Transportation,Transportation,Driving NC II
3,Binubuhan,19,Male,Unemployed,Senior High,Baking,Hospitality,Hospitality,Bread and Pastry NC II
8,Bagroy,42,Male,Unemployed,Junior High,Electrical Repair,Construction,Business,Electrical Installation and Maintenance NC II
9,Taloc,50,Male,Wage Employed,College Graduate,Computer Literacy,Government,ICT,Computer Systems Servicing NC II
11,Calumangan,35,Male,Self-employed,College Undergraduate,Computer Literacy,Business,ICT,Computer Systems Servicing NC II
9,Napoles,42,Male,Self-employed,Senior High,Driving,Government,Business,Driving NC II
12,Bacong,37,Male,Underemployed,Senior High,Driving,Transportation,Transportation,Driving NC II
5,Bagroy,29,Male,Unemployed,College Undergraduate,Driving,Retail,Construction,Driving NC II
11,Poblacion,24,Female,Underemployed,Elementary Graduate,Cooking,Retail,Hospitality,Cookery NC II
9,Abuanan,35,Female,Wage Employed,College Graduate,Cooking,None,Agriculture,Cookery NC II
6,Balingasag,21,Female,Self-employed,Elementary Graduate,Driving,Business,Transportation,Driving NC II
3,Dulao,34,Female,Underemployed,Elementary Graduate,Computer Literacy,Transportation,ICT,Computer Systems Servicing NC II
8,Ma-ao,34,Male,Unemployed,Junior High,Masonry,None,Construction,Masonry NC II
7,Dulao,28,Female,Self-employed,College Undergraduate,Driving,Transportation,Agriculture,Driving NC II
5,Calumangan,21,Male,Unemployed,Senior High,Cooking,Hospitality,Hospitality,Cookery NC II
6,Poblacion,20,Male,Underemployed,Elementary Graduate,Electrical Repair,Construction,Construction,Electrical Installation and Maintenance NC II
2,Bacong,24,Female,Unemployed,Elementary Graduate,Driving,Transportation,Construction,Driving NC II
8,Caridad,25,Female,Self-employed,Junior High,Baking,Hospitality,Business,Bread and Pastry NC II
5,Malingin,30,Male,Self-employed,Junior High,Carpentry,Business,Construction,Carpentry NC II
5,Poblacion,27,Male,Unemployed,Junior High,Driving,Transportation,Transportation,Driving NC II
5,Atipuluan,31,Male,Unemployed,Elementary Graduate,Cooking,Hospitality,Hospitality,Cookery NC II
3,Caridad,41,Female,Wage Employed,College Undergraduate,Baking,Retail,Hospitality,Bread and Pastry NC II
9,Poblacion,24,Male,Unemployed,College Graduate,Carpentry,Agriculture,Construction,Carpentry NC II
12,Bacong,38,Female,Unemployed,College Undergraduate,Cooking,Retail,Hospitality,Cookery NC II
9,Atipuluan,38,Female,Unemployed,Elementary Graduate,Baking,Retail,Hospitality,Bread and Pastry NC II
8,Mailum,25,Male,Underemployed,Junior High,Carpentry,Agriculture,Construction,Carpentry NC II
9,Balingasag,36,Male,Unemployed,Junior High,Masonry,Agriculture,Construction,Masonry NC II
8,Sagasa,48,Male,Wage Employed,College Undergraduate,Masonry,Construction,Business,Masonry NC II
10,Taloc,38,Male,Self-employed,College Graduate,Computer Literacy,Government,ICT,Computer Systems Servicing NC II
1,Tabunan,33,Female,Wage Employed,College Undergraduate,Cooking,Government,Hospitality,Cookery NC II
4,Alianza,35,Male,Unemployed,Elementary Graduate,Carpentry,Manufacturing,Construction,Carpentry NC II
11,Malingin,43,Male,Unemployed,Senior High,Welding,ICT,Construction,Shielded Metal Arc Welding NC I
5,Tabunan,41,Male,Underemployed,Senior High,Carpentry,Construction,Construction,Carpentry NC II
1,Dulao,21,Female,Underemployed,Elementary Graduate,Cooking,Hospitality,Business,Cookery NC II
1,Caridad,30,Male,Self-employed,College Undergraduate,Driving,Retail,Business,Driving NC II
11,Calumangan,19,Male,Wage Employed,Senior High,Carpentry,Hospitality,Construction,Carpentry NC II
2,Poblacion,32,Male,Underemployed,Senior High,Driving,Business,Hospitality,Driving NC II
2,Alianza,20,Female,Unemployed,College Undergraduate,Cooking,Hospitality,Hospitality,Cookery NC II
2,Dulao,32,Male,Underemployed,Elementary Graduate,Electrical Repair,ICT,Construction,Electrical Installation and Maintenance NC II
7,Bacong,36,Female,Unemployed,College Undergraduate,Cooking,Hospitality,Hospitality,Cookery NC II
6,Bagroy,45,Male,Underemployed,Senior High,Electrical Repair,Construction,Construction,Electrical Installation and Maintenance NC II
3,Taloc,40,Male,Unemployed,Elementary Graduate,Electrical Repair,Construction,Construction,Electrical Installation and Maintenance NC II
3,Binubuhan,47,Male,Underemployed,College Undergraduate,Computer Literacy,Government,ICT,Computer Systems Servicing NC II
1,Abuanan,45,Male,Wage Employed,Senior High,Carpentry,Agriculture,Construction,Carpentry NC II
9,Bagroy,32,Male,Self-employed,Junior High,Masonry,Agriculture,Construction,Masonry NC II
7,Sagasa,36,Female,Unemployed,Junior High,Computer Literacy,ICT,ICT,Computer Systems Servicing NC II
12,Binubuhan,26,Female,Self-employed,College Graduate,Welding,Construction,Construction,Shielded Metal Arc Welding NC I
8,Calumangan,26,Male,Underemployed,Elementary Graduate,Driving,Transportation,Transportation,Driving NC II
8,Tabunan,24,Male,Self-employed,Senior High,Driving,Business,Transportation,Driving NC II
10,Busay,38,Male,Underemployed,Elementary Graduate,Computer Literacy,ICT,ICT,Computer Systems Servicing NC II
7,Binubuhan,23,Female,Wage Employed,College Undergraduate,Computer Literacy,ICT,ICT,Computer Systems Servicing NC II
12,Taloc,22,Male,Wage Employed,Elementary Graduate,Cooking,Agriculture,Business,Cookery NC II
10,Calumangan,45,Male,Wage Employed,College Undergraduate,Masonry,Construction,Business,Masonry NC II
11,Tabunan,54,Male,Wage Employed,College Graduate,Computer Literacy,Government,ICT,Computer Systems Servicing NC II
10,Calumangan,30,Female,Underemployed,Senior High,Driving,Transportation,Transportation,Driving NC II
1,Mailum,24,Female,Underemployed,Senior High,Carpentry,Construction,Construction,Carpentry NC II
11,Abuanan,37,Male,Wage Employed,Elementary Graduate,Masonry,Agriculture,Construction,Masonry NC II
9,Ma-ao,34,Female,Unemployed,Senior High,Cooking,Retail,ICT,Cookery NC II
8,Pacol,38,Female,Unemployed,Junior High,Cooking,Hospitality,Business,Cookery NC II
4,Bacong,23,Male,Wage Employed,Senior High,Carpentry,Agriculture,Construction,Carpentry NC II
5,Malingin,37,Female,Unemployed,Junior High,Computer Literacy,Hospitality,ICT,Computer Systems Servicing NC II
6,Busay,27,Male,Wage Employed,College Undergraduate,Computer Literacy,Business,ICT,Computer Systems Servicing NC II
6,Poblacion,37,Female,Wage Employed,College Undergraduate,Baking,Hospitality,Hospitality,Bread and Pastry NC II
9,Dulao,21,Male,Underemployed,Elementary Graduate,Masonry,Agriculture,Construction,Masonry NC II
10,Balingasag,19,Male,Unemployed,Junior High,Driving,Agriculture,Transportation,Driving NC II
11,Bagroy,24,Male,Underemployed,Elementary Graduate,Cooking,Agriculture,Hospitality,Cookery NC II
4,Alianza,34,Male,Underemployed,Senior High,Carpentry,Agriculture,Construction,Carpentry NC II
7,Bacong,23,Male,Unemployed,Senior High,Cooking,None,Hospitality,Cookery NC II
11,Mailum,38,Male,Wage Employed,College Undergraduate,Computer Literacy,Retail,ICT,Computer Systems Servicing NC II
11,Busay,33,Male,Unemployed,Elementary Graduate,Carpentry,Retail,Construction,Carpentry NC II
11,Busay,40,Female,Wage Employed,College Undergraduate,Computer Literacy,ICT,ICT,Computer Systems Servicing NC II
7,Lag-asan,41,Male,Wage Employed,Senior High,Cooking,Business,Hospitality,Cookery NC II
10,Caridad,46,Male,Underemployed,College Undergraduate,Carpentry,Retail,Construction,Carpentry NC II
1,Taloc,47,Male,Wage Employed,College Graduate,Driving,Construction,ICT,Driving NC II
1,Bagroy,30,Female,Wage Employed,College Graduate,Computer Literacy,Business,ICT,Computer Systems Servicing NC II
8,Alianza,27,Male,Wage Employed,College Undergraduate,Welding,Manufacturing,Business,Shielded Metal Arc Welding NC I
6,Pacol,28,Female,Wage Employed,College Undergraduate,Driving,Retail,Business,Driving NC II
12,Mailum,40,Male,Wage Employed,Senior High,Welding,Manufacturing,Construction,Shielded Metal Arc Welding NC I
10,Lag-asan,29,Female,Unemployed,Senior High,Cooking,Agriculture,Hospitality,Cookery NC II
5,Bacong,29,Female,Unemployed,Elementary Graduate,Computer Literacy,Retail,ICT,Computer Systems Servicing NC II
10,Balingasag,32,Male,Self-employed,College Undergraduate,Driving,Transportation,Transportation,Driving NC II
4,Bacong,39,Male,Self-employed,College Undergraduate,Computer Literacy,ICT,ICT,Computer Systems Servicing NC II
3,Sagasa,21,Female,Self-employed,Junior High,Driving,Business,Transportation,Driving NC II
12,Poblacion,18,Female,Unemployed,Junior High,Cooking,Hospitality,Hospitality,Cookery NC II
8,Ilijan,27,Female,Unemployed,Junior High,Cooking,Hospitality,Hospitality,Cookery NC II
3,Caridad,43,Male,Underemployed,Senior High,Electrical Repair,Construction,Construction,Electrical Installation and Maintenance NC II
2,Poblacion,32,Female,Self-employed,College Undergraduate,Computer Literacy,ICT,ICT,Computer Systems Servicing NC II
4,Busay,24,Male,Underemployed,Elementary Graduate,Carpentry,Agriculture,Construction,Carpentry NC II
9,Malingin,40,Male,Self-employed,College Graduate,Welding,Construction,Construction,Shielded Metal Arc Welding NC I
8,Taloc,29,Female,Self-employed,College Undergraduate,Driving,Hospitality,Transportation,Driving NC II
10,Malingin,18,Male,Unemployed,Senior High,Electrical Repair,Construction,Transportation,Electrical Installation and Maintenance NC II
12,Poblacion,23,Male,Self-employed,Elementary Graduate,Driving,Retail,Transportation,Driving NC II
7,Taloc,41,Female,Underemployed,Senior High,Computer Literacy,Government,ICT,Computer Systems Servicing NC II
11,Dulao,37,Male,Self-employed,Elementary Graduate,Masonry,Manufacturing,Construction,Masonry NC II
12,Lag-asan,21,Male,Underemployed,Junior High,Driving,Transportation,Transportation,Driving NC II
11,Dulao,41,Male,Underemployed,Senior High,Welding,Hospitality,Construction,Shielded Metal Arc Welding NC I
8,Taloc,29,Male,Underemployed,Junior High,Carpentry,Business,Hospitality,Carpentry NC II
10,Dulao,53,Male,Self-employed,College Graduate,Driving,Transportation,Transportation,Driving NC II
3,Tabunan,20,Female,Underemployed,College Undergraduate,Electrical Repair,Transportation,Business,Electrical Installation and Maintenance NC II
7,Mailum,24,Female,Underemployed,Elementary Graduate,Computer Literacy,ICT,ICT,Computer Systems Servicing NC II
6,Alianza,28,Male,Unemployed,Senior High,Masonry,Agriculture,Construction,Masonry NC II
10,Ma-ao,36,Male,Unemployed,College Graduate,Computer Literacy,Government,ICT,Computer Systems Servicing NC II
12,Ma-ao,44,Female,Underemployed,College Undergraduate,Driving,Agriculture,Transportation,Driving NC II
11,Bacong,33,Male,Wage Employed,College Undergraduate,Electrical Repair,Retail,Business,Electrical Installation and Maintenance NC II
4,Ilijan,41,Male,Underemployed,Senior High,Computer Literacy,Government,ICT,Computer Systems Servicing NC II
5,Taloc,19,Male,Unemployed,Junior High,Carpentry,Business,Construction,Carpentry NC II
11,Balingasag,22,Male,Unemployed,Junior High,Baking,Hospitality,Agriculture,Bread and Pastry NC II
11,Poblacion,18,Female,Unemployed,Junior High,Driving,Hospitality,Transportation,Driving NC II
2,Malingin,31,Female,Unemployed,Senior High,Computer Literacy,ICT,Business,Computer Systems Servicing NC II
7,Busay,19,Male,Underemployed,Senior High,Carpentry,Government,Construction,Carpentry NC II
9,Taloc,26,Male,Unemployed,Junior High,Computer Literacy,ICT,ICT,Computer Systems Servicing NC II
3,Dulao,51,Male,Underemployed,College Graduate,Computer Literacy,Government,ICT,Computer Systems Servicing NC II
1,Ilijan,19,Female,Wage Employed,College Undergraduate,Computer Literacy,Hospitality,ICT,Computer Systems Servicing NC II
4,Abuanan,43,Male,Unemployed,Senior High,Cooking,Hospitality,Hospitality,Cookery NC II
7,Pacol,28,Female,Unemployed,College Undergraduate,Computer Literacy,Retail,Business,Computer Systems Servicing NC II
7,Sagasa,20,Male,Unemployed,Junior High,Driving,Transportation,Transportation,Driving NC II
6,Tabunan,27,Male,Underemployed,Elementary Graduate,Welding,Transportation,Construction,Shielded Metal Arc Welding NC I
3,Busay,29,Female,Underemployed,Senior High,Carpentry,Construction,Construction,Carpentry NC II
11,Ma-ao,38,Male,Unemployed,Junior High,Welding,Construction,Construction,Shielded Metal Arc Welding NC I
3,Atipuluan,34,Female,Self-employed,Senior High,Cooking,None,Hospitality,Cookery NC II
11,Mailum,34,Male,Unemployed,Junior High,Electrical Repair,Construction,Construction,Electrical Installation and Maintenance NC II
9,Ma-ao,35,Male,Underemployed,Junior High,Welding,Construction,Construction,Shielded Metal Arc Welding NC I
10,Tabunan,34,Male,Wage Employed,College Graduate,Computer Literacy,Hospitality,ICT,Computer Systems Servicing NC II
10,Taloc,18,Male,Underemployed,Junior High,Welding,Manufacturing,Construction,Shielded Metal Arc Welding NC I
11,Bagroy,31,Female,Self-employed,College Undergraduate,Cooking,Agriculture,Hospitality,Cookery NC II
10,Binubuhan,31,Male,Underemployed,Elementary Graduate,Cooking,Retail,ICT,Cookery NC II
4,Alianza,36,Female,Wage Employed,Senior High,Driving,Transportation,Transportation,Driving NC II
2,Caridad,35,Male,Underemployed,Senior High,Driving,Business,Transportation,Driving NC II
5,Dulao,30,Male,Underemployed,Senior High,Driving,Transportation,Transportation,Driving NC II
4,Malingin,33,Male,Self-employed,College Undergraduate,Driving,Transportation,Transportation,Driving NC II
12,Ma-ao,32,Female,Underemployed,College Undergraduate,Driving,Transportation,Transportation,Driving NC II
8,Napoles,43,Male,Underemployed,College Undergraduate,Electrical Repair,None,Construction,Electrical Installation and Maintenance NC II
11,Ma-ao,19,Male,Underemployed,Senior High,Driving,Agriculture,Transportation,Driving NC II
8,Abuanan,48,Male,Underemployed,College Undergraduate,Driving,Transportation,Transportation,Driving NC II
9,Ma-ao,42,Male,Underemployed,Junior High,Cooking,Hospitality,Business,Cookery NC II
8,Alianza,55,Male,Underemployed,College Graduate,Cooking,Business,Business,Cookery NC II
3,Mailum,25,Female,Unemployed,Senior High,Cooking,Agriculture,Hospitality,Cookery NC II
10,Sagasa,35,Male,Unemployed,Senior High,Electrical Repair,Manufacturing,Construction,Electrical Installation and Maintenance NC II
6,Dulao,36,Male,Underemployed,Senior High,Carpentry,Retail,Construction,Carpentry NC II
8,Lag-asan,38,Female,Wage Employed,Senior High,Computer Literacy,Business,ICT,Computer Systems Servicing NC II
3,Busay,25,Male,Self-employed,Senior High,Masonry,Construction,Construction,Masonry NC II
1,Ma-ao,25,Male,Wage Employed,Junior High,Driving,Transportation,Transportation,Driving NC II
6,Napoles,39,Male,Self-employed,College Undergraduate,Computer Literacy,Agriculture,ICT,Computer Systems Servicing NC II
3,Atipuluan,40,Male,Wage Employed,College Graduate,Computer Literacy,ICT,Business,Computer Systems Servicing NC II
1,Taloc,29,Male,Unemployed,Senior High,Carpentry,Government,Construction,Carpentry NC II
12,Mailum,23,Male,Unemployed,College Undergraduate,Welding,Manufacturing,Construction,Shielded Metal Arc Welding NC I
6,Calumangan,25,Male,Unemployed,Senior High,Masonry,Construction,Construction,Masonry NC II
10,Bagroy,41,Male,Self-employed,College Graduate,Computer Literacy,Business,ICT,Computer Systems Servicing NC II
8,Abuanan,44,Male,Unemployed,College Undergraduate,Baking,Manufacturing,Hospitality,Bread and Pastry NC II
7,Alianza,21,Male,Underemployed,Senior High,Carpentry,Agriculture,Construction,Carpentry NC II
2,Lag-asan,25,Female,Wage Employed,Junior High,Cooking,Retail,Hospitality,Cookery NC II
3,Busay,41,Male,Self-employed,Senior High,Baking,None,Business,Bread and Pastry NC II
10,Tabunan,24,Male,Unemployed,College Graduate,Computer Literacy,ICT,ICT,Computer Systems Servicing NC II
12,Taloc,28,Male,Wage Employed,Junior High,Driving,Business,Transportation,Driving NC II
2,Taloc,28,Female,Underemployed,College Graduate,Computer Literacy,ICT,ICT,Computer Systems Servicing NC II
1,Bacong,37,Male,Wage Employed,Junior High,Masonry,Agriculture,Construction,Masonry NC II
11,Sagasa,42,Male,Underemployed,College Graduate,Electrical Repair,Manufacturing,ICT,Electrical Installation and Maintenance NC II
4,Poblacion,25,Female,Underemployed,Senior High,Cooking,Agriculture,Hospitality,Cookery NC II
3,Lag-asan,34,Male,Underemployed,Junior High,Cooking,Government,Hospitality,Cookery NC II
6,Binubuhan,20,Male,Underemployed,Junior High,Driving,Transportation,Business,Driving NC II
4,Pacol,36,Male,Underemployed,Junior High,Cooking,Agriculture,Hospitality,Cookery NC II
9,Mailum,23,Male,Unemployed,Elementary Graduate,Computer Literacy,ICT,ICT,Computer Systems Servicing NC II
8,Abuanan,18,Female,Unemployed,Senior High,Baking,None,Hospitality,Bread and Pastry NC II
5,Binubuhan,19,Male,Underemployed,Junior High,Welding,Construction,Construction,Shielded Metal Arc Welding NC I
7,Ilijan,27,Male,Self-employed,Senior High,Carpentry,Construction,Construction,Carpentry NC II
6,Busay,30,Male,Self-employed,Senior High,Carpentry,Construction,Construction,Carpentry NC II
6,Taloc,39,Male,Unemployed,Junior High,Welding,Construction,Construction,Shielded Metal Arc Welding NC I
8,Abuanan,34,Male,Self-employed,College Undergraduate,Electrical Repair,Manufacturing,Construction,Electrical Installation and Maintenance NC II
4,Lag-asan,45,Male,Underemployed,Senior High,Baking,Hospitality,Hospitality,Bread and Pastry NC II
9,Tabunan,35,Male,Unemployed,College Undergraduate,Driving,Transportation,Business,Driving NC II
7,Napoles,27,Female,Wage Employed,College Graduate,Carpentry,Manufacturing,Construction,Carpentry NC II
8,Napoles,37,Male,Underemployed,Junior High,Carpentry,Construction,Construction,Carpentry NC II
6,Caridad,24,Male,Underemployed,Senior High,Baking,Construction,Hospitality,Bread and Pastry NC II
6,Mailum,27,Female,Unemployed,Senior High,Cooking,Hospitality,Business,Cookery NC II
10,Calumangan,43,Male,Wage Employed,College Graduate,Electrical Repair,Construction,Construction,Electrical Installation and Maintenance NC II
2,Dulao,32,Female,Underemployed,Junior High,Baking,Retail,Hospitality,Bread and Pastry NC II
11,Alianza,31,Male,Underemployed,Junior High,Carpentry,Construction,Construction,Carpentry NC II
4,Lag-asan,37,Female,Wage Employed,College Undergraduate,Computer Literacy,None,ICT,Computer Systems Servicing NC II
5,Mailum,36,Female,Wage Employed,Junior High,Cooking,Agriculture,Hospitality,Cookery NC II
7,Mailum,43,Male,Wage Employed,Senior High,Carpentry,Manufacturing,Construction,Carpentry NC II
12,Pacol,38,Male,Unemployed,Elementary Graduate,Masonry,Construction,Construction,Masonry NC II
8,Busay,42,Male,Unemployed,Senior High,Welding,None,Construction,Shielded Metal Arc Welding NC I
6,Bagroy,27,Male,Unemployed,Senior High,Welding,Construction,Construction,Shielded Metal Arc Welding NC I
12,Mailum,18,Male,Unemployed,Junior High,Baking,Business,Hospitality,Bread and Pastry NC II
1,Binubuhan,20,Male,Self-employed,College Undergraduate,Driving,Business,Business,Driving NC II
5,Calumangan,33,Male,Unemployed,Senior High,Welding,Construction,Construction,Shielded Metal Arc Welding NC I
11,Bacong,27,Male,Self-employed,College Undergraduate,Driving,Hospitality,Transportation,Driving NC II
2,Pacol,20,Male,Self-employed,Junior High,Baking,Hospitality,Hospitality,Bread and Pastry NC II
12,Napoles,37,Male,Underemployed,Senior High,Masonry,Construction,Construction,Masonry NC II
9,Bacong,21,Female,Self-employed,Senior High,Cooking,Retail,Hospitality,Cookery NC II
10,Sagasa,39,Male,Underemployed,Senior High,Driving,Business,Transportation,Driving NC II
9,Balingasag,47,Female,Self-employed,College Graduate,Computer Literacy,Transportation,ICT,Computer Systems Servicing NC II
2,Taloc,26,Male,Self-employed,Senior High,Driving,None,Agriculture,Driving NC II
6,Dulao,47,Female,Wage Employed,College Undergraduate,Cooking,Retail,Hospitality,Cookery NC II
4,Pacol,35,Male,Underemployed,Junior High,Masonry,Construction,Construction,Masonry NC II
7,Poblacion,37,Male,Unemployed,Elementary Graduate,Driving,Hospitality,Transportation,Driving NC II
6,Bagroy,39,Female,Wage Employed,Junior High,Baking,Business,Hospitality,Bread and Pastry NC II
2,Bagroy,24,Male,Unemployed,Junior High,Driving,Retail,Transportation,Driving NC II
1,Bacong,30,Male,Wage Employed,College Graduate,Masonry,Construction,Construction,Masonry NC II
1,Calumangan,27,Male,Self-employed,Junior High,Masonry,Business,Construction,Masonry NC II
3,Atipuluan,48,Female,Wage Employed,College Undergraduate,Cooking,Retail,Hospitality,Cookery NC II
3,Poblacion,20,Female,Unemployed,Junior High,Masonry,Construction,Construction,Masonry NC II
8,Ma-ao,30,Male,Underemployed,Elementary Graduate,Carpentry,Construction,Construction,Carpentry NC II
5,Bacong,44,Female,Self-employed,College Undergraduate,Computer Literacy,ICT,ICT,Computer Systems Servicing NC II
2,Calumangan,18,Male,Underemployed,Junior High,Electrical Repair,Manufacturing,Construction,Electrical Installation and Maintenance NC II
1,Ma-ao,30,Female,Wage Employed,College Undergraduate,Carpentry,Manufacturing,ICT,Carpentry NC II
6,Bacong,32,Male,Unemployed,Junior High,Driving,Transportation,Transportation,Driving NC II
2,Busay,40,Female,Unemployed,Junior High,Carpentry,Construction,Construction,Carpentry NC II
4,Calumangan,32,Male,Self-employed,College Undergraduate,Driving,Government,Transportation,Driving NC II
12,Bagroy,29,Male,Underemployed,Senior High,Baking,Hospitality,Hospitality,Bread and Pastry NC II
3,Bacong,23,Male,Underemployed,Senior High,Driving,Agriculture,Agriculture,Driving NC II
8,Caridad,24,Male,Underemployed,Elementary Graduate,Masonry,Manufacturing,Construction,Masonry NC II
12,Bagroy,22,Female,Self-employed,College Graduate,Computer Literacy,Transportation,ICT,Computer Systems Servicing NC II
4,Lag-asan,50,Female,Unemployed,College Graduate,Computer Literacy,Government,ICT,Computer Systems Servicing NC II
5,Taloc,37,Female,Underemployed,Senior High,Computer Literacy,Hospitality,ICT,Computer Systems Servicing NC II
8,Taloc,30,Male,Underemployed,Senior High,Welding,Construction,Construction,Shielded Metal Arc Welding NC I
4,Busay,22,Female,Underemployed,College Graduate,Computer Literacy,Retail,ICT,Computer Systems Servicing NC II
2,Sagasa,23,Male,Self-employed,Junior High,Welding,Construction,Agriculture,Shielded Metal Arc Welding NC I
9,Poblacion,31,Male,Unemployed,Senior High,Baking,Retail,Hospitality,Bread and Pastry NC II
2,Atipuluan,33,Male,Unemployed,College Undergraduate,Electrical Repair,Construction,Construction,Electrical Installation and Maintenance NC II
9,Pacol,50,Female,Underemployed,College Graduate,Computer Literacy,ICT,Business,Computer Systems Servicing NC II
12,Taloc,34,Male,Wage Employed,College Undergraduate,Carpentry,Agriculture,Hospitality,Carpentry NC II
2,Malingin,29,Male,Underemployed,Elementary Graduate,Cooking,Hospitality,Hospitality,Cookery NC II
10,Ma-ao,41,Male,Underemployed,Senior High,Driving,Business,Transportation,Driving NC II
8,Ma-ao,25,Male,Underemployed,Junior High,Welding,Business,Construction,Shielded Metal Arc Welding NC I
7,Sagasa,22,Male,Underemployed,Senior High,Carpentry,Retail,Construction,Carpentry NC II
11,Taloc,18,Male,Underemployed,Senior High,Masonry,Agriculture,Construction,Masonry NC II
1,Abuanan,37,Female,Self-employed,College Undergraduate,Baking,None,Hospitality,Bread and Pastry NC II
4,Ma-ao,26,Male,Underemployed,College Graduate,Driving,Transportation,Business,Driving NC II
10,Dulao,40,Male,Underemployed,College Graduate,Computer Literacy,Government,ICT,Computer Systems Servicing NC II
11,Balingasag,48,Male,Unemployed,College Graduate,Welding,Construction,Transportation,Shielded Metal Arc Welding NC I
8,Bacong,49,Female,Unemployed,College Graduate,Baking,None,Transportation,Bread and Pastry NC II
6,Bacong,45,Male,Underemployed,Senior High,Cooking,Hospitality,Hospitality,Cookery NC II
12,Poblacion,43,Female,Underemployed,Senior High,Baking,Hospitality,Hospitality,Bread and Pastry NC II
6,Mailum,19,Female,Underemployed,Elementary Graduate,Driving,Agriculture,Transportation,Driving NC II
12,Bacong,19,Male,Wage Employed,Junior High,Driving,Transportation,Transportation,Driving NC II
6,Malingin,19,Male,Self-employed,Junior High,Masonry,Agriculture,Construction,Masonry NC II
8,Busay,34,Female,Underemployed,Senior High,Carpentry,Agriculture,Construction,Carpentry NC II
2,Calumangan,40,Female,Underemployed,College Undergraduate,Driving,Transportation,Hospitality,Driving NC II
12,Malingin,24,Male,Underemployed,College Undergraduate,Baking,Hospitality,Hospitality,Bread and Pastry NC II
5,Ma-ao,27,Male,Underemployed,Elementary Graduate,Masonry,Construction,Construction,Masonry NC II
5,Balingasag,31,Female,Underemployed,Junior High,Cooking,Hospitality,Business,Cookery NC II
2,Caridad,45,Female,Underemployed,Senior High,Cooking,Agriculture,Hospitality,Cookery NC II
5,Bacong,18,Female,Self-employed,Junior High,Masonry,Agriculture,Construction,Masonry NC II
5,Poblacion,26,Male,Unemployed,Junior High,Electrical Repair,ICT,Construction,Electrical Installation and Maintenance NC II
5,Taloc,37,Male,Self-employed,College Undergraduate,Driving,Transportation,Transportation,Driving NC II
9,Taloc,19,Male,Underemployed,Senior High,Carpentry,Retail,Construction,Carpentry NC II
6,Alianza,26,Female,Unemployed,Senior High,Computer Literacy,Government,Agriculture,Computer Systems Servicing NC II
8,Caridad,21,Male,Self-employed,Senior High,Driving,Business,Transportation,Driving NC II
10,Ma-ao,40,Male,Underemployed,Senior High,Baking,Hospitality,Hospitality,Bread and Pastry NC II
1,Atipuluan,29,Male,Wage Employed,College Undergraduate,Masonry,Construction,Construction,Masonry NC II
11,Ilijan,19,Male,Unemployed,Elementary Graduate,Carpentry,Business,Construction,Carpentry NC II
4,Lag-asan,38,Female,Self-employed,College Undergraduate,Computer Literacy,ICT,ICT,Computer Systems Servicing NC II
7,Malingin,36,Female,Unemployed,Junior High,Baking,Hospitality,Transportation,Bread and Pastry NC II
8,Ilijan,31,Male,Wage Employed,Senior High,Masonry,Agriculture,Construction,Masonry NC II
2,Caridad,33,Male,Unemployed,Senior High,Welding,Transportation,Construction,Shielded Metal Arc Welding NC I
2,Taloc,31,Male,Wage Employed,College Undergraduate,Electrical Repair,ICT,Construction,Electrical Installation and Maintenance NC II
10,Malingin,50,Male,Wage Employed,College Graduate,Cooking,Agriculture,Hospitality,Cookery NC II
8,Bagroy,41,Female,Self-employed,College Undergraduate,Baking,Hospitality,Hospitality,Bread and Pastry NC II
12,Atipuluan,26,Male,Self-employed,Junior High,Computer Literacy,ICT,ICT,Computer Systems Servicing NC II
2,Tabunan,29,Female,Underemployed,Junior High,Electrical Repair,None,Construction,Electrical Installation and Maintenance NC II
5,Poblacion,27,Female,Self-employed,College Undergraduate,Computer Literacy,Government,ICT,Computer Systems Servicing NC II
6,Napoles,41,Male,Self-employed,College Graduate,Welding,Construction,Construction,Shielded Metal Arc Welding NC I
9,Caridad,23,Male,Unemployed,Senior High,Welding,Manufacturing,Construction,Shielded Metal Arc Welding NC I
8,Caridad,40,Female,Self-employed,College Graduate,Electrical Repair,Construction,Construction,Electrical Installation and Maintenance NC II
9,Mailum,36,Male,Underemployed,Junior High,Driving,Transportation,Transportation,Driving NC II
3,Napoles,18,Male,Unemployed,Junior High,Masonry,Manufacturing,Construction,Masonry NC II
1,Abuanan,38,Female,Unemployed,Senior High,Driving,Agriculture,Business,Driving NC II
3,Caridad,41,Male,Underemployed,Senior High,Computer Literacy,ICT,ICT,Computer Systems Servicing NC II
12,Alianza,41,Male,Self-employed,College Undergraduate,Computer Literacy,ICT,ICT,Computer Systems Servicing NC II
3,Bagroy,41,Male,Underemployed,Senior High,Masonry,Construction,Business,Masonry NC II
5,Busay,36,Male,Underemployed,College Undergraduate,Electrical Repair,Construction,Construction,Electrical Installation and Maintenance NC II
12,Busay,43,Male,Unemployed,Senior High,Driving,Transportation,Transportation,Driving NC II
11,Mailum,30,Female,Underemployed,Senior High,Cooking,Agriculture,Hospitality,Cookery NC II
11,Busay,32,Female,Unemployed,Elementary Graduate,Baking,Retail,Hospitality,Bread and Pastry NC II
2,Abuanan,41,Male,Underemployed,Junior High,Driving,Hospitality,Transportation,Driving NC II
7,Lag-asan,31,Male,Wage Employed,Elementary Graduate,Driving,Transportation,Transportation,Driving NC II
2,Bagroy,52,Male,Underemployed,College Graduate,Driving,Agriculture,Business,Driving NC II
12,Busay,21,Male,Self-employed,College Undergraduate,Carpentry,Agriculture,Transportation,Carpentry NC II
7,Binubuhan,28,Female,Underemployed,Elementary Graduate,Driving,Transportation,Transportation,Driving NC II
3,Sagasa,44,Female,Underemployed,Senior High,Computer Literacy,ICT,Transportation,Computer Systems Servicing NC II
4,Taloc,29,Male,Underemployed,Junior High,Baking,Agriculture,Agriculture,Bread and Pastry NC II
12,Atipuluan,24,Male,Unemployed,Junior High,Driving,Government,Business,Driving NC II
4,Malingin,32,Male,Unemployed,Elementary Graduate,Carpentry,Construction,Construction,Carpentry NC II
5,Napoles,37,Male,Underemployed,College Graduate,Driving,Hospitality,Hospitality,Driving NC II
8,Caridad,53,Female,Wage Employed,College Graduate,Computer Literacy,Retail,ICT,Computer Systems Servicing NC II
7,Ma-ao,36,Male,Underemployed,College Undergraduate,Baking,Hospitality,Hospitality,Bread and Pastry NC II
9,Ma-ao,28,Male,Unemployed,Senior High,Masonry,Agriculture,Construction,Masonry NC II
8,Balingasag,22,Male,Underemployed,Junior High,Driving,Transportation,Agriculture,Driving NC II
11,Bagroy,20,Male,Underemployed,Junior High,Welding,Construction,Agriculture,Shielded Metal Arc Welding NC I
8,Sagasa,22,Female,Unemployed,Senior High,Cooking,Business,Hospitality,Cookery NC II
3,Busay,43,Female,Unemployed,College Undergraduate,Driving,Transportation,Transportation,Driving NC II
11,Ma-ao,24,Female,Underemployed,Senior High,Cooking,Agriculture,Hospitality,Cookery NC II
6,Busay,23,Female,Unemployed,Senior High,Computer Literacy,ICT,Business,Computer Systems Servicing NC II
12,Lag-asan,29,Female,Underemployed,Senior High,Computer Literacy,Retail,ICT,Computer Systems Servicing NC II
10,Malingin,32,Female,Self-employed,College Undergraduate,Cooking,Retail,Hospitality,Cookery NC II
2,Dulao,38,Male,Unemployed,Senior High,Driving,Business,Transportation,Driving NC II
7,Ma-ao,26,Male,Unemployed,Junior High,Electrical Repair,Construction,Construction,Electrical Installation and Maintenance NC II
9,Mailum,18,Male,Underemployed,Elementary Graduate,Welding,Manufacturing,Construction,Shielded Metal Arc Welding NC I
3,Pacol,23,Female,Self-employed,College Undergraduate,Cooking,Business,Hospitality,Cookery NC II
8,Busay,41,Female,Wage Employed,Senior High,Electrical Repair,Construction,Construction,Electrical Installation and Maintenance NC II
12,Pacol,39,Male,Self-employed,Junior High,Baking,Hospitality,Hospitality,Bread and Pastry NC II
1,Taloc,34,Male,Self-employed,Elementary Graduate,Carpentry,Construction,Construction,Carpentry NC II
9,Poblacion,26,Female,Unemployed,Senior High,Driving,Transportation,Construction,Driving NC II
10,Tabunan,26,Male,Underemployed,Elementary Graduate,Cooking,Hospitality,Hospitality,Cookery NC II
3,Poblacion,34,Male,Unemployed,Senior High,Carpentry,Business,Construction,Carpentry NC II
12,Bagroy,18,Male,Wage Employed,Senior High,Driving,Transportation,Transportation,Driving NC II
12,Pacol,31,Male,Underemployed,Elementary Graduate,Driving,Transportation,Transportation,Driving NC II
9,Bagroy,38,Male,Self-employed,College Undergraduate,Carpentry,Agriculture,Construction,Carpentry NC II
8,Bacong,33,Male,Self-employed,College Undergraduate,Driving,Construction,Transportation,Driving NC II
12,Bagroy,33,Male,Unemployed,Elementary Graduate,Carpentry,Construction,Construction,Carpentry NC II
11,Alianza,32,Male,Unemployed,Senior High,Baking,Hospitality,Hospitality,Bread and Pastry NC II
4,Ma-ao,38,Female,Self-employed,College Undergraduate,Computer Literacy,Hospitality,Business,Computer Systems Servicing NC II
11,Malingin,25,Male,Self-employed,Elementary Graduate,Carpentry,None,Construction,Carpentry NC II
9,Napoles,21,Male,Wage Employed,Junior High,Masonry,Agriculture,Construction,Masonry NC II
6,Napoles,38,Male,Unemployed,Junior High,Cooking,Hospitality,Hospitality,Cookery NC II
4,Mailum,28,Female,Self-employed,Senior High,Baking,Business,Business,Bread and Pastry NC II
2,Ma-ao,37,Male,Wage Employed,College Undergraduate,Welding,Construction,ICT,Shielded Metal Arc Welding NC I
1,Dulao,37,Male,Underemployed,Junior High,Carpentry,Retail,Construction,Carpentry NC II
12,Sagasa,37,Male,Unemployed,Junior High,Welding,Construction,Construction,Shielded Metal Arc Welding NC I
10,Taloc,24,Male,Underemployed,Senior High,Baking,Hospitality,Hospitality,Bread and Pastry NC II
6,Binubuhan,39,Male,Underemployed,College Undergraduate,Electrical Repair,Manufacturing,Business,Electrical Installation and Maintenance NC II
9,Poblacion,42,Male,Self-employed,Senior High,Carpentry,Business,Construction,Carpentry NC II
10,Pacol,39,Male,Underemployed,College Undergraduate,Baking,ICT,Hospitality,Bread and Pastry NC II
3,Dulao,37,Male,Wage Employed,Junior High,Cooking,Hospitality,Hospitality,Cookery NC II
9,Atipuluan,24,Female,Underemployed,Junior High,Cooking,Government,Hospitality,Cookery NC II
6,Ilijan,33,Male,Unemployed,Elementary Graduate,Cooking,Hospitality,Hospitality,Cookery NC II
1,Busay,42,Female,Unemployed,Junior High,Driving,Transportation,Transportation,Driving NC II
2,Ma-ao,43,Male,Unemployed,Senior High,Welding,Manufacturing,Construction,Shielded Metal Arc Welding NC I
2,Busay,35,Male,Unemployed,Junior High,Cooking,Agriculture,Hospitality,Cookery NC II
8,Busay,43,Female,Unemployed,Senior High,Cooking,Transportation,Hospitality,Cookery NC II
4,Poblacion,19,Male,Unemployed,Junior High,Electrical Repair,Construction,Construction,Electrical Installation and Maintenance NC II
11,Caridad,35,Male,Underemployed,Junior High,Cooking,Government,Hospitality,Cookery NC II
12,Mailum,19,Male,Underemployed,College Undergraduate,Driving,Retail,Transportation,Driving NC II
8,Ilijan,42,Male,Self-employed,College Graduate,Electrical Repair,ICT,ICT,Computer Systems Servicing NC II
10,Tabunan,23,Male,Unemployed,Senior High,Electrical Repair,Construction,Construction,Electrical Installation and Maintenance NC II
6,Poblacion,32,Male,Self-employed,Senior High,Masonry,Construction,Agriculture,Masonry NC II
11,Poblacion,38,Male,Wage Employed,College Graduate,Welding,Construction,Construction,Shielded Metal Arc Welding NC I
8,Pacol,39,Female,Underemployed,Senior High,Computer Literacy,Retail,ICT,Computer Systems Servicing NC II
4,Bagroy,18,Female,Unemployed,Senior High,Driving,Agriculture,Transportation,Driving NC II
5,Taloc,45,Female,Underemployed,Senior High,Baking,Business,Hospitality,Bread and Pastry NC II
12,Caridad,30,Male,Self-employed,Junior High,Driving,Transportation,Transportation,Driving NC II
11,Bagroy,26,Male,Unemployed,Elementary Graduate,Welding,Manufacturing,Construction,Shielded Metal Arc Welding NC I
5,Bacong,37,Male,Unemployed,Junior High,Welding,Transportation,Construction,Shielded Metal Arc Welding NC I
9,Bacong,23,Male,Underemployed,College Graduate,Computer Literacy,ICT,ICT,Computer Systems Servicing NC II
2,Malingin,20,Male,Unemployed,Elementary Graduate,Baking,Retail,Hospitality,Bread and Pastry NC II
12,Caridad,43,Male,Unemployed,College Graduate,Masonry,Construction,Construction,Masonry NC II
5,Caridad,30,Female,Underemployed,Senior High,Baking,Retail,Hospitality,Bread and Pastry NC II
11,Ma-ao,32,Male,Unemployed,Senior High,Electrical Repair,Construction,Construction,Electrical Installation and Maintenance NC II
10,Busay,46,Male,Self-employed,College Undergraduate,Computer Literacy,ICT,Business,Computer Systems Servicing NC II
4,Lag-asan,44,Female,Self-employed,Senior High,Cooking,Hospitality,Hospitality,Cookery NC II
3,Bacong,19,Female,Underemployed,Senior High,Baking,Retail,Hospitality,Bread and Pastry NC II
1,Bagroy,37,Male,Underemployed,Senior High,Cooking,Agriculture,Hospitality,Cookery NC II
3,Taloc,44,Male,Self-employed,College Undergraduate,Driving,Agriculture,Transportation,Driving NC II
4,Pacol,37,Male,Underemployed,College Undergraduate,Electrical Repair,Manufacturing,Construction,Electrical Installation and Maintenance NC II
8,Ma-ao,26,Female,Underemployed,Elementary Graduate,Baking,Hospitality,Hospitality,Bread and Pastry NC II
6,Taloc,45,Male,Wage Employed,Senior High,Driving,Transportation,Transportation,Driving NC II
12,Taloc,33,Male,Wage Employed,College Undergraduate,Cooking,Retail,Business,Cookery NC II
9,Ma-ao,33,Male,Underemployed,Junior High,Computer Literacy,Manufacturing,Business,Computer Systems Servicing NC II
7,Napoles,29,Male,Unemployed,Senior High,Cooking,Business,Hospitality,Cookery NC II
3,Bacong,23,Male,Wage Employed,Senior High,Masonry,Manufacturing,Agriculture,Masonry NC II
9,Poblacion,29,Female,Self-employed,College Undergraduate,Computer Literacy,Manufacturing,ICT,Computer Systems Servicing NC II
1,Mailum,18,Male,Underemployed,Senior High,Carpentry,Construction,Construction,Carpentry NC II
10,Bacong,42,Male,Self-employed,Senior High,Masonry,Agriculture,Construction,Masonry NC II
1,Mailum,36,Male,Self-employed,College Undergraduate,Masonry,Agriculture,Construction,Masonry NC II
5,Busay,45,Male,Unemployed,College Undergraduate,Computer Literacy,Government,ICT,Computer Systems Servicing NC II
7,Busay,40,Female,Unemployed,College Undergraduate,Driving,Transportation,Business,Driving NC II
1,Bagroy,38,Female,Unemployed,College Undergraduate,Cooking,Transportation,Hospitality,Cookery NC II
12,Balingasag,39,Female,Self-employed,Senior High,Cooking,Retail,Hospitality,Cookery NC II
3,Taloc,23,Female,Underemployed,Junior High,Baking,Hospitality,Agriculture,Bread and Pastry NC II
1,Bagroy,41,Male,Self-employed,Senior High,Carpentry,Manufacturing,Construction,Carpentry NC II
7,Calumangan,35,Male,Self-employed,Elementary Graduate,Masonry,Construction,Construction,Masonry NC II
2,Taloc,39,Male,Unemployed,Elementary Graduate,Driving,Transportation,Agriculture,Driving NC II
8,Bacong,40,Female,Underemployed,College Graduate,Computer Literacy,ICT,ICT,Computer Systems Servicing NC II
2,Poblacion,30,Male,Self-employed,College Undergraduate,Driving,Hospitality,Transportation,Driving NC II
2,Mailum,36,Female,Unemployed,Senior High,Cooking,Hospitality,Hospitality,Cookery NC II
10,Dulao,33,Male,Unemployed,Junior High,Cooking,Agriculture,Hospitality,Cookery NC II
4,Caridad,25,Male,Underemployed,College Graduate,Welding,Construction,ICT,Shielded Metal Arc Welding NC I
7,Mailum,24,Female,Unemployed,Junior High,Computer Literacy,Government,ICT,Computer Systems Servicing NC II
12,Bacong,26,Female,Unemployed,Junior High,Driving,Agriculture,Transportation,Driving NC II
11,Binubuhan,35,Male,Unemployed,Junior High,Driving,Transportation,Transportation,Driving NC II
2,Tabunan,40,Male,Self-employed,Senior High,Driving,Agriculture,Transportation,Driving NC II
10,Mailum,36,Male,Wage Employed,Junior High,Baking,Hospitality,Hospitality,Bread and Pastry NC II
1,Ma-ao,30,Male,Wage Employed,College Undergraduate,Computer Literacy,Retail,ICT,Computer Systems Servicing NC II
1,Atipuluan,27,Male,Underemployed,College Undergraduate,Computer Literacy,Government,ICT,Computer Systems Servicing NC II
3,Taloc,25,Male,Unemployed,College Undergraduate,Computer Literacy,None,ICT,Computer Systems Servicing NC II
1,Dulao,36,Male,Wage Employed,Junior High,Driving,Agriculture,Transportation,Driving NC II
7,Abuanan,28,Male,Underemployed,Senior High,Carpentry,Transportation,Hospitality,Carpentry NC II
10,Binubuhan,42,Male,Unemployed,Senior High,Driving,Agriculture,Transportation,Driving NC II
9,Mailum,18,Male,Underemployed,Junior High,Carpentry,None,Construction,Carpentry NC II
7,Dulao,33,Male,Underemployed,Senior High,Carpentry,Manufacturing,Construction,Carpentry NC II
6,Caridad,21,Female,Underemployed,Junior High,Cooking,Hospitality,Hospitality,Cookery NC II
6,Taloc,18,Male,Underemployed,Junior High,Electrical Repair,Manufacturing,Construction,Electrical Installation and Maintenance NC II
7,Bacong,37,Male,Unemployed,College Undergraduate,Baking,Retail,ICT,Bread and Pastry NC II
10,Busay,23,Male,Underemployed,College Graduate,Driving,Hospitality,Business,Driving NC II
11,Poblacion,42,Male,Underemployed,Junior High,Cooking,Agriculture,Hospitality,Cookery NC II
8,Pacol,44,Female,Underemployed,Senior High,Cooking,Hospitality,Hospitality,Cookery NC II
1,Balingasag,52,Female,Underemployed,College Graduate,Baking,Retail,Hospitality,Bread and Pastry NC II
4,Ma-ao,31,Male,Self-employed,Senior High,Driving,Business,Hospitality,Driving NC II
6,Bacong,24,Male,Underemployed,Elementary Graduate,Driving,Agriculture,Transportation,Driving NC II
11,Poblacion,23,Female,Unemployed,College Undergraduate,Cooking,Business,Hospitality,Cookery NC II
12,Ma-ao,41,Female,Self-employed,College Graduate,Baking,Retail,Hospitality,Bread and Pastry NC II
4,Dulao,45,Female,Self-employed,College Undergraduate,Computer Literacy,ICT,ICT,Computer Systems Servicing NC II
2,Lag-asan,40,Female,Unemployed,Senior High,Baking,Business,Hospitality,Bread and Pastry NC II
3,Napoles,39,Male,Unemployed,Senior High,Masonry,Agriculture,Construction,Masonry NC II
2,Bacong,22,Female,Self-employed,Senior High,Welding,Manufacturing,Construction,Shielded Metal Arc Welding NC I
6,Busay,27,Female,Underemployed,Junior High,Cooking,Transportation,Hospitality,Cookery NC II
5,Alianza,21,Male,Self-employed,Junior High,Carpentry,Manufacturing,Construction,Carpentry NC II
1,Taloc,37,Male,Self-employed,Junior High,Carpentry,None,Construction,Carpentry NC II
12,Poblacion,25,Male,Self-employed,College Undergraduate,Carpentry,Government,Business,Carpentry NC II
10,Poblacion,36,Male,Unemployed,Senior High,Masonry,Agriculture,Construction,Masonry NC II
12,Ilijan,43,Male,Self-employed,Senior High,Driving,Government,Transportation,Driving NC II
10,Alianza,45,Male,Self-employed,College Undergraduate,Welding,Manufacturing,Business,Shielded Metal Arc Welding NC I
4,Poblacion,32,Male,Unemployed,Junior High,Carpentry,Agriculture,Construction,Carpentry NC II
12,Caridad,48,Male,Wage Employed,College Undergraduate,Carpentry,Manufacturing,ICT,Carpentry NC II
11,Atipuluan,21,Male,Underemployed,Elementary Graduate,Computer Literacy,Business,ICT,Computer Systems Servicing NC II
2,Ma-ao,18,Male,Unemployed,Senior High,Computer Literacy,ICT,ICT,Computer Systems Servicing NC II
11,Lag-asan,40,Male,Wage Employed,College Undergraduate,Cooking,Retail,Hospitality,Cookery NC II
7,Bagroy,18,Male,Unemployed,Junior High,Cooking,Agriculture,Agriculture,Cookery NC II
12,Bacong,39,Female,Self-employed,Junior High,Cooking,Business,Hospitality,Cookery NC II
7,Abuanan,24,Female,Underemployed,Senior High,Baking,Retail,Hospitality,Bread and Pastry NC II
3,Ma-ao,38,Female,Underemployed,College Undergraduate,Computer Literacy,ICT,Business,Computer Systems Servicing NC II
10,Taloc,25,Female,Wage Employed,College Undergraduate,Computer Literacy,Hospitality,ICT,Computer Systems Servicing NC II
2,Caridad,28,Male,Underemployed,Junior High,Carpentry,Manufacturing,Construction,Carpentry NC II
3,Sagasa,30,Female,Unemployed,Junior High,Driving,Agriculture,Business,Driving NC II
1,Balingasag,38,Male,Unemployed,Junior High,Electrical Repair,Construction,Construction,Electrical Installation and Maintenance NC II
9,Malingin,21,Female,Unemployed,Senior High,Baking,Hospitality,Hospitality,Bread and Pastry NC II
12,Taloc,32,Female,Unemployed,Junior High,Computer Literacy,Retail,ICT,Computer Systems Servicing NC II
11,Taloc,36,Female,Unemployed,Elementary Graduate,Cooking,Hospitality,Transportation,Cookery NC II
8,Mailum,39,Male,Underemployed,Junior High,Masonry,Agriculture,Construction,Masonry NC II
1,Taloc,22,Male,Underemployed,Junior High,Masonry,Construction,Construction,Masonry NC II
11,Abuanan,31,Male,Unemployed,Junior High,Cooking,Hospitality,Hospitality,Cookery NC II
4,Caridad,23,Female,Self-employed,Senior High,Cooking,Hospitality,Transportation,Cookery NC II
10,Poblacion,30,Male,Unemployed,College Undergraduate,Electrical Repair,Construction,Construction,Electrical Installation and Maintenance NC II
10,Taloc,27,Male,Underemployed,Junior High,Masonry,Construction,Construction,Masonry NC II
12,Busay,21,Female,Underemployed,Elementary Graduate,Baking,Hospitality,Hospitality,Bread and Pastry NC II
4,Dulao,26,Female,Underemployed,Senior High,Electrical Repair,Construction,Construction,Electrical Installation and Maintenance NC II
10,Bagroy,44,Male,Self-employed,Senior High,Welding,Business,Construction,Shielded Metal Arc Welding NC I
10,Ilijan,46,Male,Wage Employed,College Undergraduate,Electrical Repair,Construction,Construction,Electrical Installation and Maintenance NC II
8,Pacol,27,Male,Underemployed,Junior High,Baking,Hospitality,Business,Bread and Pastry NC II
3,Ma-ao,43,Male,Unemployed,Senior High,Masonry,None,Agriculture,Masonry NC II
4,Caridad,18,Female,Unemployed,Elementary Graduate,Baking,Hospitality,Hospitality,Bread and Pastry NC II
9,Pacol,38,Female,Wage Employed,Junior High,Welding,Construction,Construction,Shielded Metal Arc Welding NC I
8,Pacol,26,Female,Self-employed,Senior High,Electrical Repair,Construction,Construction,Electrical Installation and Maintenance NC II
3,Poblacion,30,Male,Underemployed,Senior High,Cooking,Retail,Hospitality,Cookery NC II
2,Abuanan,41,Male,Underemployed,Senior High,Driving,Agriculture,Transportation,Driving NC II
1,Bagroy,20,Female,Underemployed,Senior High,Baking,Hospitality,Hospitality,Bread and Pastry NC II
9,Bacong,36,Female,Underemployed,Junior High,Computer Literacy,ICT,ICT,Computer Systems Servicing NC II
8,Balingasag,18,Male,Unemployed,Elementary Graduate,Cooking,Hospitality,Hospitality,Cookery NC II
2,Ma-ao,32,Male,Underemployed,Senior High,Driving,Transportation,Transportation,Driving NC II
4,Poblacion,23,Male,Underemployed,Elementary Graduate,Driving,Retail,Transportation,Driving NC II
8,Binubuhan,27,Female,Self-employed,Junior High,Computer Literacy,Business,ICT,Computer Systems Servicing NC II
3,Alianza,30,Female,Wage Employed,Junior High,Computer Literacy,Government,Business,Computer Systems Servicing NC II
11,Busay,40,Female,Wage Employed,Senior High,Carpentry,Retail,Construction,Carpentry NC II
7,Mailum,38,Male,Wage Employed,Senior High,Masonry,Manufacturing,Construction,Masonry NC II
9,Dulao,36,Female,Wage Employed,College Graduate,Baking,Hospitality,Hospitality,Bread and Pastry NC II
6,Balingasag,35,Female,Underemployed,Senior High,Cooking,Hospitality,Hospitality,Cookery NC II
1,Sagasa,23,Male,Underemployed,College Undergraduate,Computer Literacy,ICT,ICT,Computer Systems Servicing NC II
4,Malingin,32,Female,Unemployed,College Graduate,Computer Literacy,Transportation,ICT,Computer Systems Servicing NC II
2,Bagroy,34,Male,Unemployed,Junior High,Baking,Hospitality,Hospitality,Bread and Pastry NC II
12,Dulao,27,Male,Unemployed,Senior High,Electrical Repair,Construction,Construction,Electrical Installation and Maintenance NC II
4,Balingasag,21,Female,Unemployed,Junior High,Baking,Hospitality,Hospitality,Bread and Pastry NC II
7,Taloc,41,Male,Unemployed,Junior High,Driving,Transportation,Transportation,Driving NC II
9,Calumangan,33,Male,Self-employed,Senior High,Driving,Business,Transportation,Driving NC II
1,Ma-ao,34,Male,Wage Employed,Senior High,Driving,Transportation,Transportation,Driving NC II
8,Ma-ao,24,Male,Unemployed,Senior High,Electrical Repair,Construction,ICT,Electrical Installation and Maintenance NC II
8,Bacong,44,Male,Self-employed,College Graduate,Computer Literacy,Government,Business,Computer Systems Servicing NC II
6,Mailum,18,Male,Self-employed,Senior High,Carpentry,Agriculture,Business,Carpentry NC II
10,Poblacion,26,Male,Wage Employed,Senior High,Carpentry,Business,Construction,Carpentry NC II
10,Taloc,19,Male,Underemployed,Junior High,Carpentry,None,Construction,Carpentry NC II
1,Poblacion,43,Male,Unemployed,Senior High,Carpentry,Manufacturing,Business,Carpentry NC II
12,Binubuhan,26,Male,Underemployed,Junior High,Masonry,None,Business,Masonry NC II
12,Lag-asan,41,Male,Self-employed,Senior High,Welding,Construction,Construction,Shielded Metal Arc Welding NC I
12,Sagasa,33,Male,Unemployed,Senior High,Masonry,Agriculture,Construction,Masonry NC II
4,Tabunan,32,Female,Unemployed,Elementary Graduate,Baking,Business,Hospitality,Bread and Pastry NC II
5,Poblacion,33,Male,Unemployed,Junior High,Driving,Transportation,Transportation,Driving NC II
2,Abuanan,28,Male,Wage Employed,Elementary Graduate,Welding,Manufacturing,Construction,Shielded Metal Arc Welding NC I
12,Bagroy,33,Female,Self-employed,Senior High,Carpentry,None,Construction,Carpentry NC II
4,Malingin,22,Male,Self-employed,Elementary Graduate,Computer Literacy,Government,Business,Computer Systems Servicing NC II
9,Mailum,22,Male,Underemployed,Junior High,Masonry,Construction,Construction,Masonry NC II
9,Lag-asan,47,Male,Underemployed,College Undergraduate,Baking,Business,Hospitality,Bread and Pastry NC II
8,Ma-ao,30,Male,Self-employed,Senior High,Masonry,Construction,Construction,Masonry NC II
12,Malingin,20,Female,Self-employed,Elementary Graduate,Driving,Transportation,Transportation,Driving NC II
4,Pacol,21,Male,Wage Employed,College Undergraduate,Cooking,Transportation,Hospitality,Cookery NC II
12,Busay,26,Female,Wage Employed,Senior High,Computer Literacy,Government,ICT,Computer Systems Servicing NC II
11,Mailum,28,Female,Unemployed,College Undergraduate,Cooking,Agriculture,Agriculture,Cookery NC II
4,Caridad,23,Female,Wage Employed,College Undergraduate,Driving,Transportation,Business,Driving NC II
9,Tabunan,45,Female,Self-employed,Senior High,Driving,Transportation,Transportation,Driving NC II
9,Taloc,30,Male,Wage Employed,Senior High,Driving,Transportation,Hospitality,Driving NC II
9,Poblacion,34,Female,Underemployed,College Graduate,Cooking,Hospitality,Business,Cookery NC II
5,Atipuluan,23,Male,Underemployed,Junior High,Electrical Repair,Manufacturing,Construction,Electrical Installation and Maintenance NC II
9,Mailum,39,Male,Self-employed,Senior High,Driving,Construction,Transportation,Driving NC II
9,Tabunan,21,Male,Underemployed,College Undergraduate,Carpentry,Construction,Construction,Carpentry NC II
3,Atipuluan,28,Female,Underemployed,College Graduate,Computer Literacy,Government,ICT,Computer Systems Servicing NC II
11,Busay,19,Female,Wage Employed,Junior High,Cooking,Hospitality,Hospitality,Cookery NC II
8,Ma-ao,19,Male,Unemployed,Senior High,Masonry,Agriculture,Construction,Masonry NC II
8,Bagroy,25,Male,Unemployed,Senior High,Electrical Repair,Construction,Construction,Electrical Installation and Maintenance NC II
8,Poblacion,34,Male,Unemployed,Junior High,Masonry,Construction,Construction,Masonry NC II
3,Ma-ao,31,Male,Wage Employed,Senior High,Masonry,None,Construction,Masonry NC II
7,Bacong,30,Female,Self-employed,College Graduate,Cooking,Agriculture,Transportation,Cookery NC II
1,Caridad,20,Female,Underemployed,Senior High,Carpentry,Construction,Construction,Carpentry NC II
3,Bagroy,42,Female,Self-employed,College Graduate,Computer Literacy,Business,ICT,Computer Systems Servicing NC II
1,Lag-asan,25,Male,Wage Employed,College Undergraduate,Electrical Repair,Manufacturing,Agriculture,Electrical Installation and Maintenance NC II
7,Dulao,33,Female,Self-employed,Senior High,Cooking,Agriculture,Hospitality,Cookery NC II
3,Caridad,26,Male,Self-employed,Senior High,Driving,Government,Transportation,Driving NC II
9,Lag-asan,36,Male,Self-employed,Junior High,Masonry,Agriculture,Construction,Masonry NC II
8,Busay,34,Male,Self-employed,Senior High,Electrical Repair,Manufacturing,Construction,Electrical Installation and Maintenance NC II
6,Tabunan,36,Male,Unemployed,Senior High,Masonry,Construction,Construction,Masonry NC II
2,Busay,32,Female,Underemployed,College Graduate,Computer Literacy,Business,ICT,Computer Systems Servicing NC II
9,Ma-ao,24,Female,Unemployed,College Undergraduate,Baking,Business,Hospitality,Bread and Pastry NC II
12,Pacol,45,Male,Underemployed,College Undergraduate,Computer Literacy,Hospitality,ICT,Computer Systems Servicing NC II
12,Lag-asan,40,Female,Unemployed,Elementary Graduate,Driving,Government,Transportation,Driving NC II
12,Mailum,24,Female,Wage Employed,College Undergraduate,Computer Literacy,ICT,ICT,Computer Systems Servicing NC II
1,Taloc,36,Female,Unemployed,Junior High,Cooking,Hospitality,Hospitality,Cookery NC II
2,Malingin,28,Female,Unemployed,Senior High,Cooking,Hospitality,Hospitality,Cookery NC II
3,Atipuluan,42,Female,Self-employed,Senior High,Cooking,Agriculture,Hospitality,Cookery NC II
7,Caridad,52,Male,Wage Employed,College Graduate,Cooking,Hospitality,Hospitality,Cookery NC II
8,Bacong,43,Male,Self-employed,College Undergraduate,Computer Literacy,Government,ICT,Computer Systems Servicing NC II
4,Pacol,42,Male,Self-employed,College Undergraduate,Computer Literacy,ICT,Construction,Computer Systems Servicing NC II
11,Abuanan,44,Female,Underemployed,Senior High,Cooking,Hospitality,Hospitality,Cookery NC II
11,Napoles,23,Female,Underemployed,Elementary Graduate,Masonry,Construction,Construction,Masonry NC II
6,Calumangan,42,Female,Wage Employed,Junior High,Carpentry,Manufacturing,Construction,Carpentry NC II
6,Bagroy,41,Male,Wage Employed,College Undergraduate,Cooking,Business,Agriculture,Cookery NC II
11,Calumangan,38,Male,Underemployed,College Undergraduate,Cooking,Retail,Hospitality,Cookery NC II
12,Binubuhan,33,Female,Underemployed,Junior High,Baking,Retail,Hospitality,Bread and Pastry NC II
1,Bagroy,35,Male,Self-employed,Senior High,Computer Literacy,Retail,ICT,Computer Systems Servicing NC II
12,Ma-ao,30,Female,Self-employed,Senior High,Driving,Government,Transportation,Driving NC II
7,Poblacion,22,Male,Underemployed,Elementary Graduate,Baking,Retail,Hospitality,Bread and Pastry NC II
11,Ma-ao,55,Female,Wage Employed,College Graduate,Computer Literacy,ICT,ICT,Computer Systems Servicing NC II
4,Bacong,18,Male,Underemployed,Senior High,Driving,Manufacturing,Transportation,Driving NC II
7,Busay,42,Male,Self-employed,Junior High,Welding,Manufacturing,Construction,Shielded Metal Arc Welding NC I
8,Binubuhan,21,Male,Unemployed,College Undergraduate,Electrical Repair,Manufacturing,ICT,Electrical Installation and Maintenance NC II
8,Poblacion,29,Male,Self-employed,College Undergraduate,Driving,Agriculture,Transportation,Driving NC II
4,Ma-ao,36,Male,Underemployed,Senior High,Driving,Hospitality,Transportation,Driving NC II
11,Busay,28,Male,Underemployed,College Undergraduate,Masonry,ICT,Construction,Masonry NC II
8,Bagroy,27,Male,Wage Employed,Senior High,Carpentry,Construction,Construction,Carpentry NC II
6,Ma-ao,22,Female,Unemployed,Junior High,Baking,Agriculture,Hospitality,Bread and Pastry NC II
8,Sagasa,40,Male,Underemployed,Junior High,Carpentry,Construction,Construction,Carpentry NC II
4,Calumangan,26,Male,Underemployed,College Graduate,Baking,Retail,Hospitality,Bread and Pastry NC II
7,Bacong,28,Male,Wage Employed,Senior High,Baking,Business,Hospitality,Bread and Pastry NC II
4,Abuanan,35,Male,Wage Employed,Junior High,Electrical Repair,None,Construction,Electrical Installation and Maintenance NC II
12,Ma-ao,27,Male,Self-employed,Elementary Graduate,Carpentry,Business,Agriculture,Carpentry NC II
5,Alianza,42,Male,Wage Employed,Junior High,Masonry,Construction,Construction,Masonry NC II
8,Napoles,55,Male,Wage Employed,College Graduate,Computer Literacy,ICT,ICT,Computer Systems Servicing NC II
1,Atipuluan,29,Male,Unemployed,Junior High,Masonry,Manufacturing,Construction,Masonry NC II
3,Sagasa,28,Male,Self-employed,Senior High,Driving,Agriculture,Agriculture,Driving NC II
12,Taloc,24,Male,Wage Employed,College Undergraduate,Computer Literacy,Business,ICT,Computer Systems Servicing NC II
11,Ma-ao,24,Female,Unemployed,Elementary Graduate,Driving,Transportation,Transportation,Driving NC II
4,Taloc,19,Male,Underemployed,Senior High,Cooking,Hospitality,Agriculture,Cookery NC II
11,Calumangan,33,Female,Underemployed,Elementary Graduate,Cooking,ICT,Hospitality,Cookery NC II
5,Ilijan,18,Female,Wage Employed,Senior High,Carpentry,Agriculture,Construction,Carpentry NC II
11,Ma-ao,42,Female,Underemployed,Junior High,Carpentry,Manufacturing,Agriculture,Carpentry NC II
8,Mailum,25,Male,Wage Employed,Senior High,Masonry,Agriculture,Construction,Masonry NC II
3,Bagroy,29,Male,Underemployed,College Undergraduate,Masonry,Manufacturing,Construction,Masonry NC II
12,Pacol,28,Male,Underemployed,Junior High,Driving,Transportation,Hospitality,Driving NC II
9,Poblacion,23,Male,Underemployed,College Undergraduate,Computer Literacy,ICT,ICT,Computer Systems Servicing NC II
5,Calumangan,28,Male,Underemployed,Senior High,Welding,Construction,Construction,Shielded Metal Arc Welding NC I
11,Poblacion,31,Male,Wage Employed,Junior High,Electrical Repair,Construction,Construction,Electrical Installation and Maintenance NC II
11,Mailum,24,Female,Self-employed,College Undergraduate,Cooking,Business,Hospitality,Cookery NC II
3,Bacong,39,Female,Self-employed,Junior High,Computer Literacy,Retail,ICT,Computer Systems Servicing NC II
1,Taloc,24,Male,Self-employed,Senior High,Electrical Repair,ICT,Business,Electrical Installation and Maintenance NC II
4,Napoles,19,Male,Self-employed,Elementary Graduate,Welding,Construction,Construction,Shielded Metal Arc Welding NC I
12,Dulao,27,Male,Self-employed,Senior High,Driving,Transportation,Transportation,Driving NC II
6,Bagroy,23,Male,Unemployed,Elementary Graduate,Welding,Manufacturing,Construction,Shielded Metal Arc Welding NC I
9,Bagroy,30,Female,Wage Employed,Junior High,Cooking,Retail,Hospitality,Cookery NC II
2,Mailum,43,Male,Underemployed,College Undergraduate,Computer Literacy,ICT,ICT,Computer Systems Servicing NC II
11,Caridad,28,Male,Self-employed,College Graduate,Baking,Hospitality,Business,Bread and Pastry NC II
5,Balingasag,24,Female,Unemployed,Senior High,Baking,Retail,Hospitality,Bread and Pastry NC II
6,Caridad,37,Male,Self-employed,Elementary Graduate,Carpentry,Business,Construction,Carpentry NC II
7,Bacong,23,Male,Unemployed,Senior High,Carpentry,Retail,Construction,Carpentry NC II
8,Balingasag,21,Female,Wage Employed,Senior High,Driving,Transportation,Transportation,Driving NC II
5,Dulao,30,Male,Underemployed,Senior High,Masonry,None,Construction,Masonry NC II
5,Sagasa,35,Male,Underemployed,Junior High,Masonry,Manufacturing,Construction,Masonry NC II
9,Napoles,51,Male,Wage Employed,College Graduate,Welding,Construction,Construction,Shielded Metal Arc Welding NC I
6,Lag-asan,27,Male,Underemployed,Junior High,Driving,Business,Transportation,Driving NC II
9,Poblacion,27,Female,Unemployed,Elementary Graduate,Cooking,Business,Hospitality,Cookery NC II
2,Balingasag,25,Male,Unemployed,Elementary Graduate,Carpentry,Business,Construction,Carpentry NC II
11,Calumangan,45,Male,Underemployed,Senior High,Cooking,Retail,Business,Cookery NC II
1,Dulao,35,Male,Underemployed,College Undergraduate,Driving,Business,Agriculture,Driving NC II
11,Bagroy,19,Male,Underemployed,Senior High,Carpentry,Construction,Construction,Carpentry NC II
9,Busay,20,Male,Underemployed,Elementary Graduate,Driving,Transportation,Transportation,Driving NC II
3,Bagroy,42,Male,Self-employed,Senior High,Carpentry,Business,Construction,Carpentry NC II
7,Dulao,35,Male,Underemployed,Junior High,Carpentry,Construction,Construction,Carpentry NC II
5,Ma-ao,51,Male,Wage Employed,College Graduate,Masonry,Construction,Agriculture,Masonry NC II
8,Taloc,24,Female,Unemployed,Senior High,Driving,Transportation,Transportation,Driving NC II
4,Ma-ao,30,Female,Underemployed,Senior High,Driving,Transportation,Transportation,Driving NC II
12,Bacong,38,Male,Underemployed,Elementary Graduate,Cooking,Hospitality,Business,Cookery NC II
7,Caridad,35,Female,Self-employed,Senior High,Carpentry,Construction,Construction,Carpentry NC II
9,Taloc,42,Female,Wage Employed,College Undergraduate,Computer Literacy,ICT,ICT,Computer Systems Servicing NC II
10,Malingin,42,Male,Wage Employed,Senior High,Carpentry,Business,Construction,Carpentry NC II
4,Bacong,53,Female,Underemployed,College Graduate,Computer Literacy,ICT,ICT,Computer Systems Servicing NC II
11,Ma-ao,22,Male,Underemployed,College Graduate,Electrical Repair,Construction,ICT,Electrical Installation and Maintenance NC II
12,Busay,40,Male,Self-employed,Junior High,Carpentry,Retail,Construction,Carpentry NC II
3,Ma-ao,51,Male,Wage Employed,College Graduate,Driving,Government,Business,Driving NC II
4,Pacol,26,Female,Self-employed,College Undergraduate,Computer Literacy,ICT,ICT,Computer Systems Servicing NC II
9,Napoles,47,Male,Underemployed,College Undergraduate,Computer Literacy,Government,ICT,Computer Systems Servicing NC II
10,Atipuluan,36,Female,Wage Employed,Elementary Graduate,Cooking,Hospitality,Agriculture,Cookery NC II
12,Poblacion,20,Female,Unemployed,Junior High,Driving,Transportation,Transportation,Driving NC II
1,Binubuhan,27,Male,Underemployed,Elementary Graduate,Baking,Hospitality,Hospitality,Bread and Pastry NC II
5,Busay,28,Female,Underemployed,Senior High,Cooking,Hospitality,Hospitality,Cookery NC II
2,Caridad,24,Female,Underemployed,Junior High,Cooking,Hospitality,Hospitality,Cookery NC II
5,Bagroy,27,Female,Wage Employed,Senior High,Computer Literacy,Retail,ICT,Computer Systems Servicing NC II
8,Dulao,27,Female,Underemployed,Elementary Graduate,Masonry,Hospitality,Construction,Masonry NC II
5,Sagasa,36,Female,Underemployed,Junior High,Electrical Repair,ICT,Construction,Electrical Installation and Maintenance NC II
6,Taloc,19,Male,Unemployed,Elementary Graduate,Masonry,Construction,Construction,Masonry NC II
9,Poblacion,31,Female,Wage Employed,College Graduate,Computer Literacy,Government,ICT,Computer Systems Servicing NC II
11,Napoles,34,Male,Underemployed,Junior High,Masonry,Hospitality,Construction,Masonry NC II
3,Busay,31,Male,Unemployed,Junior High,Driving,None,Transportation,Driving NC II
8,Binubuhan,18,Male,Unemployed,Senior High,Cooking,Agriculture,Hospitality,Cookery NC II
6,Napoles,23,Female,Underemployed,Senior High,Baking,ICT,Hospitality,Bread and Pastry NC II
4,Poblacion,18,Male,Unemployed,Junior High,Masonry,Transportation,Construction,Masonry NC II
12,Ma-ao,25,Male,Unemployed,Senior High,Electrical Repair,ICT,Construction,Electrical Installation and Maintenance NC II
9,Calumangan,35,Male,Underemployed,Elementary Graduate,Carpentry,Construction,Construction,Carpentry NC II
4,Pacol,39,Male,Wage Employed,College Graduate,Cooking,None,Hospitality,Cookery NC II
11,Ma-ao,45,Male,Self-employed,Senior High,Driving,Transportation,Business,Driving NC II
10,Bagroy,40,Male,Unemployed,College Undergraduate,Cooking,Hospitality,Hospitality,Cookery NC II
1,Mailum,37,Male,Self-employed,Junior High,Driving,Agriculture,Transportation,Driving NC II
9,Abuanan,18,Male,Unemployed,Senior High,Baking,Hospitality,Hospitality,Bread and Pastry NC II
4,Mailum,23,Male,Unemployed,Elementary Graduate,Driving,Business,Transportation,Driving NC II
5,Mailum,30,Male,Wage Employed,Senior High,Masonry,Manufacturing,Construction,Masonry NC II
3,Mailum,20,Male,Self-employed,Junior High,Masonry,None,Hospitality,Masonry NC II
6,Taloc,34,Male,Wage Employed,Junior High,Baking,Hospitality,Transportation,Bread and Pastry NC II
4,Caridad,41,Male,Unemployed,Senior High,Baking,Hospitality,Hospitality,Bread and Pastry NC II
3,Sagasa,41,Male,Underemployed,Junior High,Cooking,Government,Hospitality,Cookery NC II
5,Busay,39,Male,Unemployed,Senior High,Cooking,Hospitality,Hospitality,Cookery NC II
5,Balingasag,37,Male,Wage Employed,College Graduate,Baking,Retail,Business,Bread and Pastry NC II
6,Abuanan,20,Male,Unemployed,Elementary Graduate,Masonry,Retail,Construction,Masonry NC II
5,Binubuhan,27,Male,Self-employed,Senior High,Carpentry,Agriculture,Construction,Carpentry NC II
7,Bacong,23,Male,Self-employed,College Undergraduate,Driving,Government,Transportation,Driving NC II
6,Caridad,22,Male,Unemployed,Elementary Graduate,Baking,Hospitality,Hospitality,Bread and Pastry NC II
4,Balingasag,36,Male,Wage Employed,College Undergraduate,Carpentry,Agriculture,Construction,Carpentry NC II
6,Busay,27,Male,Wage Employed,Elementary Graduate,Driving,Transportation,Transportation,Driving NC II
12,Poblacion,36,Female,Unemployed,Senior High,Computer Literacy,Retail,Construction,Computer Systems Servicing NC II
2,Busay,36,Female,Unemployed,Junior High,Baking,Business,Hospitality,Bread and Pastry NC II
7,Caridad,32,Male,Wage Employed,College Undergraduate,Driving,Transportation,Agriculture,Driving NC II
5,Bacong,39,Female,Unemployed,Senior High,Cooking,Hospitality,Hospitality,Cookery NC II
4,Taloc,22,Female,Underemployed,Senior High,Cooking,Hospitality,Hospitality,Cookery NC II
8,Busay,43,Male,Unemployed,Senior High,Baking,Retail,Hospitality,Bread and Pastry NC II
5,Binubuhan,25,Male,Self-employed,Junior High,Electrical Repair,Construction,Construction,Electrical Installation and Maintenance NC II
5,Poblacion,18,Female,Unemployed,Junior High,Carpentry,Manufacturing,Construction,Carpentry NC II
4,Busay,33,Male,Self-employed,Senior High,Masonry,Construction,Construction,Masonry NC II
4,Abuanan,36,Male,Wage Employed,Senior High,Carpentry,Agriculture,Construction,Carpentry NC II
6,Poblacion,34,Male,Underemployed,College Graduate,Computer Literacy,ICT,ICT,Computer Systems Servicing NC II
7,Tabunan,34,Male,Wage Employed,Senior High,Welding,Manufacturing,Construction,Shielded Metal Arc Welding NC I
6,Tabunan,41,Male,Underemployed,Senior High,Baking,Business,Hospitality,Bread and Pastry NC II
12,Ma-ao,29,Female,Unemployed,Junior High,Baking,Retail,Hospitality,Bread and Pastry NC II
3,Taloc,19,Female,Unemployed,Elementary Graduate,Driving,Agriculture,Transportation,Driving NC II
2,Bagroy,29,Male,Self-employed,Senior High,Welding,Construction,Construction,Shielded Metal Arc Welding NC I
6,Taloc,36,Female,Self-employed,College Graduate,Cooking,Transportation,Hospitality,Cookery NC II
8,Mailum,19,Male,Wage Employed,Junior High,Carpentry,Manufacturing,Construction,Carpentry NC II
10,Malingin,31,Female,Unemployed,Elementary Graduate,Computer Literacy,ICT,ICT,Computer Systems Servicing NC II
4,Poblacion,31,Male,Underemployed,Elementary Graduate,Driving,Government,Transportation,Driving NC II
4,Bacong,27,Male,Underemployed,College Undergraduate,Carpentry,Retail,Construction,Carpentry NC II
8,Ma-ao,43,Female,Underemployed,Senior High,Carpentry,None,Hospitality,Carpentry NC II
9,Tabunan,40,Male,Unemployed,Senior High,Driving,Transportation,Transportation,Driving NC II
12,Bacong,20,Female,Unemployed,Elementary Graduate,Carpentry,Retail,Construction,Carpentry NC II
3,Pacol,35,Male,Underemployed,Junior High,Electrical Repair,Manufacturing,Construction,Electrical Installation and Maintenance NC II
8,Calumangan,29,Male,Unemployed,Senior High,Welding,Construction,Construction,Shielded Metal Arc Welding NC I
8,Busay,51,Male,Underemployed,College Graduate,Carpentry,None,Construction,Carpentry NC II
9,Dulao,40,Male,Underemployed,Junior High,Cooking,Hospitality,Business,Cookery NC II
7,Dulao,48,Male,Self-employed,College Undergraduate,Driving,Retail,Transportation,Driving NC II
3,Calumangan,25,Male,Wage Employed,College Undergraduate,Driving,Agriculture,Transportation,Driving NC II
5,Ilijan,41,Male,Underemployed,Senior High,Cooking,Hospitality,Agriculture,Cookery NC II
6,Lag-asan,29,Male,Underemployed,College Undergraduate,Cooking,None,Hospitality,Cookery NC II
11,Dulao,22,Male,Unemployed,Elementary Graduate,Driving,Agriculture,Transportation,Driving NC II
6,Ilijan,21,Male,Underemployed,Senior High,Driving,None,Transportation,Driving NC II
8,Balingasag,35,Male,Underemployed,Junior High,Computer Literacy,Government,Agriculture,Computer Systems Servicing NC II
9,Lag-asan,19,Male,Wage Employed,Junior High,Baking,Hospitality,Hospitality,Bread and Pastry NC II
8,Lag-asan,24,Male,Self-employed,College Graduate,Computer Literacy,Transportation,ICT,Computer Systems Servicing NC II
12,Poblacion,32,Male,Wage Employed,Senior High,Carpentry,Agriculture,Construction,Carpentry NC II
7,Poblacion,24,Male,Unemployed,Elementary Graduate,Driving,Government,Business,Driving NC II
9,Taloc,44,Male,Wage Employed,Senior High,Computer Literacy,Business,ICT,Computer Systems Servicing NC II
5,Bacong,26,Male,Self-employed,College Undergraduate,Computer Literacy,None,ICT,Computer Systems Servicing NC II
2,Binubuhan,28,Female,Underemployed,Senior High,Carpentry,Agriculture,Construction,Carpentry NC II
11,Dulao,29,Male,Underemployed,College Graduate,Carpentry,Construction,Construction,Carpentry NC II
6,Ilijan,26,Female,Unemployed,Senior High,Cooking,Business,Hospitality,Cookery NC II
10,Mailum,42,Female,Wage Employed,College Graduate,Welding,Construction,Construction,Shielded Metal Arc Welding NC I
9,Tabunan,28,Male,Underemployed,Senior High,Cooking,Hospitality,Hospitality,Cookery NC II
11,Dulao,18,Female,Unemployed,Junior High,Baking,Agriculture,Hospitality,Bread and Pastry NC II
12,Taloc,23,Male,Self-employed,College Undergraduate,Computer Literacy,None,ICT,Computer Systems Servicing NC II
6,Ma-ao,20,Female,Wage Employed,College Undergraduate,Electrical Repair,Construction,Construction,Electrical Installation and Maintenance NC II
11,Napoles,19,Male,Unemployed,Senior High,Computer Literacy,Government,ICT,Computer Systems Servicing NC II
9,Poblacion,40,Male,Unemployed,Senior High,Driving,Agriculture,Transportation,Driving NC II
6,Lag-asan,34,Female,Underemployed,Senior High,Cooking,Retail,Hospitality,Cookery NC II
10,Ma-ao,32,Male,Unemployed,Junior High,Carpentry,Retail,Construction,Carpentry NC II
6,Busay,42,Male,Unemployed,Junior High,Welding,Construction,Construction,Shielded Metal Arc Welding NC I
6,Sagasa,24,Male,Unemployed,Senior High,Carpentry,Business,Construction,Carpentry NC II
2,Lag-asan,34,Male,Unemployed,College Undergraduate,Welding,Construction,Business,Shielded Metal Arc Welding NC I
5,Ilijan,40,Male,Underemployed,Senior High,Carpentry,Business,Construction,Carpentry NC II
6,Pacol,45,Male,Self-employed,College Undergraduate,Computer Literacy,ICT,ICT,Computer Systems Servicing NC II
1,Lag-asan,39,Male,Underemployed,Senior High,Welding,Construction,Construction,Shielded Metal Arc Welding NC I
1,Poblacion,21,Male,Self-employed,Senior High,Driving,Transportation,Transportation,Driving NC II
6,Dulao,48,Male,Underemployed,College Undergraduate,Driving,Transportation,Transportation,Driving NC II
1,Sagasa,29,Female,Underemployed,Senior High,Driving,None,Transportation,Driving NC II
3,Binubuhan,33,Male,Unemployed,Junior High,Baking,Construction,Hospitality,Bread and Pastry NC II
1,Taloc,18,Male,Underemployed,Elementary Graduate,Baking,Hospitality,Hospitality,Bread and Pastry NC II
8,Poblacion,26,Male,Wage Employed,College Undergraduate,Cooking,Hospitality,Business,Cookery NC II
10,Mailum,24,Male,Underemployed,College Undergraduate,Driving,Transportation,Transportation,Driving NC II
12,Sagasa,25,Female,Wage Employed,Elementary Graduate,Cooking,Agriculture,Agriculture,Cookery NC II
10,Calumangan,37,Male,Self-employed,Elementary Graduate,Driving,Business,Transportation,Driving NC II
12,Sagasa,23,Male,Self-employed,Senior High,Computer Literacy,ICT,ICT,Computer Systems Servicing NC II
8,Atipuluan,23,Male,Wage Employed,Senior High,Carpentry,Retail,Construction,Carpentry NC II
7,Alianza,29,Male,Unemployed,Senior High,Masonry,Construction,Construction,Masonry NC II
4,Atipuluan,48,Male,Self-employed,College Undergraduate,Welding,Construction,Construction,Shielded Metal Arc Welding NC I
3,Poblacion,38,Female,Unemployed,Senior High,Computer Literacy,Retail,ICT,Computer Systems Servicing NC II
7,Ilijan,43,Male,Self-employed,Senior High,Computer Literacy,Government,ICT,Computer Systems Servicing NC II
7,Poblacion,54,Male,Underemployed,College Graduate,Electrical Repair,None,ICT,Electrical Installation and Maintenance NC II
7,Poblacion,45,Female,Self-employed,College Undergraduate,Carpentry,Business,Business,Carpentry NC II
9,Poblacion,34,Male,Unemployed,College Graduate,Driving,Transportation,Transportation,Driving NC II
8,Dulao,35,Female,Wage Employed,College Undergraduate,Cooking,Business,Hospitality,Cookery NC II
2,Mailum,33,Female,Unemployed,Senior High,Baking,Hospitality,Business,Bread and Pastry NC II
9,Ilijan,19,Male,Unemployed,Senior High,Welding,Construction,Construction,Shielded Metal Arc Welding NC I
2,Busay,46,Male,Self-employed,College Undergraduate,Computer Literacy,ICT,ICT,Computer Systems Servicing NC II
11,Mailum,23,Female,Self-employed,Senior High,Computer Literacy,ICT,ICT,Computer Systems Servicing NC II
1,Taloc,31,Male,Unemployed,Elementary Graduate,Driving,Transportation,Transportation,Driving NC II
12,Poblacion,26,Male,Unemployed,Senior High,Welding,Construction,Construction,Shielded Metal Arc Welding NC I
9,Busay,44,Male,Unemployed,College Undergraduate,Driving,Transportation,Transportation,Driving NC II
8,Dulao,19,Male,Underemployed,Senior High,Masonry,Construction,Construction,Masonry NC II
1,Ma-ao,30,Male,Wage Employed,Senior High,Driving,Transportation,Transportation,Driving NC II
10,Mailum,20,Male,Underemployed,Junior High,Driving,Retail,Transportation,Driving NC II
8,Bacong,28,Male,Unemployed,Junior High,Electrical Repair,Agriculture,Construction,Electrical Installation and Maintenance NC II
11,Sagasa,43,Male,Self-employed,Senior High,Welding,Construction,Construction,Shielded Metal Arc Welding NC I
2,Lag-asan,21,Female,Unemployed,Junior High,Cooking,Agriculture,Hospitality,Cookery NC II
8,Caridad,36,Male,Underemployed,College Undergraduate,Masonry,Manufacturing,Construction,Masonry NC II
7,Poblacion,44,Female,Self-employed,College Undergraduate,Computer Literacy,Retail,ICT,Computer Systems Servicing NC II
6,Malingin,32,Male,Self-employed,Junior High,Masonry,Construction,Construction,Masonry NC II
10,Taloc,26,Male,Wage Employed,Elementary Graduate,Carpentry,Retail,Construction,Carpentry NC II
3,Alianza,27,Female,Wage Employed,Senior High,Driving,Government,Transportation,Driving NC II
12,Taloc,23,Male,Wage Employed,Senior High,Driving,Hospitality,Agriculture,Driving NC II
2,Ma-ao,55,Male,Self-employed,College Graduate,Welding,Manufacturing,Construction,Shielded Metal Arc Welding NC I
1,Dulao,49,Female,Wage Employed,College Graduate,Computer Literacy,ICT,ICT,Computer Systems Servicing NC II
2,Ilijan,43,Male,Underemployed,Senior High,Computer Literacy,Hospitality,ICT,Computer Systems Servicing NC II
7,Ilijan,28,Male,Underemployed,Senior High,Welding,Agriculture,Construction,Shielded Metal Arc Welding NC I
8,Dulao,44,Male,Self-employed,College Graduate,Driving,Transportation,Agriculture,Driving NC II
8,Taloc,18,Male,Wage Employed,Senior High,Carpentry,Construction,Construction,Carpentry NC II
8,Ma-ao,40,Female,Wage Employed,College Undergraduate,Computer Literacy,Manufacturing,Business,Computer Systems Servicing NC II
11,Pacol,28,Male,Unemployed,Senior High,Cooking,Retail,Hospitality,Cookery NC II
1,Taloc,23,Male,Self-employed,Senior High,Welding,Retail,Construction,Shielded Metal Arc Welding NC I
9,Busay,31,Female,Wage Employed,College Undergraduate,Driving,Transportation,Transportation,Driving NC II
5,Ma-ao,52,Male,Wage Employed,College Graduate,Welding,Construction,Construction,Shielded Metal Arc Welding NC I
4,Balingasag,38,Male,Self-employed,College Undergraduate,Computer Literacy,Government,Business,Computer Systems Servicing NC II
9,Poblacion,23,Male,Unemployed,Junior High,Baking,Retail,Hospitality,Bread and Pastry NC II
11,Balingasag,38,Male,Wage Employed,College Undergraduate,Computer Literacy,Business,ICT,Computer Systems Servicing NC II
2,Taloc,25,Male,Underemployed,Senior High,Computer Literacy,Hospitality,ICT,Computer Systems Servicing NC II
2,Bagroy,46,Female,Underemployed,College Undergraduate,Cooking,None,Hospitality,Cookery NC II
11,Taloc,36,Female,Underemployed,Senior High,Cooking,Hospitality,Construction,Cookery NC II
10,Poblacion,31,Male,Wage Employed,Junior High,Baking,Business,Business,Bread and Pastry NC II
6,Calumangan,34,Male,Unemployed,Junior High,Cooking,Retail,Hospitality,Cookery NC II
11,Alianza,42,Female,Self-employed,Senior High,Cooking,Business,Hospitality,Cookery NC II
5,Bagroy,34,Male,Unemployed,Elementary Graduate,Baking,Hospitality,Hospitality,Bread and Pastry NC II
8,Bagroy,21,Male,Unemployed,Junior High,Driving,Hospitality,Transportation,Driving NC II
8,Atipuluan,20,Male,Underemployed,Junior High,Welding,Manufacturing,Construction,Shielded Metal Arc Welding NC I
12,Bagroy,37,Male,Unemployed,Senior High,Driving,Hospitality,Transportation,Driving NC II
10,Bacong,36,Female,Unemployed,Junior High,Baking,Construction,Hospitality,Bread and Pastry NC II
2,Busay,30,Male,Unemployed,Senior High,Electrical Repair,Construction,Construction,Electrical Installation and Maintenance NC II
8,Binubuhan,42,Male,Underemployed,College Undergraduate,Welding,Construction,Construction,Shielded Metal Arc Welding NC I
1,Dulao,28,Female,Wage Employed,College Undergraduate,Cooking,Business,Hospitality,Cookery NC II
12,Balingasag,32,Female,Unemployed,Junior High,Driving,Retail,Transportation,Driving NC II
3,Binubuhan,24,Male,Underemployed,College Undergraduate,Driving,Transportation,Transportation,Driving NC II
11,Tabunan,21,Male,Self-employed,Senior High,Carpentry,Agriculture,Construction,Carpentry NC II
3,Dulao,30,Male,Unemployed,Elementary Graduate,Driving,Transportation,Transportation,Driving NC II
8,Bacong,29,Male,Unemployed,Junior High,Electrical Repair,Manufacturing,Construction,Electrical Installation and Maintenance NC II
5,Binubuhan,34,Male,Wage Employed,Junior High,Driving,Transportation,Business,Driving NC II
10,Bacong,39,Male,Unemployed,Elementary Graduate,Driving,Agriculture,Transportation,Driving NC II
10,Caridad,42,Male,Self-employed,College Undergraduate,Computer Literacy,Hospitality,ICT,Computer Systems Servicing NC II
11,Caridad,28,Female,Unemployed,Junior High,Cooking,Hospitality,Agriculture,Cookery NC II
11,Balingasag,35,Male,Self-employed,College Graduate,Computer Literacy,ICT,ICT,Computer Systems Servicing NC II
3,Busay,31,Male,Wage Employed,Junior High,Driving,Retail,Agriculture,Driving NC II
1,Poblacion,33,Male,Underemployed,Junior High,Welding,Construction,Construction,Shielded Metal Arc Welding NC I
6,Caridad,30,Male,Underemployed,Senior High,Electrical Repair,Construction,Construction,Electrical Installation and Maintenance NC II
5,Malingin,37,Male,Underemployed,Junior High,Masonry,Agriculture,Construction,Masonry NC II
2,Alianza,19,Female,Wage Employed,College Undergraduate,Computer Literacy,Hospitality,ICT,Computer Systems Servicing NC II
11,Caridad,41,Male,Unemployed,College Undergraduate,Computer Literacy,Retail,ICT,Computer Systems Servicing NC II
12,Binubuhan,21,Male,Underemployed,College Undergraduate,Driving,Agriculture,Transportation,Driving NC II
1,Caridad,41,Male,Unemployed,Senior High,Carpentry,Government,Construction,Carpentry NC II
9,Bagroy,27,Male,Unemployed,Elementary Graduate,Masonry,Construction,Construction,Masonry NC II
12,Bagroy,45,Male,Self-employed,College Undergraduate,Cooking,Agriculture,Agriculture,Cookery NC II
3,Atipuluan,37,Male,Self-employed,College Graduate,Computer Literacy,ICT,Business,Computer Systems Servicing NC II
4,Taloc,40,Male,Underemployed,Elementary Graduate,Driving,Transportation,Transportation,Driving NC II
5,Sagasa,26,Male,Underemployed,Senior High,Baking,Hospitality,Agriculture,Bread and Pastry NC II
2,Mailum,19,Male,Wage Employed,Junior High,Carpentry,Agriculture,Construction,Carpentry NC II
10,Poblacion,20,Male,Unemployed,Junior High,Cooking,Agriculture,Agriculture,Cookery NC II
6,Lag-asan,42,Male,Underemployed,College Undergraduate,Carpentry,Construction,Construction,Carpentry NC II
4,Atipuluan,42,Female,Underemployed,Junior High,Driving,Agriculture,Hospitality,Driving NC II
10,Alianza,32,Male,Self-employed,Senior High,Carpentry,Agriculture,Construction,Carpentry NC II
5,Bacong,25,Female,Underemployed,Senior High,Cooking,Transportation,Hospitality,Cookery NC II
6,Caridad,43,Female,Underemployed,College Graduate,Cooking,Hospitality,Hospitality,Cookery NC II
5,Bagroy,32,Female,Underemployed,College Undergraduate,Electrical Repair,Construction,Construction,Electrical Installation and Maintenance NC II
1,Busay,30,Female,Unemployed,Junior High,Baking,Hospitality,Hospitality,Bread and Pastry NC II
9,Mailum,20,Male,Unemployed,Senior High,Cooking,Hospitality,Hospitality,Cookery NC II
11,Ilijan,40,Male,Underemployed,Senior High,Driving,Business,Transportation,Driving NC II
9,Bagroy,46,Male,Wage Employed,College Undergraduate,Masonry,Construction,Construction,Masonry NC II
3,Ma-ao,31,Female,Underemployed,Senior High,Carpentry,Agriculture,Construction,Carpentry NC II
12,Bagroy,48,Female,Wage Employed,College Undergraduate,Computer Literacy,Manufacturing,ICT,Computer Systems Servicing NC II
9,Taloc,25,Male,Self-employed,College Graduate,Computer Literacy,ICT,ICT,Computer Systems Servicing NC II
4,Caridad,38,Male,Self-employed,Senior High,Driving,Transportation,Transportation,Driving NC II
9,Bacong,37,Female,Underemployed,College Graduate,Computer Literacy,Transportation,ICT,Computer Systems Servicing NC II
10,Balingasag,36,Male,Unemployed,Elementary Graduate,Carpentry,Construction,Construction,Carpentry NC II
7,Mailum,38,Male,Underemployed,Junior High,Masonry,Construction,Construction,Masonry NC II
6,Sagasa,27,Male,Wage Employed,Junior High,Driving,Hospitality,Transportation,Driving NC II
4,Ma-ao,22,Male,Unemployed,Senior High,Driving,ICT,Transportation,Driving NC II
1,Taloc,34,Male,Self-employed,College Graduate,Cooking,Hospitality,Hospitality,Cookery NC II
7,Abuanan,35,Male,Underemployed,Junior High,Carpentry,Manufacturing,Construction,Carpentry NC II
8,Mailum,34,Male,Unemployed,Junior High,Electrical Repair,Manufacturing,ICT,Electrical Installation and Maintenance NC II
4,Dulao,26,Female,Unemployed,Junior High,Baking,Hospitality,Business,Bread and Pastry NC II
7,Busay,27,Male,Unemployed,Junior High,Driving,Transportation,Transportation,Driving NC II
6,Ilijan,47,Male,Wage Employed,College Graduate,Baking,Hospitality,Hospitality,Bread and Pastry NC II
7,Balingasag,46,Male,Self-employed,College Graduate,Cooking,Business,Agriculture,Cookery NC II
3,Tabunan,20,Male,Self-employed,Senior High,Computer Literacy,ICT,ICT,Computer Systems Servicing NC II
3,Bacong,37,Female,Unemployed,College Undergraduate,Baking,Retail,Business,Bread and Pastry NC II
4,Balingasag,26,Male,Unemployed,Junior High,Driving,Transportation,Transportation,Driving NC II
2,Tabunan,19,Male,Self-employed,College Undergraduate,Computer Literacy,None,ICT,Computer Systems Servicing NC II
3,Bacong,39,Female,Unemployed,Senior High,Computer Literacy,ICT,Business,Computer Systems Servicing NC II
1,Ma-ao,38,Female,Wage Employed,Junior High,Baking,Business,Business,Bread and Pastry NC II
10,Taloc,31,Male,Underemployed,Elementary Graduate,Carpentry,Business,Construction,Carpentry NC II
6,Bacong,22,Male,Underemployed,Junior High,Driving,Business,Transportation,Driving NC II
5,Bagroy,19,Female,Underemployed,Junior High,Cooking,Retail,Business,Cookery NC II
5,Busay,24,Female,Unemployed,Junior High,Carpentry,Manufacturing,Construction,Carpentry NC II
2,Ma-ao,23,Male,Unemployed,Elementary Graduate,Driving,Transportation,Transportation,Driving NC II
4,Taloc,30,Male,Underemployed,Elementary Graduate,Carpentry,Agriculture,Construction,Carpentry NC II
8,Atipuluan,41,Female,Unemployed,Senior High,Cooking,Hospitality,Hospitality,Cookery NC II
5,Busay,42,Male,Unemployed,Senior High,Driving,Agriculture,Transportation,Driving NC II
11,Taloc,29,Female,Underemployed,College Graduate,Masonry,Construction,Construction,Masonry NC II
6,Lag-asan,45,Female,Unemployed,College Graduate,Computer Literacy,Construction,ICT,Computer Systems Servicing NC II
3,Dulao,18,Female,Unemployed,Senior High,Driving,Agriculture,Transportation,Driving NC II
5,Caridad,31,Male,Self-employed,College Undergraduate,Carpentry,Manufacturing,Business,Carpentry NC II
1,Pacol,43,Male,Unemployed,Senior High,Welding,Manufacturing,Construction,Shielded Metal Arc Welding NC I
12,Napoles,36,Female,Underemployed,College Undergraduate,Computer Literacy,ICT,ICT,Computer Systems Servicing NC II
2,Taloc,32,Male,Underemployed,Senior High,Baking,Hospitality,Agriculture,Bread and Pastry NC II
3,Caridad,35,Male,Underemployed,Junior High,Carpentry,Agriculture,Construction,Carpentry NC II
1,Ilijan,45,Female,Wage Employed,College Graduate,Computer Literacy,Hospitality,ICT,Computer Systems Servicing NC II
9,Bagroy,33,Female,Self-employed,Junior High,Masonry,Agriculture,Agriculture,Masonry NC II
2,Bacong,46,Female,Self-employed,College Graduate,Computer Literacy,None,ICT,Computer Systems Servicing NC II
11,Taloc,36,Male,Self-employed,Senior High,Welding,None,Construction,Shielded Metal Arc Welding NC I
9,Bagroy,27,Female,Self-employed,College Undergraduate,Computer Literacy,Retail,ICT,Computer Systems Servicing NC II
12,Lag-asan,45,Male,Underemployed,College Undergraduate,Computer Literacy,ICT,ICT,Computer Systems Servicing NC II
1,Bacong,29,Male,Wage Employed,Junior High,Electrical Repair,Manufacturing,Business,Electrical Installation and Maintenance NC II
6,Mailum,30,Male,Unemployed,Senior High,Baking,Business,Hospitality,Bread and Pastry NC II
9,Pacol,40,Female,Underemployed,Elementary Graduate,Carpentry,Government,Construction,Carpentry NC II
12,Bacong,33,Male,Unemployed,Junior High,Welding,Construction,Construction,Shielded Metal Arc Welding NC I
3,Bagroy,18,Male,Unemployed,Senior High,Masonry,Retail,Business,Masonry NC II
3,Busay,50,Male,Self-employed,College Graduate,Computer Literacy,Business,Business,Computer Systems Servicing NC II
11,Caridad,31,Male,Wage Employed,College Graduate,Computer Literacy,Government,ICT,Computer Systems Servicing NC II
2,Sagasa,36,Male,Underemployed,Elementary Graduate,Welding,Manufacturing,Construction,Shielded Metal Arc Welding NC I
1,Busay,19,Female,Self-employed,Senior High,Electrical Repair,Government,ICT,Electrical Installation and Maintenance NC II
11,Ilijan,28,Female,Self-employed,College Graduate,Computer Literacy,ICT,ICT,Computer Systems Servicing NC II
5,Busay,26,Male,Wage Employed,Junior High,Driving,Business,Agriculture,Driving NC II
7,Alianza,35,Male,Self-employed,Senior High,Welding,None,Construction,Shielded Metal Arc Welding NC I
2,Poblacion,26,Male,Self-employed,Senior High,Baking,Agriculture,Hospitality,Bread and Pastry NC II
5,Caridad,24,Female,Unemployed,College Undergraduate,Cooking,Hospitality,Hospitality,Cookery NC II
5,Pacol,27,Male,Self-employed,College Undergraduate,Driving,Transportation,Transportation,Driving NC II
3,Pacol,32,Male,Unemployed,Junior High,Cooking,Hospitality,Hospitality,Cookery NC II
6,Busay,23,Male,Self-employed,College Graduate,Computer Literacy,ICT,ICT,Computer Systems Servicing NC II
9,Tabunan,20,Male,Underemployed,Senior High,Driving,Transportation,Transportation,Driving NC II
8,Busay,34,Female,Unemployed,Elementary Graduate,Driving,ICT,Transportation,Driving NC II
2,Dulao,22,Male,Underemployed,Elementary Graduate,Baking,Hospitality,Hospitality,Bread and Pastry NC II
12,Poblacion,31,Male,Wage Employed,College Graduate,Driving,Agriculture,Business,Driving NC II
8,Binubuhan,42,Male,Unemployed,College Undergraduate,Baking,Business,Hospitality,Bread and Pastry NC II
5,Dulao,36,Male,Unemployed,Junior High,Masonry,Agriculture,Construction,Masonry NC II
3,Poblacion,48,Female,Unemployed,College Undergraduate,Baking,None,Hospitality,Bread and Pastry NC II
5,Abuanan,22,Female,Self-employed,Senior High,Cooking,Hospitality,Hospitality,Cookery NC II
6,Ma-ao,29,Male,Unemployed,Senior High,Carpentry,Retail,Hospitality,Carpentry NC II
1,Abuanan,35,Male,Self-employed,Junior High,Driving,Retail,Transportation,Driving NC II
3,Busay,29,Male,Unemployed,College Graduate,Driving,Transportation,Transportation,Driving NC II
12,Bacong,18,Male,Underemployed,Junior High,Baking,Business,Hospitality,Bread and Pastry NC II
6,Dulao,20,Male,Wage Employed,Junior High,Masonry,Manufacturing,Construction,Masonry NC II
7,Lag-asan,18,Male,Unemployed,Senior High,Carpentry,Agriculture,Agriculture,Carpentry NC II
2,Ma-ao,21,Male,Self-employed,College Undergraduate,Computer Literacy,Hospitality,ICT,Computer Systems Servicing NC II
5,Ma-ao,18,Female,Underemployed,Senior High,Cooking,Hospitality,Hospitality,Cookery NC II
12,Poblacion,21,Male,Underemployed,Senior High,Carpentry,Agriculture,Construction,Carpentry NC II
6,Bagroy,48,Female,Unemployed,College Undergraduate,Computer Literacy,Government,ICT,Computer Systems Servicing NC II
9,Busay,30,Male,Wage Employed,College Graduate,Electrical Repair,Construction,ICT,Electrical Installation and Maintenance NC II
12,Balingasag,45,Male,Wage Employed,Senior High,Masonry,Construction,Construction,Masonry NC II
5,Taloc,31,Male,Wage Employed,College Undergraduate,Welding,Construction,ICT,Shielded Metal Arc Welding NC I
6,Ma-ao,39,Male,Wage Employed,Senior High,Driving,Transportation,Agriculture,Driving NC II
7,Caridad,28,Female,Underemployed,Junior High,Cooking,Hospitality,Hospitality,Cookery NC II
11,Abuanan,37,Male,Self-employed,College Undergraduate,Driving,Transportation,Transportation,Driving NC II
3,Pacol,20,Male,Unemployed,Senior High,Baking,Hospitality,Hospitality,Bread and Pastry NC II
8,Busay,26,Female,Wage Employed,College Graduate,Computer Literacy,Government,Business,Computer Systems Servicing NC II
4,Taloc,22,Male,Underemployed,Elementary Graduate,Driving,Government,Transportation,Driving NC II
4,Sagasa,46,Male,Underemployed,College Graduate,Computer Literacy,Government,ICT,Computer Systems Servicing NC II
12,Calumangan,27,Male,Wage Employed,College Undergraduate,Driving,Transportation,Transportation,Driving NC II
5,Poblacion,29,Male,Self-employed,Junior High,Carpentry,Business,Construction,Carpentry NC II
6,Napoles,22,Male,Wage Employed,Elementary Graduate,Driving,Government,Transportation,Driving NC II
9,Pacol,33,Female,Self-employed,Senior High,Cooking,Retail,Hospitality,Cookery NC II
11,Bacong,20,Male,Wage Employed,Junior High,Cooking,None,Hospitality,Cookery NC II
6,Alianza,21,Male,Unemployed,Elementary Graduate,Baking,Hospitality,Hospitality,Bread and Pastry NC II
11,Pacol,40,Male,Wage Employed,College Undergraduate,Cooking,Agriculture,Business,Cookery NC II
3,Alianza,42,Male,Underemployed,Junior High,Carpentry,Government,Construction,Carpentry NC II
6,Poblacion,18,Female,Wage Employed,Junior High,Carpentry,Construction,Construction,Carpentry NC II
6,Malingin,39,Female,Unemployed,Elementary Graduate,Computer Literacy,Transportation,ICT,Computer Systems Servicing NC II
6,Poblacion,54,Female,Underemployed,College Graduate,Computer Literacy,Hospitality,ICT,Computer Systems Servicing NC II
1,Bacong,33,Male,Unemployed,Junior High,Cooking,Hospitality,Hospitality,Cookery NC II
8,Ma-ao,35,Male,Self-employed,College Undergraduate,Carpentry,Agriculture,Agriculture,Carpentry NC II
6,Sagasa,18,Male,Unemployed,Junior High,Welding,Construction,Construction,Shielded Metal Arc Welding NC I
8,Caridad,30,Male,Unemployed,Junior High,Electrical Repair,None,Construction,Electrical Installation and Maintenance NC II
7,Alianza,46,Male,Underemployed,College Undergraduate,Masonry,Construction,Construction,Masonry NC II
6,Busay,20,Female,Wage Employed,Elementary Graduate,Cooking,Retail,Business,Cookery NC II
9,Sagasa,27,Male,Underemployed,Senior High,Welding,Construction,Construction,Shielded Metal Arc Welding NC I
10,Abuanan,32,Male,Self-employed,Senior High,Carpentry,Construction,Construction,Carpentry NC II
2,Caridad,42,Male,Self-employed,College Graduate,Computer Literacy,Transportation,ICT,Computer Systems Servicing NC II
9,Ilijan,39,Male,Underemployed,Elementary Graduate,Masonry,Agriculture,Construction,Masonry NC II
2,Poblacion,38,Male,Self-employed,Senior High,Cooking,Hospitality,Hospitality,Cookery NC II
2,Dulao,32,Female,Wage Employed,College Undergraduate,Cooking,Agriculture,Hospitality,Cookery NC II
12,Taloc,31,Female,Unemployed,College Undergraduate,Computer Literacy,Government,ICT,Computer Systems Servicing NC II
8,Busay,41,Male,Self-employed,Junior High,Electrical Repair,Manufacturing,Construction,Electrical Installation and Maintenance NC II
11,Calumangan,22,Female,Underemployed,Senior High,Carpentry,Retail,Agriculture,Carpentry NC II
7,Bacong,22,Male,Wage Employed,Senior High,Masonry,Agriculture,Construction,Masonry NC II
12,Caridad,32,Male,Unemployed,College Undergraduate,Carpentry,Agriculture,Construction,Carpentry NC II
8,Ilijan,46,Male,Unemployed,College Undergraduate,Carpentry,Government,Construction,Carpentry NC II
1,Ma-ao,38,Male,Underemployed,Elementary Graduate,Baking,Retail,Agriculture,Bread and Pastry NC II
8,Dulao,23,Female,Underemployed,Junior High,Driving,Transportation,Transportation,Driving NC II
8,Ilijan,31,Male,Unemployed,Junior High,Cooking,Hospitality,Hospitality,Cookery NC II
1,Bacong,43,Male,Wage Employed,College Undergraduate,Driving,Agriculture,Transportation,Driving NC II
2,Dulao,44,Male,Self-employed,Senior High,Welding,Construction,Construction,Shielded Metal Arc Welding NC I
3,Lag-asan,38,Female,Unemployed,Senior High,Cooking,None,Hospitality,Cookery NC II
8,Taloc,34,Female,Wage Employed,Senior High,Cooking,Hospitality,Hospitality,Cookery NC II
5,Atipuluan,27,Female,Unemployed,Senior High,Driving,Retail,Transportation,Driving NC II
12,Taloc,40,Female,Wage Employed,Senior High,Computer Literacy,Retail,Hospitality,Computer Systems Servicing NC II
10,Sagasa,44,Female,Unemployed,College Undergraduate,Baking,Hospitality,Hospitality,Bread and Pastry NC II
8,Sagasa,26,Male,Wage Employed,College Graduate,Welding,Construction,Business,Shielded Metal Arc Welding NC I
8,Pacol,22,Female,Wage Employed,Elementary Graduate,Baking,Hospitality,Business,Bread and Pastry NC II
3,Alianza,40,Male,Wage Employed,College Undergraduate,Masonry,Agriculture,Business,Masonry NC II
8,Tabunan,27,Male,Underemployed,College Undergraduate,Cooking,Agriculture,Hospitality,Cookery NC II
12,Poblacion,22,Female,Underemployed,College Undergraduate,Computer Literacy,ICT,ICT,Computer Systems Servicing NC II
5,Atipuluan,38,Male,Self-employed,College Graduate,Computer Literacy,None,ICT,Computer Systems Servicing NC II
10,Ilijan,35,Male,Wage Employed,College Undergraduate,Welding,Construction,Construction,Shielded Metal Arc Welding NC I
6,Sagasa,27,Male,Self-employed,College Undergraduate,Carpentry,Retail,Hospitality,Carpentry NC II
11,Mailum,26,Male,Unemployed,Elementary Graduate,Masonry,None,Construction,Masonry NC II
4,Busay,21,Male,Underemployed,Elementary Graduate,Masonry,Construction,Construction,Masonry NC II
1,Pacol,42,Male,Unemployed,Senior High,Driving,Transportation,Transportation,Driving NC II
3,Abuanan,19,Female,Underemployed,Junior High,Baking,Business,Hospitality,Bread and Pastry NC II
4,Taloc,49,Male,Wage Employed,College Graduate,Masonry,Construction,Business,Masonry NC II
10,Pacol,34,Male,Underemployed,Senior High,Electrical Repair,Construction,Construction,Electrical Installation and Maintenance NC II
9,Bacong,28,Female,Wage Employed,College Graduate,Cooking,Hospitality,Business,Cookery NC II
6,Mailum,20,Male,Unemployed,Elementary Graduate,Masonry,Agriculture,Construction,Masonry NC II
4,Busay,20,Male,Underemployed,Senior High,Computer Literacy,Government,ICT,Computer Systems Servicing NC II
2,Calumangan,38,Female,Wage Employed,College Undergraduate,Computer Literacy,Manufacturing,ICT,Computer Systems Servicing NC II
10,Malingin,49,Female,Unemployed,College Graduate,Computer Literacy,Government,ICT,Computer Systems Servicing NC II
1,Busay,21,Female,Unemployed,Senior High,Driving,Agriculture,Transportation,Driving NC II
3,Atipuluan,30,Female,Self-employed,Senior High,Computer Literacy,Business,ICT,Computer Systems Servicing NC II
2,Atipuluan,20,Male,Unemployed,Elementary Graduate,Computer Literacy,ICT,Business,Computer Systems Servicing NC II
10,Poblacion,26,Female,Self-employed,College Undergraduate,Computer Literacy,ICT,ICT,Computer Systems Servicing NC II
1,Mailum,40,Female,Self-employed,Junior High,Driving,Transportation,Transportation,Driving NC II
4,Atipuluan,30,Female,Unemployed,Junior High,Baking,Retail,Hospitality,Bread and Pastry NC II
3,Malingin,29,Male,Unemployed,College Undergraduate,Computer Literacy,Government,ICT,Computer Systems Servicing NC II
12,Binubuhan,24,Male,Unemployed,Junior High,Electrical Repair,Construction,Hospitality,Electrical Installation and Maintenance NC II
7,Balingasag,40,Male,Wage Employed,Senior High,Carpentry,Construction,Construction,Carpentry NC II
2,Bacong,41,Female,Underemployed,Junior High,Driving,Transportation,Business,Driving NC II
9,Atipuluan,24,Male,Wage Employed,Senior High,Computer Literacy,Hospitality,ICT,Computer Systems Servicing NC II
11,Mailum,38,Male,Unemployed,Junior High,Computer Literacy,ICT,Business,Computer Systems Servicing NC II
6,Sagasa,31,Male,Self-employed,Elementary Graduate,Computer Literacy,Business,ICT,Computer Systems Servicing NC II
3,Ma-ao,24,Male,Self-employed,College Graduate,Driving,Transportation,Business,Driving NC II
3,Poblacion,26,Male,Underemployed,Junior High,Carpentry,Construction,Construction,Carpentry NC II
9,Ma-ao,22,Female,Wage Employed,Senior High,Carpentry,Business,Construction,Carpentry NC II
9,Caridad,43,Female,Wage Employed,College Undergraduate,Cooking,Hospitality,Hospitality,Cookery NC II
4,Ma-ao,26,Male,Wage Employed,Senior High,Masonry,Agriculture,Construction,Masonry NC II
2,Caridad,44,Female,Underemployed,College Graduate,Computer Literacy,Business,ICT,Computer Systems Servicing NC II
7,Dulao,40,Male,Underemployed,Junior High,Masonry,None,Construction,Masonry NC II
3,Poblacion,18,Male,Unemployed,Senior High,Cooking,Hospitality,Hospitality,Cookery NC II
11,Busay,26,Male,Self-employed,Senior High,Electrical Repair,Construction,Construction,Electrical Installation and Maintenance NC II
12,Dulao,22,Male,Underemployed,Junior High,Driving,Business,Hospitality,Driving NC II
8,Pacol,29,Female,Underemployed,Senior High,Carpentry,Business,Construction,Carpentry NC II
4,Taloc,26,Female,Unemployed,Junior High,Driving,Transportation,Transportation,Driving NC II
12,Taloc,40,Male,Wage Employed,College Undergraduate,Electrical Repair,Construction,ICT,Electrical Installation and Maintenance NC II
3,Busay,21,Male,Underemployed,Junior High,Masonry,Construction,Construction,Masonry NC II
3,Busay,52,Male,Unemployed,College Graduate,Driving,Agriculture,ICT,Driving NC II
9,Alianza,23,Female,Underemployed,Senior High,Baking,None,Transportation,Bread and Pastry NC II
12,Taloc,22,Male,Underemployed,Elementary Graduate,Driving,Transportation,Transportation,Driving NC II
4,Busay,25,Male,Underemployed,Junior High,Carpentry,Manufacturing,Construction,Carpentry NC II
5,Dulao,25,Male,Unemployed,Elementary Graduate,Carpentry,Agriculture,Construction,Carpentry NC II
8,Bagroy,23,Male,Underemployed,College Graduate,Electrical Repair,Manufacturing,Business,Electrical Installation and Maintenance NC II
1,Malingin,39,Male,Underemployed,Senior High,Driving,Transportation,Transportation,Driving NC II
1,Sagasa,23,Male,Self-employed,College Undergraduate,Electrical Repair,Construction,Business,Electrical Installation and Maintenance NC II
11,Abuanan,18,Male,Unemployed,Elementary Graduate,Carpentry,Agriculture,Construction,Carpentry NC II
10,Ma-ao,39,Female,Self-employed,Senior High,Driving,Retail,Transportation,Driving NC II
10,Napoles,33,Male,Wage Employed,Senior High,Carpentry,Retail,Construction,Carpentry NC II
1,Lag-asan,26,Female,Underemployed,College Undergraduate,Driving,Transportation,Transportation,Driving NC II
8,Poblacion,40,Male,Self-employed,Senior High,Cooking,Hospitality,Hospitality,Cookery NC II
12,Caridad,28,Male,Wage Employed,Senior High,Masonry,Construction,Construction,Masonry NC II
9,Abuanan,26,Male,Unemployed,Senior High,Driving,Transportation,Transportation,Driving NC II
2,Ilijan,40,Female,Underemployed,College Graduate,Baking,None,Hospitality,Bread and Pastry NC II
4,Busay,37,Male,Unemployed,Junior High,Electrical Repair,Construction,Construction,Electrical Installation and Maintenance NC II
1,Mailum,28,Female,Unemployed,Elementary Graduate,Driving,Transportation,Transportation,Driving NC II
9,Bagroy,25,Female,Underemployed,Elementary Graduate,Driving,Agriculture,Transportation,Driving NC II
10,Tabunan,45,Male,Underemployed,College Graduate,Carpentry,Manufacturing,Construction,Carpentry NC II
1,Bacong,26,Male,Wage Employed,Senior High,Electrical Repair,Construction,Transportation,Electrical Installation and Maintenance NC II
2,Bacong,18,Female,Unemployed,Senior High,Cooking,Retail,Hospitality,Cookery NC II
12,Napoles,23,Male,Self-employed,College Undergraduate,Driving,Transportation,Transportation,Driving NC II
1,Binubuhan,21,Female,Self-employed,Junior High,Baking,None,Hospitality,Bread and Pastry NC II
2,Mailum,45,Female,Self-employed,College Undergraduate,Computer Literacy,Construction,ICT,Computer Systems Servicing NC II
2,Mailum,27,Male,Underemployed,Elementary Graduate,Baking,Hospitality,Hospitality,Bread and Pastry NC II
10,Bacong,33,Female,Self-employed,Elementary Graduate,Baking,Business,Hospitality,Bread and Pastry NC II
2,Caridad,33,Female,Underemployed,College Undergraduate,Computer Literacy,ICT,ICT,Computer Systems Servicing NC II
1,Mailum,40,Male,Underemployed,College Undergraduate,Driving,Government,Business,Driving NC II
12,Taloc,24,Male,Self-employed,Senior High,Cooking,Retail,Hospitality,Cookery NC II
3,Tabunan,31,Male,Self-employed,Junior High,Driving,Business,Transportation,Driving NC II
3,Mailum,22,Female,Underemployed,Junior High,Cooking,Transportation,Hospitality,Cookery NC II
1,Taloc,32,Male,Unemployed,Senior High,Masonry,Construction,Transportation,Masonry NC II
11,Taloc,20,Female,Self-employed,Senior High,Cooking,Business,Hospitality,Cookery NC II
11,Busay,37,Male,Underemployed,Junior High,Carpentry,Construction,Construction,Carpentry NC II
3,Poblacion,38,Female,Underemployed,College Undergraduate,Computer Literacy,ICT,ICT,Computer Systems Servicing NC II
8,Caridad,42,Male,Wage Employed,College Graduate,Computer Literacy,Retail,Transportation,Computer Systems Servicing NC II
9,Busay,24,Male,Underemployed,College Graduate,Driving,Transportation,Transportation,Driving NC II
10,Binubuhan,45,Female,Self-employed,College Undergraduate,Cooking,Hospitality,Hospitality,Cookery NC II
5,Ilijan,30,Female,Underemployed,College Graduate,Computer Literacy,ICT,ICT,Computer Systems Servicing NC II
3,Tabunan,27,Female,Underemployed,Elementary Graduate,Masonry,Agriculture,Construction,Masonry NC II
10,Calumangan,34,Male,Unemployed,Junior High,Carpentry,Construction,Construction,Carpentry NC II
3,Ma-ao,27,Female,Unemployed,Junior High,Electrical Repair,Manufacturing,Construction,Electrical Installation and Maintenance NC II
5,Napoles,22,Female,Self-employed,College Undergraduate,Driving,Transportation,Transportation,Driving NC II
5,Taloc,35,Female,Unemployed,Junior High,Driving,Agriculture,Business,Driving NC II
7,Busay,38,Male,Underemployed,Junior High,Welding,Manufacturing,Construction,Shielded Metal Arc Welding NC I
7,Poblacion,40,Female,Wage Employed,Senior High,Baking,Retail,Hospitality,Bread and Pastry NC II
8,Pacol,45,Male,Underemployed,College Undergraduate,Computer Literacy,ICT,ICT,Computer Systems Servicing NC II
3,Balingasag,31,Female,Self-employed,Junior High,Baking,Agriculture,Hospitality,Bread and Pastry NC II
8,Lag-asan,20,Male,Wage Employed,Junior High,Masonry,Construction,Construction,Masonry NC II
7,Lag-asan,21,Female,Wage Employed,Junior High,Baking,Retail,Hospitality,Bread and Pastry NC II
11,Napoles,42,Female,Wage Employed,Senior High,Driving,Transportation,Transportation,Driving NC II
7,Poblacion,41,Male,Self-employed,College Graduate,Computer Literacy,Business,ICT,Computer Systems Servicing NC II
7,Bacong,24,Female,Underemployed,Junior High,Computer Literacy,Hospitality,Business,Computer Systems Servicing NC II
7,Ma-ao,31,Male,Wage Employed,Junior High,Driving,Agriculture,Transportation,Driving NC II
5,Atipuluan,31,Male,Self-employed,Senior High,Computer Literacy,Government,ICT,Computer Systems Servicing NC II
3,Mailum,23,Male,Wage Employed,Senior High,Driving,Transportation,Business,Driving NC II
7,Tabunan,18,Male,Unemployed,Junior High,Electrical Repair,ICT,Construction,Electrical Installation and Maintenance NC II
8,Pacol,36,Female,Unemployed,College Undergraduate,Baking,Hospitality,Agriculture,Bread and Pastry NC II
6,Lag-asan,38,Male,Self-employed,Junior High,Baking,None,Hospitality,Bread and Pastry NC II
4,Atipuluan,35,Female,Unemployed,Senior High,Baking,Hospitality,Hospitality,Bread and Pastry NC II
7,Bacong,26,Female,Unemployed,Junior High,Driving,Hospitality,Transportation,Driving NC II
1,Poblacion,33,Female,Unemployed,Junior High,Baking,Hospitality,Hospitality,Bread and Pastry NC II
12,Calumangan,36,Male,Self-employed,Junior High,Carpentry,Construction,Construction,Carpentry NC II
6,Malingin,37,Male,Underemployed,Junior High,Electrical Repair,None,Construction,Electrical Installation and Maintenance NC II
11,Poblacion,29,Male,Wage Employed,College Undergraduate,Carpentry,Business,Construction,Carpentry NC II
7,Napoles,35,Female,Underemployed,College Undergraduate,Baking,Hospitality,Hospitality,Bread and Pastry NC II
4,Binubuhan,25,Female,Underemployed,Elementary Graduate,Driving,Agriculture,Transportation,Driving NC II
12,Alianza,25,Female,Underemployed,College Graduate,Computer Literacy,None,ICT,Computer Systems Servicing NC II
2,Taloc,26,Male,Wage Employed,Senior High,Electrical Repair,Construction,Construction,Electrical Installation and Maintenance NC II
11,Pacol,26,Male,Unemployed,Senior High,Electrical Repair,ICT,Construction,Electrical Installation and Maintenance NC II
12,Mailum,39,Male,Wage Employed,Senior High,Cooking,Business,Hospitality,Cookery NC II
8,Taloc,24,Male,Unemployed,Junior High,Electrical Repair,Hospitality,Construction,Electrical Installation and Maintenance NC II
2,Taloc,31,Male,Unemployed,Elementary Graduate,Driving,Government,Transportation,Driving NC II
4,Taloc,25,Male,Unemployed,Junior High,Welding,Manufacturing,Construction,Shielded Metal Arc Welding NC I
6,Taloc,18,Male,Underemployed,Elementary Graduate,Masonry,Agriculture,Construction,Masonry NC II
9,Caridad,47,Male,Unemployed,College Undergraduate,Computer Literacy,ICT,ICT,Computer Systems Servicing NC II
1,Balingasag,41,Male,Underemployed,Junior High,Driving,Agriculture,Transportation,Driving NC II
3,Lag-asan,25,Female,Wage Employed,Junior High,Cooking,Business,Agriculture,Cookery NC II
1,Bagroy,30,Female,Unemployed,Senior High,Driving,Agriculture,Transportation,Driving NC II
2,Abuanan,41,Female,Self-employed,Senior High,Computer Literacy,Retail,ICT,Computer Systems Servicing NC II
6,Ma-ao,35,Male,Unemployed,Junior High,Driving,Transportation,Transportation,Driving NC II
6,Caridad,37,Female,Underemployed,College Undergraduate,Computer Literacy,ICT,ICT,Computer Systems Servicing NC II
4,Ilijan,34,Male,Self-employed,Junior High,Masonry,Construction,Agriculture,Masonry NC II
11,Dulao,42,Female,Underemployed,Senior High,Computer Literacy,Government,ICT,Computer Systems Servicing NC II
8,Abuanan,21,Female,Unemployed,Senior High,Computer Literacy,ICT,ICT,Computer Systems Servicing NC II
7,Binubuhan,38,Male,Unemployed,Senior High,Carpentry,Construction,Construction,Carpentry NC II
12,Pacol,32,Male,Underemployed,Elementary Graduate,Baking,Hospitality,Hospitality,Bread and Pastry NC II
11,Pacol,23,Male,Wage Employed,Senior High,Cooking,Hospitality,Hospitality,Cookery NC II
2,Bagroy,31,Female,Wage Employed,Junior High,Driving,Retail,Transportation,Driving NC II
2,Malingin,45,Male,Wage Employed,Senior High,Cooking,Hospitality,Hospitality,Cookery NC II
9,Mailum,48,Female,Wage Employed,College Undergraduate,Driving,Transportation,Transportation,Driving NC II
3,Taloc,23,Male,Unemployed,Senior High,Cooking,Hospitality,Hospitality,Cookery NC II
12,Ma-ao,30,Male,Self-employed,College Undergraduate,Driving,Hospitality,Transportation,Driving NC II
4,Ma-ao,46,Male,Underemployed,College Graduate,Welding,Manufacturing,Construction,Shielded Metal Arc Welding NC I
11,Ma-ao,41,Male,Underemployed,Senior High,Driving,Transportation,Agriculture,Driving NC II
12,Napoles,25,Male,Underemployed,Elementary Graduate,Carpentry,Business,Construction,Carpentry NC II
6,Sagasa,33,Male,Unemployed,Junior High,Computer Literacy,Retail,ICT,Computer Systems Servicing NC II
6,Busay,32,Female,Wage Employed,College Undergraduate,Cooking,Retail,Business,Cookery NC II
7,Bagroy,34,Male,Underemployed,College Graduate,Masonry,None,Construction,Masonry NC II
6,Dulao,23,Female,Underemployed,College Graduate,Computer Literacy,Business,ICT,Computer Systems Servicing NC II
2,Taloc,55,Male,Underemployed,College Graduate,Carpentry,Retail,ICT,Carpentry NC II
2,Tabunan,24,Female,Unemployed,Junior High,Driving,ICT,Agriculture,Driving NC II
6,Caridad,22,Male,Self-employed,Junior High,Carpentry,Retail,Construction,Carpentry NC II
12,Ilijan,20,Male,Self-employed,College Undergraduate,Electrical Repair,Construction,Construction,Electrical Installation and Maintenance NC II
2,Dulao,32,Female,Self-employed,Senior High,Computer Literacy,Manufacturing,ICT,Computer Systems Servicing NC II
9,Poblacion,40,Male,Underemployed,Elementary Graduate,Driving,Transportation,Business,Driving NC II
1,Lag-asan,30,Female,Unemployed,Senior High,Baking,Hospitality,Hospitality,Bread and Pastry NC II
2,Ilijan,19,Female,Unemployed,Elementary Graduate,Driving,Transportation,Transportation,Driving NC II
2,Taloc,32,Female,Unemployed,Junior High,Computer Literacy,ICT,Business,Computer Systems Servicing NC II
4,Bacong,33,Female,Unemployed,Junior High,Cooking,Government,Hospitality,Cookery NC II
3,Taloc,40,Male,Self-employed,Junior High,Cooking,Hospitality,Hospitality,Cookery NC II
1,Dulao,38,Male,Underemployed,College Graduate,Cooking,Agriculture,Hospitality,Cookery NC II
4,Ma-ao,34,Female,Unemployed,Elementary Graduate,Cooking,Hospitality,Hospitality,Cookery NC II
10,Busay,41,Female,Underemployed,College Undergraduate,Computer Literacy,ICT,ICT,Computer Systems Servicing NC II
3,Balingasag,35,Female,Self-employed,Senior High,Computer Literacy,Government,ICT,Computer Systems Servicing NC II
8,Malingin,27,Female,Underemployed,Senior High,Baking,Business,Construction,Bread and Pastry NC II
2,Busay,21,Male,Unemployed,Junior High,Driving,Agriculture,Transportation,Driving NC II
5,Taloc,30,Female,Unemployed,Junior High,Cooking,Hospitality,Hospitality,Cookery NC II
5,Dulao,40,Male,Wage Employed,Senior High,Driving,Agriculture,Transportation,Driving NC II
3,Caridad,39,Female,Self-employed,College Undergraduate,Carpentry,Agriculture,Construction,Carpentry NC II
9,Tabunan,48,Male,Underemployed,College Undergraduate,Masonry,Government,Business,Masonry NC II
8,Caridad,45,Male,Underemployed,Senior High,Computer Literacy,Government,ICT,Computer Systems Servicing NC II
1,Bacong,36,Male,Wage Employed,Junior High,Driving,Retail,Transportation,Driving NC II
1,Caridad,29,Male,Wage Employed,College Undergraduate,Masonry,Construction,Construction,Masonry NC II
2,Dulao,19,Female,Self-employed,Junior High,Welding,Construction,Construction,Shielded Metal Arc Welding NC I
6,Ma-ao,37,Female,Underemployed,Senior High,Computer Literacy,None,ICT,Computer Systems Servicing NC II
3,Ma-ao,35,Male,Self-employed,College Graduate,Welding,Business,Construction,Shielded Metal Arc Welding NC I
9,Bacong,35,Male,Wage Employed,Senior High,Driving,Transportation,Business,Driving NC II
8,Alianza,24,Male,Underemployed,College Undergraduate,Carpentry,Business,Construction,Carpentry NC II
10,Alianza,41,Male,Underemployed,Senior High,Cooking,Agriculture,Hospitality,Cookery NC II
5,Tabunan,25,Male,Wage Employed,Junior High,Carpentry,Construction,Construction,Carpentry NC II
10,Busay,34,Male,Self-employed,Senior High,Cooking,Business,Hospitality,Cookery NC II
8,Atipuluan,31,Male,Unemployed,Elementary Graduate,Masonry,Manufacturing,Construction,Masonry NC II
6,Bagroy,25,Male,Underemployed,Senior High,Driving,Transportation,Transportation,Driving NC II
11,Taloc,25,Female,Self-employed,College Undergraduate,Cooking,Hospitality,Agriculture,Cookery NC II
1,Poblacion,32,Female,Wage Employed,College Undergraduate,Baking,Hospitality,Hospitality,Bread and Pastry NC II
2,Napoles,36,Female,Wage Employed,Junior High,Baking,Hospitality,Business,Bread and Pastry NC II
3,Bagroy,19,Male,Unemployed,College Undergraduate,Electrical Repair,Agriculture,Construction,Electrical Installation and Maintenance NC II
10,Alianza,34,Male,Unemployed,Elementary Graduate,Carpentry,Business,Construction,Carpentry NC II
2,Ilijan,28,Female,Unemployed,College Graduate,Baking,Hospitality,Hospitality,Bread and Pastry NC II
12,Busay,30,Male,Self-employed,College Undergraduate,Welding,Construction,Business,Shielded Metal Arc Welding NC I
3,Alianza,33,Male,Wage Employed,Junior High,Carpentry,Construction,Construction,Carpentry NC II
7,Calumangan,20,Female,Underemployed,Elementary Graduate,Electrical Repair,ICT,Construction,Electrical Installation and Maintenance NC II
8,Calumangan,34,Male,Wage Employed,Junior High,Electrical Repair,Construction,Construction,Electrical Installation and Maintenance NC II
2,Malingin,32,Male,Wage Employed,Elementary Graduate,Driving,Transportation,Transportation,Driving NC II
8,Busay,35,Male,Wage Employed,College Undergraduate,Driving,Government,Hospitality,Driving NC II
8,Busay,19,Male,Self-employed,Senior High,Carpentry,Transportation,Construction,Carpentry NC II
7,Caridad,31,Male,Underemployed,Senior High,Carpentry,Agriculture,Construction,Carpentry NC II
5,Ma-ao,24,Male,Wage Employed,Senior High,Computer Literacy,ICT,ICT,Computer Systems Servicing NC II
11,Ma-ao,33,Male,Unemployed,College Undergraduate,Computer Literacy,Government,ICT,Computer Systems Servicing NC II
9,Poblacion,39,Male,Wage Employed,College Undergraduate,Carpentry,Agriculture,Construction,Carpentry NC II
9,Poblacion,42,Male,Underemployed,Junior High,Driving,Transportation,Transportation,Driving NC II
6,Caridad,26,Male,Underemployed,Junior High,Carpentry,Construction,Construction,Carpentry NC II
4,Ma-ao,45,Male,Self-employed,Senior High,Electrical Repair,Manufacturing,ICT,Electrical Installation and Maintenance NC II
8,Bacong,31,Female,Wage Employed,Senior High,Driving,Transportation,Transportation,Driving NC II
9,Busay,34,Male,Wage Employed,College Graduate,Carpentry,None,Construction,Carpentry NC II
8,Busay,42,Male,Underemployed,Senior High,Cooking,None,Hospitality,Cookery NC II
7,Ilijan,54,Male,Wage Employed,College Graduate,Cooking,Hospitality,Transportation,Cookery NC II
7,Taloc,45,Male,Underemployed,Senior High,Driving,Transportation,Transportation,Driving NC II
7,Abuanan,33,Male,Wage Employed,College Undergraduate,Driving,Business,Transportation,Driving NC II
6,Bacong,22,Female,Underemployed,Elementary Graduate,Electrical Repair,Manufacturing,Construction,Electrical Installation and Maintenance NC II
12,Binubuhan,32,Female,Unemployed,Senior High,Driving,Hospitality,Transportation,Driving NC II
1,Caridad,45,Male,Unemployed,College Undergraduate,Computer Literacy,ICT,ICT,Computer Systems Servicing NC II
9,Dulao,25,Male,Self-employed,College Undergraduate,Carpentry,Agriculture,Construction,Carpentry NC II
12,Lag-asan,26,Female,Underemployed,Senior High,Cooking,Hospitality,Hospitality,Cookery NC II
12,Poblacion,38,Male,Unemployed,Senior High,Masonry,None,Agriculture,Masonry NC II
2,Abuanan,29,Female,Wage Employed,College Undergraduate,Driving,Transportation,Transportation,Driving NC II
8,Poblacion,18,Male,Unemployed,Senior High,Baking,Hospitality,Hospitality,Bread and Pastry NC II
2,Pacol,20,Female,Unemployed,Elementary Graduate,Driving,Transportation,Transportation,Driving NC II
1,Lag-asan,31,Male,Underemployed,Junior High,Driving,Transportation,Agriculture,Driving NC II
3,Taloc,31,Male,Underemployed,Junior High,Electrical Repair,Construction,Construction,Electrical Installation and Maintenance NC II
2,Mailum,45,Female,Self-employed,College Undergraduate,Electrical Repair,Manufacturing,Construction,Electrical Installation and Maintenance NC II
7,Ma-ao,26,Male,Wage Employed,College Graduate,Carpentry,Business,Construction,Carpentry NC II
5,Sagasa,37,Male,Wage Employed,College Graduate,Driving,Transportation,Business,Driving NC II
6,Ma-ao,29,Male,Unemployed,College Undergraduate,Computer Literacy,ICT,ICT,Computer Systems Servicing NC II
2,Malingin,27,Female,Wage Employed,College Graduate,Carpentry,None,Construction,Carpentry NC II
1,Busay,30,Male,Underemployed,Senior High,Driving,Transportation,Transportation,Driving NC II
4,Alianza,52,Female,Unemployed,College Graduate,Driving,Government,Transportation,Driving NC II
6,Dulao,33,Male,Self-employed,Senior High,Masonry,None,Construction,Masonry NC II
11,Bacong,29,Male,Underemployed,Elementary Graduate,Welding,Construction,Construction,Shielded Metal Arc Welding NC I
1,Caridad,18,Female,Wage Employed,Senior High,Computer Literacy,ICT,ICT,Computer Systems Servicing NC II
8,Taloc,30,Male,Underemployed,Senior High,Driving,Business,Transportation,Driving NC II
2,Ma-ao,33,Female,Unemployed,Senior High,Carpentry,Construction,Construction,Carpentry NC II
3,Busay,25,Male,Wage Employed,Junior High,Driving,Transportation,Business,Driving NC II
10,Ma-ao,30,Male,Self-employed,College Graduate,Cooking,None,Hospitality,Cookery NC II
3,Binubuhan,43,Female,Wage Employed,Senior High,Cooking,Hospitality,Hospitality,Cookery NC II
5,Bacong,24,Male,Wage Employed,Junior High,Masonry,Agriculture,Construction,Masonry NC II
7,Bagroy,24,Male,Unemployed,Senior High,Electrical Repair,Construction,Construction,Electrical Installation and Maintenance NC II
2,Busay,29,Female,Self-employed,Senior High,Baking,Hospitality,Hospitality,Bread and Pastry NC II
12,Bagroy,41,Female,Underemployed,Senior High,Computer Literacy,ICT,ICT,Computer Systems Servicing NC II
1,Balingasag,24,Male,Underemployed,College Undergraduate,Computer Literacy,Government,ICT,Computer Systems Servicing NC II
5,Poblacion,31,Male,Self-employed,Senior High,Computer Literacy,ICT,ICT,Computer Systems Servicing NC II
4,Caridad,32,Female,Wage Employed,Senior High,Driving,Government,Transportation,Driving NC II
6,Ilijan,38,Female,Underemployed,Junior High,Electrical Repair,Construction,Construction,Electrical Installation and Maintenance NC II
7,Napoles,29,Female,Unemployed,Junior High,Cooking,Hospitality,Hospitality,Cookery NC II
4,Tabunan,35,Male,Underemployed,Senior High,Driving,Transportation,Transportation,Driving NC II
2,Napoles,42,Male,Underemployed,Senior High,Masonry,Agriculture,Construction,Masonry NC II
3,Bagroy,31,Male,Unemployed,Junior High,Cooking,Hospitality,Hospitality,Cookery NC II
1,Malingin,31,Female,Underemployed,Elementary Graduate,Cooking,Retail,Hospitality,Cookery NC II
10,Taloc,32,Male,Underemployed,Elementary Graduate,Driving,Retail,Transportation,Driving NC II
10,Busay,38,Male,Underemployed,Senior High,Masonry,Construction,Construction,Masonry NC II
4,Atipuluan,40,Male,Self-employed,College Undergraduate,Masonry,Construction,Construction,Masonry NC II
7,Pacol,40,Male,Unemployed,Senior High,Carpentry,Business,Construction,Carpentry NC II
3,Ma-ao,26,Male,Self-employed,Junior High,Cooking,Agriculture,Hospitality,Cookery NC II
12,Caridad,24,Male,Unemployed,Junior High,Masonry,Construction,Construction,Masonry NC II
1,Sagasa,26,Female,Wage Employed,Elementary Graduate,Baking,Hospitality,Hospitality,Bread and Pastry NC II
3,Poblacion,41,Male,Underemployed,Senior High,Carpentry,None,Construction,Carpentry NC II
3,Malingin,36,Male,Unemployed,College Undergraduate,Masonry,Construction,Construction,Masonry NC II
10,Lag-asan,45,Male,Wage Employed,Senior High,Baking,Hospitality,Hospitality,Bread and Pastry NC II
2,Poblacion,31,Female,Unemployed,College Undergraduate,Driving,Transportation,Transportation,Driving NC II
4,Pacol,23,Female,Self-employed,College Undergraduate,Driving,None,Transportation,Driving NC II
6,Poblacion,21,Male,Unemployed,Senior High,Driving,Construction,Transportation,Driving NC II
4,Sagasa,39,Female,Self-employed,Junior High,Driving,Hospitality,Agriculture,Driving NC II
3,Balingasag,36,Male,Underemployed,College Graduate,Driving,None,Transportation,Driving NC II
9,Ma-ao,21,Male,Wage Employed,Senior High,Cooking,Hospitality,Hospitality,Cookery NC II
3,Taloc,24,Female,Unemployed,Junior High,Cooking,Hospitality,Hospitality,Cookery NC II
7,Calumangan,43,Female,Underemployed,Senior High,Baking,Business,Hospitality,Bread and Pastry NC II
4,Lag-asan,25,Male,Unemployed,Junior High,Computer Literacy,ICT,Transportation,Computer Systems Servicing NC II
3,Abuanan,29,Male,Unemployed,Senior High,Carpentry,None,Construction,Carpentry NC II
11,Taloc,28,Male,Unemployed,Senior High,Masonry,Manufacturing,Construction,Masonry NC II
1,Mailum,31,Male,Underemployed,Senior High,Masonry,Agriculture,Construction,Masonry NC II
7,Busay,33,Male,Underemployed,College Graduate,Masonry,Construction,Construction,Masonry NC II
12,Taloc,29,Female,Underemployed,Elementary Graduate,Masonry,Construction,Construction,Masonry NC II
6,Atipuluan,43,Male,Wage Employed,College Graduate,Carpentry,Business,Construction,Carpentry NC II
8,Balingasag,41,Male,Unemployed,Junior High,Computer Literacy,ICT,ICT,Computer Systems Servicing NC II
6,Busay,33,Male,Unemployed,Junior High,Driving,Transportation,Transportation,Driving NC II
8,Lag-asan,26,Male,Unemployed,Elementary Graduate,Baking,Hospitality,Hospitality,Bread and Pastry NC II
7,Atipuluan,48,Male,Unemployed,College Graduate,Driving,Government,Transportation,Driving NC II
9,Dulao,30,Female,Self-employed,College Undergraduate,Cooking,Agriculture,Hospitality,Cookery NC II
9,Mailum,28,Male,Underemployed,Senior High,Cooking,Transportation,Hospitality,Cookery NC II
7,Balingasag,19,Female,Underemployed,Senior High,Welding,Manufacturing,Construction,Shielded Metal Arc Welding NC I
7,Mailum,25,Female,Underemployed,Elementary Graduate,Cooking,Hospitality,Hospitality,Cookery NC II
5,Bagroy,18,Male,Unemployed,Junior High,Cooking,Hospitality,Hospitality,Cookery NC II
6,Bagroy,35,Female,Self-employed,Senior High,Carpentry,Construction,Construction,Carpentry NC II
7,Alianza,20,Female,Unemployed,College Undergraduate,Cooking,Agriculture,Hospitality,Cookery NC II
4,Sagasa,24,Female,Self-employed,Elementary Graduate,Cooking,Hospitality,Hospitality,Cookery NC II
5,Bacong,24,Male,Unemployed,Senior High,Cooking,Agriculture,Hospitality,Cookery NC II
1,Busay,37,Male,Wage Employed,Junior High,Carpentry,Retail,Construction,Carpentry NC II
1,Atipuluan,28,Male,Self-employed,College Graduate,Computer Literacy,Retail,ICT,Computer Systems Servicing NC II
6,Ma-ao,19,Male,Unemployed,Elementary Graduate,Baking,Hospitality,Hospitality,Bread and Pastry NC II
8,Poblacion,42,Male,Underemployed,Junior High,Cooking,Hospitality,Hospitality,Cookery NC II
6,Bacong,25,Male,Unemployed,Senior High,Baking,Hospitality,Hospitality,Bread and Pastry NC II
11,Lag-asan,26,Female,Underemployed,Elementary Graduate,Baking,Hospitality,Hospitality,Bread and Pastry NC II
6,Caridad,23,Male,Self-employed,College Graduate,Welding,Construction,Construction,Shielded Metal Arc Welding NC I
3,Bacong,32,Male,Underemployed,Junior High,Driving,Business,Transportation,Driving NC II
2,Malingin,37,Female,Unemployed,Junior High,Baking,Retail,Hospitality,Bread and Pastry NC II
6,Ma-ao,22,Female,Unemployed,Senior High,Computer Literacy,ICT,ICT,Computer Systems Servicing NC II
11,Malingin,28,Male,Self-employed,College Undergraduate,Welding,Construction,Construction,Shielded Metal Arc Welding NC I
1,Taloc,25,Female,Underemployed,Junior High,Baking,Business,Hospitality,Bread and Pastry NC II
10,Mailum,29,Female,Unemployed,Senior High,Electrical Repair,Agriculture,ICT,Electrical Installation and Maintenance NC II
1,Dulao,31,Male,Unemployed,Junior High,Masonry,Construction,Construction,Masonry NC II
10,Bagroy,37,Male,Self-employed,Senior High,Welding,Manufacturing,Construction,Shielded Metal Arc Welding NC I
10,Lag-asan,32,Female,Self-employed,Senior High,Cooking,Hospitality,Hospitality,Cookery NC II
1,Calumangan,18,Male,Underemployed,Junior High,Driving,Transportation,Transportation,Driving NC II
8,Bagroy,33,Male,Self-employed,Senior High,Carpentry,Business,Business,Carpentry NC II
10,Ma-ao,32,Male,Wage Employed,College Undergraduate,Driving,Transportation,Transportation,Driving NC II
5,Mailum,19,Female,Wage Employed,Junior High,Driving,Transportation,Transportation,Driving NC II
1,Alianza,29,Male,Underemployed,College Graduate,Computer Literacy,Retail,ICT,Computer Systems Servicing NC II
2,Dulao,29,Male,Underemployed,College Undergraduate,Masonry,Hospitality,Business,Masonry NC II
11,Taloc,20,Female,Self-employed,Junior High,Baking,Retail,Hospitality,Bread and Pastry NC II
4,Ma-ao,18,Male,Self-employed,Senior High,Driving,Government,Transportation,Driving NC II
5,Napoles,45,Female,Underemployed,Senior High,Baking,Hospitality,Business,Bread and Pastry NC II
11,Bagroy,45,Male,Unemployed,Senior High,Driving,Transportation,Transportation,Driving NC II
7,Busay,28,Male,Underemployed,College Undergraduate,Welding,Construction,Construction,Shielded Metal Arc Welding NC I
6,Sagasa,26,Male,Underemployed,College Undergraduate,Driving,Transportation,Transportation,Driving NC II
7,Balingasag,54,Female,Wage Employed,College Graduate,Driving,Transportation,Hospitality,Driving NC II
3,Alianza,30,Female,Underemployed,College Undergraduate,Driving,Transportation,Transportation,Driving NC II
6,Bagroy,26,Male,Wage Employed,Senior High,Driving,None,Transportation,Driving NC II
9,Taloc,18,Male,Unemployed,Junior High,Masonry,Agriculture,Construction,Masonry NC II
5,Poblacion,24,Male,Wage Employed,Senior High,Carpentry,Manufacturing,Construction,Carpentry NC II
12,Dulao,42,Male,Unemployed,College Undergraduate,Cooking,Hospitality,Hospitality,Cookery NC II
5,Poblacion,41,Male,Self-employed,College Undergraduate,Cooking,None,Business,Cookery NC II
10,Abuanan,23,Female,Unemployed,Junior High,Baking,Hospitality,Hospitality,Bread and Pastry NC II
8,Busay,36,Female,Underemployed,Senior High,Carpentry,Business,Construction,Carpentry NC II
12,Bacong,18,Female,Unemployed,Elementary Graduate,Computer Literacy,Retail,Business,Computer Systems Servicing NC II
7,Binubuhan,25,Male,Underemployed,College Graduate,Computer Literacy,Government,ICT,Computer Systems Servicing NC II
6,Binubuhan,38,Male,Unemployed,Senior High,Electrical Repair,Construction,Construction,Electrical Installation and Maintenance NC II
12,Bacong,29,Male,Unemployed,College Graduate,Masonry,Construction,Construction,Masonry NC II
5,Poblacion,41,Male,Wage Employed,College Undergraduate,Driving,Agriculture,Transportation,Driving NC II
8,Ma-ao,40,Male,Self-employed,Elementary Graduate,Carpentry,Agriculture,Construction,Carpentry NC II
3,Calumangan,33,Male,Wage Employed,Senior High,Driving,Hospitality,Transportation,Driving NC II
4,Poblacion,19,Male,Underemployed,Senior High,Driving,Transportation,Transportation,Driving NC II
2,Atipuluan,51,Female,Self-employed,College Graduate,Computer Literacy,ICT,ICT,Computer Systems Servicing NC II
10,Dulao,18,Male,Unemployed,Senior High,Computer Literacy,ICT,ICT,Computer Systems Servicing NC II
4,Alianza,40,Female,Underemployed,Junior High,Baking,Agriculture,Hospitality,Bread and Pastry NC II
1,Tabunan,22,Male,Unemployed,College Undergraduate,Cooking,Government,Hospitality,Cookery NC II
7,Ilijan,36,Male,Wage Employed,College Undergraduate,Cooking,Retail,Hospitality,Cookery NC II
4,Poblacion,31,Male,Unemployed,Junior High,Computer Literacy,Business,ICT,Computer Systems Servicing NC II
3,Pacol,35,Male,Wage Employed,College Undergraduate,Driving,Transportation,Business,Driving NC II
8,Atipuluan,41,Female,Self-employed,College Undergraduate,Driving,ICT,Transportation,Driving NC II
10,Taloc,22,Male,Underemployed,Junior High,Welding,Manufacturing,Agriculture,Shielded Metal Arc Welding NC I
11,Caridad,35,Female,Underemployed,Junior High,Computer Literacy,Business,ICT,Computer Systems Servicing NC II
3,Calumangan,50,Male,Self-employed,College Graduate,Driving,Retail,Transportation,Driving NC II
8,Pacol,41,Male,Underemployed,Senior High,Welding,Manufacturing,Construction,Shielded Metal Arc Welding NC I
7,Caridad,21,Male,Wage Employed,Elementary Graduate,Carpentry,Agriculture,Construction,Carpentry NC II
11,Alianza,45,Female,Self-employed,Senior High,Baking,Government,Hospitality,Bread and Pastry NC II
3,Mailum,18,Male,Unemployed,Junior High,Masonry,Construction,Business,Masonry NC II
7,Ma-ao,32,Male,Self-employed,College Undergraduate,Carpentry,Agriculture,Business,Carpentry NC II
1,Poblacion,26,Female,Underemployed,Elementary Graduate,Computer Literacy,Government,Business,Computer Systems Servicing NC II
8,Lag-asan,50,Female,Unemployed,College Graduate,Computer Literacy,ICT,ICT,Computer Systems Servicing NC II
6,Abuanan,45,Male,Unemployed,College Undergraduate,Baking,Retail,Agriculture,Bread and Pastry NC II
1,Busay,36,Male,Self-employed,Senior High,Driving,Transportation,Transportation,Driving NC II
6,Mailum,18,Male,Unemployed,Senior High,Electrical Repair,Manufacturing,Construction,Electrical Installation and Maintenance NC II
11,Ma-ao,41,Female,Self-employed,Senior High,Cooking,Government,Hospitality,Cookery NC II
2,Bagroy,30,Female,Wage Employed,Senior High,Baking,Hospitality,Agriculture,Bread and Pastry NC II
5,Mailum,19,Female,Unemployed,Junior High,Baking,Business,Hospitality,Bread and Pastry NC II
9,Malingin,25,Male,Unemployed,College Graduate,Carpentry,Construction,Construction,Carpentry NC II
2,Taloc,21,Female,Unemployed,College Undergraduate,Computer Literacy,ICT,ICT,Computer Systems Servicing NC II
11,Bagroy,45,Female,Underemployed,Senior High,Baking,Hospitality,Business,Bread and Pastry NC II
2,Busay,23,Female,Self-employed,College Undergraduate,Cooking,Hospitality,Hospitality,Cookery NC II
12,Bagroy,45,Female,Underemployed,College Graduate,Carpentry,Manufacturing,ICT,Carpentry NC II
10,Poblacion,24,Male,Unemployed,Senior High,Driving,Transportation,Hospitality,Driving NC II
7,Napoles,35,Female,Wage Employed,College Undergraduate,Driving,Hospitality,Transportation,Driving NC II
9,Caridad,35,Female,Underemployed,Senior High,Baking,Construction,Hospitality,Bread and Pastry NC II
3,Poblacion,38,Male,Wage Employed,Junior High,Cooking,Hospitality,Hospitality,Cookery NC II
1,Ma-ao,24,Male,Underemployed,Senior High,Masonry,Manufacturing,Construction,Masonry NC II
2,Mailum,42,Male,Underemployed,College Graduate,Cooking,Business,Hospitality,Cookery NC II
10,Ma-ao,22,Male,Unemployed,Senior High,Electrical Repair,Construction,Transportation,Electrical Installation and Maintenance NC II
4,Taloc,44,Female,Underemployed,College Undergraduate,Computer Literacy,Government,ICT,Computer Systems Servicing NC II
12,Taloc,32,Female,Unemployed,Senior High,Baking,Retail,Hospitality,Bread and Pastry NC II
7,Caridad,30,Male,Unemployed,Junior High,Baking,Hospitality,Hospitality,Bread and Pastry NC II
5,Balingasag,24,Male,Self-employed,College Graduate,Computer Literacy,ICT,ICT,Computer Systems Servicing NC II
10,Taloc,28,Male,Self-employed,College Undergraduate,Carpentry,Agriculture,Construction,Carpentry NC II
8,Poblacion,34,Male,Self-employed,Junior High,Carpentry,Business,Construction,Carpentry NC II
11,Ilijan,38,Male,Unemployed,Elementary Graduate,Cooking,Hospitality,Hospitality,Cookery NC II
7,Binubuhan,31,Female,Unemployed,Junior High,Cooking,Hospitality,Business,Cookery NC II
11,Binubuhan,37,Female,Underemployed,College Undergraduate,Computer Literacy,Government,Business,Computer Systems Servicing NC II
6,Taloc,40,Male,Self-employed,College Graduate,Computer Literacy,Hospitality,ICT,Computer Systems Servicing NC II
10,Poblacion,20,Male,Unemployed,Junior High,Masonry,Construction,Construction,Masonry NC II
4,Taloc,29,Male,Self-employed,Elementary Graduate,Electrical Repair,Construction,Construction,Electrical Installation and Maintenance NC II
4,Ma-ao,38,Female,Wage Employed,Senior High,Cooking,Hospitality,Hospitality,Cookery NC II
7,Lag-asan,21,Male,Unemployed,Junior High,Carpentry,Agriculture,Construction,Carpentry NC II
5,Ma-ao,22,Female,Unemployed,Junior High,Carpentry,Construction,Construction,Carpentry NC II
2,Bagroy,37,Male,Unemployed,Junior High,Computer Literacy,None,ICT,Computer Systems Servicing NC II
10,Ilijan,29,Male,Underemployed,Senior High,Driving,Agriculture,Transportation,Driving NC II
11,Taloc,40,Male,Self-employed,Junior High,Masonry,Construction,Construction,Masonry NC II
1,Sagasa,18,Male,Unemployed,Senior High,Driving,Transportation,Transportation,Driving NC II
8,Mailum,40,Male,Wage Employed,Senior High,Carpentry,Business,Construction,Carpentry NC II
10,Caridad,23,Male,Underemployed,Senior High,Welding,None,Construction,Shielded Metal Arc Welding NC I
7,Busay,25,Male,Self-employed,Elementary Graduate,Carpentry,None,Construction,Carpentry NC II
8,Caridad,28,Female,Underemployed,College Undergraduate,Computer Literacy,Business,Business,Computer Systems Servicing NC II
6,Taloc,19,Female,Underemployed,Senior High,Cooking,Hospitality,Hospitality,Cookery NC II
10,Busay,23,Female,Unemployed,Junior High,Cooking,Agriculture,Hospitality,Cookery NC II
4,Pacol,20,Male,Self-employed,Elementary Graduate,Carpentry,Retail,Construction,Carpentry NC II
2,Calumangan,38,Male,Self-employed,Senior High,Cooking,Hospitality,Hospitality,Cookery NC II
6,Ma-ao,37,Male,Self-employed,College Graduate,Computer Literacy,ICT,ICT,Computer Systems Servicing NC II
1,Atipuluan,36,Female,Wage Employed,College Undergraduate,Computer Literacy,Government,Hospitality,Computer Systems Servicing NC II
6,Mailum,32,Male,Underemployed,College Undergraduate,Driving,Agriculture,Agriculture,Driving NC II
10,Calumangan,30,Male,Wage Employed,Senior High,Computer Literacy,Manufacturing,ICT,Computer Systems Servicing NC II
10,Calumangan,29,Female,Unemployed,Senior High,Baking,Business,Hospitality,Bread and Pastry NC II
3,Caridad,23,Female,Unemployed,Senior High,Baking,Hospitality,Business,Bread and Pastry NC II
3,Lag-asan,20,Male,Wage Employed,College Undergraduate,Driving,Transportation,Transportation,Driving NC II
1,Balingasag,29,Male,Unemployed,Senior High,Baking,Hospitality,Hospitality,Bread and Pastry NC II
8,Poblacion,38,Female,Self-employed,Junior High,Computer Literacy,None,ICT,Computer Systems Servicing NC II
6,Binubuhan,28,Male,Unemployed,Junior High,Welding,Manufacturing,Construction,Shielded Metal Arc Welding NC I
10,Caridad,26,Male,Unemployed,College Undergraduate,Driving,Transportation,Transportation,Driving NC II
4,Ilijan,36,Male,Underemployed,Senior High,Carpentry,Agriculture,Agriculture,Carpentry NC II
5,Caridad,24,Male,Underemployed,Elementary Graduate,Driving,Agriculture,Transportation,Driving NC II
6,Pacol,37,Male,Underemployed,Junior High,Cooking,Business,Agriculture,Cookery NC II
8,Mailum,41,Male,Wage Employed,Senior High,Driving,Agriculture,Business,Driving NC II
4,Balingasag,34,Male,Wage Employed,Senior High,Driving,None,Transportation,Driving NC II
4,Lag-asan,18,Male,Underemployed,Elementary Graduate,Computer Literacy,Business,ICT,Computer Systems Servicing NC II
2,Taloc,20,Male,Underemployed,College Undergraduate,Welding,Construction,Agriculture,Shielded Metal Arc Welding NC I
7,Bagroy,36,Male,Underemployed,Senior High,Driving,Transportation,Transportation,Driving NC II
9,Mailum,27,Male,Wage Employed,Junior High,Driving,Transportation,Transportation,Driving NC II
2,Tabunan,30,Male,Unemployed,Junior High,Carpentry,Business,Construction,Carpentry NC II
11,Poblacion,21,Male,Unemployed,Junior High,Driving,Agriculture,Transportation,Driving NC II
12,Binubuhan,20,Male,Underemployed,College Undergraduate,Carpentry,Construction,Construction,Carpentry NC II
6,Abuanan,30,Male,Unemployed,College Undergraduate,Cooking,Retail,Construction,Cookery NC II
9,Alianza,42,Female,Self-employed,College Undergraduate,Cooking,Government,Hospitality,Cookery NC II
8,Mailum,21,Male,Underemployed,Elementary Graduate,Electrical Repair,Manufacturing,Construction,Electrical Installation and Maintenance NC II
11,Ma-ao,24,Male,Wage Employed,Elementary Graduate,Driving,Retail,Transportation,Driving NC II
5,Poblacion,24,Female,Underemployed,Senior High,Computer Literacy,ICT,Business,Computer Systems Servicing NC II
3,Caridad,24,Female,Unemployed,Senior High,Cooking,Hospitality,Hospitality,Cookery NC II
7,Calumangan,19,Male,Unemployed,Junior High,Cooking,Business,Hospitality,Cookery NC II
7,Abuanan,22,Male,Unemployed,Junior High,Carpentry,Agriculture,Construction,Carpentry NC II
2,Binubuhan,33,Female,Unemployed,College Graduate,Baking,Business,Hospitality,Bread and Pastry NC II
8,Ilijan,19,Male,Wage Employed,College Undergraduate,Baking,Business,Hospitality,Bread and Pastry NC II
10,Pacol,33,Female,Underemployed,College Undergraduate,Cooking,Retail,Hospitality,Cookery NC II
2,Balingasag,34,Female,Underemployed,Elementary Graduate,Computer Literacy,ICT,ICT,Computer Systems Servicing NC II
7,Bacong,33,Female,Underemployed,Senior High,Cooking,Agriculture,Hospitality,Cookery NC II
11,Alianza,20,Female,Wage Employed,Senior High,Computer Literacy,Hospitality,Business,Computer Systems Servicing NC II
1,Dulao,32,Male,Self-employed,College Undergraduate,Welding,Business,Transportation,Shielded Metal Arc Welding NC I
8,Lag-asan,27,Male,Unemployed,Senior High,Carpentry,Construction,Construction,Carpentry NC II
4,Ma-ao,21,Male,Unemployed,Junior High,Carpentry,Construction,Construction,Carpentry NC II
1,Binubuhan,38,Male,Self-employed,Senior High,Baking,Hospitality,Hospitality,Bread and Pastry NC II
8,Poblacion,35,Female,Wage Employed,College Graduate,Cooking,Retail,Hospitality,Cookery NC II
12,Ma-ao,45,Male,Wage Employed,Senior High,Welding,Construction,Construction,Shielded Metal Arc Welding NC I
11,Ilijan,21,Male,Self-employed,Junior High,Cooking,Agriculture,Hospitality,Cookery NC II
10,Busay,29,Male,Underemployed,Elementary Graduate,Electrical Repair,Manufacturing,Construction,Electrical Installation and Maintenance NC II
3,Napoles,20,Female,Underemployed,Elementary Graduate,Electrical Repair,None,Construction,Electrical Installation and Maintenance NC II
1,Tabunan,39,Male,Underemployed,College Undergraduate,Carpentry,Manufacturing,Construction,Carpentry NC II
9,Binubuhan,29,Female,Self-employed,College Undergraduate,Computer Literacy,Business,ICT,Computer Systems Servicing NC II
11,Calumangan,26,Male,Underemployed,Elementary Graduate,Masonry,Construction,Construction,Masonry NC II
3,Bagroy,31,Male,Unemployed,Elementary Graduate,Cooking,Hospitality,Hospitality,Cookery NC II
6,Bagroy,51,Male,Wage Employed,College Graduate,Masonry,Construction,Agriculture,Masonry NC II
1,Poblacion,34,Female,Wage Employed,Senior High,Baking,Hospitality,Hospitality,Bread and Pastry NC II
9,Ma-ao,42,Female,Underemployed,College Undergraduate,Baking,Hospitality,Hospitality,Bread and Pastry NC II
9,Busay,23,Male,Underemployed,Elementary Graduate,Driving,Transportation,Agriculture,Driving NC II
4,Ma-ao,20,Male,Unemployed,Senior High,Driving,Government,Transportation,Driving NC II
1,Ma-ao,40,Male,Self-employed,Senior High,Driving,Transportation,Transportation,Driving NC II
8,Ma-ao,27,Female,Underemployed,College Graduate,Computer Literacy,ICT,ICT,Computer Systems Servicing NC II
12,Taloc,27,Male,Wage Employed,Senior High,Carpentry,Construction,Agriculture,Carpentry NC II
11,Balingasag,35,Male,Unemployed,College Graduate,Driving,Business,Business,Driving NC II
9,Atipuluan,41,Male,Underemployed,College Undergraduate,Carpentry,Construction,Construction,Carpentry NC II
4,Ma-ao,33,Male,Unemployed,College Graduate,Driving,Transportation,ICT,Driving NC II
3,Bacong,39,Male,Wage Employed,Junior High,Driving,Agriculture,Transportation,Driving NC II
1,Dulao,34,Female,Self-employed,Junior High,Baking,Retail,Hospitality,Bread and Pastry NC II
11,Ma-ao,55,Female,Wage Employed,College Graduate,Cooking,Hospitality,Business,Cookery NC II
2,Lag-asan,23,Female,Self-employed,Junior High,Masonry,Transportation,Construction,Masonry NC II
8,Sagasa,41,Female,Underemployed,Junior High,Baking,None,Hospitality,Bread and Pastry NC II
5,Mailum,35,Female,Wage Employed,Senior High,Cooking,Hospitality,Hospitality,Cookery NC II
5,Ilijan,39,Male,Unemployed,Junior High,Masonry,Agriculture,Construction,Masonry NC II
7,Busay,37,Female,Wage Employed,College Undergraduate,Computer Literacy,Retail,ICT,Computer Systems Servicing NC II
3,Ma-ao,42,Male,Underemployed,College Graduate,Masonry,Agriculture,ICT,Masonry NC II
12,Dulao,24,Male,Self-employed,College Undergraduate,Masonry,Agriculture,Construction,Masonry NC II
6,Poblacion,35,Male,Unemployed,Junior High,Masonry,Construction,Agriculture,Masonry NC II
2,Bagroy,38,Male,Self-employed,Elementary Graduate,Driving,Transportation,ICT,Driving NC II
8,Ma-ao,28,Female,Underemployed,College Undergraduate,Cooking,Government,Hospitality,Cookery NC II
6,Alianza,27,Female,Underemployed,Junior High,Cooking,Retail,Hospitality,Cookery NC II
11,Poblacion,24,Male,Self-employed,Senior High,Computer Literacy,ICT,ICT,Computer Systems Servicing NC II
8,Lag-asan,29,Male,Underemployed,College Undergraduate,Carpentry,Construction,Construction,Carpentry NC II
10,Bagroy,39,Male,Underemployed,Junior High,Baking,Hospitality,Hospitality,Bread and Pastry NC II
9,Mailum,22,Male,Self-employed,Elementary Graduate,Masonry,Construction,Construction,Masonry NC II
10,Ma-ao,42,Male,Self-employed,College Undergraduate,Carpentry,Construction,Business,Carpentry NC II
6,Busay,29,Male,Unemployed,Junior High,Carpentry,Construction,Construction,Carpentry NC II
7,Ma-ao,51,Female,Wage Employed,College Graduate,Computer Literacy,Hospitality,ICT,Computer Systems Servicing NC II
10,Caridad,41,Female,Underemployed,Junior High,Cooking,Retail,Hospitality,Cookery NC II
2,Abuanan,21,Female,Underemployed,College Undergraduate,Driving,Agriculture,Agriculture,Driving NC II
3,Busay,35,Male,Unemployed,Elementary Graduate,Welding,Retail,Construction,Shielded Metal Arc Welding NC I
9,Poblacion,34,Male,Underemployed,Junior High,Masonry,Construction,Construction,Masonry NC II
6,Lag-asan,30,Female,Unemployed,Junior High,Baking,Hospitality,Hospitality,Bread and Pastry NC II
10,Ma-ao,26,Male,Self-employed,Senior High,Baking,Hospitality,Hospitality,Bread and Pastry NC II
11,Bagroy,47,Male,Wage Employed,College Undergraduate,Cooking,Hospitality,Hospitality,Cookery NC II
2,Caridad,19,Male,Unemployed,Elementary Graduate,Carpentry,Business,Construction,Carpentry NC II
4,Tabunan,39,Male,Underemployed,Junior High,Cooking,Hospitality,Hospitality,Cookery NC II
1,Napoles,36,Male,Unemployed,Junior High,Driving,Transportation,Agriculture,Driving NC II
7,Mailum,36,Female,Wage Employed,College Undergraduate,Computer Literacy,ICT,ICT,Computer Systems Servicing NC II
8,Mailum,22,Male,Unemployed,Elementary Graduate,Driving,Retail,Transportation,Driving NC II
10,Lag-asan,30,Male,Underemployed,Senior High,Welding,Manufacturing,Construction,Shielded Metal Arc Welding NC I
7,Poblacion,31,Male,Self-employed,Senior High,Cooking,Hospitality,Hospitality,Cookery NC II
1,Calumangan,48,Male,Self-employed,College Undergraduate,Computer Literacy,Business,ICT,Computer Systems Servicing NC II
1,Busay,22,Male,Underemployed,College Undergraduate,Driving,Agriculture,Agriculture,Driving NC II
12,Taloc,18,Female,Unemployed,Junior High,Computer Literacy,ICT,ICT,Computer Systems Servicing NC II
9,Bacong,32,Female,Unemployed,Senior High,Cooking,Hospitality,Hospitality,Cookery NC II
4,Atipuluan,26,Male,Unemployed,Elementary Graduate,Masonry,Agriculture,Construction,Masonry NC II
5,Poblacion,18,Male,Underemployed,Junior High,Computer Literacy,ICT,ICT,Computer Systems Servicing NC II
7,Mailum,35,Female,Self-employed,Junior High,Cooking,Agriculture,Hospitality,Cookery NC II
6,Caridad,33,Male,Self-employed,College Undergraduate,Driving,Agriculture,Transportation,Driving NC II
8,Caridad,24,Male,Underemployed,College Graduate,Carpentry,Agriculture,Construction,Carpentry NC II
4,Pacol,45,Male,Underemployed,Senior High,Driving,Retail,Transportation,Driving NC II
7,Ilijan,26,Female,Wage Employed,Junior High,Carpentry,Agriculture,Construction,Carpentry NC II
10,Atipuluan,38,Female,Wage Employed,Senior High,Computer Literacy,Transportation,ICT,Computer Systems Servicing NC II
3,Bagroy,32,Female,Wage Employed,Senior High,Computer Literacy,Government,ICT,Computer Systems Servicing NC II
8,Tabunan,28,Male,Underemployed,Senior High,Welding,Construction,Construction,Shielded Metal Arc Welding NC I
8,Sagasa,29,Male,Self-employed,College Undergraduate,Carpentry,Retail,Construction,Carpentry NC II
6,Caridad,33,Female,Underemployed,Senior High,Driving,Transportation,Transportation,Driving NC II
4,Dulao,39,Male,Unemployed,Junior High,Electrical Repair,Construction,Construction,Electrical Installation and Maintenance NC II
12,Lag-asan,33,Male,Underemployed,Senior High,Driving,Transportation,Transportation,Driving NC II
1,Dulao,27,Female,Wage Employed,College Graduate,Computer Literacy,ICT,ICT,Computer Systems Servicing NC II
10,Calumangan,27,Male,Unemployed,Junior High,Carpentry,None,Construction,Carpentry NC II
6,Taloc,22,Female,Unemployed,Senior High,Carpentry,Transportation,Construction,Carpentry NC II
8,Taloc,20,Male,Unemployed,Junior High,Carpentry,Agriculture,Construction,Carpentry NC II
11,Pacol,19,Male,Wage Employed,Senior High,Driving,Hospitality,Transportation,Driving NC II
2,Poblacion,24,Male,Wage Employed,Junior High,Baking,Retail,Hospitality,Bread and Pastry NC II
11,Binubuhan,41,Male,Self-employed,Senior High,Carpentry,Retail,Construction,Carpentry NC II
10,Busay,24,Female,Underemployed,Elementary Graduate,Cooking,Business,Hospitality,Cookery NC II
10,Dulao,35,Male,Unemployed,Elementary Graduate,Cooking,Agriculture,Hospitality,Cookery NC II
11,Malingin,41,Female,Self-employed,Junior High,Masonry,Agriculture,Construction,Masonry NC II
9,Busay,35,Male,Underemployed,Junior High,Cooking,None,Hospitality,Cookery NC II
1,Poblacion,27,Male,Unemployed,Senior High,Driving,Hospitality,Transportation,Driving NC II
11,Dulao,19,Male,Unemployed,Junior High,Masonry,Agriculture,Construction,Masonry NC II
11,Dulao,48,Female,Unemployed,College Undergraduate,Computer Literacy,Government,ICT,Computer Systems Servicing NC II
10,Mailum,31,Male,Unemployed,Elementary Graduate,Carpentry,Retail,Business,Carpentry NC II
2,Dulao,19,Male,Unemployed,Junior High,Carpentry,Construction,Construction,Carpentry NC II
4,Ma-ao,27,Male,Underemployed,Senior High,Cooking,Hospitality,Business,Cookery NC II
3,Binubuhan,23,Male,Unemployed,Senior High,Masonry,None,Business,Masonry NC II
8,Sagasa,31,Male,Unemployed,College Undergraduate,Carpentry,Agriculture,Construction,Carpentry NC II
11,Dulao,18,Male,Wage Employed,Junior High,Masonry,Construction,Agriculture,Masonry NC II
2,Binubuhan,18,Female,Unemployed,Junior High,Computer Literacy,ICT,ICT,Computer Systems Servicing NC II
6,Taloc,32,Male,Self-employed,Elementary Graduate,Carpentry,Construction,Agriculture,Carpentry NC II
4,Mailum,26,Female,Self-employed,College Graduate,Baking,Hospitality,Hospitality,Bread and Pastry NC II
4,Busay,25,Male,Underemployed,Senior High,Driving,Transportation,Hospitality,Driving NC II
9,Lag-asan,38,Male,Self-employed,College Undergraduate,Welding,Construction,Agriculture,Shielded Metal Arc Welding NC I
10,Taloc,19,Male,Self-employed,Elementary Graduate,Welding,Construction,Construction,Shielded Metal Arc Welding NC I
5,Ilijan,21,Male,Self-employed,College Undergraduate,Carpentry,Retail,Construction,Carpentry NC II
11,Taloc,22,Male,Underemployed,Junior High,Driving,Transportation,Transportation,Driving NC II
9,Abuanan,22,Male,Self-employed,Senior High,Welding,Construction,Construction,Shielded Metal Arc Welding NC I
12,Caridad,36,Male,Underemployed,Elementary Graduate,Cooking,Retail,Hospitality,Cookery NC II
3,Caridad,23,Male,Self-employed,Senior High,Electrical Repair,Construction,Construction,Electrical Installation and Maintenance NC II
11,Tabunan,30,Male,Underemployed,Elementary Graduate,Driving,Retail,Agriculture,Driving NC II
8,Ma-ao,18,Male,Self-employed,Senior High,Driving,Agriculture,Transportation,Driving NC II
6,Poblacion,25,Female,Unemployed,Elementary Graduate,Masonry,Construction,Construction,Masonry NC II
10,Bacong,22,Male,Wage Employed,Senior High,Electrical Repair,Manufacturing,Construction,Electrical Installation and Maintenance NC II
7,Bacong,29,Male,Underemployed,Junior High,Carpentry,Business,Construction,Carpentry NC II
3,Tabunan,37,Female,Underemployed,Junior High,Baking,Hospitality,Hospitality,Bread and Pastry NC II
12,Mailum,24,Male,Underemployed,Junior High,Masonry,Agriculture,Construction,Masonry NC II
1,Malingin,18,Female,Unemployed,Senior High,Cooking,Hospitality,Agriculture,Cookery NC II
2,Pacol,34,Male,Self-employed,Junior High,Cooking,Transportation,Hospitality,Cookery NC II
3,Tabunan,39,Male,Underemployed,Elementary Graduate,Masonry,Agriculture,Construction,Masonry NC II
5,Taloc,48,Female,Unemployed,College Undergraduate,Masonry,Agriculture,Construction,Masonry NC II
1,Dulao,20,Male,Self-employed,Junior High,Cooking,None,Hospitality,Cookery NC II
9,Tabunan,45,Male,Underemployed,Senior High,Welding,Construction,Construction,Shielded Metal Arc Welding NC I
2,Calumangan,18,Male,Unemployed,Senior High,Masonry,Manufacturing,Construction,Masonry NC II
7,Alianza,27,Female,Unemployed,Elementary Graduate,Carpentry,Hospitality,Construction,Carpentry NC II
3,Poblacion,18,Female,Unemployed,Junior High,Carpentry,Construction,Agriculture,Carpentry NC II
3,Pacol,52,Male,Underemployed,College Graduate,Carpentry,Retail,Construction,Carpentry NC II
6,Balingasag,44,Male,Unemployed,College Graduate,Carpentry,Agriculture,Construction,Carpentry NC II
11,Poblacion,42,Male,Self-employed,Junior High,Driving,ICT,Transportation,Driving NC II
6,Atipuluan,52,Female,Wage Employed,College Graduate,Computer Literacy,ICT,ICT,Computer Systems Servicing NC II
8,Taloc,40,Female,Self-employed,College Graduate,Computer Literacy,ICT,Business,Computer Systems Servicing NC II
10,Busay,53,Male,Underemployed,College Graduate,Computer Literacy,Retail,ICT,Computer Systems Servicing NC II
11,Bacong,20,Male,Wage Employed,Senior High,Carpentry,Manufacturing,Agriculture,Carpentry NC II
8,Tabunan,47,Male,Wage Employed,College Graduate,Computer Literacy,ICT,ICT,Computer Systems Servicing NC II
3,Poblacion,39,Male,Wage Employed,College Graduate,Computer Literacy,Transportation,ICT,Computer Systems Servicing NC II
11,Balingasag,28,Male,Underemployed,Junior High,Welding,None,Construction,Shielded Metal Arc Welding NC I
2,Taloc,38,Male,Underemployed,Senior High,Masonry,Agriculture,Construction,Masonry NC II
11,Napoles,55,Male,Underemployed,College Graduate,Computer Literacy,Transportation,ICT,Computer Systems Servicing NC II
9,Bagroy,20,Male,Unemployed,College Undergraduate,Baking,Hospitality,ICT,Bread and Pastry NC II
8,Pacol,21,Male,Underemployed,Junior High,Computer Literacy,Manufacturing,ICT,Computer Systems Servicing NC II
9,Caridad,26,Female,Self-employed,College Graduate,Carpentry,Government,ICT,Carpentry NC II
3,Poblacion,32,Female,Underemployed,Junior High,Baking,Hospitality,Hospitality,Bread and Pastry NC II
6,Malingin,25,Male,Unemployed,Junior High,Carpentry,Business,Construction,Carpentry NC II
9,Ma-ao,18,Male,Unemployed,Junior High,Carpentry,Manufacturing,Agriculture,Carpentry NC II
4,Mailum,30,Male,Wage Employed,College Undergraduate,Welding,Manufacturing,Construction,Shielded Metal Arc Welding NC I
8,Ma-ao,31,Female,Wage Employed,College Graduate,Baking,Hospitality,Hospitality,Bread and Pastry NC II
9,Alianza,46,Male,Underemployed,College Undergraduate,Driving,Transportation,Transportation,Driving NC II
8,Poblacion,40,Male,Unemployed,Elementary Graduate,Carpentry,Agriculture,Construction,Carpentry NC II
3,Sagasa,26,Female,Underemployed,College Undergraduate,Computer Literacy,ICT,ICT,Computer Systems Servicing NC II
10,Taloc,37,Male,Self-employed,College Graduate,Computer Literacy,Government,Business,Computer Systems Servicing NC II
4,Caridad,38,Female,Unemployed,College Graduate,Computer Literacy,ICT,ICT,Computer Systems Servicing NC II
11,Lag-asan,20,Male,Self-employed,Elementary Graduate,Driving,Hospitality,Transportation,Driving NC II
11,Mailum,35,Male,Unemployed,Junior High,Cooking,Retail,Hospitality,Cookery NC II
1,Mailum,41,Female,Unemployed,Senior High,Baking,Hospitality,Hospitality,Bread and Pastry NC II
1,Poblacion,23,Male,Unemployed,Junior High,Cooking,Retail,Hospitality,Cookery NC II
5,Bagroy,28,Female,Underemployed,College Undergraduate,Computer Literacy,ICT,ICT,Computer Systems Servicing NC II
11,Poblacion,38,Male,Unemployed,Junior High,Welding,Manufacturing,Construction,Shielded Metal Arc Welding NC I
5,Bacong,27,Male,Self-employed,Senior High,Baking,Hospitality,Hospitality,Bread and Pastry NC II
1,Binubuhan,40,Male,Self-employed,Senior High,Carpentry,Construction,Construction,Carpentry NC II
7,Calumangan,38,Male,Underemployed,College Undergraduate,Masonry,Government,Construction,Masonry NC II
3,Calumangan,31,Male,Self-employed,College Graduate,Cooking,Hospitality,Business,Cookery NC II
2,Binubuhan,38,Male,Unemployed,Elementary Graduate,Masonry,Construction,Construction,Masonry NC II
8,Poblacion,41,Male,Underemployed,Senior High,Driving,Hospitality,Transportation,Driving NC II
12,Balingasag,34,Male,Underemployed,Senior High,Driving,Agriculture,Transportation,Driving NC II
7,Taloc,49,Female,Underemployed,College Graduate,Driving,Retail,Transportation,Driving NC II
11,Ma-ao,33,Female,Underemployed,College Undergraduate,Cooking,Hospitality,Hospitality,Cookery NC II
10,Ilijan,19,Female,Underemployed,Senior High,Baking,Business,Hospitality,Bread and Pastry NC II
11,Taloc,27,Female,Underemployed,College Undergraduate,Carpentry,Construction,Construction,Carpentry NC II
1,Poblacion,39,Male,Wage Employed,Senior High,Masonry,Retail,Construction,Masonry NC II
2,Dulao,35,Female,Wage Employed,Junior High,Computer Literacy,ICT,ICT,Computer Systems Servicing NC II
4,Bacong,52,Female,Unemployed,College Graduate,Baking,Retail,Hospitality,Bread and Pastry NC II
1,Sagasa,24,Male,Self-employed,Senior High,Carpentry,Government,Construction,Carpentry NC II
1,Sagasa,34,Male,Underemployed,Junior High,Carpentry,Government,Agriculture,Carpentry NC II
12,Poblacion,27,Male,Unemployed,Senior High,Carpentry,Construction,Construction,Carpentry NC II
5,Calumangan,34,Female,Unemployed,Elementary Graduate,Carpentry,Construction,Business,Carpentry NC II
10,Dulao,31,Male,Self-employed,College Undergraduate,Computer Literacy,Government,ICT,Computer Systems Servicing NC II
9,Busay,35,Male,Underemployed,Junior High,Computer Literacy,Retail,Business,Computer Systems Servicing NC II
12,Busay,21,Male,Underemployed,Senior High,Computer Literacy,ICT,Business,Computer Systems Servicing NC II
9,Poblacion,29,Male,Wage Employed,Senior High,Baking,Business,Hospitality,Bread and Pastry NC II
3,Taloc,32,Male,Unemployed,College Graduate,Driving,Transportation,Transportation,Driving NC II
7,Busay,45,Male,Underemployed,Senior High,Cooking,Agriculture,Hospitality,Cookery NC II
7,Alianza,39,Female,Self-employed,Senior High,Driving,Agriculture,Construction,Driving NC II
4,Napoles,18,Male,Wage Employed,Senior High,Carpentry,Business,Construction,Carpentry NC II
10,Bacong,25,Female,Unemployed,Elementary Graduate,Cooking,Transportation,Hospitality,Cookery NC II
1,Pacol,22,Male,Wage Employed,College Graduate,Computer Literacy,Business,ICT,Computer Systems Servicing NC II
1,Balingasag,32,Female,Unemployed,Senior High,Cooking,Hospitality,Hospitality,Cookery NC II
3,Mailum,36,Male,Wage Employed,Senior High,Driving,Hospitality,Transportation,Driving NC II
2,Mailum,24,Male,Self-employed,College Undergraduate,Cooking,Retail,Hospitality,Cookery NC II
8,Bacong,31,Female,Self-employed,College Undergraduate,Computer Literacy,Government,Construction,Computer Systems Servicing NC II
12,Tabunan,38,Female,Underemployed,Junior High,Computer Literacy,Government,ICT,Computer Systems Servicing NC II
4,Busay,31,Female,Underemployed,Junior High,Driving,Transportation,Agriculture,Driving NC II
1,Taloc,42,Male,Underemployed,Junior High,Masonry,None,Construction,Masonry NC II
2,Taloc,19,Male,Unemployed,Elementary Graduate,Masonry,Construction,ICT,Masonry NC II
4,Ma-ao,46,Male,Unemployed,College Undergraduate,Computer Literacy,Government,Business,Computer Systems Servicing NC II
3,Bagroy,18,Male,Underemployed,Elementary Graduate,Carpentry,Agriculture,Construction,Carpentry NC II
2,Busay,18,Male,Underemployed,Senior High,Driving,Agriculture,Transportation,Driving NC II
6,Ma-ao,31,Female,Underemployed,Junior High,Cooking,Hospitality,Hospitality,Cookery NC II
9,Bagroy,19,Male,Underemployed,Senior High,Driving,Retail,Transportation,Driving NC II
5,Mailum,25,Male,Wage Employed,Senior High,Carpentry,Construction,Construction,Carpentry NC II
8,Bagroy,34,Female,Self-employed,Senior High,Baking,Business,Hospitality,Bread and Pastry NC II
5,Poblacion,40,Male,Underemployed,Senior High,Electrical Repair,Agriculture,Construction,Electrical Installation and Maintenance NC II
8,Poblacion,55,Male,Wage Employed,College Graduate,Masonry,Construction,Construction,Masonry NC II
10,Binubuhan,42,Female,Underemployed,Junior High,Cooking,Agriculture,Hospitality,Cookery NC II
10,Busay,20,Male,Self-employed,Elementary Graduate,Cooking,Hospitality,Hospitality,Cookery NC II
3,Taloc,35,Female,Underemployed,College Undergraduate,Driving,Transportation,Transportation,Driving NC II
3,Poblacion,34,Male,Underemployed,Elementary Graduate,Driving,Transportation,Transportation,Driving NC II
8,Busay,18,Female,Unemployed,Junior High,Cooking,Hospitality,Hospitality,Cookery NC II
3,Lag-asan,36,Male,Wage Employed,College Undergraduate,Masonry,Manufacturing,Construction,Masonry NC II
12,Balingasag,49,Male,Wage Employed,College Graduate,Computer Literacy,ICT,ICT,Computer Systems Servicing NC II
4,Poblacion,36,Male,Unemployed,Junior High,Cooking,None,Hospitality,Cookery NC II
